{"type":"FeatureCollection","snapshot_date":"2026-08-15","features":[{"type":"Feature","geometry":{"type":"MultiPolygon","coordinates":[[[[-118.6044,33.4786],[-118.5386,33.477],[-118.5028,33.4533],[-118.4974,33.442],[-118.4776,33.4484],[-118.4458,33.4289],[-118.3703,33.4093],[-118.3681,33.3895],[-118.3102,33.3358],[-118.3051,33.3103],[-118.3252,33.2991],[-118.3748,33.3201],[-118.4411,33.3186],[-118.4654,33.3261],[-118.4875,33.3509],[-118.4858,33.3729],[-118.4753,33.3832],[-118.4887,33.4198],[-118.5754,33.4402],[-118.6044,33.4786]]],[[[-118.6105,33.0329],[-118.5739,33.0305],[-118.5499,32.9895],[-118.4995,32.9337],[-118.3542,32.8209],[-118.3918,32.8263],[-118.4318,32.8015],[-118.4394,32.8157],[-118.5062,32.853],[-118.5123,32.8792],[-118.552,32.9192],[-118.5564,32.947],[-118.5804,32.9743],[-118.5934,33.0124],[-118.6103,33.0158],[-118.6105,33.0329]]],[[[-118.9445,34.0466],[-118.941,34.0748],[-118.7889,34.1682],[-118.6682,34.1682],[-118.6677,34.2403],[-118.6325,34.2404],[-118.6368,34.2918],[-118.8946,34.818],[-118.8804,34.8178],[-118.8819,34.8077],[-118.8672,34.8032],[-118.8541,34.8033],[-118.854,34.8177],[-117.6675,34.8225],[-117.6671,34.5579],[-117.6604,34.5579],[-117.6464,34.2892],[-117.6785,34.162],[-117.7301,34.0214],[-117.7677,34.0235],[-117.7675,34.0047],[-117.7852,34.0046],[-117.8024,33.9683],[-117.7937,33.9681],[-117.7936,33.9538],[-117.7833,33.9463],[-117.9765,33.946],[-117.9766,33.9028],[-118.0029,33.8882],[-118.0114,33.8734],[-118.0288,33.8733],[-118.0287,33.8662],[-118.059,33.8462],[-118.0632,33.8197],[-118.0847,33.8029],[-118.0967,33.7791],[-118.092,33.7585],[-118.1154,33.7433],[-118.1808,33.7651],[-118.1905,33.7558],[-118.1857,33.733],[-118.2148,33.7454],[-118.2428,33.7434],[-118.2378,33.7289],[-118.2511,33.7242],[-118.2471,33.7152],[-118.2678,33.7221],[-118.2837,33.716],[-118.2774,33.708],[-118.2941,33.7051],[-118.3643,33.7382],[-118.4105,33.741],[-118.4282,33.7743],[-118.394,33.8042],[-118.3905,33.8388],[-118.3997,33.8435],[-118.4116,33.8835],[-118.4514,33.9591],[-118.5033,34.0172],[-118.5438,34.039],[-118.7424,34.0329],[-118.7854,34.0211],[-118.8066,34.0004],[-118.8549,34.0349],[-118.9445,34.0466]]]]},"properties":{"GEOID":"06037","state_fips":"06","state_abbr":"CA","county_name":"Los Angeles County","category":"town_restriction","n_total":6,"n_live":2,"n_pending":2,"n_lapsed":2,"n_live_county_restriction":0,"n_live_town_restriction":2,"n_live_conditions":0,"action_ids":["dct-city-of-industry-ca-zoning-2025","ca-el-monte-2026","ca-irwindale-undated","ca-montebello-2026","ca-monterey-park-2026","dct-monterey-park-ca-ballot-ban-2026-06"]}},{"type":"Feature","geometry":{"type":"Polygon","coordinates":[[[-87.6348,30.8661],[-87.5921,30.9515],[-87.5989,30.9975],[-87.1636,30.999],[-87.176,30.9966],[-87.175,30.9886],[-87.2132,30.962],[-87.2276,30.9611],[-87.2314,30.9683],[-87.2418,30.9614],[-87.2412,30.9492],[-87.256,30.9312],[-87.2676,30.9347],[-87.2869,30.9254],[-87.2845,30.888],[-87.2984,30.8812],[-87.3139,30.8487],[-87.3014,30.8407],[-87.2928,30.8113],[-87.3055,30.7986],[-87.3023,30.7894],[-87.3127,30.7855],[-87.3052,30.7772],[-87.3106,30.7717],[-87.2996,30.7661],[-87.3124,30.7348],[-87.3027,30.7194],[-87.2694,30.7117],[-87.2734,30.6935],[-87.2658,30.689],[-87.2645,30.6487],[-87.2521,30.6236],[-87.2608,30.6203],[-87.2595,30.612],[-87.2348,30.5958],[-87.2097,30.5553],[-87.1573,30.538],[-87.1215,30.4974],[-87.1519,30.4126],[-87.2333,30.3703],[-87.2314,30.3433],[-87.179,30.3359],[-87.1531,30.3484],[-86.9189,30.3865],[-86.9189,30.3709],[-87.206,30.3215],[-87.2709,30.3167],[-87.3012,30.3303],[-87.3301,30.3177],[-87.5183,30.2804],[-87.4524,30.3002],[-87.4501,30.3111],[-87.5028,30.3073],[-87.5047,30.324],[-87.46,30.3363],[-87.4296,30.4065],[-87.4035,30.4102],[-87.3666,30.4366],[-87.3708,30.4469],[-87.3999,30.451],[-87.4251,30.4656],[-87.4356,30.4805],[-87.4312,30.4958],[-87.4477,30.5105],[-87.4354,30.5491],[-87.4186,30.5618],[-87.3973,30.6087],[-87.3962,30.6505],[-87.407,30.6752],[-87.4663,30.7008],[-87.4812,30.7165],[-87.5023,30.7216],[-87.5326,30.7435],[-87.545,30.7787],[-87.6159,30.8347],[-87.6348,30.8661]]]},"properties":{"GEOID":"12033","state_fips":"12","state_abbr":"FL","county_name":"Escambia County","category":"pending_only","n_total":1,"n_live":0,"n_pending":1,"n_lapsed":0,"n_live_county_restriction":0,"n_live_town_restriction":0,"n_live_conditions":0,"action_ids":["fl-pensacola-undated"]}},{"type":"Feature","geometry":{"type":"Polygon","coordinates":[[[-88.2636,42.0669],[-88.2382,42.067],[-88.2384,42.1542],[-87.7591,42.1523],[-87.7247,42.1077],[-87.6815,42.0784],[-87.6499,41.9785],[-87.6315,41.9635],[-87.6414,41.9617],[-87.6407,41.9539],[-87.6207,41.9132],[-87.6241,41.9042],[-87.6143,41.8936],[-87.6024,41.8963],[-87.6165,41.8824],[-87.6163,41.8689],[-87.6059,41.8668],[-87.6094,41.8452],[-87.5758,41.7963],[-87.5729,41.7793],[-87.5311,41.7481],[-87.5242,41.7083],[-87.5257,41.4703],[-87.7903,41.4698],[-87.7928,41.5585],[-87.9094,41.5569],[-87.9119,41.6439],[-88.0277,41.6415],[-88.029,41.6852],[-87.9667,41.6867],[-87.9143,41.7166],[-87.9205,41.9939],[-88.2629,41.9864],[-88.2636,42.0669]]]},"properties":{"GEOID":"17031","state_fips":"17","state_abbr":"IL","county_name":"Cook County","category":"town_restriction","n_total":1,"n_live":1,"n_pending":0,"n_lapsed":0,"n_live_county_restriction":0,"n_live_town_restriction":1,"n_live_conditions":0,"action_ids":["il-city-of-west-chicago-2026"]}},{"type":"Feature","geometry":{"type":"Polygon","coordinates":[[[-82.3503,33.3148],[-82.0282,33.5449],[-82.0013,33.5201],[-81.9859,33.4865],[-81.9294,33.4658],[-81.9135,33.4413],[-81.9323,33.4266],[-81.9108,33.415],[-81.9124,33.4081],[-81.9248,33.4124],[-81.9456,33.4058],[-81.9248,33.3741],[-81.9463,33.3706],[-81.9353,33.3568],[-81.9397,33.3449],[-81.9193,33.3403],[-81.9089,33.3463],[-81.9189,33.335],[-81.9081,33.3271],[-81.9137,33.32],[-81.9061,33.3216],[-81.902,33.3359],[-81.8986,33.3229],[-81.8892,33.3211],[-81.8925,33.3153],[-81.8825,33.317],[-81.8812,33.3025],[-81.8692,33.3138],[-81.8639,33.302],[-81.8561,33.3099],[-81.8476,33.3071],[-81.8487,33.2967],[-81.86,33.2991],[-81.8633,33.2892],[-81.8325,33.2756],[-81.836,33.2635],[-81.8283,33.263],[-81.8344,33.2584],[-81.8469,33.2666],[-81.84,33.2546],[-81.8561,33.2458],[-81.886,33.2619],[-81.9244,33.2569],[-81.9789,33.2272],[-82.06,33.2426],[-82.0926,33.2301],[-82.1253,33.2497],[-82.1337,33.2759],[-82.1651,33.296],[-82.2735,33.2676],[-82.296,33.2766],[-82.3115,33.2971],[-82.3503,33.3148]]]},"properties":{"GEOID":"13245","state_fips":"13","state_abbr":"GA","county_name":"Richmond County","category":"county_restriction","n_total":2,"n_live":2,"n_pending":0,"n_lapsed":0,"n_live_county_restriction":1,"n_live_town_restriction":1,"n_live_conditions":0,"action_ids":["dct-augusta-ga-2026-05-19","ga-augusta-richmond-county-undated"]}},{"type":"Feature","geometry":{"type":"MultiPolygon","coordinates":[[[[-87.4021,46.5935],[-87.4026,46.5955],[-87.3993,46.5947],[-87.4021,46.5935]]],[[[-87.4201,46.603],[-87.4134,46.6054],[-87.4101,46.6027],[-87.4165,46.5975],[-87.4201,46.603]]],[[[-87.4613,46.6363],[-87.4592,46.64],[-87.4569,46.6384],[-87.4613,46.6363]]],[[[-87.5418,46.7036],[-87.5405,46.7051],[-87.539,46.7047],[-87.5418,46.7036]]],[[[-87.9576,46.9492],[-87.9565,46.9516],[-87.9555,46.9495],[-87.9576,46.9492]]],[[[-87.9783,46.9543],[-87.969,46.9538],[-87.9636,46.9513],[-87.9719,46.9504],[-87.9783,46.9543]]],[[[-88.0054,46.9658],[-87.9983,46.9637],[-87.9973,46.9594],[-87.9994,46.9588],[-88.0054,46.9658]]],[[[-88.1174,46.2466],[-88.1158,46.6784],[-87.9915,46.6791],[-87.9914,46.7652],[-88.0447,46.7654],[-88.0446,46.9116],[-87.9897,46.9049],[-87.9014,46.9098],[-87.8611,46.8876],[-87.8168,46.8912],[-87.8037,46.8814],[-87.78,46.8789],[-87.7716,46.8632],[-87.741,46.8652],[-87.7273,46.8259],[-87.6939,46.827],[-87.6807,46.8425],[-87.6679,46.8171],[-87.6333,46.8121],[-87.608,46.7884],[-87.5904,46.7824],[-87.5955,46.7743],[-87.5827,46.7305],[-87.5406,46.6969],[-87.5207,46.6911],[-87.5249,46.6763],[-87.503,46.6475],[-87.4625,46.6357],[-87.4641,46.6148],[-87.4344,46.5917],[-87.4089,46.5941],[-87.3953,46.5844],[-87.377,46.5903],[-87.393,46.5725],[-87.3749,46.5466],[-87.3903,46.5426],[-87.394,46.5332],[-87.3668,46.5073],[-87.2856,46.4896],[-87.2024,46.4908],[-87.1661,46.5062],[-87.152,46.4967],[-87.1166,46.4948],[-87.1161,46.1591],[-87.2415,46.1591],[-87.2429,45.9851],[-87.6171,45.986],[-87.6159,46.2467],[-88.1174,46.2466]]]]},"properties":{"GEOID":"26103","state_fips":"26","state_abbr":"MI","county_name":"Marquette County","category":"town_restriction","n_total":1,"n_live":1,"n_pending":0,"n_lapsed":0,"n_live_county_restriction":0,"n_live_town_restriction":1,"n_live_conditions":0,"action_ids":["mi-forsyth-township-2026"]}},{"type":"Feature","geometry":{"type":"Polygon","coordinates":[[[-90.8984,41.7714],[-90.8984,42.0335],[-90.1542,42.0331],[-90.1401,42.0033],[-90.1641,41.9562],[-90.1516,41.931],[-90.1536,41.9066],[-90.1819,41.8432],[-90.182,41.8071],[-90.2786,41.7674],[-90.3107,41.7422],[-90.3164,41.7289],[-90.3399,41.7405],[-90.3571,41.728],[-90.3896,41.7369],[-90.3896,41.7306],[-90.409,41.7296],[-90.4117,41.7406],[-90.428,41.7366],[-90.4242,41.7506],[-90.4357,41.76],[-90.4493,41.7648],[-90.4652,41.759],[-90.4736,41.7735],[-90.5128,41.7653],[-90.5373,41.7764],[-90.5428,41.7659],[-90.5791,41.7591],[-90.5924,41.7706],[-90.6155,41.7566],[-90.6307,41.7654],[-90.6519,41.7555],[-90.6679,41.7645],[-90.7139,41.7346],[-90.7436,41.7415],[-90.7619,41.7628],[-90.7862,41.7714],[-90.8984,41.7714]]]},"properties":{"GEOID":"19045","state_fips":"19","state_abbr":"IA","county_name":"Clinton County","category":"county_restriction","n_total":1,"n_live":1,"n_pending":0,"n_lapsed":0,"n_live_county_restriction":1,"n_live_town_restriction":0,"n_live_conditions":0,"action_ids":["dct-clinton-county-ia-2025-10-01"]}},{"type":"Feature","geometry":{"type":"Polygon","coordinates":[[[-85.5623,43.4681],[-85.5624,43.8155],[-85.0888,43.8137],[-85.085,43.4662],[-85.5623,43.4681]]]},"properties":{"GEOID":"26107","state_fips":"26","state_abbr":"MI","county_name":"Mecosta County","category":"town_restriction","n_total":2,"n_live":2,"n_pending":0,"n_lapsed":0,"n_live_county_restriction":0,"n_live_town_restriction":2,"n_live_conditions":0,"action_ids":["dct-big-rapids-township-mi-2025-12-01","mi-green-charter-township-2025"]}},{"type":"Feature","geometry":{"type":"MultiPolygon","coordinates":[[[[-83.4318,43.8818],[-83.4239,43.8817],[-83.4146,43.8765],[-83.4255,43.8771],[-83.4318,43.8818]]],[[[-83.4338,43.8355],[-83.4255,43.8406],[-83.4157,43.8342],[-83.4212,43.827],[-83.4226,43.8376],[-83.4338,43.8355]]],[[[-83.4486,43.8148],[-83.4453,43.8239],[-83.4331,43.8204],[-83.4486,43.8148]]],[[[-83.4494,43.8588],[-83.4316,43.8566],[-83.4378,43.8554],[-83.4381,43.8395],[-83.4494,43.8588]]],[[[-83.4607,43.8164],[-83.4538,43.8324],[-83.4446,43.8344],[-83.4583,43.8147],[-83.4516,43.8124],[-83.4589,43.8101],[-83.4607,43.8164]]],[[[-83.4674,43.7286],[-83.4317,43.7844],[-83.4239,43.7839],[-83.4273,43.7912],[-83.4317,43.787],[-83.4284,43.7969],[-83.4239,43.7914],[-83.4002,43.8115],[-83.3885,43.8355],[-83.3904,43.8484],[-83.3551,43.8582],[-83.3251,43.884],[-83.3294,43.9032],[-83.3964,43.9077],[-83.4046,43.9153],[-83.3181,43.9174],[-83.2789,43.9412],[-83.2625,43.9753],[-83.1513,43.9878],[-83.1124,44.0047],[-83.066,44.0034],[-83.0466,44.0157],[-83.0277,44.0462],[-82.9907,44.0488],[-82.9639,44.0683],[-82.9474,44.0622],[-82.9215,44.0679],[-82.8759,44.045],[-82.7932,44.0232],[-82.7832,44.0094],[-82.7663,44.0086],[-82.737,43.9859],[-82.6828,43.9072],[-82.6782,43.8806],[-82.6554,43.8678],[-82.6475,43.8413],[-82.6341,43.8315],[-82.6243,43.7869],[-82.615,43.7792],[-82.6195,43.7558],[-82.6069,43.6905],[-83.4666,43.6676],[-83.4674,43.7286]]],[[[-83.4812,43.7582],[-83.477,43.7615],[-83.466,43.76],[-83.4714,43.7562],[-83.4812,43.7582]]]]},"properties":{"GEOID":"26063","state_fips":"26","state_abbr":"MI","county_name":"Huron County","category":"county_restriction","n_total":4,"n_live":4,"n_pending":0,"n_lapsed":0,"n_live_county_restriction":1,"n_live_town_restriction":3,"n_live_conditions":0,"action_ids":["mi-huron-county-2026","mi-lake-township-2026","mi-lincoln-township-2026","mi-sherman-township-2026"]}},{"type":"Feature","geometry":{"type":"Polygon","coordinates":[[[-76.4993,43.0979],[-76.4912,43.1063],[-76.4718,43.105],[-76.4863,43.1432],[-76.4731,43.146],[-76.4792,43.2275],[-76.3075,43.2308],[-76.2895,43.219],[-76.281,43.2011],[-76.2621,43.2185],[-76.2729,43.2402],[-76.2575,43.2369],[-76.2446,43.2146],[-76.2176,43.2048],[-76.2062,43.2166],[-76.1942,43.2171],[-76.2134,43.24],[-76.2117,43.2677],[-76.2026,43.2715],[-76.169,43.2467],[-76.0694,43.2147],[-76.0853,43.2129],[-76.0789,43.1995],[-76.05,43.203],[-76.0036,43.1768],[-75.9914,43.1833],[-75.9926,43.1738],[-75.9827,43.1736],[-75.9715,43.1549],[-75.977,43.136],[-75.9501,43.1349],[-75.9605,43.123],[-75.9544,43.1169],[-75.9656,43.1195],[-75.9761,43.1034],[-75.9756,43.0913],[-75.9172,43.0859],[-75.8961,42.791],[-76.2747,42.7713],[-76.2988,42.8075],[-76.357,42.8494],[-76.4507,42.8458],[-76.463,43.0063],[-76.4919,43.005],[-76.4993,43.0979]]]},"properties":{"GEOID":"36067","state_fips":"36","state_abbr":"NY","county_name":"Onondaga County","category":"town_restriction","n_total":5,"n_live":4,"n_pending":1,"n_lapsed":0,"n_live_county_restriction":0,"n_live_town_restriction":4,"n_live_conditions":0,"action_ids":["dct-lysander-ny-2026-05-07","ny-lysander-2026","ny-manlius-2026","ny-town-of-salina-2026","ny-town-of-van-buren-2026"]}},{"type":"Feature","geometry":{"type":"MultiPolygon","coordinates":[[[[-104.9341,39.6984],[-104.9317,39.7002],[-104.9317,39.6984],[-104.9341,39.6984]]],[[[-105.1099,39.6299],[-105.0911,39.6387],[-105.0733,39.6366],[-105.0745,39.6441],[-105.0536,39.6512],[-105.0708,39.6496],[-105.0673,39.6569],[-105.0815,39.6621],[-105.0813,39.6701],[-105.0533,39.6678],[-105.0626,39.6793],[-105.0532,39.6823],[-105.0532,39.7838],[-105.0627,39.7838],[-105.0644,39.7911],[-104.9759,39.791],[-104.9687,39.7984],[-104.9689,39.791],[-104.9405,39.7946],[-104.927,39.7911],[-104.927,39.7838],[-104.9034,39.7839],[-104.9036,39.7984],[-104.8845,39.7983],[-104.8844,39.8128],[-104.8661,39.8128],[-104.866,39.7984],[-104.7909,39.7983],[-104.7909,39.8418],[-104.731,39.8452],[-104.7304,39.8961],[-104.7033,39.8959],[-104.7032,39.9069],[-104.6921,39.9069],[-104.6921,39.9142],[-104.6796,39.914],[-104.6797,39.907],[-104.5996,39.899],[-104.6053,39.8731],[-104.6192,39.8732],[-104.6198,39.8224],[-104.6554,39.8226],[-104.6554,39.813],[-104.6662,39.8131],[-104.6661,39.8228],[-104.7625,39.8234],[-104.7626,39.7984],[-104.7344,39.7984],[-104.7347,39.7692],[-104.7646,39.7692],[-104.7722,39.7764],[-104.8282,39.7724],[-104.833,39.7664],[-104.8564,39.7686],[-104.8563,39.7581],[-104.8469,39.7547],[-104.8799,39.7547],[-104.8866,39.7292],[-104.866,39.7111],[-104.866,39.6966],[-104.9035,39.6985],[-104.9035,39.6894],[-104.8941,39.6927],[-104.8893,39.6821],[-104.9034,39.6786],[-104.9052,39.6861],[-104.9081,39.6797],[-104.9035,39.6676],[-104.8762,39.6639],[-104.8709,39.6748],[-104.8663,39.6603],[-104.8473,39.6571],[-104.8756,39.645],[-104.8801,39.6531],[-104.8853,39.6241],[-104.9134,39.6241],[-104.9132,39.6387],[-104.9319,39.6458],[-104.9317,39.653],[-104.955,39.653],[-104.9735,39.6677],[-105.0004,39.6677],[-105.0109,39.6605],[-105.0087,39.6786],[-105.0157,39.6787],[-105.0158,39.6605],[-105.0346,39.6533],[-105.0348,39.6332],[-105.0254,39.6286],[-105.0428,39.6276],[-105.059,39.6388],[-105.0535,39.6295],[-105.0582,39.6144],[-105.0914,39.6143],[-105.097,39.6184],[-105.0651,39.6198],[-105.081,39.6313],[-105.0913,39.6242],[-105.1099,39.6299]],[[-105.0816,39.6357],[-105.0809,39.635],[-105.0809,39.6357],[-105.0816,39.6357]],[[-105.0635,39.653],[-105.0626,39.6519],[-105.0626,39.653],[-105.0635,39.653]],[[-104.9407,39.7111],[-104.9406,39.6954],[-104.9282,39.6966],[-104.9316,39.7111],[-104.9407,39.7111]],[[-104.9316,39.6734],[-104.9316,39.6675],[-104.9272,39.669],[-104.9316,39.6734]],[[-104.9302,39.6748],[-104.9207,39.6682],[-104.913,39.6562],[-104.9176,39.673],[-104.9302,39.6748]],[[-104.911,39.6821],[-104.9082,39.6803],[-104.9082,39.6821],[-104.911,39.6821]],[[-104.904,39.6254],[-104.9028,39.6243],[-104.9038,39.6268],[-104.904,39.6254]],[[-104.8993,39.6837],[-104.8988,39.6857],[-104.9027,39.6857],[-104.8993,39.6837]]]]},"properties":{"GEOID":"08031","state_fips":"08","state_abbr":"CO","county_name":"Denver County","category":"county_restriction","n_total":2,"n_live":2,"n_pending":0,"n_lapsed":0,"n_live_county_restriction":2,"n_live_town_restriction":0,"n_live_conditions":0,"action_ids":["dct-denver-co-2026-02-24","co-denver-2026"]}},{"type":"Feature","geometry":{"type":"Polygon","coordinates":[[[-83.1029,42.8886],[-82.739,42.8975],[-82.7293,42.7061],[-82.7054,42.6867],[-82.7533,42.6697],[-82.7603,42.6566],[-82.7973,42.654],[-82.8135,42.6408],[-82.8207,42.6153],[-82.7926,42.6048],[-82.7907,42.596],[-82.7715,42.5927],[-82.7868,42.5922],[-82.7824,42.5648],[-82.7967,42.571],[-82.8342,42.5678],[-82.8707,42.5289],[-82.8844,42.4766],[-82.8702,42.451],[-83.0834,42.4472],[-83.1029,42.8886]]]},"properties":{"GEOID":"26099","state_fips":"26","state_abbr":"MI","county_name":"Macomb County","category":"town_restriction","n_total":7,"n_live":6,"n_pending":1,"n_lapsed":0,"n_live_county_restriction":0,"n_live_town_restriction":6,"n_live_conditions":0,"action_ids":["mi-armada-township-undated","mi-bruce-township-undated","dct-lenox-township-mi-2026-02-02","mi-romeo-2026","mi-sterling-heights-2026","dct-warren-mi-macomb-moratorium-request-2026-07-14","dct-washington-township-macomb-mi-2026"]}},{"type":"Feature","geometry":{"type":"MultiPolygon","coordinates":[[[[-68.5592,44.0406],[-68.555,44.0492],[-68.556,44.0395],[-68.5592,44.0406]]],[[[-68.5765,44.0952],[-68.5757,44.1015],[-68.5713,44.1],[-68.5765,44.0952]]],[[[-68.5906,44.0587],[-68.5881,44.0723],[-68.5841,44.0716],[-68.5906,44.0587]]],[[[-68.6588,44.1102],[-68.6412,44.1086],[-68.6372,44.0994],[-68.6513,44.1014],[-68.6588,44.1102]]],[[[-68.6711,44.0759],[-68.6352,44.0812],[-68.6179,44.0972],[-68.6086,44.0943],[-68.5988,44.0675],[-68.6122,44.0199],[-68.6017,44.0125],[-68.6159,44.0098],[-68.6278,44.0216],[-68.657,44.0038],[-68.661,44.0171],[-68.6409,44.0506],[-68.6608,44.0479],[-68.6507,44.0651],[-68.6711,44.0759]]],[[[-68.7512,43.8854],[-68.7437,43.8856],[-68.7317,43.8935],[-68.7418,43.883],[-68.7512,43.8854]]],[[[-68.7922,44.1368],[-68.7864,44.1441],[-68.7811,44.1449],[-68.7922,44.1368]]],[[[-68.8025,44.1374],[-68.8009,44.1441],[-68.7914,44.147],[-68.8025,44.1374]]],[[[-68.808,44.1373],[-68.8239,44.1396],[-68.8056,44.1429],[-68.808,44.1373]]],[[[-68.8265,43.8477],[-68.8158,43.8616],[-68.8112,43.8602],[-68.8097,43.8569],[-68.8265,43.8477]]],[[[-68.8914,44.0299],[-68.8891,44.0394],[-68.8843,44.0308],[-68.8914,44.0299]]],[[[-68.8991,43.8219],[-68.8911,43.8355],[-68.8762,43.8366],[-68.8867,43.8222],[-68.8991,43.8219]]],[[[-68.9059,43.8538],[-68.8962,43.873],[-68.8817,43.8686],[-68.8788,43.8583],[-68.8962,43.8485],[-68.9059,43.8538]]],[[[-68.9085,44.0581],[-68.8943,44.0649],[-68.8952,44.0493],[-68.9085,44.0581]]],[[[-68.9118,44.0964],[-68.899,44.1234],[-68.8636,44.1193],[-68.866,44.1007],[-68.8472,44.1142],[-68.8539,44.1243],[-68.8396,44.132],[-68.8372,44.1166],[-68.823,44.1229],[-68.8061,44.1168],[-68.8068,44.1064],[-68.7721,44.0789],[-68.7797,44.0685],[-68.7745,44.0644],[-68.7982,44.043],[-68.8073,44.0435],[-68.8066,44.0353],[-68.8284,44.0316],[-68.8441,44.0405],[-68.8499,44.0283],[-68.8628,44.025],[-68.8738,44.0395],[-68.8705,44.0509],[-68.881,44.0594],[-68.8798,44.0751],[-68.8955,44.0869],[-68.8957,44.0683],[-68.9118,44.0964]]],[[[-68.9121,44.0415],[-68.9104,44.0531],[-68.9063,44.0449],[-68.9121,44.0415]]],[[[-68.9443,44.1127],[-68.9159,44.149],[-68.8461,44.1844],[-68.8247,44.1861],[-68.8191,44.163],[-68.8071,44.1578],[-68.8128,44.15],[-68.8021,44.1506],[-68.8622,44.14],[-68.8582,44.1262],[-68.9035,44.1274],[-68.8753,44.1424],[-68.8881,44.1449],[-68.9266,44.1253],[-68.9359,44.1093],[-68.9443,44.1127]]],[[[-68.9615,44.1895],[-68.9644,44.2008],[-68.9549,44.2029],[-68.9615,44.1895]]],[[[-68.9841,44.1721],[-68.9813,44.1769],[-68.9801,44.1726],[-68.9841,44.1721]]],[[[-69.0145,43.9087],[-69.0078,43.9073],[-69.0048,43.9013],[-69.0129,43.901],[-69.0145,43.9087]]],[[[-69.0355,43.9114],[-69.0317,43.9169],[-69.0298,43.9153],[-69.0355,43.9114]]],[[[-69.0462,44.0762],[-69.0381,44.0858],[-69.032,44.0793],[-69.0362,44.0744],[-69.0462,44.0762]]],[[[-69.0481,44.0604],[-69.05,44.0689],[-69.0428,44.0682],[-69.0481,44.0604]]],[[[-69.0599,44.0016],[-69.049,44.0111],[-69.0426,44.007],[-69.0547,43.9929],[-69.0599,44.0016]]],[[[-69.0725,44.0122],[-69.0626,44.0149],[-69.0561,44.0122],[-69.0716,44.0048],[-69.0725,44.0122]]],[[[-69.0723,44.0366],[-69.0714,44.0429],[-69.0668,44.0405],[-69.0723,44.0366]]],[[[-69.0831,43.9815],[-69.0775,43.9841],[-69.0725,43.9787],[-69.0785,43.973],[-69.0831,43.9815]]],[[[-69.0961,43.984],[-69.0666,43.997],[-69.0654,43.9944],[-69.0696,43.9859],[-69.078,43.9862],[-69.0931,43.9791],[-69.0961,43.984]]],[[[-69.1325,43.8713],[-69.1279,43.895],[-69.1189,43.8983],[-69.1253,43.8778],[-69.1206,43.8717],[-69.1325,43.8713]]],[[[-69.2202,43.9149],[-69.2225,43.9254],[-69.2129,43.9214],[-69.2202,43.9149]]],[[[-69.2966,43.8713],[-69.2835,43.8737],[-69.2825,43.8646],[-69.2954,43.8626],[-69.2966,43.8713]]],[[[-69.2993,43.9329],[-69.293,43.9424],[-69.2859,43.9314],[-69.2993,43.9329]]],[[[-69.3155,43.9136],[-69.3074,43.9181],[-69.3099,43.9063],[-69.3155,43.9136]]],[[[-69.3229,43.9016],[-69.3141,43.9023],[-69.308,43.891],[-69.3137,43.8912],[-69.3229,43.9016]]],[[[-69.3235,43.8606],[-69.3186,43.8797],[-69.3059,43.8774],[-69.3108,43.8595],[-69.3235,43.8606]]],[[[-69.3517,43.9272],[-69.3431,43.9349],[-69.3406,43.9338],[-69.3465,43.9225],[-69.3517,43.9272]]],[[[-69.3835,43.8957],[-69.3796,43.9139],[-69.3709,43.9127],[-69.3835,43.8957]]],[[[-69.4513,44.3139],[-69.437,44.3245],[-69.4164,44.3213],[-69.4046,44.3329],[-69.4091,44.3364],[-69.3944,44.3429],[-69.3466,44.3083],[-69.2689,44.3647],[-69.1216,44.2556],[-69.0431,44.2595],[-69.0284,44.249],[-69.0456,44.2093],[-69.0592,44.2079],[-69.0518,44.1959],[-69.0545,44.1715],[-69.0612,44.1655],[-69.0742,44.1835],[-69.0796,44.144],[-69.093,44.1353],[-69.0759,44.1346],[-69.0763,44.1249],[-69.0859,44.1141],[-69.1008,44.1169],[-69.1011,44.0936],[-69.1072,44.0906],[-69.1034,44.0779],[-69.0765,44.0906],[-69.0434,44.0922],[-69.0798,44.0553],[-69.0771,44.0423],[-69.1281,44.0173],[-69.1099,43.9983],[-69.1259,43.996],[-69.1322,44.0033],[-69.1419,43.9865],[-69.1235,43.979],[-69.1441,43.9795],[-69.1491,43.9917],[-69.1607,43.9892],[-69.1626,43.999],[-69.1773,43.9856],[-69.1847,43.9597],[-69.2121,43.9311],[-69.2443,43.9304],[-69.2427,43.9255],[-69.2739,43.9142],[-69.2798,43.9224],[-69.2675,43.9437],[-69.284,43.9586],[-69.3175,43.9405],[-69.3043,43.9621],[-69.3253,43.9709],[-69.3339,43.9657],[-69.3234,43.9551],[-69.3277,43.9458],[-69.3403,43.9497],[-69.3545,43.9302],[-69.3752,43.9246],[-69.356,43.9545],[-69.3301,43.9718],[-69.3458,43.9691],[-69.3429,43.9797],[-69.3505,43.9834],[-69.3541,43.9723],[-69.3688,43.9663],[-69.364,44.0129],[-69.3458,44.0188],[-69.3347,44.0047],[-69.3278,44.0062],[-69.3186,44.0372],[-69.2982,44.0473],[-69.298,44.059],[-69.2823,44.0526],[-69.282,44.0645],[-69.3038,44.0965],[-69.3115,44.0955],[-69.3037,44.1327],[-69.3377,44.2094],[-69.406,44.2107],[-69.4036,44.2191],[-69.4328,44.2267],[-69.4495,44.2623],[-69.4407,44.2844],[-69.4513,44.3139]]]]},"properties":{"GEOID":"23013","state_fips":"23","state_abbr":"ME","county_name":"Knox County","category":"town_restriction","n_total":1,"n_live":1,"n_pending":0,"n_lapsed":0,"n_live_county_restriction":0,"n_live_town_restriction":1,"n_live_conditions":0,"action_ids":["dct-warren-me-moratorium-2026-07-08"]}},{"type":"Feature","geometry":{"type":"MultiPolygon","coordinates":[[[[-69.3236,43.759],[-69.3136,43.7728],[-69.3004,43.7721],[-69.3143,43.7567],[-69.3236,43.759]]],[[[-69.3915,43.9577],[-69.3948,43.9649],[-69.3873,43.9672],[-69.3915,43.9577]]],[[[-69.4289,43.9165],[-69.422,43.923],[-69.4273,43.9123],[-69.4289,43.9165]]],[[[-69.4381,43.9095],[-69.4394,43.9391],[-69.433,43.9521],[-69.4201,43.9359],[-69.4381,43.9095]]],[[[-69.5882,43.7705],[-69.5829,43.7791],[-69.5815,43.7719],[-69.5882,43.7705]]],[[[-69.5996,43.7907],[-69.5996,43.8033],[-69.5939,43.8041],[-69.5996,43.7907]]],[[[-69.6188,43.7574],[-69.6108,43.7789],[-69.6053,43.7803],[-69.614,43.7511],[-69.6188,43.7574]]],[[[-69.6357,43.8054],[-69.633,43.8126],[-69.6288,43.8137],[-69.6267,43.8052],[-69.6357,43.8054]]],[[[-69.8135,44.0268],[-69.7903,44.0425],[-69.7859,44.0872],[-69.7582,44.1393],[-69.6567,44.1224],[-69.6654,44.2276],[-69.6502,44.2796],[-69.5428,44.2625],[-69.5214,44.2806],[-69.5064,44.3429],[-69.4096,44.328],[-69.4164,44.3213],[-69.437,44.3245],[-69.4513,44.3139],[-69.4407,44.2844],[-69.4495,44.2623],[-69.4328,44.2267],[-69.4036,44.2191],[-69.406,44.2107],[-69.3377,44.2094],[-69.3037,44.1327],[-69.3115,44.0955],[-69.3038,44.0965],[-69.282,44.0645],[-69.2823,44.0526],[-69.298,44.059],[-69.2982,44.0473],[-69.3186,44.0372],[-69.3278,44.0062],[-69.3347,44.0047],[-69.3458,44.0188],[-69.364,44.0129],[-69.3683,43.9951],[-69.379,43.9954],[-69.3892,43.9708],[-69.3983,43.9707],[-69.4061,43.9858],[-69.4282,43.9573],[-69.4268,43.9783],[-69.4377,43.9758],[-69.4596,43.9033],[-69.4835,43.8803],[-69.5069,43.8348],[-69.5149,43.8313],[-69.5193,43.8712],[-69.5439,43.8816],[-69.5509,43.878],[-69.545,43.8612],[-69.5517,43.8346],[-69.5727,43.844],[-69.5796,43.8216],[-69.5929,43.8114],[-69.6059,43.8149],[-69.6063,43.8234],[-69.5924,43.8309],[-69.5947,43.8589],[-69.6177,43.8453],[-69.6131,43.8375],[-69.6211,43.8268],[-69.6303,43.837],[-69.6272,43.8489],[-69.6388,43.8478],[-69.6498,43.8363],[-69.6457,43.8194],[-69.6531,43.8172],[-69.6556,43.781],[-69.6687,43.8014],[-69.6859,43.8101],[-69.6904,43.8254],[-69.6802,43.8565],[-69.6875,43.8677],[-69.6851,43.897],[-69.6714,43.9236],[-69.6916,43.9172],[-69.7028,43.8547],[-69.7229,43.8531],[-69.7435,43.8935],[-69.7074,43.9273],[-69.725,43.9349],[-69.7196,43.9713],[-69.7002,44.0066],[-69.8135,44.0268]]]]},"properties":{"GEOID":"23015","state_fips":"23","state_abbr":"ME","county_name":"Lincoln County","category":"town_restriction","n_total":1,"n_live":1,"n_pending":0,"n_lapsed":0,"n_live_county_restriction":0,"n_live_town_restriction":1,"n_live_conditions":0,"action_ids":["dct-wiscasset-me-2025-11-04"]}},{"type":"Feature","geometry":{"type":"MultiPolygon","coordinates":[[[[-76.3241,39.3126],[-76.3245,39.3138],[-76.3214,39.3129],[-76.3241,39.3126]]],[[[-76.3869,39.2492],[-76.3566,39.2609],[-76.3438,39.2573],[-76.3715,39.238],[-76.3869,39.2492]]],[[[-76.3929,39.2315],[-76.3936,39.2339],[-76.3895,39.2355],[-76.3929,39.2315]]],[[[-76.8956,39.4295],[-76.8943,39.4398],[-76.8873,39.4405],[-76.8918,39.4454],[-76.8764,39.4508],[-76.893,39.4553],[-76.8857,39.4564],[-76.892,39.4618],[-76.8766,39.483],[-76.867,39.4849],[-76.8567,39.5316],[-76.7871,39.7208],[-76.5694,39.7212],[-76.5652,39.6145],[-76.5601,39.5961],[-76.5323,39.5616],[-76.5322,39.544],[-76.5085,39.5238],[-76.4946,39.5266],[-76.4593,39.5072],[-76.4324,39.5065],[-76.4331,39.4883],[-76.3867,39.4597],[-76.3789,39.4454],[-76.3803,39.4248],[-76.3702,39.4153],[-76.3719,39.4051],[-76.3611,39.4003],[-76.3593,39.3814],[-76.3378,39.3733],[-76.345,39.3577],[-76.3306,39.3354],[-76.3494,39.3392],[-76.3518,39.3265],[-76.3334,39.3241],[-76.3292,39.315],[-76.34,39.3045],[-76.3482,39.3176],[-76.3535,39.3104],[-76.3682,39.3218],[-76.3644,39.3118],[-76.3833,39.2983],[-76.3839,39.3084],[-76.3946,39.3036],[-76.4088,39.3117],[-76.4081,39.3001],[-76.3933,39.2863],[-76.3826,39.2865],[-76.3828,39.2775],[-76.3979,39.2725],[-76.4019,39.2484],[-76.427,39.2549],[-76.4366,39.2534],[-76.4413,39.2429],[-76.4225,39.2325],[-76.3993,39.2387],[-76.3991,39.229],[-76.4425,39.1954],[-76.4495,39.2016],[-76.4468,39.2183],[-76.4625,39.2158],[-76.4615,39.2041],[-76.4957,39.2019],[-76.4974,39.2269],[-76.5126,39.2285],[-76.5183,39.242],[-76.5296,39.2403],[-76.5298,39.3721],[-76.7113,39.3719],[-76.7111,39.2779],[-76.6186,39.2374],[-76.6315,39.2239],[-76.6617,39.2311],[-76.7004,39.213],[-76.7945,39.2666],[-76.7786,39.295],[-76.7965,39.305],[-76.7947,39.3143],[-76.8252,39.3193],[-76.8355,39.312],[-76.875,39.3322],[-76.8823,39.3502],[-76.8734,39.3571],[-76.8913,39.3822],[-76.8734,39.3889],[-76.8855,39.3976],[-76.8789,39.4039],[-76.8844,39.4046],[-76.8814,39.4174],[-76.8745,39.4191],[-76.8956,39.4295]]]]},"properties":{"GEOID":"24005","state_fips":"24","state_abbr":"MD","county_name":"Baltimore County","category":"county_restriction","n_total":1,"n_live":1,"n_pending":0,"n_lapsed":0,"n_live_county_restriction":1,"n_live_town_restriction":0,"n_live_conditions":0,"action_ids":["md-baltimore-county-2026"]}},{"type":"Feature","geometry":{"type":"Polygon","coordinates":[[[-75.6606,38.0463],[-75.6543,38.0529],[-75.638,38.0448],[-75.6207,38.0564],[-75.6152,38.074],[-75.5816,38.0683],[-75.5695,38.0871],[-75.5409,38.0895],[-75.5461,38.098],[-75.5401,38.1083],[-75.5767,38.1404],[-75.5696,38.1536],[-75.5494,38.1632],[-75.5459,38.1787],[-75.6058,38.2491],[-75.6128,38.2786],[-75.3646,38.2904],[-75.3555,38.3145],[-75.3232,38.3319],[-75.307,38.3548],[-75.3292,38.3804],[-75.3171,38.4042],[-75.3413,38.452],[-75.0489,38.4513],[-75.0614,38.3895],[-75.0855,38.3243],[-75.1029,38.3115],[-75.1938,38.096],[-75.2425,38.027],[-75.6243,37.9942],[-75.6197,38.0071],[-75.6558,38.0298],[-75.6606,38.0463]]]},"properties":{"GEOID":"24047","state_fips":"24","state_abbr":"MD","county_name":"Worcester County","category":"pending_only","n_total":1,"n_live":0,"n_pending":1,"n_lapsed":0,"n_live_county_restriction":0,"n_live_town_restriction":0,"n_live_conditions":0,"action_ids":["md-worcester-county-2026"]}},{"type":"Feature","geometry":{"type":"Polygon","coordinates":[[[-77.5273,39.1462],[-77.5106,39.1785],[-77.4786,39.1892],[-77.4736,39.2084],[-77.4589,39.2203],[-77.1688,39.3535],[-77.1868,39.3382],[-77.1703,39.3131],[-77.1401,39.2921],[-77.1332,39.2704],[-77.0821,39.26],[-77.0598,39.2402],[-77.0448,39.2377],[-77.0094,39.2067],[-77.0122,39.1952],[-77.0042,39.1923],[-77.0084,39.1816],[-76.9989,39.1778],[-77.0054,39.1763],[-76.9974,39.1741],[-77.001,39.1695],[-76.9737,39.1622],[-76.9756,39.1497],[-76.95,39.1444],[-76.9585,39.134],[-76.9467,39.1294],[-76.9291,39.1384],[-76.9073,39.1255],[-76.8885,39.131],[-76.9073,39.1179],[-76.9088,39.1039],[-76.9911,38.9924],[-76.9869,38.9769],[-77.0026,38.9655],[-77.041,38.9951],[-77.1198,38.9343],[-77.1482,38.965],[-77.1975,38.9668],[-77.2446,38.9825],[-77.2557,39.0024],[-77.246,39.0249],[-77.2931,39.0465],[-77.3403,39.063],[-77.3857,39.062],[-77.4614,39.0752],[-77.4858,39.1093],[-77.5199,39.1209],[-77.5273,39.1462]]]},"properties":{"GEOID":"24031","state_fips":"24","state_abbr":"MD","county_name":"Montgomery County","category":"county_restriction","n_total":4,"n_live":4,"n_pending":0,"n_lapsed":0,"n_live_county_restriction":4,"n_live_town_restriction":0,"n_live_conditions":0,"action_ids":["dct-dickerson-montgomery-county-md-2026-02-01","dct-montgomery-county-md-2026-02-02","md-montgomery-county-2026","dct-montgomery-county-md-elrich-eo-moratorium-2026-06-13"]}},{"type":"Feature","geometry":{"type":"Polygon","coordinates":[[[-73.0748,42.1061],[-73.0612,42.1181],[-73.0711,42.1482],[-73.0349,42.1437],[-73.0019,42.251],[-73.0003,42.3126],[-72.9538,42.3439],[-72.8956,42.3407],[-72.8948,42.3315],[-72.8852,42.3326],[-72.8806,42.2654],[-72.9123,42.2391],[-72.8722,42.2164],[-72.8576,42.2405],[-72.8134,42.245],[-72.8126,42.235],[-72.7934,42.2369],[-72.781,42.1997],[-72.6869,42.1834],[-72.6905,42.2131],[-72.6565,42.2277],[-72.6346,42.2739],[-72.6131,42.2863],[-72.6012,42.2813],[-72.5992,42.2674],[-72.6237,42.2317],[-72.6038,42.2139],[-72.4039,42.2318],[-72.3955,42.1857],[-72.3582,42.1898],[-72.3647,42.2073],[-72.3523,42.207],[-72.3417,42.2192],[-72.2705,42.2371],[-72.2682,42.2293],[-72.2576,42.2299],[-72.247,42.2421],[-72.2212,42.2453],[-72.2628,42.2025],[-72.2639,42.1838],[-72.2006,42.1613],[-72.1993,42.1537],[-72.135,42.1618],[-72.1357,42.0302],[-72.5281,42.0343],[-72.5902,42.0247],[-72.7558,42.0362],[-72.7517,42.0302],[-72.7667,42.003],[-72.8167,41.9976],[-72.8135,42.0365],[-73.0533,42.0399],[-73.0748,42.1061]]]},"properties":{"GEOID":"25013","state_fips":"25","state_abbr":"MA","county_name":"Hampden County","category":"town_restriction","n_total":2,"n_live":2,"n_pending":0,"n_lapsed":0,"n_live_county_restriction":0,"n_live_town_restriction":2,"n_live_conditions":0,"action_ids":["dct-holyoke-ma-ai-ban-2026-06-18","ma-westfield-2026"]}},{"type":"Feature","geometry":{"type":"MultiPolygon","coordinates":[[[[-86.6603,45.736],[-86.6582,45.7408],[-86.6571,45.7426],[-86.6575,45.7366],[-86.6603,45.736]]],[[[-86.6606,45.5786],[-86.6549,45.5872],[-86.6365,45.5717],[-86.6268,45.5729],[-86.6221,45.5595],[-86.6275,45.5495],[-86.6489,45.5443],[-86.6606,45.5786]]],[[[-86.6702,45.5296],[-86.6612,45.533],[-86.6599,45.5225],[-86.6671,45.5217],[-86.6702,45.5296]]],[[[-86.7017,45.6057],[-86.7018,45.6166],[-86.6924,45.6171],[-86.6679,45.606],[-86.6902,45.5957],[-86.7017,45.6057]]],[[[-86.707,45.6089],[-86.7081,45.6115],[-86.7052,45.6106],[-86.707,45.6089]]],[[[-86.7161,45.4978],[-86.7139,45.4998],[-86.714,45.4992],[-86.7161,45.4978]]],[[[-86.7229,45.5085],[-86.7207,45.5115],[-86.7167,45.5095],[-86.7229,45.5085]]],[[[-86.7262,45.5206],[-86.7251,45.5217],[-86.7231,45.5205],[-86.7262,45.5206]]],[[[-86.7588,45.7967],[-86.7612,45.8015],[-86.7535,45.7988],[-86.7588,45.7967]]],[[[-86.7634,45.7436],[-86.7655,45.7488],[-86.7593,45.7443],[-86.7634,45.7436]]],[[[-86.7835,45.5023],[-86.7738,45.5111],[-86.7575,45.5041],[-86.7583,45.4793],[-86.7828,45.4868],[-86.7835,45.5023]]],[[[-87.3678,45.9853],[-87.2429,45.9851],[-87.2415,46.1591],[-86.4901,46.1582],[-86.4903,45.8963],[-86.4591,45.8964],[-86.4599,45.7579],[-86.4785,45.7639],[-86.4867,45.7479],[-86.5082,45.7532],[-86.5324,45.7466],[-86.5334,45.7395],[-86.5218,45.7333],[-86.533,45.7293],[-86.5248,45.7195],[-86.5373,45.7084],[-86.5706,45.7164],[-86.5809,45.7119],[-86.5825,45.6854],[-86.5913,45.6796],[-86.5875,45.6665],[-86.6113,45.6697],[-86.6274,45.6599],[-86.6176,45.6188],[-86.6053,45.6078],[-86.6143,45.6001],[-86.6332,45.6182],[-86.6502,45.6161],[-86.6775,45.6276],[-86.6976,45.6557],[-86.7081,45.648],[-86.7175,45.6803],[-86.7052,45.6909],[-86.6762,45.6919],[-86.6647,45.7058],[-86.6716,45.7208],[-86.647,45.7297],[-86.6321,45.7557],[-86.6236,45.751],[-86.6205,45.7622],[-86.637,45.7647],[-86.6236,45.7722],[-86.6311,45.7821],[-86.6173,45.7835],[-86.6043,45.7717],[-86.5863,45.7788],[-86.5596,45.7722],[-86.5818,45.7948],[-86.5572,45.8082],[-86.5575,45.8283],[-86.528,45.8533],[-86.533,45.8827],[-86.5595,45.8992],[-86.5823,45.8961],[-86.5989,45.8766],[-86.6244,45.8698],[-86.6332,45.8601],[-86.6325,45.8433],[-86.6444,45.843],[-86.6476,45.8336],[-86.699,45.8434],[-86.7192,45.8394],[-86.7425,45.8647],[-86.7584,45.8673],[-86.7821,45.8602],[-86.7881,45.8356],[-86.7746,45.8217],[-86.779,45.7992],[-86.7694,45.7974],[-86.8055,45.7913],[-86.7895,45.7718],[-86.8041,45.7766],[-86.8215,45.7704],[-86.8208,45.7561],[-86.8452,45.7368],[-86.8387,45.7223],[-86.8664,45.7102],[-86.9033,45.7091],[-86.9183,45.6961],[-86.9415,45.7022],[-86.9679,45.6683],[-86.9698,45.6919],[-86.9809,45.6951],[-86.9846,45.7058],[-86.9752,45.7489],[-86.9836,45.7694],[-86.9816,45.7922],[-87.0055,45.8288],[-86.9877,45.8365],[-86.9482,45.8768],[-86.9499,45.8989],[-86.9779,45.9056],[-86.9865,45.8968],[-86.9791,45.894],[-87.022,45.8601],[-86.999,45.8477],[-87.0398,45.8342],[-87.0574,45.8125],[-87.0564,45.7759],[-87.0643,45.7588],[-87.0373,45.7436],[-87.0574,45.7368],[-87.0848,45.7092],[-87.0642,45.7077],[-87.0955,45.701],[-87.1004,45.6868],[-87.1722,45.6618],[-87.2639,45.5505],[-87.3275,45.5513],[-87.3254,45.8987],[-87.3677,45.899],[-87.3678,45.9853]]]]},"properties":{"GEOID":"26041","state_fips":"26","state_abbr":"MI","county_name":"Delta County","category":"county_restriction","n_total":2,"n_live":1,"n_pending":1,"n_lapsed":0,"n_live_county_restriction":1,"n_live_town_restriction":0,"n_live_conditions":0,"action_ids":["dct-delta-county-mi-2026-03-03","mi-delta-county-2026"]}},{"type":"Feature","geometry":{"type":"Polygon","coordinates":[[[-75.4196,39.4133],[-75.4083,39.4251],[-75.4188,39.4323],[-75.4096,39.4367],[-75.4166,39.4385],[-75.4077,39.4588],[-75.3681,39.4568],[-75.3423,39.4906],[-75.318,39.492],[-75.2384,39.559],[-75.0835,39.4575],[-75.0733,39.4851],[-75.0797,39.5014],[-75.0745,39.5446],[-75.0619,39.5687],[-74.857,39.425],[-74.852,39.3766],[-74.8649,39.3385],[-74.8613,39.3238],[-74.8821,39.3084],[-74.8964,39.2351],[-74.9258,39.2188],[-74.9259,39.1968],[-74.9122,39.1786],[-74.9632,39.192],[-75.0289,39.1946],[-75.0213,39.2187],[-75.0298,39.2255],[-75.0485,39.2152],[-75.0941,39.2121],[-75.1074,39.2184],[-75.1297,39.2004],[-75.1278,39.1904],[-75.1369,39.1821],[-75.1674,39.2033],[-75.163,39.2143],[-75.1719,39.2378],[-75.2059,39.2626],[-75.2416,39.2741],[-75.2378,39.284],[-75.2517,39.3003],[-75.283,39.3055],[-75.2883,39.2916],[-75.3152,39.3106],[-75.3337,39.3453],[-75.3501,39.3499],[-75.3603,39.3399],[-75.3683,39.3508],[-75.39,39.3583],[-75.3993,39.3795],[-75.4173,39.3887],[-75.4054,39.4076],[-75.413,39.4044],[-75.4196,39.4133]]]},"properties":{"GEOID":"34011","state_fips":"34","state_abbr":"NJ","county_name":"Cumberland County","category":"town_restriction","n_total":2,"n_live":2,"n_pending":0,"n_lapsed":0,"n_live_county_restriction":0,"n_live_town_restriction":2,"n_live_conditions":0,"action_ids":["dct-millville-nj-data-center-ban-2026-05-19","dct-vineland-nj-2025-12-23"]}},{"type":"Feature","geometry":{"type":"Polygon","coordinates":[[[-75.2039,40.6915],[-75.1821,40.7315],[-75.1965,40.7516],[-75.179,40.7619],[-75.1716,40.7777],[-75.1344,40.7738],[-75.1085,40.7911],[-75.0839,40.8245],[-75.0958,40.8471],[-75.066,40.8476],[-75.051,40.8657],[-75.0753,40.8942],[-75.0793,40.9139],[-75.1178,40.953],[-75.1202,40.9687],[-75.1338,40.971],[-75.1306,40.9911],[-75.0271,41.0395],[-75.0131,41.0665],[-74.971,41.0853],[-74.9671,41.0943],[-74.7694,40.9109],[-74.8061,40.8838],[-74.8083,40.8695],[-74.802,40.8637],[-74.8208,40.8497],[-74.8184,40.8369],[-74.8428,40.8114],[-74.9046,40.7806],[-74.9027,40.7718],[-74.968,40.7116],[-75.0492,40.6795],[-75.11,40.6389],[-75.1453,40.629],[-75.1855,40.5923],[-75.2013,40.6146],[-75.1886,40.6246],[-75.2005,40.6492],[-75.1768,40.6757],[-75.1969,40.6813],[-75.2039,40.6915]]]},"properties":{"GEOID":"34041","state_fips":"34","state_abbr":"NJ","county_name":"Warren County","category":"county_restriction","n_total":3,"n_live":3,"n_pending":0,"n_lapsed":0,"n_live_county_restriction":1,"n_live_town_restriction":2,"n_live_conditions":0,"action_ids":["dct-phillipsburg-nj-2026-02-25","dct-phillipsburg-nj-ban-ordinance-2026-04","dct-warren-county-model-ordinance-nj-2026-01"]}},{"type":"Feature","geometry":{"type":"Polygon","coordinates":[[[-75.0596,39.9921],[-75.0471,40.0099],[-75.0122,40.0207],[-74.9326,40.0688],[-74.8621,40.0833],[-74.8351,40.1039],[-74.8225,40.1268],[-74.7851,40.1203],[-74.7406,40.1355],[-74.7063,40.1618],[-74.7128,40.1752],[-74.7083,40.1819],[-74.6747,40.1737],[-74.6777,40.1663],[-74.6232,40.1486],[-74.6218,40.1411],[-74.5878,40.1383],[-74.3897,39.7733],[-74.3904,39.5962],[-74.4008,39.5722],[-74.4188,39.5686],[-74.4174,39.5573],[-74.4384,39.5535],[-74.4375,39.5412],[-74.4457,39.5464],[-74.4456,39.5586],[-74.4573,39.5473],[-74.4622,39.5561],[-74.4934,39.5557],[-74.5153,39.5742],[-74.5256,39.5694],[-74.5406,39.5756],[-74.5543,39.5985],[-74.5757,39.5984],[-74.6206,39.6264],[-74.6302,39.6202],[-74.6346,39.6281],[-74.6393,39.6224],[-74.655,39.6271],[-74.668,39.6837],[-74.7721,39.7504],[-74.8069,39.7835],[-74.8432,39.7899],[-74.8949,39.7834],[-74.903,39.7911],[-74.9307,39.8859],[-74.9496,39.8983],[-74.963,39.9203],[-74.9839,39.9268],[-74.9757,39.9398],[-75.0151,39.9468],[-75.0199,39.9694],[-75.0104,39.98],[-75.0184,39.989],[-75.0352,39.9959],[-75.0596,39.9921]]]},"properties":{"GEOID":"34005","state_fips":"34","state_abbr":"NJ","county_name":"Burlington County","category":"town_restriction","n_total":1,"n_live":1,"n_pending":0,"n_lapsed":0,"n_live_county_restriction":0,"n_live_town_restriction":1,"n_live_conditions":0,"action_ids":["dct-pemberton-township-nj-2026-02-20"]}},{"type":"Feature","geometry":{"type":"Polygon","coordinates":[[[-74.6302,40.3431],[-74.6202,40.3737],[-74.5879,40.3941],[-74.5856,40.4175],[-74.5362,40.4383],[-74.4823,40.4818],[-74.4599,40.491],[-74.4669,40.5089],[-74.4817,40.5119],[-74.5267,40.5595],[-74.5163,40.5807],[-74.4663,40.5991],[-74.3029,40.6087],[-74.3053,40.6006],[-74.2908,40.5919],[-74.2577,40.6023],[-74.214,40.6041],[-74.2052,40.5939],[-74.2204,40.5589],[-74.2318,40.5623],[-74.2523,40.5527],[-74.2492,40.5233],[-74.2727,40.4884],[-74.2619,40.4647],[-74.2225,40.4519],[-74.2475,40.4315],[-74.2479,40.4066],[-74.3775,40.3054],[-74.3942,40.2884],[-74.3934,40.2796],[-74.461,40.2511],[-74.485,40.2533],[-74.482,40.2739],[-74.5232,40.2861],[-74.5286,40.2943],[-74.5567,40.2917],[-74.5866,40.3134],[-74.6222,40.3245],[-74.6302,40.3431]]]},"properties":{"GEOID":"34023","state_fips":"34","state_abbr":"NJ","county_name":"Middlesex County","category":"town_restriction","n_total":4,"n_live":2,"n_pending":2,"n_lapsed":0,"n_live_county_restriction":0,"n_live_town_restriction":2,"n_live_conditions":0,"action_ids":["dct-monroe-township-nj-zoning-ordinance-2026-06-29","dct-new-brunswick-nj-2026-02-19","dct-old-bridge-township-nj-ban-draft-2026-06-12","nj-sayreville-2026"]}},{"type":"Feature","geometry":{"type":"Polygon","coordinates":[[[-104.0441,47.9961],[-104.0476,48.6339],[-102.8858,48.6333],[-102.8859,48.3727],[-102.8282,48.3726],[-102.8285,48.1237],[-102.8668,48.137],[-102.9199,48.1218],[-102.9676,48.1381],[-103.0691,48.1324],[-103.0888,48.1246],[-103.0921,48.1431],[-103.1016,48.1465],[-103.2019,48.1352],[-103.2532,48.0921],[-103.2272,48.0779],[-103.2369,48.0608],[-103.2738,48.0606],[-103.2881,48.0403],[-103.3163,48.0415],[-103.373,48.0255],[-103.4312,48.0355],[-103.4965,48.0052],[-103.528,48.0351],[-103.5654,48.0349],[-103.5847,48.0442],[-103.5824,48.0578],[-103.5472,48.0858],[-103.5847,48.0925],[-103.6077,48.1094],[-103.5857,48.1246],[-103.5976,48.1344],[-103.6338,48.1111],[-103.683,48.1217],[-103.7422,48.0934],[-103.7403,48.0834],[-103.7108,48.0679],[-103.711,48.058],[-103.7434,48.0405],[-103.7877,48.058],[-103.7978,48.039],[-103.7913,48.0185],[-103.7969,48.0],[-103.8213,47.9799],[-103.8288,47.9801],[-103.8265,47.9971],[-103.8584,48.0158],[-103.8644,48.0087],[-103.8559,47.9951],[-103.871,47.9708],[-103.8851,47.9627],[-103.9198,47.956],[-103.9674,47.9855],[-103.9855,47.984],[-103.9899,47.9719],[-104.0056,47.9671],[-104.0216,47.9892],[-104.0441,47.9961]]]},"properties":{"GEOID":"38105","state_fips":"38","state_abbr":"ND","county_name":"Williams County","category":"lapsed_only","n_total":1,"n_live":0,"n_pending":0,"n_lapsed":1,"n_live_county_restriction":0,"n_live_town_restriction":0,"n_live_conditions":0,"action_ids":["nd-williams-county-2023"]}},{"type":"Feature","geometry":{"type":"Polygon","coordinates":[[[-81.9713,41.3513],[-81.9683,41.505],[-81.9445,41.4924],[-81.877,41.4832],[-81.7981,41.4973],[-81.7388,41.4885],[-81.6921,41.5093],[-81.6651,41.5316],[-81.6675,41.5227],[-81.6555,41.5288],[-81.6333,41.5482],[-81.6273,41.5441],[-81.535,41.6107],[-81.4886,41.6313],[-81.4878,41.5701],[-81.391,41.5697],[-81.3915,41.4452],[-81.375,41.4453],[-81.3748,41.4244],[-81.3918,41.4243],[-81.3917,41.3483],[-81.5981,41.3512],[-81.5881,41.3427],[-81.5854,41.3089],[-81.5733,41.3033],[-81.5651,41.2778],[-81.8781,41.275],[-81.877,41.3507],[-81.9713,41.3513]]]},"properties":{"GEOID":"39035","state_fips":"39","state_abbr":"OH","county_name":"Cuyahoga County","category":"town_restriction","n_total":3,"n_live":3,"n_pending":0,"n_lapsed":0,"n_live_county_restriction":0,"n_live_town_restriction":3,"n_live_conditions":0,"action_ids":["oh-berea-2026","oh-cleveland-2026","dct-cleveland-oh-moratorium-lakeland-permit-2026-05-22"]}},{"type":"Feature","geometry":{"type":"Polygon","coordinates":[[[-81.4924,34.9468],[-81.4759,34.9823],[-81.4848,34.9973],[-81.487,35.0349],[-81.4713,35.0481],[-81.4088,35.0471],[-81.4025,35.1369],[-81.3666,35.1649],[-81.0436,35.1499],[-81.051,35.1317],[-81.039,35.1263],[-81.0328,35.108],[-81.0521,35.0963],[-81.058,35.0732],[-81.0576,35.0624],[-81.0415,35.0447],[-80.935,35.1074],[-80.9062,35.0764],[-80.8995,35.0601],[-80.9059,35.0468],[-80.8974,35.0331],[-80.9095,35.0169],[-80.897,35.0133],[-80.9023,35.0057],[-80.8857,34.9913],[-80.8843,34.9658],[-80.8742,34.9653],[-80.8686,34.9507],[-80.8651,34.922],[-80.8789,34.901],[-80.8801,34.8715],[-80.8666,34.8488],[-80.8982,34.8207],[-81.4785,34.8215],[-81.4533,34.8464],[-81.4688,34.8657],[-81.4788,34.8984],[-81.4703,34.9151],[-81.4773,34.9245],[-81.4742,34.9365],[-81.4924,34.9468]]]},"properties":{"GEOID":"45091","state_fips":"45","state_abbr":"SC","county_name":"York County","category":"county_restriction","n_total":1,"n_live":1,"n_pending":0,"n_lapsed":0,"n_live_county_restriction":1,"n_live_town_restriction":0,"n_live_conditions":0,"action_ids":["sc-york-county-2026"]}},{"type":"Feature","geometry":{"type":"Polygon","coordinates":[[[-85.4749,34.987],[-85.4276,35.0069],[-85.4087,35.0412],[-85.3823,35.0447],[-85.362,35.0878],[-85.3833,35.1057],[-85.3958,35.1056],[-85.3884,35.1455],[-85.246,35.3191],[-85.1683,35.4556],[-85.1515,35.4452],[-85.138,35.4562],[-85.1318,35.451],[-85.1311,35.458],[-85.1114,35.4569],[-85.1033,35.4455],[-85.1107,35.4372],[-85.1022,35.4284],[-85.0873,35.4345],[-85.0734,35.4293],[-85.0669,35.4365],[-85.0167,35.4091],[-85.0254,35.4048],[-85.0304,35.3791],[-85.0152,35.3719],[-85.0084,35.3833],[-84.9777,35.3611],[-84.9641,35.3103],[-84.9423,35.2822],[-84.9655,35.2624],[-84.962,35.2529],[-85.0032,35.1961],[-85.0074,35.1634],[-85.0124,35.1523],[-85.024,35.1488],[-85.0266,35.1362],[-85.0099,35.0838],[-84.9951,35.0752],[-85.0015,35.0457],[-84.9614,35.0159],[-84.977,34.9877],[-85.4749,34.987]]]},"properties":{"GEOID":"47065","state_fips":"47","state_abbr":"TN","county_name":"Hamilton County","category":"county_restriction","n_total":1,"n_live":1,"n_pending":0,"n_lapsed":0,"n_live_county_restriction":1,"n_live_town_restriction":0,"n_live_conditions":0,"action_ids":["tn-unincorporated-hamilton-county-2026"]}},{"type":"Feature","geometry":{"type":"Polygon","coordinates":[[[-82.7007,36.4562],[-82.6268,36.4954],[-82.6286,36.5124],[-82.6102,36.5193],[-82.6168,36.5785],[-82.6088,36.5715],[-82.6,36.5766],[-82.6092,36.5941],[-81.9341,36.5942],[-81.9226,36.6162],[-81.8267,36.6142],[-81.8706,36.6024],[-81.8791,36.5843],[-81.9031,36.5816],[-81.928,36.5679],[-81.9294,36.5543],[-82.001,36.4994],[-81.9991,36.492],[-82.0399,36.4856],[-82.0781,36.4576],[-82.099,36.459],[-82.1881,36.4006],[-82.2325,36.4123],[-82.2423,36.4219],[-82.2886,36.3952],[-82.3694,36.4031],[-82.3862,36.3921],[-82.375,36.4208],[-82.3866,36.4204],[-82.3917,36.432],[-82.3977,36.4225],[-82.4079,36.4237],[-82.4035,36.4344],[-82.4219,36.4389],[-82.4216,36.4473],[-82.4358,36.4373],[-82.4384,36.4456],[-82.6018,36.4235],[-82.6629,36.4425],[-82.6837,36.4312],[-82.7007,36.4562]]]},"properties":{"GEOID":"47163","state_fips":"47","state_abbr":"TN","county_name":"Sullivan County","category":"town_restriction","n_total":2,"n_live":1,"n_pending":0,"n_lapsed":1,"n_live_county_restriction":0,"n_live_town_restriction":1,"n_live_conditions":0,"action_ids":["tn-bristol-2025","tn-sullivan-county-2025"]}},{"type":"Feature","geometry":{"type":"Polygon","coordinates":[[[-72.9801,43.8829],[-72.9532,43.8749],[-72.8766,43.9028],[-72.8753,43.8677],[-72.8653,43.8617],[-72.8163,43.9378],[-72.81,43.9361],[-72.791,43.9622],[-72.7852,43.9522],[-72.79,43.9453],[-72.7711,43.9391],[-72.7735,43.9245],[-72.2051,43.7713],[-72.2342,43.746],[-72.2718,43.7334],[-72.2996,43.7063],[-72.3141,43.6428],[-72.3291,43.6356],[-72.3344,43.6193],[-72.3285,43.6008],[-72.3801,43.5736],[-72.3804,43.5409],[-72.3986,43.5134],[-72.3809,43.4934],[-72.3817,43.4801],[-72.3925,43.4674],[-72.4038,43.3919],[-72.416,43.3765],[-72.4134,43.3627],[-72.3901,43.3569],[-72.4104,43.3317],[-72.3955,43.313],[-72.4155,43.2714],[-72.4387,43.2529],[-72.4338,43.233],[-72.5491,43.2359],[-72.6854,43.2226],[-72.8196,43.256],[-72.8199,43.2994],[-72.8686,43.3005],[-72.865,43.3487],[-72.8547,43.3493],[-72.8524,43.3763],[-72.8219,43.3806],[-72.7585,43.3533],[-72.7624,43.3714],[-72.7226,43.4601],[-72.7242,43.4682],[-72.7714,43.4788],[-72.7691,43.4915],[-72.7899,43.4945],[-72.7819,43.5439],[-72.7715,43.5911],[-72.7579,43.5874],[-72.6998,43.6846],[-72.82,43.7167],[-72.8039,43.741],[-72.8193,43.7463],[-72.7829,43.804],[-72.7969,43.8292],[-72.8307,43.8391],[-72.8383,43.8293],[-72.8739,43.8396],[-72.8745,43.8581],[-72.9597,43.8261],[-72.9729,43.8668],[-72.9802,43.864],[-72.9801,43.8829]]]},"properties":{"GEOID":"50027","state_fips":"50","state_abbr":"VT","county_name":"Windsor County","category":"town_restriction","n_total":1,"n_live":1,"n_pending":0,"n_lapsed":0,"n_live_county_restriction":0,"n_live_town_restriction":1,"n_live_conditions":0,"action_ids":["dct-royalton-vt-2026-03-03"]}},{"type":"Feature","geometry":{"type":"Polygon","coordinates":[[[-78.7403,36.5513],[-78.7329,36.5701],[-78.7158,36.5801],[-78.712,36.6426],[-78.6973,36.6689],[-78.7025,36.6764],[-78.6776,36.6883],[-78.6498,36.6903],[-78.6236,36.6666],[-78.5788,36.6385],[-78.5607,36.6394],[-78.5494,36.6262],[-78.5577,36.6404],[-78.6229,36.672],[-78.6485,36.6979],[-78.493,36.8912],[-78.4633,36.8719],[-78.4301,36.8711],[-78.4212,36.8517],[-78.3972,36.8638],[-78.3681,36.8614],[-78.3449,36.8423],[-78.3296,36.8545],[-78.2821,36.8223],[-78.2434,36.8145],[-78.2415,36.808],[-78.1746,36.803],[-78.1194,36.7871],[-78.109,36.7892],[-78.112,36.7998],[-78.1052,36.8007],[-78.0581,36.7768],[-78.0475,36.7843],[-78.0274,36.7779],[-78.0462,36.5442],[-78.7341,36.5419],[-78.7317,36.5475],[-78.7403,36.5513]]]},"properties":{"GEOID":"51117","state_fips":"51","state_abbr":"VA","county_name":"Mecklenburg County","category":"county_restriction","n_total":1,"n_live":1,"n_pending":0,"n_lapsed":0,"n_live_county_restriction":1,"n_live_town_restriction":0,"n_live_conditions":0,"action_ids":["dct-mecklenburg-county-va-2025-03-01"]}},{"type":"Feature","geometry":{"type":"Polygon","coordinates":[[[-77.9622,39.0137],[-77.9299,39.0302],[-77.8933,39.0554],[-77.8776,39.078],[-77.8628,39.081],[-77.8438,39.1197],[-77.8222,39.14],[-77.7936,39.2101],[-77.7714,39.2368],[-77.7707,39.2553],[-77.7349,39.3124],[-77.7195,39.3213],[-77.6758,39.3242],[-77.6159,39.3027],[-77.5666,39.3061],[-77.5609,39.2862],[-77.5406,39.2649],[-77.4868,39.2476],[-77.4581,39.2261],[-77.4736,39.2084],[-77.4774,39.1905],[-77.5106,39.1785],[-77.5273,39.1462],[-77.5199,39.1209],[-77.4858,39.1093],[-77.4614,39.0752],[-77.3283,39.0578],[-77.536,38.8474],[-77.5459,38.8466],[-77.5522,38.8866],[-77.5916,38.8967],[-77.6176,38.9306],[-77.6375,38.9417],[-77.9622,39.0137]]]},"properties":{"GEOID":"51107","state_fips":"51","state_abbr":"VA","county_name":"Loudoun County","category":"county_restriction","n_total":1,"n_live":1,"n_pending":0,"n_lapsed":0,"n_live_county_restriction":1,"n_live_town_restriction":0,"n_live_conditions":0,"action_ids":["dct-loudoun-county-va-2025-03-01"]}},{"type":"Feature","geometry":{"type":"Polygon","coordinates":[[[-119.0399,46.1963],[-119.0235,46.2166],[-118.9765,46.2376],[-118.8635,46.2514],[-118.8271,46.2834],[-118.7695,46.294],[-118.7737,46.318],[-118.7619,46.3255],[-118.7462,46.3595],[-118.7009,46.36],[-118.6912,46.3811],[-118.6344,46.4126],[-118.638,46.4334],[-118.619,46.4744],[-118.6156,46.5045],[-118.5882,46.5287],[-118.563,46.5367],[-118.548,46.5559],[-118.4965,46.5755],[-118.4759,46.5951],[-118.4624,46.5986],[-118.4232,46.5837],[-118.3897,46.5806],[-118.3617,46.598],[-118.3264,46.6063],[-118.2786,46.5932],[-118.2443,46.6007],[-118.2286,46.5934],[-118.228,46.5604],[-118.2425,46.5568],[-118.2419,46.2951],[-118.1161,46.2955],[-118.1166,46.2081],[-117.9915,46.2077],[-117.9931,46.0197],[-117.9969,46.0008],[-118.9872,45.9998],[-118.9417,46.027],[-118.9477,46.0475],[-118.9423,46.0744],[-118.9741,46.1388],[-119.0399,46.1963]]]},"properties":{"GEOID":"53071","state_fips":"53","state_abbr":"WA","county_name":"Walla Walla County","category":"county_restriction","n_total":1,"n_live":1,"n_pending":0,"n_lapsed":0,"n_live_county_restriction":1,"n_live_town_restriction":0,"n_live_conditions":0,"action_ids":["dct-walla-walla-county-wa-2026-02-12"]}},{"type":"Feature","geometry":{"type":"Polygon","coordinates":[[[-106.5989,39.0368],[-106.578,39.0579],[-106.191,39.0561],[-106.1825,39.0386],[-106.1926,39.0173],[-106.1795,39.0112],[-106.1691,38.9913],[-106.1454,38.9979],[-106.109,38.9874],[-106.1044,38.9741],[-106.1138,38.9553],[-106.111,38.9401],[-106.0659,38.9319],[-106.0583,38.9418],[-106.0281,38.9428],[-105.9982,38.9152],[-105.9861,38.9181],[-105.9658,38.9059],[-105.9794,38.8945],[-105.9771,38.8851],[-105.9412,38.8856],[-105.9268,38.8742],[-105.9428,38.8528],[-105.9418,38.8404],[-105.9066,38.807],[-105.9293,38.7745],[-105.9445,38.7681],[-105.9381,38.7552],[-105.9479,38.7438],[-105.9435,38.7231],[-105.9699,38.6944],[-105.9226,38.677],[-105.9255,38.6664],[-105.9077,38.6519],[-105.9177,38.6333],[-105.886,38.6206],[-105.8792,38.6073],[-105.8925,38.5733],[-105.8846,38.5623],[-105.9034,38.5486],[-105.9069,38.5063],[-105.938,38.5035],[-106.0108,38.4466],[-106.0194,38.4544],[-106.0586,38.4569],[-106.058,38.4447],[-106.0759,38.4238],[-106.2469,38.4228],[-106.2454,38.4392],[-106.2741,38.4469],[-106.2727,38.4552],[-106.2889,38.462],[-106.2905,38.4735],[-106.303,38.477],[-106.3115,38.4949],[-106.3304,38.4937],[-106.3442,38.5046],[-106.3426,38.5215],[-106.3554,38.5426],[-106.3446,38.5686],[-106.3638,38.6136],[-106.3854,38.625],[-106.3799,38.6385],[-106.4295,38.6512],[-106.4379,38.6825],[-106.4519,38.6983],[-106.4435,38.7092],[-106.4253,38.7103],[-106.4167,38.7278],[-106.4129,38.7909],[-106.4227,38.8084],[-106.4163,38.8239],[-106.407,38.8293],[-106.3836,38.8248],[-106.3648,38.8531],[-106.3493,38.8552],[-106.3489,38.8651],[-106.3213,38.8926],[-106.3261,38.911],[-106.3734,38.9066],[-106.3808,38.9257],[-106.4021,38.9106],[-106.4218,38.9281],[-106.4372,38.9149],[-106.465,38.9104],[-106.5267,38.9554],[-106.5219,38.9687],[-106.5284,38.9807],[-106.5545,38.9988],[-106.5955,38.9913],[-106.5917,39.0249],[-106.5989,39.0368]]]},"properties":{"GEOID":"08015","state_fips":"08","state_abbr":"CO","county_name":"Chaffee County","category":"town_restriction","n_total":1,"n_live":1,"n_pending":0,"n_lapsed":0,"n_live_county_restriction":0,"n_live_town_restriction":1,"n_live_conditions":0,"action_ids":["co-buena-vista-2026"]}},{"type":"Feature","geometry":{"type":"Polygon","coordinates":[[[-81.6573,28.3471],[-80.8629,28.3475],[-80.8689,27.8225],[-80.8816,27.8225],[-80.8731,27.6423],[-81.1422,27.6432],[-81.1325,27.6475],[-81.131,27.6593],[-81.1441,27.6693],[-81.1458,27.7102],[-81.1687,27.726],[-81.165,27.7422],[-81.1785,27.7519],[-81.1729,27.7605],[-81.1877,27.7755],[-81.2081,27.8211],[-81.2333,27.8437],[-81.3016,27.8619],[-81.3149,27.9012],[-81.3086,27.9216],[-81.3471,27.9373],[-81.3384,27.9392],[-81.3367,27.9496],[-81.3765,27.9783],[-81.387,28.0036],[-81.4156,27.9982],[-81.4403,28.0339],[-81.4588,28.0401],[-81.4574,28.0551],[-81.4407,28.0586],[-81.428,28.0393],[-81.394,28.028],[-81.3787,28.0117],[-81.3756,28.0297],[-81.3626,28.0405],[-81.365,28.0682],[-81.3463,28.0697],[-81.3464,28.0847],[-81.4558,28.0849],[-81.4562,28.1432],[-81.5242,28.1428],[-81.5241,28.201],[-81.5575,28.2594],[-81.6572,28.2592],[-81.6573,28.3471]]]},"properties":{"GEOID":"12097","state_fips":"12","state_abbr":"FL","county_name":"Osceola County","category":"county_restriction","n_total":1,"n_live":1,"n_pending":0,"n_lapsed":0,"n_live_county_restriction":1,"n_live_town_restriction":0,"n_live_conditions":0,"action_ids":["dct-osceola-county-fl-2024-10-01"]}},{"type":"Feature","geometry":{"type":"Polygon","coordinates":[[[-84.0551,33.5193],[-84.0107,33.5633],[-84.0107,33.5549],[-84.0033,33.5549],[-84.0034,33.5635],[-84.0105,33.5636],[-83.9313,33.6513],[-83.9181,33.6895],[-83.9252,33.7102],[-83.9132,33.7127],[-83.9148,33.7442],[-83.7583,33.6464],[-83.7344,33.6456],[-83.6916,33.617],[-83.6994,33.6094],[-83.6809,33.5969],[-83.6874,33.5886],[-83.6777,33.5712],[-83.6881,33.5106],[-83.6746,33.4872],[-83.6876,33.4831],[-83.7053,33.5009],[-83.7123,33.4951],[-83.7047,33.4885],[-83.7367,33.4809],[-83.7713,33.4525],[-83.8122,33.4347],[-83.8249,33.4373],[-83.8283,33.4151],[-83.8452,33.4147],[-83.831,33.3935],[-83.8569,33.3717],[-83.8539,33.3672],[-83.8631,33.3683],[-83.8643,33.3771],[-83.8939,33.3952],[-83.8952,33.4075],[-83.9125,33.4178],[-83.9229,33.451],[-83.9492,33.4857],[-83.9744,33.4836],[-84.0153,33.4977],[-84.0282,33.4916],[-84.0372,33.4958],[-84.0301,33.4998],[-84.0429,33.5096],[-84.0419,33.5186],[-84.0498,33.5109],[-84.0551,33.5193]]]},"properties":{"GEOID":"13217","state_fips":"13","state_abbr":"GA","county_name":"Newton County","category":"county_restriction","n_total":3,"n_live":3,"n_pending":0,"n_lapsed":0,"n_live_county_restriction":2,"n_live_town_restriction":1,"n_live_conditions":0,"action_ids":["ga-covington-2026","dct-newton-county-ga-2025","ga-newton-county-2026"]}},{"type":"Feature","geometry":{"type":"Polygon","coordinates":[[[-84.2026,32.69],[-84.1493,32.8012],[-84.1243,32.8009],[-84.1243,32.8496],[-83.9784,32.8489],[-83.9781,32.8571],[-83.9683,32.8571],[-83.9684,32.8489],[-83.8919,32.8484],[-83.892,32.8196],[-83.8788,32.8165],[-83.877,32.8073],[-83.8569,32.7937],[-83.8506,32.7701],[-83.8412,32.768],[-83.8101,32.7299],[-83.7606,32.7138],[-83.7394,32.6946],[-83.7011,32.6916],[-83.7666,32.6926],[-83.9201,32.587],[-83.9297,32.5873],[-83.9454,32.5696],[-83.9452,32.5527],[-83.955,32.5527],[-83.9547,32.563],[-84.0034,32.5299],[-84.0147,32.5492],[-84.0215,32.545],[-84.0354,32.5585],[-84.0454,32.5563],[-84.0463,32.5675],[-84.0527,32.5673],[-84.0486,32.5743],[-84.0652,32.5821],[-84.0739,32.6254],[-84.0628,32.6265],[-84.0568,32.6365],[-84.0745,32.6363],[-84.105,32.6734],[-84.1059,32.685],[-84.1282,32.6744],[-84.1404,32.6849],[-84.1742,32.6777],[-84.2026,32.69]]]},"properties":{"GEOID":"13079","state_fips":"13","state_abbr":"GA","county_name":"Crawford County","category":"county_restriction","n_total":1,"n_live":1,"n_pending":0,"n_lapsed":0,"n_live_county_restriction":1,"n_live_town_restriction":0,"n_live_conditions":0,"action_ids":["dct-crawford-county-ga-2026-01-06"]}},{"type":"Feature","geometry":{"type":"Polygon","coordinates":[[[-87.2792,38.6939],[-87.2569,38.7197],[-87.2609,38.7339],[-87.25,38.7256],[-87.2545,38.7357],[-87.2381,38.7423],[-87.253,38.7568],[-87.239,38.7499],[-87.2446,38.7582],[-87.2397,38.7673],[-87.2578,38.7686],[-87.2556,38.7787],[-87.2405,38.7812],[-87.2466,38.8077],[-87.2399,38.8193],[-87.2259,38.8042],[-87.2142,38.8235],[-87.2105,38.8073],[-87.2037,38.8256],[-87.1916,38.8154],[-87.1954,38.8313],[-87.1875,38.8255],[-87.186,38.8346],[-87.1715,38.8311],[-87.1836,38.8474],[-87.1447,38.8395],[-87.1395,38.8502],[-87.1472,38.8667],[-87.1272,38.8589],[-87.1358,38.872],[-87.12,38.8733],[-87.1306,38.8855],[-87.1139,38.8877],[-87.1208,38.8989],[-87.1102,38.8939],[-87.1037,38.9011],[-87.0916,38.8975],[-87.0988,38.904],[-86.9043,38.9042],[-86.9042,38.8175],[-86.9229,38.8172],[-86.9242,38.5054],[-86.9366,38.5043],[-86.9425,38.4926],[-86.9554,38.4917],[-86.9562,38.5034],[-86.978,38.5024],[-86.9955,38.5136],[-87.0451,38.5109],[-87.0612,38.5007],[-87.0724,38.5147],[-87.0854,38.5122],[-87.0818,38.5207],[-87.1077,38.5377],[-87.1183,38.5352],[-87.122,38.5254],[-87.1355,38.5319],[-87.1354,38.5192],[-87.1512,38.5158],[-87.1547,38.5274],[-87.1703,38.5318],[-87.1826,38.5476],[-87.2071,38.5517],[-87.2209,38.5388],[-87.2421,38.5449],[-87.2374,38.5524],[-87.2483,38.5595],[-87.2373,38.5631],[-87.2478,38.5709],[-87.2376,38.581],[-87.2494,38.5869],[-87.2486,38.5996],[-87.2393,38.6045],[-87.2553,38.6124],[-87.2388,38.6105],[-87.253,38.6315],[-87.2359,38.6357],[-87.2522,38.6477],[-87.2497,38.653],[-87.2387,38.6484],[-87.2389,38.6596],[-87.2557,38.6552],[-87.2588,38.6614],[-87.246,38.6779],[-87.2606,38.667],[-87.2734,38.6811],[-87.2618,38.6876],[-87.2792,38.6939]]]},"properties":{"GEOID":"18027","state_fips":"18","state_abbr":"IN","county_name":"Daviess County","category":"town_restriction","n_total":1,"n_live":1,"n_pending":0,"n_lapsed":0,"n_live_county_restriction":0,"n_live_town_restriction":1,"n_live_conditions":0,"action_ids":["dct-washington-in-outrigger-cancel-moratorium-2026-05-11"]}},{"type":"Feature","geometry":{"type":"Polygon","coordinates":[[[-94.0148,40.897],[-94.0142,41.1568],[-93.5576,41.1613],[-93.5565,40.8983],[-94.0148,40.897]]]},"properties":{"GEOID":"19039","state_fips":"19","state_abbr":"IA","county_name":"Clarke County","category":"county_restriction","n_total":1,"n_live":1,"n_pending":0,"n_lapsed":0,"n_live_county_restriction":1,"n_live_town_restriction":0,"n_live_conditions":0,"action_ids":["ia-clarke-county-2025"]}},{"type":"Feature","geometry":{"type":"Polygon","coordinates":[[[-94.7006,41.1581],[-94.7006,41.5041],[-94.2416,41.5037],[-94.2416,41.1571],[-94.7006,41.1581]]]},"properties":{"GEOID":"19001","state_fips":"19","state_abbr":"IA","county_name":"Adair County","category":"county_restriction","n_total":2,"n_live":2,"n_pending":0,"n_lapsed":0,"n_live_county_restriction":2,"n_live_town_restriction":0,"n_live_conditions":0,"action_ids":["dct-adair-county-ia-2024-04-24","ia-adair-county-2026"]}},{"type":"Feature","geometry":{"type":"Polygon","coordinates":[[[-93.9114,44.5456],[-93.9029,44.5523],[-93.8916,44.5462],[-93.9003,44.5554],[-93.8911,44.5666],[-93.9014,44.5709],[-93.8927,44.585],[-93.9028,44.5871],[-93.8779,44.6057],[-93.8613,44.6054],[-93.8584,44.6208],[-93.843,44.6176],[-93.8444,44.6257],[-93.8365,44.6185],[-93.8031,44.6346],[-93.7909,44.6286],[-93.7742,44.6378],[-93.7725,44.6303],[-93.7637,44.6341],[-93.768,44.6404],[-93.7555,44.6358],[-93.7598,44.6435],[-93.7184,44.6553],[-93.7214,44.6636],[-93.6977,44.6698],[-93.6752,44.6926],[-93.6299,44.6981],[-93.6179,44.7073],[-93.6256,44.7236],[-93.6327,44.7241],[-93.6315,44.7385],[-93.6209,44.7536],[-93.6085,44.7538],[-93.6219,44.7625],[-93.5952,44.7742],[-93.5992,44.7828],[-93.5821,44.7823],[-93.58,44.7936],[-93.5457,44.7962],[-93.5405,44.8048],[-93.5202,44.8022],[-93.4991,44.8103],[-93.4503,44.8035],[-93.4382,44.8131],[-93.3876,44.7986],[-93.3803,44.7853],[-93.3296,44.7911],[-93.3284,44.7176],[-93.3183,44.7175],[-93.3187,44.6306],[-93.2782,44.6308],[-93.2785,44.544],[-93.9114,44.5456]]]},"properties":{"GEOID":"27139","state_fips":"27","state_abbr":"MN","county_name":"Scott County","category":"town_restriction","n_total":1,"n_live":1,"n_pending":0,"n_lapsed":0,"n_live_county_restriction":0,"n_live_town_restriction":1,"n_live_conditions":0,"action_ids":["mn-city-of-elko-new-market-2026"]}},{"type":"Feature","geometry":{"type":"Polygon","coordinates":[[[-75.4169,42.3141],[-75.3983,42.3361],[-75.4025,42.3485],[-75.3928,42.3579],[-75.4067,42.3808],[-75.3944,42.3993],[-75.3749,42.4108],[-75.3999,42.4624],[-75.4045,42.4791],[-75.3951,42.487],[-75.3958,42.503],[-75.4035,42.5087],[-75.3892,42.5112],[-75.368,42.5521],[-75.3303,42.5674],[-75.3254,42.5888],[-75.3363,42.5943],[-75.3386,42.6058],[-75.3231,42.6229],[-75.3301,42.6315],[-75.323,42.6438],[-75.3304,42.6742],[-75.2965,42.7187],[-75.3003,42.7291],[-75.2909,42.7514],[-75.251,42.7851],[-75.2491,42.8117],[-75.2421,42.8174],[-75.2502,42.8238],[-75.2395,42.8342],[-75.2477,42.8465],[-75.2427,42.8779],[-75.2122,42.88],[-75.2096,42.8566],[-75.1399,42.8598],[-75.101,42.9084],[-74.9067,42.8249],[-74.8909,42.8414],[-74.8788,42.8983],[-74.6483,42.8296],[-74.6652,42.7922],[-74.6675,42.7507],[-74.6307,42.6268],[-74.7125,42.5166],[-74.7517,42.5145],[-74.7717,42.5044],[-74.8441,42.5126],[-74.9579,42.4628],[-74.9592,42.4704],[-74.9749,42.4675],[-74.984,42.4441],[-74.991,42.4465],[-74.9924,42.4404],[-75.018,42.4542],[-75.0198,42.4292],[-75.0591,42.4306],[-75.0934,42.4206],[-75.1431,42.3814],[-75.1471,42.3857],[-75.1972,42.3583],[-75.191,42.3799],[-75.2167,42.3676],[-75.2616,42.3667],[-75.2729,42.3567],[-75.2695,42.351],[-75.2927,42.3395],[-75.3084,42.3212],[-75.3414,42.3148],[-75.3719,42.316],[-75.3757,42.3224],[-75.3825,42.3154],[-75.4169,42.3141]]]},"properties":{"GEOID":"36077","state_fips":"36","state_abbr":"NY","county_name":"Otsego County","category":"town_restriction","n_total":2,"n_live":2,"n_pending":0,"n_lapsed":0,"n_live_county_restriction":0,"n_live_town_restriction":2,"n_live_conditions":0,"action_ids":["dct-oneonta-ny-moratorium-2026-02","ny-oneonta-2026"]}},{"type":"Feature","geometry":{"type":"Polygon","coordinates":[[[-79.2219,35.2694],[-78.9147,35.5837],[-78.6897,35.5159],[-78.6869,35.5019],[-78.6606,35.4962],[-78.6503,35.4724],[-78.6272,35.4583],[-78.6072,35.4321],[-78.5927,35.3986],[-78.5745,35.3885],[-78.5688,35.3693],[-78.5299,35.3349],[-78.5387,35.3158],[-78.5835,35.2968],[-78.5846,35.2733],[-78.6171,35.2457],[-78.7122,35.2576],[-78.7259,35.2669],[-78.7647,35.2584],[-78.7957,35.2657],[-78.8047,35.2572],[-78.8472,35.253],[-78.8599,35.2425],[-78.8761,35.2415],[-78.8804,35.2304],[-78.9207,35.2202],[-78.9977,35.2141],[-79.0958,35.1921],[-79.1506,35.2133],[-79.1651,35.2409],[-79.2219,35.2694]]]},"properties":{"GEOID":"37085","state_fips":"37","state_abbr":"NC","county_name":"Harnett County","category":"county_restriction","n_total":1,"n_live":1,"n_pending":0,"n_lapsed":0,"n_live_county_restriction":1,"n_live_town_restriction":0,"n_live_conditions":0,"action_ids":["nc-harnett-county-2026"]}},{"type":"Feature","geometry":{"type":"Polygon","coordinates":[[[-82.8881,35.673],[-82.8492,35.7015],[-82.8047,35.6862],[-82.7928,35.6967],[-82.754,35.7035],[-82.7492,35.7125],[-82.7334,35.7139],[-82.7311,35.7222],[-82.7138,35.7178],[-82.7119,35.733],[-82.6698,35.7258],[-82.677,35.7349],[-82.5147,35.8032],[-82.4758,35.7983],[-82.4641,35.8093],[-82.4358,35.8086],[-82.3816,35.8241],[-82.3621,35.8213],[-82.3383,35.8017],[-82.3463,35.7872],[-82.3347,35.7488],[-82.3131,35.7336],[-82.2913,35.7299],[-82.2759,35.7144],[-82.2754,35.7044],[-82.2949,35.6839],[-82.2811,35.6702],[-82.2854,35.6479],[-82.2645,35.6175],[-82.291,35.5913],[-82.2513,35.5599],[-82.22,35.5531],[-82.169,35.5278],[-82.2332,35.5194],[-82.2243,35.4983],[-82.2514,35.4607],[-82.3328,35.5002],[-82.341,35.4889],[-82.3693,35.4855],[-82.3631,35.461],[-82.4178,35.4744],[-82.4706,35.4452],[-82.5351,35.4445],[-82.537,35.4374],[-82.5291,35.4361],[-82.5332,35.4164],[-82.5469,35.4252],[-82.5425,35.4313],[-82.5488,35.4443],[-82.5612,35.4432],[-82.5708,35.4311],[-82.6087,35.4433],[-82.622,35.4357],[-82.6732,35.4595],[-82.7033,35.4536],[-82.7429,35.4241],[-82.7556,35.4251],[-82.7817,35.4395],[-82.7995,35.4712],[-82.7792,35.5277],[-82.7659,35.539],[-82.7775,35.5556],[-82.7659,35.5676],[-82.781,35.5888],[-82.7993,35.5981],[-82.8121,35.6275],[-82.8517,35.6173],[-82.8517,35.6353],[-82.8649,35.6347],[-82.8782,35.6678],[-82.8881,35.673]]]},"properties":{"GEOID":"37021","state_fips":"37","state_abbr":"NC","county_name":"Buncombe County","category":"town_restriction","n_total":3,"n_live":2,"n_pending":0,"n_lapsed":1,"n_live_county_restriction":0,"n_live_town_restriction":2,"n_live_conditions":0,"action_ids":["nc-city-of-asheville-2026","dct-buncombe-county-nc-2023-05-01","nc-town-of-woodfin-2026"]}},{"type":"Feature","geometry":{"type":"Polygon","coordinates":[[[-97.6714,35.3375],[-97.6714,35.3772],[-97.1421,35.3769],[-97.1423,34.9282],[-97.1962,34.9282],[-97.1984,34.9398],[-97.2179,34.9443],[-97.2304,34.9319],[-97.2399,34.9471],[-97.2616,34.9454],[-97.2739,34.963],[-97.2996,34.9646],[-97.3112,34.9533],[-97.3415,34.964],[-97.3484,34.9817],[-97.3415,34.9937],[-97.358,35.0337],[-97.3496,35.0555],[-97.3534,35.0753],[-97.3641,35.0846],[-97.4021,35.0864],[-97.4071,35.1381],[-97.4331,35.1438],[-97.4427,35.1604],[-97.5548,35.2243],[-97.5622,35.2346],[-97.5567,35.2402],[-97.5665,35.2474],[-97.5589,35.2481],[-97.5643,35.2518],[-97.5548,35.262],[-97.5607,35.2921],[-97.5814,35.3025],[-97.6178,35.3052],[-97.6525,35.3334],[-97.6714,35.3375]]]},"properties":{"GEOID":"40027","state_fips":"40","state_abbr":"OK","county_name":"Cleveland County","category":"town_restriction","n_total":1,"n_live":1,"n_pending":0,"n_lapsed":0,"n_live_county_restriction":0,"n_live_town_restriction":1,"n_live_conditions":0,"action_ids":["ok-norman-2026"]}},{"type":"Feature","geometry":{"type":"Polygon","coordinates":[[[-76.7216,40.1201],[-76.6977,40.1563],[-76.6908,40.1563],[-76.6905,40.1484],[-76.6772,40.1489],[-76.6664,40.163],[-76.6384,40.1667],[-76.6065,40.19],[-76.5864,40.1895],[-76.4354,40.2382],[-76.3077,40.255],[-76.1512,40.316],[-75.8734,40.1371],[-75.943,40.1093],[-75.9359,40.0375],[-75.9946,39.9522],[-75.981,39.9335],[-75.9973,39.927],[-75.9875,39.8725],[-76.0017,39.8747],[-76.0076,39.8523],[-76.0228,39.8498],[-76.0165,39.8315],[-76.0376,39.8269],[-76.0296,39.813],[-76.0392,39.8012],[-76.0497,39.8024],[-76.0413,39.7969],[-76.0646,39.7712],[-76.0637,39.7631],[-76.0819,39.7614],[-76.088,39.7449],[-76.1005,39.7455],[-76.0925,39.7338],[-76.0968,39.7291],[-76.1052,39.724],[-76.1086,39.7348],[-76.1189,39.7366],[-76.1193,39.7234],[-76.134,39.7272],[-76.1356,39.7216],[-76.2398,39.7213],[-76.2783,39.7785],[-76.3383,39.8221],[-76.3521,39.849],[-76.3779,39.8671],[-76.3905,39.9118],[-76.4777,39.9498],[-76.4954,39.9761],[-76.5006,40.0006],[-76.5297,40.0309],[-76.5339,40.0508],[-76.5712,40.0457],[-76.6638,40.0632],[-76.7216,40.1201]]]},"properties":{"GEOID":"42071","state_fips":"42","state_abbr":"PA","county_name":"Lancaster County","category":"town_restriction","n_total":1,"n_live":1,"n_pending":0,"n_lapsed":0,"n_live_county_restriction":0,"n_live_town_restriction":1,"n_live_conditions":0,"action_ids":["dct-lancaster-city-pa-2025-10-06"]}},{"type":"Feature","geometry":{"type":"Polygon","coordinates":[[[-77.0293,40.3887],[-77.0119,40.4054],[-77.0163,40.4252],[-77.0032,40.4268],[-76.9496,40.4686],[-76.953,40.4906],[-76.9844,40.5146],[-76.9805,40.5383],[-76.993,40.564],[-76.9574,40.5947],[-76.9491,40.6282],[-76.9187,40.6035],[-76.9199,40.6101],[-76.8727,40.6163],[-76.8643,40.6276],[-76.8111,40.6338],[-76.8034,40.6472],[-76.7904,40.6408],[-76.7016,40.6581],[-76.5354,40.5552],[-76.678,40.4747],[-76.5663,40.1966],[-76.6081,40.1894],[-76.6384,40.1667],[-76.6664,40.163],[-76.6772,40.1489],[-76.6905,40.1484],[-76.6908,40.1563],[-76.6977,40.1563],[-76.7216,40.1201],[-76.7435,40.1309],[-76.7527,40.1758],[-76.8006,40.2001],[-76.8247,40.2023],[-76.8395,40.2216],[-76.859,40.2263],[-76.9046,40.2606],[-76.9243,40.2896],[-76.9121,40.3255],[-76.9336,40.356],[-77.0082,40.3584],[-77.0208,40.3662],[-77.0293,40.3887]]]},"properties":{"GEOID":"42043","state_fips":"42","state_abbr":"PA","county_name":"Dauphin County","category":"town_restriction","n_total":1,"n_live":1,"n_pending":0,"n_lapsed":0,"n_live_county_restriction":0,"n_live_town_restriction":1,"n_live_conditions":0,"action_ids":["dct-londonderry-township-dauphin-county-pa-2026-02-11"]}},{"type":"Feature","geometry":{"type":"Polygon","coordinates":[[[-78.0934,41.2169],[-77.9888,41.3675],[-77.9892,41.4748],[-77.5981,41.4786],[-77.5973,41.4411],[-77.5847,41.4413],[-77.5504,41.3958],[-77.5377,41.365],[-77.477,41.339],[-77.4715,41.3135],[-77.3701,41.2327],[-77.3496,41.2289],[-77.3514,41.2202],[-77.3209,41.2189],[-77.2914,41.1963],[-77.2923,41.1853],[-77.2756,41.1791],[-77.1643,41.0687],[-77.1441,41.0688],[-77.1437,41.0451],[-77.3399,40.9872],[-77.5086,40.9629],[-77.5802,41.0473],[-77.5618,41.0578],[-77.5736,41.0687],[-77.6592,41.1011],[-77.6641,41.109],[-77.6919,41.1064],[-77.7066,41.1139],[-77.7178,41.105],[-77.7287,41.1115],[-77.7467,41.1063],[-77.778,41.1466],[-77.7896,41.1421],[-77.79,41.1771],[-77.8977,41.1769],[-77.8983,41.2527],[-77.9218,41.2275],[-77.9379,41.2248],[-77.9371,41.2103],[-77.9594,41.2175],[-77.9708,41.2067],[-77.9708,41.1747],[-78.0008,41.1617],[-78.0059,41.1436],[-78.0157,41.1529],[-78.0382,41.1536],[-78.0934,41.2169]]]},"properties":{"GEOID":"42035","state_fips":"42","state_abbr":"PA","county_name":"Clinton County","category":"pending_only","n_total":1,"n_live":0,"n_pending":1,"n_lapsed":0,"n_live_county_restriction":0,"n_live_town_restriction":0,"n_live_conditions":0,"action_ids":["dct-pine-creek-township-pa-data-center-zoning-amendment-2026-05-08"]}},{"type":"Feature","geometry":{"type":"Polygon","coordinates":[[[-85.2733,35.7879],[-85.2414,35.8095],[-85.2224,35.8771],[-85.2316,35.8932],[-85.2145,35.899],[-85.2131,35.9104],[-85.2427,35.913],[-85.2655,35.9658],[-85.2642,35.9792],[-85.257,35.9785],[-85.2549,35.9965],[-85.2604,35.9966],[-85.2433,36.0549],[-85.2464,36.1007],[-85.2358,36.1058],[-85.1527,36.0995],[-85.1316,36.1303],[-85.1002,36.1386],[-85.0817,36.1328],[-85.0634,36.1506],[-85.049,36.1494],[-85.0288,36.1706],[-85.0007,36.1509],[-84.9901,36.1614],[-84.968,36.1621],[-84.959,36.1478],[-84.9537,36.1555],[-84.9368,36.1546],[-84.9332,36.1463],[-84.9062,36.1558],[-84.8709,36.1369],[-84.8324,36.084],[-84.8243,36.0947],[-84.8055,36.0905],[-84.7919,36.0594],[-84.7207,35.9949],[-84.6806,35.9085],[-84.7062,35.8961],[-84.7288,35.8592],[-84.7637,35.8337],[-84.7979,35.825],[-84.8824,35.7788],[-84.9051,35.7737],[-84.9161,35.7619],[-84.9285,35.7685],[-85.0288,35.7463],[-85.0411,35.7718],[-85.0738,35.7605],[-85.1034,35.7699],[-85.2541,35.7656],[-85.2478,35.7867],[-85.2733,35.7879]]]},"properties":{"GEOID":"47035","state_fips":"47","state_abbr":"TN","county_name":"Cumberland County","category":"county_restriction","n_total":2,"n_live":1,"n_pending":1,"n_lapsed":0,"n_live_county_restriction":1,"n_live_town_restriction":0,"n_live_conditions":0,"action_ids":["tn-crossville-undated","tn-cumberland-county-2026"]}},{"type":"Feature","geometry":{"type":"Polygon","coordinates":[[[-86.0628,36.0712],[-86.0561,36.0904],[-86.028,36.0836],[-86.0058,36.0892],[-86.0049,36.082],[-85.9934,36.0939],[-85.9861,36.0871],[-85.9602,36.111],[-85.9484,36.102],[-85.9305,36.1095],[-85.9113,36.0975],[-85.9156,36.1096],[-85.9101,36.1167],[-85.8969,36.1163],[-85.8944,36.105],[-85.865,36.0938],[-85.8547,36.1193],[-85.8424,36.1195],[-85.8383,36.1289],[-85.8275,36.1223],[-85.8074,36.1316],[-85.7882,36.1032],[-85.7698,36.095],[-85.776,36.0783],[-85.7671,36.0701],[-85.7531,36.068],[-85.7471,36.0774],[-85.7226,36.082],[-85.6883,36.0695],[-85.6534,36.0129],[-85.6305,36.0065],[-85.6442,36.0022],[-85.6629,35.9715],[-85.6585,35.9162],[-85.6468,35.9014],[-85.6699,35.8849],[-85.6416,35.8899],[-85.6359,35.8845],[-85.6732,35.8546],[-85.6646,35.849],[-85.6348,35.8539],[-85.6324,35.8474],[-85.6626,35.8257],[-85.7518,35.85],[-85.7742,35.8425],[-85.7875,35.843],[-85.7919,35.8522],[-85.8421,35.8469],[-85.8429,35.8404],[-85.859,35.8467],[-85.879,35.8393],[-85.8943,35.8441],[-85.8892,35.8575],[-85.9921,35.9489],[-86.0148,35.9611],[-86.0249,35.9998],[-86.0411,36.0064],[-86.0345,36.0262],[-86.0534,36.0438],[-86.0474,36.0575],[-86.0565,36.0593],[-86.053,36.0714],[-86.0628,36.0712]]]},"properties":{"GEOID":"47041","state_fips":"47","state_abbr":"TN","county_name":"DeKalb County","category":"pending_only","n_total":3,"n_live":0,"n_pending":2,"n_lapsed":1,"n_live_county_restriction":0,"n_live_town_restriction":0,"n_live_conditions":0,"action_ids":["dct-dekalb-county-tn-2024-06-01","dct-dekalb-county-nuclear-tn-2026-03-01","tn-smithville-undated"]}},{"type":"Feature","geometry":{"type":"Polygon","coordinates":[[[-84.9142,36.2083],[-84.8924,36.238],[-84.8838,36.2395],[-84.8786,36.2802],[-84.871,36.2892],[-84.8562,36.2936],[-84.8426,36.2871],[-84.8219,36.2995],[-84.815,36.2934],[-84.7957,36.2977],[-84.7947,36.3095],[-84.7821,36.319],[-84.7866,36.3249],[-84.7737,36.3348],[-84.7607,36.3278],[-84.74,36.3366],[-84.7455,36.3511],[-84.7269,36.3528],[-84.7325,36.3663],[-84.7234,36.3698],[-84.7248,36.3762],[-84.7008,36.3708],[-84.611,36.2704],[-84.5939,36.2767],[-84.5873,36.2667],[-84.573,36.2666],[-84.5733,36.2298],[-84.5639,36.2262],[-84.5524,36.2338],[-84.471,36.2038],[-84.441,36.1635],[-84.449,36.1396],[-84.43,36.1319],[-84.4204,36.1084],[-84.379,36.0954],[-84.3418,36.049],[-84.3616,36.0434],[-84.4461,35.986],[-84.4941,35.9843],[-84.5417,35.9704],[-84.554,35.9645],[-84.555,35.9504],[-84.5965,35.9467],[-84.6035,35.9541],[-84.6209,35.9322],[-84.6516,35.9287],[-84.6806,35.9085],[-84.7207,35.9949],[-84.7919,36.0594],[-84.8055,36.0905],[-84.8243,36.0947],[-84.8324,36.084],[-84.8709,36.1369],[-84.9057,36.1535],[-84.9,36.1724],[-84.9142,36.2083]]]},"properties":{"GEOID":"47129","state_fips":"47","state_abbr":"TN","county_name":"Morgan County","category":"county_restriction","n_total":1,"n_live":1,"n_pending":0,"n_lapsed":0,"n_live_county_restriction":1,"n_live_town_restriction":0,"n_live_conditions":0,"action_ids":["tn-morgan-county-2026"]}},{"type":"Feature","geometry":{"type":"MultiPolygon","coordinates":[[[[-85.2743,35.7844],[-85.2478,35.7867],[-85.2535,35.7669],[-85.2568,35.7808],[-85.2743,35.7844]]],[[[-85.6829,35.8294],[-85.6589,35.8259],[-85.6324,35.8474],[-85.6348,35.8539],[-85.6646,35.849],[-85.6732,35.8546],[-85.6359,35.8845],[-85.6416,35.8899],[-85.6699,35.8849],[-85.6468,35.9014],[-85.6585,35.9162],[-85.6631,35.9678],[-85.6442,36.0022],[-85.6305,36.0065],[-85.641,36.0086],[-85.6433,36.0242],[-85.6105,36.0462],[-85.5841,36.037],[-85.5893,36.0434],[-85.5828,36.0604],[-85.575,36.0559],[-85.5605,36.0735],[-85.5454,36.0778],[-85.5063,36.0818],[-85.3722,36.0524],[-85.3263,36.0302],[-85.3094,36.0316],[-85.3113,35.993],[-85.2642,35.9792],[-85.2655,35.9658],[-85.2427,35.913],[-85.2131,35.9104],[-85.2145,35.899],[-85.2316,35.8932],[-85.2224,35.8771],[-85.2414,35.8095],[-85.2474,35.81],[-85.2484,35.7987],[-85.2604,35.8],[-85.263,35.7905],[-85.2775,35.8051],[-85.2651,35.822],[-85.3623,35.7968],[-85.4317,35.8188],[-85.4644,35.8218],[-85.4675,35.8147],[-85.4742,35.8227],[-85.498,35.8065],[-85.5188,35.8152],[-85.527,35.8059],[-85.519,35.7937],[-85.5241,35.7915],[-85.5716,35.8066],[-85.5909,35.8012],[-85.6011,35.8065],[-85.6002,35.7939],[-85.6085,35.8042],[-85.6222,35.8018],[-85.6417,35.8167],[-85.6829,35.8294]]]]},"properties":{"GEOID":"47185","state_fips":"47","state_abbr":"TN","county_name":"White County","category":"county_restriction","n_total":1,"n_live":1,"n_pending":0,"n_lapsed":0,"n_live_county_restriction":1,"n_live_town_restriction":0,"n_live_conditions":0,"action_ids":["tn-white-county-2026"]}},{"type":"Feature","geometry":{"type":"Polygon","coordinates":[[[-86.6633,35.4712],[-86.6532,35.5741],[-86.6352,35.5774],[-86.6637,35.5813],[-86.661,35.5884],[-86.6522,35.5872],[-86.6492,35.5994],[-86.6364,35.702],[-86.5431,35.6976],[-86.5155,35.6884],[-86.5194,35.6778],[-86.494,35.658],[-86.4721,35.6547],[-86.4732,35.6463],[-86.4614,35.6452],[-86.4622,35.6379],[-86.4241,35.653],[-86.4166,35.6496],[-86.4169,35.6256],[-86.4027,35.6186],[-86.3955,35.6278],[-86.3743,35.6301],[-86.3765,35.647],[-86.3522,35.6502],[-86.3548,35.6579],[-86.3419,35.6643],[-86.3341,35.6581],[-86.3041,35.6596],[-86.3052,35.6464],[-86.2809,35.6486],[-86.2417,35.627],[-86.2481,35.6206],[-86.2367,35.5058],[-86.2469,35.4654],[-86.2345,35.4533],[-86.2466,35.4492],[-86.2506,35.4132],[-86.288,35.4073],[-86.2943,35.392],[-86.3362,35.3704],[-86.3288,35.3637],[-86.3603,35.362],[-86.3657,35.351],[-86.3742,35.3566],[-86.3692,35.3468],[-86.4093,35.3466],[-86.4223,35.3188],[-86.4595,35.3277],[-86.4753,35.3381],[-86.4893,35.3617],[-86.5087,35.363],[-86.5326,35.3516],[-86.5434,35.3631],[-86.5827,35.3708],[-86.5979,35.3639],[-86.6182,35.3668],[-86.6582,35.4353],[-86.6633,35.4712]]]},"properties":{"GEOID":"47003","state_fips":"47","state_abbr":"TN","county_name":"Bedford County","category":"town_restriction","n_total":1,"n_live":1,"n_pending":0,"n_lapsed":0,"n_live_county_restriction":0,"n_live_town_restriction":1,"n_live_conditions":0,"action_ids":["tn-shelbyville-2026"]}},{"type":"Feature","geometry":{"type":"Polygon","coordinates":[[[-97.087,32.2668],[-97.0871,32.5493],[-96.5294,32.5453],[-96.5191,32.5315],[-96.5117,32.536],[-96.5033,32.5266],[-96.5076,32.5177],[-96.5015,32.5127],[-96.5133,32.5121],[-96.5005,32.4955],[-96.5067,32.4976],[-96.5019,32.4889],[-96.5104,32.4825],[-96.4935,32.467],[-96.4982,32.4537],[-96.4843,32.4515],[-96.4774,32.4344],[-96.4343,32.4109],[-96.4375,32.3784],[-96.4537,32.3682],[-96.452,32.3454],[-96.4363,32.3454],[-96.4302,32.3322],[-96.3829,32.3289],[-96.9407,32.0521],[-97.087,32.2668]]]},"properties":{"GEOID":"48139","state_fips":"48","state_abbr":"TX","county_name":"Ellis County","category":"town_restriction","n_total":1,"n_live":1,"n_pending":0,"n_lapsed":0,"n_live_county_restriction":0,"n_live_town_restriction":1,"n_live_conditions":0,"action_ids":["dct-red-oak-tx-2026-05-11"]}},{"type":"Feature","geometry":{"type":"Polygon","coordinates":[[[-95.0049,31.424],[-94.8659,31.5269],[-94.8612,31.5148],[-94.8511,31.5052],[-94.84,31.5077],[-94.8225,31.4839],[-94.8039,31.4905],[-94.7923,31.4792],[-94.7773,31.4805],[-94.7642,31.4691],[-94.7337,31.4652],[-94.7287,31.4572],[-94.6863,31.4508],[-94.6647,31.4595],[-94.6279,31.4389],[-94.6042,31.4405],[-94.5943,31.4494],[-94.5829,31.4437],[-94.5815,31.4332],[-94.5451,31.4319],[-94.5376,31.3986],[-94.5022,31.4105],[-94.4927,31.3951],[-94.4698,31.384],[-94.4477,31.3178],[-94.3952,31.3019],[-94.383,31.2741],[-94.3576,31.2596],[-94.3571,31.2469],[-94.3507,31.2475],[-94.335,31.2232],[-94.3126,31.2237],[-94.3061,31.2129],[-94.2699,31.1962],[-94.2622,31.1803],[-94.2506,31.1883],[-94.2492,31.1775],[-94.219,31.1733],[-94.2196,31.1644],[-94.2029,31.154],[-94.2075,31.1513],[-94.1898,31.1397],[-94.1927,31.1355],[-94.1576,31.1146],[-94.1439,31.1148],[-94.1296,31.0993],[-94.4732,31.0264],[-94.4923,31.045],[-94.5089,31.0433],[-94.5269,31.0559],[-94.5548,31.0549],[-94.5745,31.0686],[-94.5989,31.0686],[-94.6143,31.0848],[-94.6428,31.0878],[-94.649,31.099],[-94.6579,31.0849],[-94.6707,31.0884],[-94.6706,31.0954],[-94.6984,31.0962],[-94.7234,31.1083],[-94.7513,31.1055],[-94.7961,31.1308],[-94.8133,31.1305],[-94.8563,31.1501],[-94.85,31.1549],[-94.8551,31.1726],[-94.8501,31.1786],[-94.8664,31.2087],[-94.8584,31.2205],[-94.8646,31.2257],[-94.8604,31.2345],[-94.8757,31.2505],[-94.8976,31.2578],[-94.8767,31.2834],[-94.8861,31.2956],[-94.8965,31.2961],[-94.897,31.3234],[-94.9176,31.3395],[-94.9578,31.3428],[-94.9614,31.3525],[-94.9498,31.3598],[-94.959,31.365],[-94.9573,31.3791],[-94.9502,31.3822],[-94.9778,31.3994],[-94.9767,31.4091],[-95.0049,31.424]]]},"properties":{"GEOID":"48005","state_fips":"48","state_abbr":"TX","county_name":"Angelina County","category":"town_restriction","n_total":1,"n_live":1,"n_pending":0,"n_lapsed":0,"n_live_county_restriction":0,"n_live_town_restriction":1,"n_live_conditions":0,"action_ids":["dct-lufkin-tx-2025-11-01"]}},{"type":"Feature","geometry":{"type":"Polygon","coordinates":[[[-80.232,36.8751],[-80.1989,36.9015],[-80.1978,36.9207],[-80.1738,36.9524],[-80.1451,36.9494],[-80.1345,36.9651],[-80.1439,36.9802],[-80.1213,36.9913],[-80.1354,36.9962],[-80.1359,37.0041],[-80.1135,37.0092],[-80.1171,37.0251],[-80.1044,37.0264],[-80.1228,37.0556],[-80.1077,37.0733],[-80.1287,37.1229],[-80.086,37.162],[-80.0747,37.1572],[-80.0317,37.1746],[-80.0092,37.1727],[-80.0012,37.1672],[-80.0012,37.1517],[-79.9628,37.1373],[-79.9139,37.1652],[-79.9118,37.177],[-79.8951,37.1818],[-79.8939,37.1993],[-79.8721,37.2155],[-79.852,37.2151],[-79.8472,37.2254],[-79.833,37.216],[-79.8196,37.2264],[-79.8036,37.2155],[-79.7948,37.2195],[-79.7945,37.2311],[-79.7821,37.2327],[-79.7766,37.2026],[-79.7621,37.2014],[-79.7577,37.19],[-79.7183,37.1897],[-79.7029,37.1494],[-79.6963,37.1528],[-79.7024,37.1643],[-79.6882,37.1497],[-79.6799,37.1559],[-79.6705,37.1496],[-79.6411,37.1031],[-79.6155,37.0916],[-79.6113,37.0831],[-79.6224,37.0786],[-79.5923,37.0507],[-79.6026,37.0487],[-79.5941,37.0422],[-79.6407,36.8561],[-79.6692,36.8278],[-79.691,36.8288],[-79.7363,36.8129],[-79.7611,36.7883],[-79.7642,36.7985],[-79.7868,36.8007],[-79.8021,36.7921],[-79.9998,36.8307],[-80.012,36.7896],[-80.0272,36.7913],[-80.0132,36.7837],[-80.0252,36.7808],[-80.0727,36.8233],[-80.0703,36.8301],[-80.0788,36.8358],[-80.0691,36.8346],[-80.0667,36.8416],[-80.0744,36.8466],[-80.0992,36.8458],[-80.232,36.8751]]]},"properties":{"GEOID":"51067","state_fips":"51","state_abbr":"VA","county_name":"Franklin County","category":"pending_only","n_total":1,"n_live":0,"n_pending":1,"n_lapsed":0,"n_live_county_restriction":0,"n_live_town_restriction":0,"n_live_conditions":0,"action_ids":["dct-franklin-county-va-zoning-rewrite-draft-2026-05-06"]}},{"type":"Feature","geometry":{"type":"MultiPolygon","coordinates":[[[[-75.5655,39.5094],[-75.5648,39.5159],[-75.5613,39.5195],[-75.5655,39.5094]]],[[[-75.5708,39.6268],[-75.5594,39.6298],[-75.5562,39.6064],[-75.562,39.6057],[-75.5708,39.6268]]],[[[-75.5797,39.5979],[-75.5708,39.5941],[-75.5649,39.589],[-75.5721,39.5859],[-75.5797,39.5979]]],[[[-75.7601,39.2968],[-75.7886,39.7222],[-75.7738,39.7222],[-75.727,39.7841],[-75.6628,39.8212],[-75.5937,39.8375],[-75.5393,39.8382],[-75.4812,39.8291],[-75.4234,39.8066],[-75.4685,39.7865],[-75.5091,39.7201],[-75.5622,39.6567],[-75.5871,39.651],[-75.6149,39.616],[-75.6046,39.5899],[-75.563,39.5622],[-75.5923,39.4676],[-75.5718,39.4389],[-75.5385,39.4165],[-75.5124,39.3657],[-75.5358,39.3506],[-75.5534,39.353],[-75.551,39.3456],[-75.5605,39.3451],[-75.5562,39.3353],[-75.569,39.3287],[-75.5746,39.3134],[-75.6196,39.3101],[-75.6545,39.2912],[-75.7601,39.2968]]]]},"properties":{"GEOID":"10003","state_fips":"10","state_abbr":"DE","county_name":"New Castle County","category":"county_restriction","n_total":3,"n_live":3,"n_pending":0,"n_lapsed":0,"n_live_county_restriction":3,"n_live_town_restriction":0,"n_live_conditions":0,"action_ids":["dct-new-castle-county-de-2026-02-04","dct-new-castle-county-zoning-de-2026","dct-newark-de-white-clay-2026-01"]}},{"type":"Feature","geometry":{"type":"Polygon","coordinates":[[[-113.3339,32.5052],[-113.3333,34.0],[-112.7438,33.9999],[-112.2762,33.8825],[-112.2752,33.8934],[-112.2589,33.905],[-112.243,33.9054],[-112.2429,33.9155],[-112.2351,33.9164],[-112.2316,33.936],[-112.2414,33.9405],[-112.2358,33.9473],[-112.2403,33.9566],[-112.2292,33.9542],[-112.1965,33.9742],[-112.1804,34.004],[-112.1832,34.0119],[-112.1611,34.0177],[-112.1644,34.0368],[-112.1536,34.0409],[-112.1648,34.0482],[-111.7263,34.0],[-111.4451,34.0012],[-111.4331,33.984],[-111.4526,33.9659],[-111.4517,33.921],[-111.4378,33.9163],[-111.4257,33.9261],[-111.4052,33.9194],[-111.4123,33.8847],[-111.3962,33.877],[-111.387,33.8616],[-111.3959,33.8446],[-111.3925,33.8359],[-111.3723,33.8239],[-111.3883,33.8054],[-111.3785,33.7932],[-111.3894,33.7767],[-111.3822,33.761],[-111.3868,33.75],[-111.3558,33.7381],[-111.3375,33.7212],[-111.3314,33.6884],[-111.2876,33.659],[-111.2628,33.6232],[-111.2495,33.6243],[-111.2242,33.6031],[-111.2075,33.6206],[-111.207,33.6369],[-111.1534,33.6776],[-111.04,33.466],[-111.5806,33.4658],[-111.5826,33.2054],[-112.0835,33.2046],[-112.0921,33.2092],[-112.0882,33.2198],[-112.0958,33.2304],[-112.1325,33.2335],[-112.1491,33.2538],[-112.1918,33.265],[-112.1937,33.2989],[-112.2032,33.3105],[-112.2036,32.5067],[-113.3339,32.5052]]]},"properties":{"GEOID":"04013","state_fips":"04","state_abbr":"AZ","county_name":"Maricopa County","category":"county_restriction","n_total":7,"n_live":6,"n_pending":1,"n_lapsed":0,"n_live_county_restriction":3,"n_live_town_restriction":3,"n_live_conditions":0,"action_ids":["dct-goodyear-az-zoning-ordinance-2026-07-06","dct-maricopa-county-zoning-ordinance-az-2025","dct-maricopa-county-az-project-baccara-2026-05-06","dct-mesa-az-2025-07-08","dct-mesa-az-2026-05-18","dct-surprise-maricopa-county-az-2025-11-01","dct-tonopah-maricopa-638-acre-rezoning-az-2026-04-15"]}},{"type":"Feature","geometry":{"type":"MultiPolygon","coordinates":[[[[-82.7991,28.1853],[-82.756,28.2281],[-82.7645,28.2321],[-82.7622,28.2421],[-82.7484,28.2468],[-82.7582,28.2549],[-82.7493,28.2559],[-82.737,28.2745],[-82.7435,28.2787],[-82.7254,28.2901],[-82.7353,28.2994],[-82.7315,28.325],[-82.7104,28.352],[-82.7181,28.3573],[-82.7013,28.3748],[-82.7064,28.4031],[-82.6878,28.4087],[-82.6999,28.4125],[-82.6973,28.4202],[-82.6699,28.4336],[-82.2534,28.4348],[-82.2533,28.4785],[-82.0547,28.4784],[-82.0555,28.2589],[-82.1062,28.2592],[-82.1059,28.1716],[-82.7855,28.1726],[-82.7991,28.1853]]],[[[-82.8001,28.1732],[-82.7983,28.1749],[-82.7984,28.1739],[-82.8001,28.1732]]],[[[-82.8043,28.1764],[-82.8035,28.1779],[-82.8016,28.1765],[-82.8043,28.1764]]],[[[-82.8061,28.173],[-82.8042,28.1741],[-82.8041,28.1731],[-82.8061,28.173]]],[[[-82.8524,28.2102],[-82.8404,28.212],[-82.8484,28.2045],[-82.843,28.1717],[-82.8524,28.2102]]]]},"properties":{"GEOID":"12101","state_fips":"12","state_abbr":"FL","county_name":"Pasco County","category":"county_restriction","n_total":2,"n_live":2,"n_pending":0,"n_lapsed":0,"n_live_county_restriction":1,"n_live_town_restriction":1,"n_live_conditions":0,"action_ids":["fl-pasco-county-2026","fl-zephyrhills-2026"]}},{"type":"Feature","geometry":{"type":"MultiPolygon","coordinates":[[[[-82.7573,28.8007],[-82.7421,28.8032],[-82.7238,28.7905],[-82.7367,28.7737],[-82.7573,28.8007]]],[[[-82.7563,28.9963],[-82.7028,29.0328],[-82.6127,29.0093],[-82.6021,29.0135],[-82.5966,29.0292],[-82.577,29.0281],[-82.5356,29.0449],[-82.5081,29.0375],[-82.4881,29.0514],[-82.4589,29.0477],[-82.4182,29.013],[-82.4016,29.019],[-82.3935,29.008],[-82.3639,29.0018],[-82.3616,28.9936],[-82.3158,28.9733],[-82.2736,28.8972],[-82.2425,28.8768],[-82.232,28.8566],[-82.1836,28.8236],[-82.1695,28.7916],[-82.1869,28.7795],[-82.1863,28.7605],[-82.2073,28.7569],[-82.2492,28.7174],[-82.2631,28.6676],[-82.4178,28.6659],[-82.4184,28.6949],[-82.6746,28.6941],[-82.7048,28.7145],[-82.7208,28.7137],[-82.7048,28.7359],[-82.6901,28.7366],[-82.7025,28.7774],[-82.6915,28.7922],[-82.7131,28.7997],[-82.7387,28.8248],[-82.7366,28.8359],[-82.7276,28.8393],[-82.7338,28.8522],[-82.7279,28.8713],[-82.6898,28.8855],[-82.6889,28.9056],[-82.7015,28.9194],[-82.696,28.9308],[-82.7088,28.936],[-82.7257,28.9622],[-82.7437,28.9702],[-82.7436,28.9782],[-82.7572,28.986],[-82.7563,28.9963]]]]},"properties":{"GEOID":"12017","state_fips":"12","state_abbr":"FL","county_name":"Citrus County","category":"county_restriction","n_total":2,"n_live":2,"n_pending":0,"n_lapsed":0,"n_live_county_restriction":2,"n_live_town_restriction":0,"n_live_conditions":0,"action_ids":["fl-citrus-county-2026","dct-citrus-county-lecanto-fl-2026-02-01"]}},{"type":"Feature","geometry":{"type":"Polygon","coordinates":[[[-82.6812,28.4642],[-82.6667,28.4756],[-82.6664,28.4973],[-82.6782,28.4993],[-82.6689,28.5077],[-82.668,28.5282],[-82.6528,28.5378],[-82.6631,28.5508],[-82.6523,28.5522],[-82.6562,28.5754],[-82.6443,28.5842],[-82.6554,28.5923],[-82.6554,28.6044],[-82.6637,28.6054],[-82.6533,28.6163],[-82.671,28.6287],[-82.668,28.6475],[-82.6777,28.6548],[-82.6551,28.6805],[-82.668,28.6833],[-82.6673,28.6917],[-82.6746,28.6941],[-82.4184,28.6949],[-82.4178,28.6659],[-82.2631,28.6676],[-82.2736,28.6538],[-82.2568,28.6488],[-82.2602,28.635],[-82.2461,28.6269],[-82.212,28.5741],[-82.192,28.5748],[-82.1668,28.564],[-82.1562,28.5734],[-82.138,28.5655],[-82.1286,28.5449],[-82.1094,28.5438],[-82.095,28.5236],[-82.0703,28.5319],[-82.0545,28.5214],[-82.0547,28.4784],[-82.2533,28.4785],[-82.2534,28.4348],[-82.6699,28.4336],[-82.6646,28.452],[-82.6812,28.4642]]]},"properties":{"GEOID":"12053","state_fips":"12","state_abbr":"FL","county_name":"Hernando County","category":"county_restriction","n_total":2,"n_live":1,"n_pending":1,"n_lapsed":0,"n_live_county_restriction":1,"n_live_town_restriction":0,"n_live_conditions":0,"action_ids":["fl-hernando-county-2026","dct-hernando-county-fl-moratorium-2026-06-04"]}},{"type":"Feature","geometry":{"type":"Polygon","coordinates":[[[-81.9367,31.0608],[-81.9263,31.0609],[-81.9274,31.0789],[-81.9159,31.0953],[-81.8407,31.0977],[-81.8191,31.1365],[-81.8016,31.1513],[-81.7907,31.146],[-81.7662,31.1697],[-81.7624,31.1533],[-81.7242,31.1496],[-81.6862,31.1224],[-81.6621,31.1256],[-81.6328,31.1078],[-81.623,31.1166],[-81.5821,31.115],[-81.5704,31.1292],[-81.5603,31.1288],[-81.5616,31.1107],[-81.5727,31.0956],[-81.5567,31.0808],[-81.5398,31.0838],[-81.5266,31.0632],[-81.4929,31.0548],[-81.4827,31.0326],[-81.4547,31.0371],[-81.4449,31.029],[-81.4431,31.0167],[-81.4578,31.0103],[-81.461,30.9991],[-81.4906,30.985],[-81.487,30.9696],[-81.4668,30.9709],[-81.448,30.9655],[-81.4474,30.9567],[-81.4269,30.9566],[-81.4201,30.9741],[-81.4085,30.9777],[-81.4041,30.9037],[-81.4601,30.7699],[-81.4595,30.742],[-81.4441,30.7097],[-81.4726,30.7133],[-81.4873,30.7261],[-81.5312,30.7242],[-81.5384,30.7087],[-81.5493,30.7183],[-81.5607,30.7117],[-81.5737,30.7223],[-81.5971,30.7193],[-81.6009,30.7294],[-81.6107,30.7162],[-81.6235,30.7247],[-81.6244,30.7363],[-81.6307,30.7281],[-81.6531,30.7298],[-81.6523,30.7431],[-81.6627,30.743],[-81.6633,30.7544],[-81.6831,30.7485],[-81.6725,30.7484],[-81.6728,30.7389],[-81.6948,30.7484],[-81.7199,30.7446],[-81.7617,30.7757],[-81.7713,30.7763],[-81.7719,30.7638],[-81.7822,30.7613],[-81.7944,30.787],[-81.8392,30.7866],[-81.8815,30.7999],[-81.8929,30.8255],[-81.9049,30.8283],[-81.8921,30.9099],[-81.8952,30.9048],[-81.9062,30.9092],[-81.9026,30.9152],[-81.9155,30.9131],[-81.8925,30.9512],[-81.8919,30.9602],[-81.9174,30.9849],[-81.9146,30.9957],[-81.9079,30.9948],[-81.9114,31.0107],[-81.9028,31.0294],[-81.9115,31.0432],[-81.936,31.048],[-81.9367,31.0608]]]},"properties":{"GEOID":"13039","state_fips":"13","state_abbr":"GA","county_name":"Camden County","category":"county_restriction","n_total":2,"n_live":2,"n_pending":0,"n_lapsed":0,"n_live_county_restriction":1,"n_live_town_restriction":1,"n_live_conditions":0,"action_ids":["ga-camden-county-2026","ga-kingsland-camden-county-2026"]}},{"type":"Feature","geometry":{"type":"Polygon","coordinates":[[[-81.7826,31.1725],[-81.7668,31.2018],[-81.7472,31.2815],[-81.7343,31.2958],[-81.7317,31.33],[-81.7252,31.3272],[-81.699,31.363],[-81.7048,31.3749],[-81.6972,31.3924],[-81.692,31.4005],[-81.665,31.3999],[-81.626,31.453],[-81.6113,31.4459],[-81.6046,31.4255],[-81.5874,31.4163],[-81.5776,31.3994],[-81.5457,31.3848],[-81.5515,31.3761],[-81.5381,31.3778],[-81.5343,31.3678],[-81.4735,31.3328],[-81.4702,31.3397],[-81.4537,31.3263],[-81.4376,31.3318],[-81.4359,31.3133],[-81.4044,31.3092],[-81.4086,31.2912],[-81.383,31.3171],[-81.316,31.3089],[-81.2982,31.2925],[-81.2835,31.2934],[-81.2696,31.2587],[-81.2828,31.2443],[-81.2905,31.2177],[-81.3031,31.2169],[-81.3311,31.197],[-81.3658,31.1479],[-81.3997,31.1341],[-81.4095,31.1206],[-81.4013,31.0728],[-81.4247,31.0137],[-81.4431,31.0167],[-81.4525,31.0364],[-81.4863,31.0346],[-81.4919,31.0539],[-81.5266,31.0632],[-81.5346,31.0815],[-81.5567,31.0808],[-81.5727,31.0956],[-81.5578,31.1219],[-81.5636,31.1306],[-81.5788,31.116],[-81.623,31.1166],[-81.6328,31.1078],[-81.6621,31.1256],[-81.6862,31.1224],[-81.7242,31.1496],[-81.7624,31.1533],[-81.7636,31.1681],[-81.7763,31.1645],[-81.7826,31.1725]]]},"properties":{"GEOID":"13127","state_fips":"13","state_abbr":"GA","county_name":"Glynn County","category":"county_restriction","n_total":1,"n_live":1,"n_pending":0,"n_lapsed":0,"n_live_county_restriction":1,"n_live_town_restriction":0,"n_live_conditions":0,"action_ids":["dct-glynn-county-ga-2026-04-17"]}},{"type":"Feature","geometry":{"type":"Polygon","coordinates":[[[-93.8904,36.3784],[-93.8788,36.3882],[-93.8819,36.3942],[-93.8668,36.3861],[-93.8667,36.4988],[-93.2931,36.4983],[-93.3023,36.4826],[-93.296,36.4816],[-93.2957,36.4279],[-93.3008,36.1215],[-93.5511,36.1263],[-93.5508,36.155],[-93.5855,36.1557],[-93.5849,36.1857],[-93.6117,36.1866],[-93.6112,36.2011],[-93.6201,36.2012],[-93.6183,36.2589],[-93.6418,36.2677],[-93.631,36.2779],[-93.6391,36.2827],[-93.6626,36.2749],[-93.6576,36.303],[-93.8151,36.3065],[-93.8149,36.3129],[-93.832,36.3134],[-93.8329,36.3229],[-93.8493,36.3306],[-93.8558,36.3177],[-93.8525,36.3335],[-93.8681,36.336],[-93.867,36.3766],[-93.8783,36.3686],[-93.8757,36.3794],[-93.8845,36.3724],[-93.8904,36.3784]]]},"properties":{"GEOID":"05015","state_fips":"05","state_abbr":"AR","county_name":"Carroll County","category":"county_restriction","n_total":1,"n_live":1,"n_pending":0,"n_lapsed":0,"n_live_county_restriction":1,"n_live_town_restriction":0,"n_live_conditions":0,"action_ids":["ar-carroll-county-2026"]}},{"type":"Feature","geometry":{"type":"Polygon","coordinates":[[[-116.1062,32.6186],[-116.1033,33.0747],[-116.0811,33.0748],[-116.0852,33.4259],[-114.6271,33.4336],[-114.6495,33.4136],[-114.688,33.4179],[-114.7255,33.4041],[-114.7073,33.3825],[-114.698,33.3524],[-114.708,33.3234],[-114.7312,33.3024],[-114.7217,33.287],[-114.6805,33.2736],[-114.6721,33.2585],[-114.6895,33.2464],[-114.6736,33.2231],[-114.6754,33.1855],[-114.7078,33.0911],[-114.689,33.084],[-114.6651,33.0339],[-114.646,33.0489],[-114.6188,33.0272],[-114.5898,33.0262],[-114.5752,33.0365],[-114.5201,33.03],[-114.5029,33.0112],[-114.4929,32.9718],[-114.469,32.9723],[-114.4677,32.9563],[-114.4809,32.9353],[-114.4629,32.9079],[-114.469,32.8452],[-114.5288,32.7963],[-114.5269,32.7571],[-114.5391,32.7569],[-114.5392,32.7498],[-114.5644,32.7496],[-114.5645,32.7423],[-114.5817,32.7423],[-114.5818,32.7349],[-114.6127,32.7345],[-114.6184,32.7282],[-114.6888,32.7377],[-114.7019,32.7455],[-114.7196,32.7188],[-116.1062,32.6186]]]},"properties":{"GEOID":"06025","state_fips":"06","state_abbr":"CA","county_name":"Imperial County","category":"county_restriction","n_total":7,"n_live":3,"n_pending":3,"n_lapsed":1,"n_live_county_restriction":2,"n_live_town_restriction":1,"n_live_conditions":0,"action_ids":["ca-calipatria-undated","dct-calipatria-ca-moratorium-introduced-2026-05-12","dct-brawley-ca-moratorium-2026-05-19","dct-imperial-city-ca-moratorium-2026-05-20","ca-imperial-2026","ca-imperial-county-2026","dct-imperial-county-ca-moratorium-by-right-2026-06-02"]}},{"type":"Feature","geometry":{"type":"Polygon","coordinates":[[[-117.6767,33.8887],[-117.6549,33.8888],[-117.6554,33.9251],[-117.6109,33.9251],[-117.6109,33.9718],[-117.5584,33.9884],[-117.5583,34.0335],[-117.3753,34.0339],[-117.3754,34.0194],[-117.2255,34.018],[-117.2254,34.0042],[-116.9295,34.0049],[-116.9296,34.0341],[-115.3162,34.0341],[-115.3161,34.0778],[-114.4354,34.0797],[-114.4383,34.0226],[-114.4659,34.011],[-114.4601,33.9939],[-114.4999,33.9618],[-114.522,33.9556],[-114.5355,33.9347],[-114.5346,33.9254],[-114.5079,33.9038],[-114.5259,33.901],[-114.503,33.868],[-114.5306,33.8554],[-114.52,33.8254],[-114.528,33.815],[-114.5049,33.7605],[-114.5123,33.7342],[-114.4942,33.7079],[-114.4965,33.6969],[-114.524,33.6859],[-114.5315,33.6751],[-114.5303,33.6668],[-114.5141,33.6602],[-114.5332,33.6517],[-114.5238,33.6347],[-114.5312,33.6239],[-114.5221,33.6113],[-114.5406,33.5914],[-114.5246,33.5522],[-114.5589,33.5318],[-114.5695,33.5092],[-114.5916,33.4994],[-114.6229,33.4566],[-114.6271,33.4336],[-116.0852,33.4259],[-117.2413,33.432],[-117.2417,33.4489],[-117.3709,33.4905],[-117.3643,33.505],[-117.5097,33.505],[-117.5032,33.5204],[-117.5099,33.5205],[-117.5102,33.534],[-117.4133,33.6593],[-117.4746,33.7038],[-117.534,33.7104],[-117.5364,33.7577],[-117.5801,33.768],[-117.6621,33.8575],[-117.6743,33.858],[-117.6688,33.8805],[-117.6767,33.8887]]]},"properties":{"GEOID":"06065","state_fips":"06","state_abbr":"CA","county_name":"Riverside County","category":"town_restriction","n_total":3,"n_live":3,"n_pending":0,"n_lapsed":0,"n_live_county_restriction":0,"n_live_town_restriction":3,"n_live_conditions":0,"action_ids":["ca-coachella-2026","ca-desert-hot-springs-2026","ca-indio-2026"]}},{"type":"Feature","geometry":{"type":"MultiPolygon","coordinates":[[[[-104.9799,40.0295],[-104.9731,40.033],[-104.9731,40.0295],[-104.9799,40.0295]]],[[[-105.0567,40.3493],[-104.9456,40.3491],[-104.9434,40.9981],[-103.5738,41.0017],[-103.5818,40.5232],[-104.1477,40.5244],[-104.1503,40.0009],[-104.9614,40.0003],[-104.9612,40.0441],[-104.9792,40.0438],[-104.98,40.0403],[-104.98,40.0294],[-104.999,40.0258],[-104.9991,40.0149],[-104.9896,40.0149],[-104.9896,40.0077],[-105.008,40.0076],[-105.0079,40.0005],[-105.0555,40.0003],[-105.0567,40.3493]]]]},"properties":{"GEOID":"08123","state_fips":"08","state_abbr":"CO","county_name":"Weld County","category":"county_restriction","n_total":2,"n_live":2,"n_pending":0,"n_lapsed":0,"n_live_county_restriction":1,"n_live_town_restriction":1,"n_live_conditions":0,"action_ids":["co-hudson-2026","dct-weld-county-co-2026-02-27"]}},{"type":"Feature","geometry":{"type":"Polygon","coordinates":[[[-106.1954,40.9899],[-106.1906,40.9976],[-104.9434,40.9981],[-104.9456,40.3491],[-105.0567,40.3493],[-105.0551,40.2618],[-105.6533,40.2605],[-105.6782,40.2681],[-105.6863,40.2875],[-105.6812,40.2919],[-105.6901,40.3086],[-105.7021,40.3121],[-105.7017,40.3243],[-105.7741,40.3652],[-105.7907,40.3863],[-105.791,40.3986],[-105.8173,40.4243],[-105.8057,40.4479],[-105.8068,40.4739],[-105.8549,40.4863],[-105.8523,40.5066],[-105.8691,40.5207],[-105.9079,40.5155],[-105.9109,40.5664],[-105.9212,40.5726],[-105.9302,40.6062],[-105.947,40.6167],[-105.9485,40.6423],[-105.9719,40.6819],[-105.9722,40.6948],[-105.9887,40.7096],[-105.9906,40.7272],[-106.0223,40.7547],[-106.0297,40.7816],[-106.0454,40.7919],[-106.0577,40.8171],[-106.1013,40.8436],[-106.1051,40.8605],[-106.1307,40.8739],[-106.1313,40.8966],[-106.1853,40.934],[-106.1848,40.9638],[-106.1954,40.9899]]]},"properties":{"GEOID":"08069","state_fips":"08","state_abbr":"CO","county_name":"Larimer County","category":"county_restriction","n_total":1,"n_live":1,"n_pending":0,"n_lapsed":0,"n_live_county_restriction":1,"n_live_town_restriction":0,"n_live_conditions":0,"action_ids":["co-larimer-county-2026"]}},{"type":"Feature","geometry":{"type":"MultiPolygon","coordinates":[[[[-83.1061,41.7369],[-83.1056,41.7425],[-83.1021,41.7418],[-83.1061,41.7369]]],[[[-83.4434,41.7045],[-83.4276,41.7117],[-83.4213,41.7034],[-83.4384,41.6943],[-83.4434,41.7045]]],[[[-83.4608,41.7013],[-83.4493,41.7105],[-83.4469,41.707],[-83.4608,41.7013]]],[[[-83.8832,41.4145],[-83.8804,41.7201],[-83.4554,41.7328],[-83.4788,41.7028],[-83.47,41.6962],[-83.4802,41.6821],[-83.4557,41.6981],[-83.4232,41.6894],[-83.3517,41.687],[-83.3359,41.7055],[-83.3058,41.6877],[-83.3062,41.6766],[-83.2833,41.6757],[-83.2082,41.6352],[-83.1695,41.6233],[-83.5699,41.6172],[-83.6127,41.5708],[-83.6997,41.534],[-83.7096,41.5219],[-83.7128,41.4925],[-83.7364,41.482],[-83.7481,41.4659],[-83.7767,41.463],[-83.7828,41.4487],[-83.8456,41.425],[-83.8543,41.4144],[-83.8832,41.4145]]]]},"properties":{"GEOID":"39095","state_fips":"39","state_abbr":"OH","county_name":"Lucas County","category":"town_restriction","n_total":6,"n_live":5,"n_pending":0,"n_lapsed":1,"n_live_county_restriction":0,"n_live_town_restriction":5,"n_live_conditions":0,"action_ids":["dct-city-of-oregon-oh-2026-02-10","oh-maumee-2026","oh-monclova-township-2026","oh-spencer-township-2026","oh-waterville-2025","oh-waterville-township-2025"]}},{"type":"Feature","geometry":{"type":"Polygon","coordinates":[[[-78.0991,39.7223],[-78.0027,39.8266],[-77.9751,39.8718],[-77.9555,39.9289],[-77.9378,39.9489],[-77.9143,40.0103],[-77.8817,40.0502],[-77.8594,40.0652],[-77.7683,40.2041],[-77.7242,40.2501],[-77.6718,40.2898],[-77.6564,40.2704],[-77.6703,40.2594],[-77.6677,40.252],[-77.6457,40.256],[-77.6502,40.2287],[-77.6428,40.2181],[-77.6162,40.2326],[-77.6027,40.2282],[-77.605,40.2055],[-77.6275,40.1886],[-77.6086,40.1531],[-77.5928,40.1352],[-77.5646,40.1217],[-77.5604,40.0943],[-77.543,40.0896],[-77.5419,40.0698],[-77.5323,40.0672],[-77.5325,40.0487],[-77.5171,40.0444],[-77.4954,40.0051],[-77.4541,39.9724],[-77.4711,39.9441],[-77.4591,39.72],[-78.0991,39.7223]]]},"properties":{"GEOID":"42055","state_fips":"42","state_abbr":"PA","county_name":"Franklin County","category":"conditions_only","n_total":1,"n_live":1,"n_pending":0,"n_lapsed":0,"n_live_county_restriction":0,"n_live_town_restriction":0,"n_live_conditions":1,"action_ids":["dct-franklin-county-pa-2026-05-19"]}},{"type":"Feature","geometry":{"type":"Polygon","coordinates":[[[-71.7992,42.0081],[-71.3814,42.0188],[-71.3817,41.8932],[-71.3387,41.8984],[-71.334,41.8623],[-71.3422,41.8448],[-71.3352,41.8355],[-71.3472,41.8231],[-71.3407,41.7983],[-71.3179,41.7762],[-71.3599,41.7451],[-71.3618,41.7607],[-71.3696,41.7646],[-71.3651,41.7775],[-71.3906,41.7837],[-71.3847,41.7576],[-71.3996,41.7683],[-71.4338,41.7614],[-71.4553,41.7324],[-71.7897,41.7252],[-71.7992,42.0081]]]},"properties":{"GEOID":"44007","state_fips":"44","state_abbr":"RI","county_name":"Providence County","category":"conditions_only","n_total":2,"n_live":1,"n_pending":1,"n_lapsed":0,"n_live_county_restriction":0,"n_live_town_restriction":0,"n_live_conditions":1,"action_ids":["dct-smithfield-ri-2026-05-07","dct-smithfield-ri-ban-2026-04"]}},{"type":"Feature","geometry":{"type":"Polygon","coordinates":[[[-91.7188,40.8135],[-91.4095,40.8129],[-91.3117,40.7721],[-91.2934,40.7726],[-91.2818,40.7537],[-91.2483,40.7504],[-91.2171,40.7323],[-91.2095,40.714],[-91.1968,40.7192],[-91.18,40.7083],[-91.1761,40.7214],[-91.1635,40.7227],[-91.1506,40.7062],[-91.1124,40.6963],[-91.1239,40.6692],[-91.187,40.6373],[-91.2531,40.638],[-91.3065,40.6262],[-91.3599,40.6018],[-91.4069,40.5476],[-91.4041,40.5391],[-91.3819,40.5282],[-91.3642,40.5],[-91.3815,40.446],[-91.3725,40.4115],[-91.3757,40.3919],[-91.4194,40.3783],[-91.4412,40.3863],[-91.4639,40.3757],[-91.4634,40.3854],[-91.4845,40.3839],[-91.4885,40.4043],[-91.5246,40.4108],[-91.5191,40.4328],[-91.5336,40.4383],[-91.5251,40.4578],[-91.5747,40.4657],[-91.5908,40.4923],[-91.6214,40.5101],[-91.6201,40.5408],[-91.6817,40.553],[-91.6916,40.5622],[-91.6864,40.5809],[-91.7168,40.5985],[-91.7188,40.8135]]]},"properties":{"GEOID":"19111","state_fips":"19","state_abbr":"IA","county_name":"Lee County","category":"county_restriction","n_total":1,"n_live":1,"n_pending":0,"n_lapsed":0,"n_live_county_restriction":1,"n_live_town_restriction":0,"n_live_conditions":0,"action_ids":["ia-lee-county-2026"]}},{"type":"Feature","geometry":{"type":"Polygon","coordinates":[[[-83.7739,42.0824],[-83.2953,42.0942],[-83.2676,42.0691],[-83.2576,42.0737],[-83.2545,42.064],[-83.2344,42.059],[-83.2304,42.0487],[-83.2197,42.0491],[-83.1817,42.0192],[-83.1897,42.0062],[-83.1967,42.0169],[-83.2087,42.0149],[-83.2062,41.9921],[-83.2341,41.9945],[-83.2233,41.9892],[-83.2503,41.9738],[-83.2587,41.9531],[-83.2535,41.9452],[-83.2645,41.931],[-83.27,41.9399],[-83.2915,41.9451],[-83.3197,41.9335],[-83.3428,41.8794],[-83.3837,41.8696],[-83.4101,41.8278],[-83.4396,41.8132],[-83.4443,41.7904],[-83.4276,41.742],[-83.4386,41.7458],[-83.4404,41.759],[-83.4698,41.7628],[-83.4794,41.7514],[-83.4681,41.7504],[-83.4693,41.7409],[-83.4529,41.7406],[-83.4554,41.7328],[-83.7631,41.7235],[-83.7739,42.0824]]]},"properties":{"GEOID":"26115","state_fips":"26","state_abbr":"MI","county_name":"Monroe County","category":"town_restriction","n_total":3,"n_live":2,"n_pending":0,"n_lapsed":1,"n_live_county_restriction":0,"n_live_town_restriction":2,"n_live_conditions":0,"action_ids":["dct-dundee-township-mi-2025-10-02","mi-dundee-township-2025","dct-erie-township-mi-2026-02-10"]}},{"type":"Feature","geometry":{"type":"Polygon","coordinates":[[[-96.6384,42.7355],[-96.6195,42.7548],[-96.6351,42.7632],[-96.6349,42.7707],[-96.597,42.7919],[-96.591,42.8066],[-96.596,42.815],[-96.5779,42.8276],[-96.5816,42.8375],[-96.5656,42.8304],[-96.5606,42.8394],[-96.5495,42.8391],[-96.5547,42.8461],[-96.5415,42.8577],[-96.5497,42.8703],[-96.5379,42.8785],[-96.5401,42.8897],[-96.5264,42.8919],[-96.5428,42.9037],[-96.5374,42.9088],[-95.8594,42.9091],[-95.8599,42.5606],[-96.4988,42.561],[-96.4859,42.5735],[-96.4961,42.5809],[-96.4923,42.5878],[-96.501,42.5892],[-96.5095,42.6127],[-96.5279,42.609],[-96.5316,42.6151],[-96.5185,42.6202],[-96.5163,42.6304],[-96.5379,42.6464],[-96.5418,42.6604],[-96.56,42.6585],[-96.5563,42.6648],[-96.5667,42.6759],[-96.5765,42.6708],[-96.5753,42.6828],[-96.5904,42.6911],[-96.5981,42.6866],[-96.6003,42.698],[-96.6118,42.6951],[-96.6056,42.702],[-96.6306,42.7059],[-96.6247,42.7255],[-96.6335,42.7242],[-96.6304,42.7299],[-96.6384,42.7355]]]},"properties":{"GEOID":"19149","state_fips":"19","state_abbr":"IA","county_name":"Plymouth County","category":"county_restriction","n_total":1,"n_live":1,"n_pending":0,"n_lapsed":0,"n_live_county_restriction":1,"n_live_town_restriction":0,"n_live_conditions":0,"action_ids":["ia-plymouth-county-2026"]}},{"type":"Feature","geometry":{"type":"MultiPolygon","coordinates":[[[[-105.0535,39.6243],[-105.0534,39.6277],[-105.0533,39.628],[-105.0535,39.6243]]],[[[-105.0595,39.6354],[-105.0533,39.6388],[-105.0535,39.6295],[-105.0595,39.6354]]],[[[-105.0636,39.6519],[-105.0626,39.653],[-105.0626,39.6519],[-105.0636,39.6519]]],[[[-105.0816,39.635],[-105.0809,39.6357],[-105.0809,39.635],[-105.0816,39.635]]],[[[-105.3979,39.1296],[-105.3978,39.9129],[-105.1471,39.9139],[-105.1657,39.9105],[-105.1656,39.8909],[-105.1349,39.8893],[-105.1287,39.9],[-105.1474,39.9001],[-105.1471,39.9139],[-105.1086,39.9141],[-105.0906,39.8989],[-105.0717,39.8998],[-105.0718,39.907],[-105.0529,39.9142],[-105.0532,39.7911],[-105.065,39.7902],[-105.0532,39.7838],[-105.0532,39.6823],[-105.0626,39.6793],[-105.0533,39.6678],[-105.0815,39.6677],[-105.0673,39.6569],[-105.0708,39.6496],[-105.0571,39.6529],[-105.0536,39.6512],[-105.0745,39.6441],[-105.0733,39.6366],[-105.1099,39.6351],[-105.1099,39.6271],[-105.0913,39.6242],[-105.081,39.6313],[-105.0651,39.6198],[-105.097,39.6145],[-105.0582,39.6144],[-105.0535,39.6209],[-105.0541,39.5661],[-105.0487,39.5661],[-105.0764,39.5401],[-105.0868,39.4934],[-105.1176,39.4854],[-105.135,39.4708],[-105.1242,39.455],[-105.1235,39.4343],[-105.171,39.4078],[-105.1643,39.3911],[-105.1735,39.3832],[-105.1666,39.3618],[-105.1878,39.3342],[-105.1823,39.3298],[-105.1982,39.3104],[-105.196,39.3021],[-105.2077,39.2982],[-105.2026,39.2933],[-105.2208,39.2687],[-105.2178,39.2601],[-105.2346,39.2551],[-105.2356,39.2443],[-105.2536,39.2432],[-105.2636,39.2288],[-105.2597,39.2109],[-105.2829,39.2],[-105.2874,39.1794],[-105.3131,39.16],[-105.3294,39.1295],[-105.3979,39.1296]]]]},"properties":{"GEOID":"08059","state_fips":"08","state_abbr":"CO","county_name":"Jefferson County","category":"county_restriction","n_total":1,"n_live":1,"n_pending":0,"n_lapsed":0,"n_live_county_restriction":1,"n_live_town_restriction":0,"n_live_conditions":0,"action_ids":["co-jefferson-county-2026"]}},{"type":"Feature","geometry":{"type":"Polygon","coordinates":[[[-86.6779,37.7928],[-86.6661,37.8358],[-86.6046,37.8583],[-86.5973,37.8702],[-86.5998,37.9068],[-86.5886,37.9212],[-86.5342,37.917],[-86.5078,37.9288],[-86.5252,37.9682],[-86.525,38.0279],[-86.5173,38.0426],[-86.4908,38.0457],[-86.2429,37.8771],[-86.1513,37.7989],[-86.2753,37.5935],[-86.3002,37.585],[-86.3004,37.5951],[-86.3111,37.5789],[-86.3178,37.5815],[-86.3134,37.5871],[-86.3259,37.582],[-86.3296,37.592],[-86.3427,37.5948],[-86.3434,37.5864],[-86.3527,37.587],[-86.3462,37.5614],[-86.3652,37.5621],[-86.3654,37.572],[-86.3762,37.5645],[-86.3738,37.5587],[-86.3879,37.567],[-86.3806,37.5707],[-86.3846,37.574],[-86.4097,37.5665],[-86.4077,37.5768],[-86.4345,37.5759],[-86.432,37.5847],[-86.4466,37.5749],[-86.4446,37.5896],[-86.4656,37.5819],[-86.455,37.5917],[-86.4805,37.5928],[-86.4699,37.5965],[-86.4845,37.6028],[-86.4818,37.6112],[-86.504,37.6011],[-86.4957,37.6133],[-86.5073,37.623],[-86.5352,37.6153],[-86.5411,37.5995],[-86.523,37.5995],[-86.5348,37.5899],[-86.5515,37.5884],[-86.5534,37.5967],[-86.575,37.5996],[-86.5706,37.5792],[-86.5994,37.5659],[-86.6406,37.6191],[-86.6389,37.6619],[-86.6223,37.655],[-86.6779,37.7928]]]},"properties":{"GEOID":"21027","state_fips":"21","state_abbr":"KY","county_name":"Breckinridge County","category":"county_restriction","n_total":1,"n_live":1,"n_pending":0,"n_lapsed":0,"n_live_county_restriction":1,"n_live_town_restriction":0,"n_live_conditions":0,"action_ids":["ky-breckinridge-county-2025"]}},{"type":"Feature","geometry":{"type":"Polygon","coordinates":[[[-97.0645,36.6808],[-97.0325,36.702],[-97.0242,36.6934],[-96.992,36.6876],[-96.9319,36.6861],[-96.9206,36.7178],[-96.8886,36.7518],[-96.8304,36.7442],[-96.8181,36.759],[-96.8226,36.7676],[-96.7887,36.7676],[-96.7887,36.782],[-96.7524,36.7821],[-96.7498,36.999],[-96.0008,36.9989],[-96.0012,36.1613],[-96.2683,36.162],[-96.2692,36.1737],[-96.243,36.2002],[-96.254,36.2238],[-96.34,36.23],[-96.3868,36.2671],[-96.4278,36.2802],[-96.4568,36.3322],[-96.487,36.3296],[-96.5152,36.2983],[-96.5606,36.304],[-96.5735,36.3157],[-96.5725,36.3326],[-96.559,36.3485],[-96.5231,36.3652],[-96.5187,36.3776],[-96.5266,36.3942],[-96.5407,36.4004],[-96.5721,36.376],[-96.5865,36.3739],[-96.6005,36.3806],[-96.6064,36.4033],[-96.6274,36.4222],[-96.6785,36.4209],[-96.7108,36.4377],[-96.7181,36.454],[-96.7063,36.4862],[-96.7249,36.5032],[-96.7327,36.5432],[-96.7536,36.5626],[-96.7695,36.5654],[-96.8206,36.5393],[-96.8519,36.4911],[-96.8753,36.4709],[-96.9125,36.4678],[-96.9402,36.4555],[-96.982,36.4661],[-97.007,36.4892],[-97.005,36.5218],[-96.9818,36.5345],[-96.9499,36.5373],[-96.9247,36.5526],[-96.9013,36.5517],[-96.888,36.5749],[-96.9205,36.6007],[-97.0043,36.5826],[-97.0559,36.5925],[-97.0571,36.5978],[-97.0439,36.5999],[-97.0645,36.6808]]]},"properties":{"GEOID":"40113","state_fips":"40","state_abbr":"OK","county_name":"Osage County","category":"town_restriction","n_total":1,"n_live":1,"n_pending":0,"n_lapsed":0,"n_live_county_restriction":0,"n_live_town_restriction":1,"n_live_conditions":0,"action_ids":["ok-pawhuska-2026"]}},{"type":"Feature","geometry":{"type":"Polygon","coordinates":[[[-94.0426,32.1961],[-94.043,33.0192],[-93.8146,33.0194],[-93.8238,33.0115],[-93.8104,32.9974],[-93.8205,32.9893],[-93.8233,32.9681],[-93.8031,32.9738],[-93.8009,32.9656],[-93.8266,32.9667],[-93.8452,32.9504],[-93.8141,32.9426],[-93.802,32.9318],[-93.8215,32.8997],[-93.8191,32.8817],[-93.8001,32.8683],[-93.815,32.8526],[-93.7996,32.8469],[-93.7886,32.8618],[-93.7851,32.845],[-93.7943,32.8125],[-93.8243,32.7905],[-93.8168,32.7823],[-93.7943,32.7995],[-93.7832,32.7831],[-93.7911,32.7593],[-93.8238,32.7344],[-93.8263,32.7166],[-93.8196,32.7109],[-93.8026,32.7262],[-93.7871,32.7246],[-93.7865,32.6674],[-93.7702,32.6775],[-93.7555,32.672],[-93.7596,32.6633],[-93.7769,32.6581],[-93.7644,32.6411],[-93.7879,32.6432],[-93.7513,32.6302],[-93.76,32.6061],[-93.7399,32.5985],[-93.7706,32.5934],[-93.7569,32.5875],[-93.7426,32.5917],[-93.7358,32.5837],[-93.7664,32.5533],[-93.7404,32.5509],[-93.7286,32.5348],[-93.7382,32.5331],[-93.7461,32.5468],[-93.7553,32.5376],[-93.7677,32.5395],[-93.7529,32.5282],[-93.7456,32.5328],[-93.7428,32.5143],[-93.7056,32.4988],[-93.7175,32.4883],[-93.7017,32.4958],[-93.6962,32.4905],[-93.6996,32.4776],[-93.6899,32.463],[-93.6823,32.4645],[-93.6931,32.448],[-93.6614,32.4276],[-93.6734,32.4209],[-93.68,32.4336],[-93.6916,32.4235],[-93.6599,32.4157],[-93.6852,32.409],[-93.6856,32.3955],[-93.6633,32.3878],[-93.668,32.4041],[-93.6481,32.4027],[-93.6357,32.3959],[-93.6486,32.388],[-93.6493,32.3777],[-93.6334,32.3985],[-93.6252,32.3983],[-93.6311,32.3846],[-93.6265,32.3628],[-93.6033,32.3781],[-93.621,32.3509],[-93.5849,32.3479],[-93.5846,32.3357],[-93.5727,32.3405],[-93.583,32.3319],[-93.5788,32.3275],[-93.5644,32.3317],[-93.5566,32.3456],[-93.5553,32.3314],[-93.5441,32.3264],[-93.5615,32.3267],[-93.563,32.3204],[-93.5506,32.3195],[-93.545,32.3065],[-93.5389,32.3184],[-93.5273,32.3103],[-93.5385,32.3036],[-93.5385,32.295],[-93.5533,32.2937],[-93.5367,32.2901],[-93.5162,32.2984],[-93.5247,32.2733],[-93.5015,32.2857],[-93.5108,32.2747],[-93.4922,32.2656],[-93.4902,32.2436],[-93.4776,32.2429],[-93.4863,32.257],[-93.4621,32.2504],[-93.4694,32.2372],[-93.6147,32.2375],[-93.6143,32.2697],[-93.6464,32.3044],[-93.698,32.3248],[-93.7161,32.3167],[-93.7257,32.3285],[-93.7379,32.3262],[-93.7465,32.3412],[-93.7648,32.3456],[-93.8015,32.3332],[-93.8112,32.3095],[-93.8521,32.2897],[-93.8619,32.252],[-93.9512,32.1956],[-94.0426,32.1961]]]},"properties":{"GEOID":"22017","state_fips":"22","state_abbr":"LA","county_name":"Caddo Parish","category":"town_restriction","n_total":2,"n_live":2,"n_pending":0,"n_lapsed":0,"n_live_county_restriction":0,"n_live_town_restriction":2,"n_live_conditions":0,"action_ids":["dct-blanchard-north-caddo-parish-la-2026-03-03","dct-shreveport-west-la-permit-2025"]}},{"type":"Feature","geometry":{"type":"Polygon","coordinates":[[[-108.379,38.829],[-108.1411,38.9065],[-108.1409,38.9242],[-108.1208,38.9272],[-108.0873,38.9632],[-108.0948,38.9797],[-107.9822,39.0599],[-107.9074,39.0605],[-107.8589,39.0801],[-107.8021,39.0648],[-107.7655,39.0433],[-107.7419,39.064],[-107.7216,39.0653],[-107.7078,39.0837],[-107.6869,39.0886],[-107.6603,39.1118],[-107.6513,39.1309],[-107.6191,39.1549],[-107.5684,39.1813],[-107.5428,39.1822],[-107.5416,39.1962],[-107.5233,39.1978],[-107.5275,39.2039],[-107.5006,39.2179],[-107.5007,38.6686],[-108.3787,38.6681],[-108.379,38.829]]]},"properties":{"GEOID":"08029","state_fips":"08","state_abbr":"CO","county_name":"Delta County","category":"county_restriction","n_total":1,"n_live":1,"n_pending":0,"n_lapsed":0,"n_live_county_restriction":1,"n_live_town_restriction":0,"n_live_conditions":0,"action_ids":["co-delta-county-2026"]}},{"type":"Feature","geometry":{"type":"MultiPolygon","coordinates":[[[[-70.6078,42.9778],[-70.6124,42.9918],[-70.6013,42.9811],[-70.6078,42.9778]]],[[[-70.989,43.7922],[-70.9575,43.7851],[-70.8807,43.8109],[-70.8613,43.8047],[-70.814,43.8114],[-70.7969,43.8063],[-70.7878,43.8143],[-70.7661,43.7924],[-70.7453,43.788],[-70.6952,43.8052],[-70.6738,43.7884],[-70.6699,43.7942],[-70.653,43.7875],[-70.6498,43.7684],[-70.6563,43.7643],[-70.643,43.7522],[-70.6574,43.7015],[-70.628,43.7041],[-70.6145,43.6983],[-70.6121,43.6871],[-70.5953,43.6972],[-70.5774,43.6872],[-70.55,43.7158],[-70.4577,43.6424],[-70.492,43.6068],[-70.3534,43.5354],[-70.3849,43.496],[-70.3829,43.4697],[-70.3674,43.4523],[-70.3273,43.4585],[-70.3328,43.4464],[-70.3705,43.4341],[-70.3979,43.3942],[-70.4076,43.4009],[-70.4277,43.3893],[-70.4163,43.3611],[-70.4658,43.3408],[-70.4743,43.3471],[-70.5177,43.344],[-70.5539,43.3219],[-70.5939,43.2493],[-70.5758,43.2219],[-70.6088,43.1756],[-70.5904,43.1652],[-70.619,43.1636],[-70.6225,43.1346],[-70.6321,43.1332],[-70.6384,43.1142],[-70.6731,43.0703],[-70.7038,43.0598],[-70.7065,43.0753],[-70.7564,43.08],[-70.8268,43.1271],[-70.8338,43.1469],[-70.8235,43.1746],[-70.8283,43.1867],[-70.8193,43.193],[-70.8096,43.2254],[-70.8179,43.2379],[-70.8387,43.2429],[-70.8433,43.2543],[-70.8828,43.2732],[-70.8992,43.2875],[-70.8963,43.2921],[-70.906,43.2917],[-70.9023,43.3049],[-70.9327,43.3368],[-70.953,43.3333],[-70.9672,43.3438],[-70.9843,43.3761],[-70.9868,43.4143],[-70.9612,43.4383],[-70.9669,43.4505],[-70.9614,43.4697],[-70.9742,43.4774],[-70.9548,43.5098],[-70.9635,43.5368],[-70.9508,43.551],[-70.9727,43.5703],[-70.989,43.7922]]]]},"properties":{"GEOID":"23031","state_fips":"23","state_abbr":"ME","county_name":"York County","category":"town_restriction","n_total":1,"n_live":1,"n_pending":0,"n_lapsed":0,"n_live_county_restriction":0,"n_live_town_restriction":1,"n_live_conditions":0,"action_ids":["me-sanford-2026"]}},{"type":"Feature","geometry":{"type":"Polygon","coordinates":[[[-77.2724,38.4899],[-77.2377,38.5519],[-77.2211,38.5552],[-77.1832,38.6004],[-77.1487,38.6056],[-77.1071,38.6307],[-77.1302,38.635],[-77.1325,38.6738],[-77.0863,38.706],[-77.0478,38.6162],[-77.0201,38.6476],[-76.9913,38.6571],[-76.9657,38.6613],[-76.9046,38.6516],[-76.863,38.6586],[-76.7485,38.6182],[-76.7405,38.5587],[-76.6625,38.5255],[-76.6741,38.4996],[-76.6846,38.495],[-76.7143,38.5104],[-76.7746,38.509],[-76.8227,38.4284],[-76.8503,38.3983],[-76.8715,38.3899],[-76.8737,38.3796],[-76.8474,38.3598],[-76.859,38.3576],[-76.8699,38.3318],[-76.8516,38.316],[-76.853,38.3048],[-76.8337,38.2733],[-76.8421,38.2545],[-76.9074,38.2885],[-76.9239,38.2897],[-76.9222,38.3113],[-76.9303,38.3231],[-76.9783,38.3423],[-76.9883,38.395],[-77.0164,38.4456],[-77.0506,38.4398],[-77.0911,38.4075],[-77.1233,38.4106],[-77.1367,38.3918],[-77.1795,38.3685],[-77.2167,38.3632],[-77.2502,38.3828],[-77.2651,38.4135],[-77.2567,38.4304],[-77.2659,38.4438],[-77.2724,38.4899]]]},"properties":{"GEOID":"24017","state_fips":"24","state_abbr":"MD","county_name":"Charles County","category":"county_restriction","n_total":1,"n_live":1,"n_pending":0,"n_lapsed":0,"n_live_county_restriction":1,"n_live_town_restriction":0,"n_live_conditions":0,"action_ids":["dct-charles-county-md-2026-03-02"]}},{"type":"Feature","geometry":{"type":"Polygon","coordinates":[[[-77.6772,39.3245],[-77.6402,39.4036],[-77.6347,39.4455],[-77.6162,39.4684],[-77.622,39.4818],[-77.6144,39.4916],[-77.6226,39.5076],[-77.6135,39.5287],[-77.5971,39.542],[-77.5748,39.6116],[-77.5475,39.6323],[-77.5304,39.6317],[-77.5202,39.6407],[-77.4929,39.6764],[-77.5084,39.6841],[-77.4691,39.72],[-77.2157,39.7192],[-77.2266,39.7066],[-77.2163,39.6974],[-77.243,39.695],[-77.2345,39.6776],[-77.2664,39.662],[-77.2772,39.6313],[-77.3114,39.638],[-77.2995,39.6236],[-77.3074,39.6191],[-77.2905,39.6045],[-77.2716,39.6062],[-77.2628,39.5941],[-77.2535,39.6028],[-77.239,39.5849],[-77.2273,39.5878],[-77.2323,39.5844],[-77.2175,39.5745],[-77.2001,39.5786],[-77.1694,39.5541],[-77.1702,39.5342],[-77.1523,39.5325],[-77.1499,39.5219],[-77.1385,39.5205],[-77.1336,39.5086],[-77.1077,39.4946],[-77.1177,39.4786],[-77.1161,39.4603],[-77.148,39.4178],[-77.1681,39.354],[-77.4589,39.2203],[-77.4868,39.2476],[-77.5432,39.2669],[-77.5609,39.2862],[-77.5666,39.3061],[-77.6159,39.3027],[-77.6772,39.3245]]]},"properties":{"GEOID":"24021","state_fips":"24","state_abbr":"MD","county_name":"Frederick County","category":"county_restriction","n_total":2,"n_live":2,"n_pending":0,"n_lapsed":0,"n_live_county_restriction":2,"n_live_town_restriction":0,"n_live_conditions":0,"action_ids":["dct-frederick-county-md-2025-12-24","md-frederick-county-2026"]}},{"type":"Feature","geometry":{"type":"Polygon","coordinates":[[[-78.3635,39.6598],[-78.3341,39.6624],[-78.3418,39.6778],[-78.3202,39.6761],[-78.3229,39.6839],[-78.3149,39.6845],[-78.3231,39.6884],[-78.3133,39.6925],[-78.3184,39.7026],[-78.3428,39.7225],[-77.4691,39.72],[-77.5084,39.6841],[-77.4929,39.6764],[-77.5202,39.6407],[-77.5702,39.62],[-77.5971,39.542],[-77.6135,39.5287],[-77.6226,39.5076],[-77.6144,39.4916],[-77.622,39.4818],[-77.6162,39.4684],[-77.6347,39.4455],[-77.6479,39.3832],[-77.6734,39.3442],[-77.6771,39.3241],[-77.693,39.3184],[-77.7274,39.3217],[-77.7596,39.3373],[-77.7439,39.3599],[-77.7538,39.3796],[-77.7363,39.3877],[-77.74,39.4017],[-77.7547,39.4247],[-77.8032,39.4371],[-77.7856,39.4454],[-77.7985,39.4607],[-77.7778,39.4619],[-77.7956,39.4713],[-77.7967,39.4805],[-77.766,39.4957],[-77.7816,39.4991],[-77.8018,39.4894],[-77.8457,39.4986],[-77.8256,39.5169],[-77.8254,39.5292],[-77.8369,39.5322],[-77.8419,39.5185],[-77.8637,39.515],[-77.8654,39.5384],[-77.8889,39.556],[-77.8785,39.5635],[-77.8363,39.5664],[-77.8298,39.5911],[-77.838,39.6061],[-77.8851,39.6158],[-77.881,39.6029],[-77.8885,39.5973],[-77.9233,39.6049],[-77.9419,39.6188],[-77.9364,39.5945],[-77.9462,39.5848],[-77.9576,39.6086],[-77.9767,39.5997],[-78.01,39.6029],[-78.036,39.6357],[-78.0775,39.6689],[-78.1714,39.6956],[-78.1911,39.6903],[-78.2029,39.6767],[-78.2316,39.6744],[-78.2236,39.6611],[-78.2541,39.6401],[-78.2668,39.6188],[-78.3339,39.6365],[-78.346,39.6492],[-78.34,39.6527],[-78.3635,39.6598]]]},"properties":{"GEOID":"24043","state_fips":"24","state_abbr":"MD","county_name":"Washington County","category":"county_restriction","n_total":1,"n_live":1,"n_pending":0,"n_lapsed":0,"n_live_county_restriction":1,"n_live_town_restriction":0,"n_live_conditions":0,"action_ids":["md-washington-county-2026"]}},{"type":"Feature","geometry":{"type":"Polygon","coordinates":[[[-87.151,33.9932],[-87.112,33.9924],[-87.1101,34.3138],[-86.4775,34.3028],[-86.477,34.2894],[-86.4594,34.2891],[-86.4596,34.2746],[-86.4511,34.2745],[-86.453,34.2593],[-86.4871,34.2602],[-86.4979,34.2488],[-86.5196,34.2518],[-86.524,34.2261],[-86.5401,34.2258],[-86.5473,34.2161],[-86.5424,34.212],[-86.5543,34.2052],[-86.5491,34.2002],[-86.5558,34.1891],[-86.5453,34.1861],[-86.5906,34.1459],[-86.5877,34.1374],[-86.6043,34.1252],[-86.5993,34.1202],[-86.6138,34.1137],[-86.6241,34.1222],[-86.6392,34.1066],[-86.6534,34.1072],[-86.6568,34.0916],[-86.6688,34.0838],[-86.6719,34.0883],[-86.6868,34.0796],[-86.6921,34.0927],[-86.7042,34.0815],[-86.6843,34.0545],[-86.7043,34.0581],[-86.7095,34.0474],[-86.7017,34.0356],[-86.7097,34.029],[-86.7203,34.0324],[-86.7236,34.0177],[-86.7439,34.0082],[-86.7418,33.9988],[-86.7613,33.9954],[-86.7624,33.9762],[-86.776,33.9723],[-86.7725,33.9656],[-86.7917,33.9636],[-86.7877,33.9575],[-86.7939,33.9521],[-86.8216,33.9571],[-86.8206,33.9414],[-86.8416,33.9493],[-86.86,33.929],[-86.8861,33.9335],[-86.8866,33.9169],[-86.9169,33.9154],[-86.9274,33.8978],[-86.9212,33.8949],[-86.9202,33.8735],[-86.9323,33.8673],[-86.9514,33.8715],[-86.9477,33.8619],[-86.9621,33.8677],[-86.9597,33.858],[-86.9922,33.8596],[-86.9986,33.8696],[-87.0067,33.8666],[-87.0071,33.8889],[-87.0918,33.8901],[-87.1007,33.899],[-87.082,33.9064],[-87.0856,33.9192],[-87.1052,33.936],[-87.1124,33.9595],[-87.1369,33.9666],[-87.151,33.9932]]]},"properties":{"GEOID":"01043","state_fips":"01","state_abbr":"AL","county_name":"Cullman County","category":"town_restriction","n_total":2,"n_live":2,"n_pending":0,"n_lapsed":0,"n_live_county_restriction":0,"n_live_town_restriction":2,"n_live_conditions":0,"action_ids":["al-cullman-2026","dct-cullman-al-moratorium-2026-06-22"]}},{"type":"Feature","geometry":{"type":"Polygon","coordinates":[[[-94.608,38.8472],[-94.6074,39.1134],[-94.5957,39.11],[-94.555,39.1274],[-94.5341,39.1459],[-94.5064,39.1509],[-94.4846,39.1455],[-94.4616,39.1204],[-94.4023,39.1648],[-94.4072,39.1953],[-94.3897,39.1935],[-94.3785,39.1704],[-94.3636,39.1637],[-94.3377,39.1807],[-94.314,39.2213],[-94.2951,39.2355],[-94.25,39.2348],[-94.2125,39.2071],[-94.1735,39.2138],[-94.1702,39.2045],[-94.1858,39.181],[-94.1337,39.1712],[-94.1048,39.1435],[-94.1188,38.8332],[-94.608,38.8472]]]},"properties":{"GEOID":"29095","state_fips":"29","state_abbr":"MO","county_name":"Jackson County","category":"county_restriction","n_total":4,"n_live":4,"n_pending":0,"n_lapsed":0,"n_live_county_restriction":2,"n_live_town_restriction":2,"n_live_conditions":0,"action_ids":["mo-city-of-independence-2026","mo-jackson-county-2026","dct-jackson-county-mo-moratorium-2026-06-01","dct-kansas-city-mo-2026-01-16"]}},{"type":"Feature","geometry":{"type":"Polygon","coordinates":[[[-90.9645,38.5475],[-90.9565,38.8942],[-90.9332,38.8851],[-90.8712,38.8887],[-90.8178,38.876],[-90.8062,38.879],[-90.8083,38.8996],[-90.7975,38.9051],[-90.8044,38.9111],[-90.7913,38.9179],[-90.7567,38.9198],[-90.7288,38.9311],[-90.7241,38.9244],[-90.7357,38.9162],[-90.7081,38.9026],[-90.6993,38.9079],[-90.7157,38.9123],[-90.7143,38.9182],[-90.6846,38.9156],[-90.6966,38.9328],[-90.6634,38.9342],[-90.6251,38.8887],[-90.5834,38.869],[-90.5666,38.8688],[-90.544,38.8751],[-90.5075,38.9028],[-90.4721,38.9588],[-90.4401,38.9674],[-90.3958,38.96],[-90.3095,38.9241],[-90.2502,38.9193],[-90.1094,38.8435],[-90.1177,38.8057],[-90.1416,38.8294],[-90.1889,38.8185],[-90.2561,38.8521],[-90.2937,38.8855],[-90.3245,38.8903],[-90.3364,38.8826],[-90.345,38.8494],[-90.3622,38.8279],[-90.3823,38.8219],[-90.431,38.8298],[-90.4481,38.822],[-90.4732,38.791],[-90.4852,38.7592],[-90.5319,38.7303],[-90.5304,38.6986],[-90.5393,38.6868],[-90.5886,38.6805],[-90.6238,38.6903],[-90.6605,38.6886],[-90.6745,38.6822],[-90.6793,38.6656],[-90.703,38.6575],[-90.7058,38.6473],[-90.7424,38.6346],[-90.7736,38.5946],[-90.813,38.5856],[-90.9109,38.5359],[-90.9329,38.535],[-90.9645,38.5475]]]},"properties":{"GEOID":"29183","state_fips":"29","state_abbr":"MO","county_name":"St. Charles County","category":"county_restriction","n_total":4,"n_live":3,"n_pending":0,"n_lapsed":1,"n_live_county_restriction":1,"n_live_town_restriction":2,"n_live_conditions":0,"action_ids":["dct-st-charles-mo-permanent-ban-2026-02-01","mo-st-charles-2025","mo-st-charles-county-2026","mo-city-of-st-peters-2026"]}},{"type":"Feature","geometry":{"type":"Polygon","coordinates":[[[-75.4283,39.7844],[-75.4043,39.7956],[-75.4151,39.8019],[-75.3418,39.8461],[-75.2434,39.8546],[-75.1893,39.8807],[-75.1397,39.8882],[-75.1275,39.8815],[-75.1314,39.8773],[-75.1207,39.8726],[-75.1188,39.8628],[-75.1044,39.8623],[-75.0833,39.8421],[-75.0886,39.8149],[-75.0705,39.7936],[-75.0819,39.7913],[-75.0871,39.7796],[-75.0744,39.774],[-75.0634,39.786],[-75.0545,39.7826],[-75.0444,39.762],[-75.0212,39.7448],[-75.0243,39.7306],[-74.9876,39.7067],[-74.9299,39.6903],[-74.909,39.6654],[-74.9026,39.6317],[-74.8773,39.6084],[-74.9853,39.515],[-75.2,39.667],[-75.2351,39.6617],[-75.2479,39.6652],[-75.2533,39.679],[-75.3268,39.6907],[-75.3361,39.7039],[-75.3766,39.7264],[-75.3768,39.7449],[-75.3947,39.7531],[-75.3899,39.7605],[-75.406,39.7635],[-75.3952,39.7726],[-75.4025,39.7826],[-75.4283,39.7844]]]},"properties":{"GEOID":"34015","state_fips":"34","state_abbr":"NJ","county_name":"Gloucester County","category":"pending_only","n_total":1,"n_live":0,"n_pending":1,"n_lapsed":0,"n_live_county_restriction":0,"n_live_town_restriction":0,"n_live_conditions":0,"action_ids":["dct-monroe-township-gloucester-dc-ban-nj-2026-03-25"]}},{"type":"Feature","geometry":{"type":"Polygon","coordinates":[[[-81.0576,35.0624],[-81.0521,35.0963],[-81.0325,35.11],[-81.039,35.1263],[-81.051,35.1317],[-81.0471,35.1452],[-81.0058,35.157],[-81.0024,35.1808],[-81.0141,35.222],[-81.0083,35.2481],[-81.0151,35.2687],[-81.0009,35.3054],[-80.9817,35.3272],[-80.9849,35.3401],[-80.9694,35.3514],[-80.9621,35.347],[-80.923,35.3599],[-80.9613,35.3755],[-80.9764,35.3642],[-80.9868,35.379],[-80.9552,35.3932],[-80.9587,35.4326],[-80.9425,35.4577],[-80.9515,35.4671],[-80.9473,35.4885],[-80.9067,35.5148],[-80.7842,35.506],[-80.7868,35.493],[-80.7524,35.4145],[-80.7635,35.4121],[-80.7664,35.4015],[-80.6931,35.3464],[-80.6671,35.2688],[-80.5503,35.2084],[-80.7676,35.0363],[-80.8045,35.0277],[-80.8404,35.0016],[-80.935,35.1074],[-81.0415,35.0447],[-81.0576,35.0624]]]},"properties":{"GEOID":"37119","state_fips":"37","state_abbr":"NC","county_name":"Mecklenburg County","category":"town_restriction","n_total":2,"n_live":2,"n_pending":0,"n_lapsed":0,"n_live_county_restriction":0,"n_live_town_restriction":2,"n_live_conditions":0,"action_ids":["nc-charlotte-2026","dct-charlotte-nc-citywide-moratorium-hearing-2026-05-27"]}},{"type":"Feature","geometry":{"type":"Polygon","coordinates":[[[-82.7429,35.4241],[-82.7142,35.4486],[-82.6732,35.4595],[-82.622,35.4357],[-82.6087,35.4433],[-82.5708,35.4311],[-82.5612,35.4432],[-82.5488,35.4443],[-82.5425,35.4313],[-82.5469,35.4252],[-82.5332,35.4164],[-82.5291,35.4361],[-82.537,35.4374],[-82.5351,35.4445],[-82.4706,35.4452],[-82.4178,35.4744],[-82.3631,35.461],[-82.3693,35.4855],[-82.341,35.4889],[-82.3328,35.5002],[-82.2658,35.4678],[-82.2805,35.4434],[-82.2615,35.3884],[-82.3053,35.3326],[-82.3104,35.3147],[-82.3295,35.3076],[-82.3461,35.286],[-82.3497,35.2443],[-82.3592,35.2445],[-82.3593,35.2283],[-82.3509,35.2283],[-82.3537,35.1922],[-82.3732,35.1822],[-82.3822,35.1896],[-82.384,35.2105],[-82.3929,35.2154],[-82.4197,35.1986],[-82.4396,35.1659],[-82.4571,35.1639],[-82.4516,35.1727],[-82.4601,35.1781],[-82.53,35.1556],[-82.5533,35.1617],[-82.5533,35.1535],[-82.5742,35.1437],[-82.5907,35.162],[-82.6043,35.2589],[-82.6161,35.2601],[-82.6102,35.2882],[-82.624,35.2971],[-82.6192,35.3037],[-82.7429,35.4241]]]},"properties":{"GEOID":"37089","state_fips":"37","state_abbr":"NC","county_name":"Henderson County","category":"pending_only","n_total":2,"n_live":0,"n_pending":1,"n_lapsed":1,"n_live_county_restriction":0,"n_live_town_restriction":0,"n_live_conditions":0,"action_ids":["dct-henderson-county-nc-2023-05-01","nc-city-of-hendersonville-undated"]}},{"type":"Feature","geometry":{"type":"Polygon","coordinates":[[[-82.9622,35.7928],[-82.9455,35.8247],[-82.9166,35.8414],[-82.9206,35.8685],[-82.8963,35.8803],[-82.9065,35.8841],[-82.9018,35.8929],[-82.92,35.9284],[-82.9016,35.9274],[-82.8985,35.9451],[-82.8742,35.9527],[-82.8498,35.9478],[-82.8219,35.9218],[-82.805,35.9272],[-82.8059,35.9379],[-82.7749,35.972],[-82.7856,35.9778],[-82.776,36.0001],[-82.7501,36.006],[-82.6372,36.0658],[-82.591,36.0336],[-82.6144,36.0035],[-82.6042,35.9873],[-82.6109,35.9674],[-82.581,35.9656],[-82.5579,35.9539],[-82.5425,35.968],[-82.5055,35.9777],[-82.4967,35.957],[-82.4803,35.9499],[-82.4985,35.9303],[-82.4905,35.9214],[-82.4949,35.9103],[-82.4487,35.8969],[-82.4175,35.8592],[-82.4196,35.8433],[-82.4086,35.8182],[-82.4358,35.8086],[-82.4641,35.8093],[-82.4758,35.7983],[-82.5147,35.8032],[-82.677,35.7349],[-82.6698,35.7258],[-82.7119,35.733],[-82.7138,35.7178],[-82.7311,35.7222],[-82.7334,35.7139],[-82.7492,35.7125],[-82.754,35.7035],[-82.7928,35.6967],[-82.8047,35.6862],[-82.8492,35.7015],[-82.8839,35.6782],[-82.9011,35.6849],[-82.8986,35.7035],[-82.9104,35.7162],[-82.9077,35.728],[-82.9176,35.7448],[-82.9479,35.7389],[-82.9571,35.7467],[-82.95,35.7745],[-82.9622,35.7928]]]},"properties":{"GEOID":"37115","state_fips":"37","state_abbr":"NC","county_name":"Madison County","category":"lapsed_only","n_total":1,"n_live":0,"n_pending":0,"n_lapsed":1,"n_live_county_restriction":0,"n_live_town_restriction":0,"n_live_conditions":0,"action_ids":["nc-madison-county-2023"]}},{"type":"Feature","geometry":{"type":"Polygon","coordinates":[[[-83.4845,30.7545],[-83.4568,30.7658],[-83.4592,30.7841],[-83.4464,30.8049],[-83.45,30.8176],[-83.4268,30.815],[-83.4147,30.8287],[-83.3957,30.8254],[-83.3727,30.8398],[-83.359,30.8367],[-83.3464,30.8535],[-83.3709,30.8848],[-83.408,30.8866],[-83.4403,30.9048],[-83.4399,30.9394],[-83.4293,30.9487],[-83.4447,30.9886],[-83.4559,30.995],[-83.468,31.0292],[-83.4756,31.032],[-83.1806,31.0255],[-83.1795,30.9501],[-83.0429,30.9473],[-83.0403,30.9269],[-83.0321,30.9225],[-83.0364,30.916],[-83.0204,30.9043],[-83.026,30.8615],[-83.0194,30.8495],[-83.0881,30.8487],[-83.0881,30.8312],[-83.1032,30.8314],[-83.1044,30.8037],[-83.1249,30.8037],[-83.1315,30.7942],[-83.1366,30.624],[-83.3092,30.6344],[-83.3264,30.6435],[-83.3577,30.6374],[-83.3658,30.6414],[-83.3627,30.6586],[-83.394,30.6677],[-83.3963,30.6773],[-83.4152,30.6747],[-83.4208,30.689],[-83.4397,30.6886],[-83.4541,30.7006],[-83.4845,30.7545]]]},"properties":{"GEOID":"13185","state_fips":"13","state_abbr":"GA","county_name":"Lowndes County","category":"county_restriction","n_total":1,"n_live":1,"n_pending":0,"n_lapsed":0,"n_live_county_restriction":1,"n_live_town_restriction":0,"n_live_conditions":0,"action_ids":["dct-lowndes-county-ga-2026-02-17"]}},{"type":"Feature","geometry":{"type":"Polygon","coordinates":[[[-84.2692,33.0314],[-84.2487,33.0393],[-84.2482,33.189],[-84.2275,33.1889],[-84.2243,33.1794],[-84.124,33.1786],[-84.1238,33.2028],[-84.0415,33.2026],[-84.0441,32.9479],[-84.0536,32.948],[-84.0542,32.9315],[-84.1233,32.9322],[-84.1224,32.9896],[-84.2701,32.991],[-84.2692,33.0314]]]},"properties":{"GEOID":"13171","state_fips":"13","state_abbr":"GA","county_name":"Lamar County","category":"county_restriction","n_total":1,"n_live":1,"n_pending":0,"n_lapsed":0,"n_live_county_restriction":1,"n_live_town_restriction":0,"n_live_conditions":0,"action_ids":["ga-lamar-county-2025"]}},{"type":"Feature","geometry":{"type":"Polygon","coordinates":[[[-86.4685,40.9099],[-86.467,41.1714],[-86.0776,41.1729],[-86.0759,41.0849],[-86.0184,41.0861],[-86.0187,41.0419],[-85.9456,41.0429],[-85.9454,40.9993],[-86.1685,40.9961],[-86.169,40.9098],[-86.4685,40.9099]]]},"properties":{"GEOID":"18049","state_fips":"18","state_abbr":"IN","county_name":"Fulton County","category":"county_restriction","n_total":1,"n_live":1,"n_pending":0,"n_lapsed":0,"n_live_county_restriction":1,"n_live_town_restriction":0,"n_live_conditions":0,"action_ids":["in-fulton-county-2026"]}},{"type":"Feature","geometry":{"type":"Polygon","coordinates":[[[-91.3659,41.9474],[-91.3633,42.2964],[-90.898,42.2952],[-90.8985,41.9462],[-91.3659,41.9474]]]},"properties":{"GEOID":"19105","state_fips":"19","state_abbr":"IA","county_name":"Jones County","category":"lapsed_only","n_total":2,"n_live":0,"n_pending":0,"n_lapsed":2,"n_live_county_restriction":0,"n_live_town_restriction":0,"n_live_conditions":0,"action_ids":["dct-jones-county-ia-2024-10-01","ia-jones-county-2024"]}},{"type":"Feature","geometry":{"type":"Polygon","coordinates":[[[-85.9361,37.9988],[-85.8828,38.0405],[-85.7126,38.0873],[-85.5573,38.0738],[-85.4288,38.1184],[-85.438,38.1019],[-85.4692,38.0962],[-85.5169,38.0113],[-85.4892,37.9907],[-85.5342,37.9652],[-85.5252,37.9527],[-85.5503,37.9269],[-85.5839,37.911],[-85.5776,37.8831],[-85.5997,37.8694],[-85.6133,37.87],[-85.6103,37.8589],[-85.6168,37.8524],[-85.6806,37.8149],[-85.6912,37.8185],[-85.7242,37.8059],[-85.7214,37.8102],[-85.7378,37.8118],[-85.763,37.8374],[-85.7939,37.848],[-85.8012,37.8599],[-85.8173,37.8583],[-85.8403,37.8829],[-85.8354,37.8926],[-85.8134,37.8896],[-85.8275,37.9006],[-85.8302,37.9188],[-85.8476,37.9231],[-85.8593,37.9476],[-85.9033,37.9405],[-85.9059,37.9898],[-85.9361,37.9988]]]},"properties":{"GEOID":"21029","state_fips":"21","state_abbr":"KY","county_name":"Bullitt County","category":"county_restriction","n_total":1,"n_live":1,"n_pending":0,"n_lapsed":0,"n_live_county_restriction":1,"n_live_town_restriction":0,"n_live_conditions":0,"action_ids":["ky-bullitt-county-2026"]}},{"type":"Feature","geometry":{"type":"Polygon","coordinates":[[[-84.6601,38.0037],[-84.6206,38.1295],[-84.3871,38.2103],[-84.3764,38.2105],[-84.3586,38.1948],[-84.3551,38.178],[-84.3738,38.1604],[-84.3674,38.13],[-84.3806,38.1125],[-84.3341,38.0864],[-84.3144,38.093],[-84.2845,38.0703],[-84.2847,38.0401],[-84.2927,38.0333],[-84.2826,38.0191],[-84.3225,38.0009],[-84.3244,37.9664],[-84.3118,37.9629],[-84.3232,37.9558],[-84.3107,37.9525],[-84.332,37.9466],[-84.3384,37.9392],[-84.3308,37.9362],[-84.34,37.9311],[-84.3314,37.9203],[-84.3399,37.9228],[-84.3394,37.916],[-84.3481,37.915],[-84.3388,37.9076],[-84.349,37.8987],[-84.3374,37.892],[-84.3388,37.8853],[-84.3441,37.8813],[-84.3818,37.8999],[-84.3657,37.8588],[-84.3882,37.8453],[-84.4144,37.8722],[-84.438,37.8487],[-84.4344,37.8685],[-84.4527,37.9088],[-84.4717,37.9201],[-84.4796,37.9402],[-84.5923,37.9864],[-84.6601,38.0037]]]},"properties":{"GEOID":"21067","state_fips":"21","state_abbr":"KY","county_name":"Fayette County","category":"county_restriction","n_total":2,"n_live":2,"n_pending":0,"n_lapsed":0,"n_live_county_restriction":2,"n_live_town_restriction":0,"n_live_conditions":0,"action_ids":["ky-lexington-fayette-2026","dct-lexington-fayette-ky-dartpoints-moratorium-2026-06-08"]}},{"type":"Feature","geometry":{"type":"Polygon","coordinates":[[[-86.9449,37.0734],[-86.8941,37.0883],[-86.8995,37.1044],[-86.904,37.1015],[-86.8996,37.1072],[-86.9058,37.1073],[-86.8813,37.1123],[-86.8975,37.118],[-86.9015,37.1348],[-86.916,37.1258],[-86.9128,37.1359],[-86.9236,37.1429],[-86.9386,37.1371],[-86.9243,37.1446],[-86.9222,37.1802],[-86.8983,37.1764],[-86.8907,37.1851],[-86.9082,37.1895],[-86.9094,37.1946],[-86.9016,37.192],[-86.9043,37.2115],[-86.8892,37.2179],[-86.8719,37.2466],[-86.8524,37.2514],[-86.8256,37.2946],[-86.8083,37.2914],[-86.8188,37.3053],[-86.8172,37.3276],[-86.7942,37.3337],[-86.7753,37.3259],[-86.7706,37.3099],[-86.7595,37.3041],[-86.6121,37.3951],[-86.4872,37.3625],[-86.3992,37.1699],[-86.4109,37.166],[-86.4093,37.1528],[-86.4402,37.1666],[-86.4534,37.1504],[-86.4673,37.1535],[-86.4965,37.1907],[-86.5271,37.1769],[-86.5347,37.1822],[-86.5557,37.1771],[-86.5633,37.1873],[-86.5887,37.1789],[-86.5945,37.185],[-86.6234,37.181],[-86.613,37.1541],[-86.6745,36.9998],[-86.8453,37.0565],[-86.9449,37.0734]]]},"properties":{"GEOID":"21031","state_fips":"21","state_abbr":"KY","county_name":"Butler County","category":"county_restriction","n_total":1,"n_live":1,"n_pending":0,"n_lapsed":0,"n_live_county_restriction":1,"n_live_town_restriction":0,"n_live_conditions":0,"action_ids":["dct-butler-county-ky-moratorium-2026-06"]}},{"type":"Feature","geometry":{"type":"Polygon","coordinates":[[[-82.2263,34.8525],[-82.2159,35.196],[-81.8747,35.1841],[-81.8061,35.0572],[-81.8076,35.0356],[-81.7943,35.0354],[-81.7857,35.0193],[-81.7552,34.9306],[-81.7349,34.933],[-81.7141,34.9129],[-81.7828,34.8372],[-81.8204,34.6865],[-81.8519,34.5948],[-81.8636,34.5802],[-81.8712,34.5929],[-81.8802,34.5967],[-81.8903,34.5901],[-81.8938,34.6017],[-81.9103,34.603],[-81.9519,34.6495],[-82.0046,34.6623],[-82.0587,34.7017],[-82.0694,34.7023],[-82.0666,34.7152],[-82.0788,34.7194],[-82.0839,34.7448],[-82.1011,34.744],[-82.1094,34.7563],[-82.1152,34.7489],[-82.1354,34.7731],[-82.1319,34.7788],[-82.1535,34.782],[-82.1688,34.7971],[-82.1652,34.8069],[-82.1734,34.806],[-82.1958,34.835],[-82.2263,34.8525]]]},"properties":{"GEOID":"45083","state_fips":"45","state_abbr":"SC","county_name":"Spartanburg County","category":"pending_only","n_total":2,"n_live":0,"n_pending":2,"n_lapsed":0,"n_live_county_restriction":0,"n_live_town_restriction":0,"n_live_conditions":0,"action_ids":["dct-spartanburg-county-sc-moratorium-2026-06-15","dct-spartanburg-county-sc-moratorium-2026-06-22"]}},{"type":"Feature","geometry":{"type":"Polygon","coordinates":[[[-87.1502,36.5677],[-87.1325,36.5637],[-87.121,36.6135],[-87.1313,36.622],[-87.1174,36.6281],[-87.115,36.6424],[-86.5899,36.6525],[-86.5639,36.6336],[-86.634,36.5364],[-86.6459,36.481],[-86.6933,36.4257],[-86.6908,36.4097],[-86.7483,36.4185],[-86.7566,36.4004],[-86.7812,36.3902],[-86.791,36.3768],[-86.7874,36.3596],[-86.8259,36.3496],[-86.8543,36.3698],[-86.8529,36.3801],[-86.8628,36.3812],[-86.8621,36.3696],[-86.8761,36.3719],[-86.8989,36.39],[-86.9132,36.3826],[-86.937,36.3876],[-86.9376,36.3801],[-86.9623,36.3771],[-86.9723,36.3663],[-86.9841,36.3714],[-86.9845,36.3651],[-87.0054,36.3924],[-87.1204,36.4555],[-87.1287,36.462],[-87.1132,36.523],[-87.1215,36.54],[-87.1177,36.5496],[-87.1297,36.5465],[-87.1502,36.5677]]]},"properties":{"GEOID":"47147","state_fips":"47","state_abbr":"TN","county_name":"Robertson County","category":"town_restriction","n_total":2,"n_live":2,"n_pending":0,"n_lapsed":0,"n_live_county_restriction":0,"n_live_town_restriction":2,"n_live_conditions":0,"action_ids":["dct-cedar-hill-tn-moratorium-proposed-2026-05-15","tn-cedar-hill-2026"]}},{"type":"Feature","geometry":{"type":"Polygon","coordinates":[[[-112.1658,41.9957],[-111.5078,41.9995],[-111.508,41.988],[-111.4847,41.9757],[-111.4715,41.9282],[-111.4783,41.9128],[-111.5115,41.9086],[-111.5004,41.8982],[-111.5032,41.888],[-111.4922,41.8837],[-111.4944,41.8737],[-111.5092,41.8687],[-111.502,41.8609],[-111.5078,41.8526],[-111.4611,41.8183],[-111.4508,41.7925],[-111.4547,41.7796],[-111.4435,41.7716],[-111.442,41.7361],[-111.4175,41.7204],[-111.4268,41.6779],[-111.4141,41.6747],[-111.4016,41.6541],[-111.4165,41.6391],[-111.4118,41.6257],[-111.4299,41.6184],[-111.4276,41.5787],[-111.4335,41.553],[-111.4449,41.5448],[-111.4423,41.5327],[-111.4586,41.532],[-111.4564,41.5214],[-111.4782,41.5038],[-111.4755,41.4891],[-111.4899,41.4663],[-111.5008,41.4644],[-111.506,41.4438],[-111.5008,41.4379],[-111.5108,41.4231],[-111.5415,41.4051],[-111.5542,41.4238],[-111.575,41.4289],[-111.5838,41.4185],[-111.6184,41.4224],[-111.6475,41.4054],[-111.6664,41.4286],[-111.696,41.4171],[-111.7211,41.4272],[-111.7065,41.4049],[-111.7267,41.385],[-111.7258,41.3763],[-111.7463,41.3698],[-111.7665,41.37],[-111.7927,41.3913],[-111.8365,41.3879],[-111.8686,41.3987],[-111.88,41.4144],[-111.8726,41.422],[-111.8855,41.4263],[-111.8816,41.441],[-111.9169,41.4637],[-111.9064,41.4721],[-111.8785,41.4741],[-111.8756,41.4897],[-111.9052,41.4969],[-111.9164,41.5384],[-111.9267,41.537],[-111.9406,41.5525],[-111.9839,41.5359],[-112.0063,41.5925],[-112.0046,41.6296],[-112.0155,41.6418],[-112.0159,41.6583],[-112.0519,41.6999],[-112.0428,41.7104],[-112.044,41.7348],[-112.0332,41.7668],[-112.0086,41.7946],[-112.0297,41.8085],[-112.0284,41.8197],[-112.0462,41.842],[-112.0529,41.8662],[-112.064,41.868],[-112.0855,41.9033],[-112.1182,41.9231],[-112.1342,41.959],[-112.1509,41.9706],[-112.1658,41.9957]]]},"properties":{"GEOID":"49005","state_fips":"49","state_abbr":"UT","county_name":"Cache County","category":"county_restriction","n_total":3,"n_live":3,"n_pending":0,"n_lapsed":0,"n_live_county_restriction":2,"n_live_town_restriction":1,"n_live_conditions":0,"action_ids":["ut-cache-county-2026","dct-cache-county-ut-moratorium-2026-06-23","ut-logan-2026"]}},{"type":"Feature","geometry":{"type":"MultiPolygon","coordinates":[[[[-77.4814,38.7513],[-77.4781,38.7527],[-77.4754,38.7521],[-77.4814,38.7513]]],[[[-77.7157,38.8432],[-77.7049,38.8432],[-77.6926,38.887],[-77.6804,38.8932],[-77.6552,38.9427],[-77.6189,38.9314],[-77.5916,38.8967],[-77.5522,38.8866],[-77.5488,38.8466],[-77.536,38.8474],[-77.5296,38.837],[-77.5088,38.8411],[-77.5124,38.8304],[-77.5039,38.8256],[-77.5051,38.8162],[-77.4892,38.8085],[-77.4928,38.7977],[-77.4523,38.7963],[-77.4431,38.8037],[-77.4333,38.78],[-77.43,38.7812],[-77.4126,38.7717],[-77.4172,38.7613],[-77.4067,38.754],[-77.4118,38.745],[-77.4014,38.7522],[-77.3881,38.7487],[-77.3743,38.7123],[-77.3559,38.7254],[-77.3202,38.7108],[-77.3247,38.7015],[-77.3021,38.7076],[-77.258,38.684],[-77.2339,38.6613],[-77.2239,38.646],[-77.2481,38.6323],[-77.2451,38.6207],[-77.2565,38.5991],[-77.247,38.5906],[-77.2653,38.5803],[-77.257,38.5605],[-77.2766,38.5471],[-77.2866,38.5194],[-77.3082,38.5011],[-77.371,38.5202],[-77.4031,38.5517],[-77.4476,38.5809],[-77.4641,38.5787],[-77.4768,38.5923],[-77.4918,38.5906],[-77.5328,38.5572],[-77.7157,38.8321],[-77.7157,38.8432]],[[-77.5261,38.7296],[-77.5239,38.7181],[-77.5062,38.7061],[-77.5025,38.7155],[-77.515,38.7358],[-77.5014,38.7384],[-77.4939,38.7255],[-77.4851,38.7329],[-77.4712,38.7277],[-77.4516,38.7383],[-77.4478,38.7609],[-77.4587,38.7723],[-77.4447,38.7663],[-77.4413,38.7497],[-77.438,38.7586],[-77.4243,38.7567],[-77.422,38.7766],[-77.4343,38.7783],[-77.4403,38.7835],[-77.4449,38.7705],[-77.4595,38.7784],[-77.4585,38.7874],[-77.473,38.7884],[-77.5261,38.7296]]]]},"properties":{"GEOID":"51153","state_fips":"51","state_abbr":"VA","county_name":"Prince William County","category":"pending_only","n_total":1,"n_live":0,"n_pending":1,"n_lapsed":0,"n_live_county_restriction":0,"n_live_town_restriction":0,"n_live_conditions":0,"action_ids":["dct-prince-william-county-va-moratorium-2026-02"]}},{"type":"Feature","geometry":{"type":"MultiPolygon","coordinates":[[[[-122.4369,47.6617],[-122.4092,47.6717],[-122.4034,47.6977],[-122.3764,47.7165],[-122.3802,47.7585],[-122.3952,47.7779],[-121.1192,47.7799],[-121.1077,47.7667],[-121.1109,47.7584],[-121.094,47.7582],[-121.079,47.7392],[-121.0874,47.7285],[-121.0836,47.7227],[-121.066,47.7136],[-121.0671,47.7063],[-121.0903,47.7028],[-121.1288,47.6762],[-121.1232,47.6633],[-121.1337,47.6456],[-121.1131,47.6188],[-121.1201,47.6116],[-121.1111,47.5998],[-121.1193,47.5919],[-121.1723,47.5901],[-121.1708,47.576],[-121.1801,47.5649],[-121.2289,47.5656],[-121.2429,47.5359],[-121.2919,47.5136],[-121.2906,47.5049],[-121.3115,47.4796],[-121.3636,47.4648],[-121.3791,47.4544],[-121.385,47.4346],[-121.4274,47.4206],[-121.4221,47.4088],[-121.4336,47.399],[-121.4262,47.3896],[-121.4412,47.3844],[-121.4378,47.372],[-121.466,47.368],[-121.4629,47.3531],[-121.4304,47.3341],[-121.4453,47.3098],[-121.433,47.3051],[-121.4275,47.2891],[-121.415,47.2932],[-121.3732,47.285],[-121.3616,47.2919],[-121.3412,47.2813],[-121.332,47.2575],[-121.3607,47.2405],[-121.3651,47.2246],[-121.3113,47.2077],[-121.3063,47.1877],[-121.3178,47.173],[-121.2978,47.1489],[-121.3155,47.1338],[-121.3647,47.1418],[-121.394,47.1328],[-121.4081,47.1181],[-121.399,47.104],[-121.4029,47.0986],[-121.3768,47.0887],[-121.4418,47.0844],[-121.509,47.1223],[-121.582,47.1187],[-121.629,47.1531],[-121.6622,47.16],[-121.6845,47.1498],[-121.7191,47.1511],[-121.7781,47.1734],[-121.7958,47.1732],[-121.8395,47.1434],[-121.9017,47.1556],[-121.9349,47.1382],[-121.9478,47.1428],[-121.9521,47.1545],[-121.9914,47.1632],[-121.9939,47.1726],[-122.0481,47.1714],[-122.0634,47.1859],[-122.095,47.1952],[-122.1159,47.2162],[-122.1159,47.2313],[-122.1255,47.2323],[-122.123,47.2391],[-122.144,47.2575],[-122.3349,47.2576],[-122.4179,47.3203],[-122.3811,47.3261],[-122.3248,47.3485],[-122.3273,47.3956],[-122.348,47.4159],[-122.3551,47.4419],[-122.3831,47.4505],[-122.368,47.4592],[-122.3616,47.4853],[-122.394,47.5097],[-122.3983,47.5501],[-122.4211,47.576],[-122.3871,47.5957],[-122.3702,47.5831],[-122.3429,47.5912],[-122.3395,47.5991],[-122.3702,47.6252],[-122.4146,47.6398],[-122.4369,47.6617]]],[[[-122.5281,47.3455],[-122.5163,47.3773],[-122.5267,47.3986],[-122.5147,47.414],[-122.509,47.4611],[-122.4827,47.4831],[-122.4766,47.5111],[-122.4572,47.5058],[-122.4524,47.5035],[-122.46,47.4869],[-122.4334,47.4664],[-122.4431,47.4535],[-122.4299,47.4237],[-122.4399,47.417],[-122.4377,47.4074],[-122.3736,47.3887],[-122.4378,47.3656],[-122.4575,47.3426],[-122.4757,47.3471],[-122.4745,47.3591],[-122.4638,47.3751],[-122.4531,47.3725],[-122.4331,47.3881],[-122.4396,47.4042],[-122.46,47.4016],[-122.4645,47.3907],[-122.4522,47.3952],[-122.445,47.3894],[-122.4842,47.3801],[-122.4931,47.3303],[-122.5189,47.3333],[-122.5281,47.3455]]]]},"properties":{"GEOID":"53033","state_fips":"53","state_abbr":"WA","county_name":"King County","category":"town_restriction","n_total":4,"n_live":4,"n_pending":0,"n_lapsed":0,"n_live_county_restriction":0,"n_live_town_restriction":4,"n_live_conditions":0,"action_ids":["wa-burien-2026","wa-federal-way-2026","wa-seattle-2026","wa-seattle-2026-2"]}},{"type":"Feature","geometry":{"type":"Polygon","coordinates":[[[-80.8585,37.4283],[-80.6708,37.698],[-80.6604,37.7146],[-80.6633,37.7317],[-80.5067,37.6912],[-80.4741,37.6969],[-80.4507,37.6839],[-80.3946,37.7169],[-80.3934,37.7022],[-80.3808,37.7073],[-80.3853,37.6928],[-80.3778,37.686],[-80.3617,37.6896],[-80.3517,37.7088],[-80.3398,37.7043],[-80.3479,37.694],[-80.3363,37.6876],[-80.2961,37.6918],[-80.2675,37.6461],[-80.221,37.6278],[-80.2589,37.5955],[-80.3285,37.5643],[-80.3124,37.5462],[-80.3303,37.5362],[-80.3093,37.5274],[-80.2824,37.5335],[-80.2998,37.5083],[-80.3668,37.4849],[-80.3632,37.48],[-80.372,37.4741],[-80.4648,37.4261],[-80.4756,37.4229],[-80.4949,37.4351],[-80.493,37.4577],[-80.5114,37.4817],[-80.5614,37.4698],[-80.6459,37.4221],[-80.7701,37.3724],[-80.7842,37.3946],[-80.8061,37.3981],[-80.8377,37.4257],[-80.8585,37.4283]]]},"properties":{"GEOID":"54063","state_fips":"54","state_abbr":"WV","county_name":"Monroe County","category":"county_restriction","n_total":1,"n_live":1,"n_pending":0,"n_lapsed":0,"n_live_county_restriction":1,"n_live_town_restriction":0,"n_live_conditions":0,"action_ids":["dct-monroe-county-wv-2026-02-01"]}},{"type":"Feature","geometry":{"type":"Polygon","coordinates":[[[-84.3501,33.6479],[-84.3478,33.9593],[-84.3474,33.9681],[-84.3373,33.9709],[-84.2715,33.9559],[-84.256,33.9144],[-84.2013,33.8719],[-84.1584,33.8536],[-84.0759,33.7775],[-84.0237,33.7528],[-84.0566,33.7266],[-84.1158,33.6147],[-84.1545,33.6457],[-84.162,33.6378],[-84.1731,33.641],[-84.1702,33.6459],[-84.224,33.6466],[-84.2242,33.6307],[-84.2455,33.6307],[-84.2458,33.6469],[-84.3501,33.6479]]]},"properties":{"GEOID":"13089","state_fips":"13","state_abbr":"GA","county_name":"DeKalb County","category":"county_restriction","n_total":2,"n_live":2,"n_pending":0,"n_lapsed":0,"n_live_county_restriction":2,"n_live_town_restriction":0,"n_live_conditions":0,"action_ids":["dct-dekalb-county-ga-2024-07-01","ga-dekalb-county-2025"]}},{"type":"Feature","geometry":{"type":"Polygon","coordinates":[[[-84.0622,34.1684],[-84.0487,34.1912],[-83.9899,34.1951],[-83.9778,34.2139],[-83.9667,34.2161],[-83.9712,34.2286],[-83.9498,34.2398],[-83.9533,34.269],[-83.9262,34.2818],[-83.9285,34.2899],[-83.9342,34.286],[-83.9314,34.2978],[-83.9417,34.2921],[-83.9468,34.2976],[-83.9426,34.302],[-83.9533,34.318],[-83.9451,34.3294],[-83.9602,34.3427],[-83.9669,34.3396],[-83.9814,34.3578],[-83.9772,34.3792],[-83.9843,34.383],[-83.9715,34.4018],[-83.9848,34.4116],[-83.9709,34.4228],[-83.9751,34.4327],[-83.9207,34.4511],[-83.9319,34.4693],[-83.8876,34.4599],[-83.8876,34.4688],[-83.8433,34.497],[-83.8434,34.5055],[-83.7885,34.5048],[-83.7886,34.5141],[-83.7776,34.5137],[-83.7777,34.5048],[-83.6664,34.5036],[-83.6152,34.4317],[-83.6556,34.3997],[-83.6692,34.3656],[-83.6514,34.3491],[-83.6491,34.3204],[-83.6199,34.2954],[-83.8191,34.1265],[-83.8677,34.0985],[-84.0622,34.1684]]]},"properties":{"GEOID":"13139","state_fips":"13","state_abbr":"GA","county_name":"Hall County","category":"county_restriction","n_total":1,"n_live":1,"n_pending":0,"n_lapsed":0,"n_live_county_restriction":1,"n_live_town_restriction":0,"n_live_conditions":0,"action_ids":["ga-hall-county-2026"]}},{"type":"Feature","geometry":{"type":"Polygon","coordinates":[[[-84.627,33.4397],[-84.6257,33.4775],[-84.5948,33.5186],[-84.4394,33.5507],[-84.4336,33.5244],[-84.4204,33.5096],[-84.4206,33.494],[-84.3962,33.4849],[-84.3816,33.463],[-84.3888,33.4503],[-84.3837,33.4444],[-84.4022,33.4364],[-84.4023,33.4201],[-84.3931,33.42],[-84.3845,33.4015],[-84.3948,33.3944],[-84.3865,33.3765],[-84.3963,33.3733],[-84.3828,33.3431],[-84.3905,33.3343],[-84.3842,33.32],[-84.3933,33.3169],[-84.3972,33.3015],[-84.4024,33.3055],[-84.4085,33.2942],[-84.4191,33.2935],[-84.433,33.2565],[-84.5004,33.2594],[-84.5044,33.2809],[-84.5122,33.2806],[-84.5174,33.293],[-84.5182,33.3183],[-84.5349,33.3359],[-84.5607,33.3407],[-84.5758,33.3576],[-84.586,33.3579],[-84.594,33.3816],[-84.6091,33.3931],[-84.627,33.4397]]]},"properties":{"GEOID":"13113","state_fips":"13","state_abbr":"GA","county_name":"Fayette County","category":"town_restriction","n_total":2,"n_live":1,"n_pending":0,"n_lapsed":1,"n_live_county_restriction":0,"n_live_town_restriction":1,"n_live_conditions":0,"action_ids":["dct-fayetteville-ga-2026-01-28","ga-fayetteville-2026"]}},{"type":"Feature","geometry":{"type":"Polygon","coordinates":[[[-96.6208,30.0452],[-96.5941,30.071],[-96.5859,30.0647],[-96.5188,30.0652],[-96.289,30.0968],[-96.2711,30.0939],[-96.2593,30.0757],[-96.2286,30.0756],[-96.2092,30.0622],[-96.1925,30.0652],[-96.1628,30.0529],[-96.1461,30.0702],[-96.1389,30.0569],[-96.1147,30.0488],[-96.1071,30.0361],[-96.1132,30.027],[-96.0966,30.0276],[-96.0845,30.0051],[-96.0916,29.9982],[-96.1005,30.0042],[-96.1045,29.9964],[-96.0957,29.9781],[-96.1029,29.9678],[-96.0928,29.9615],[-96.126,29.965],[-96.1195,29.955],[-96.1064,29.9555],[-96.1008,29.9435],[-96.1229,29.949],[-96.1306,29.9396],[-96.1133,29.9153],[-96.1259,29.8977],[-96.0927,29.8828],[-96.1122,29.8726],[-96.1102,29.8587],[-96.1009,29.8525],[-96.1221,29.8394],[-96.1079,29.8223],[-96.0982,29.8267],[-96.1025,29.8097],[-96.0469,29.801],[-96.0296,29.7547],[-96.0401,29.7382],[-96.0326,29.7177],[-96.0065,29.7149],[-96.006,29.7039],[-96.0226,29.705],[-96.0145,29.6936],[-96.0166,29.6801],[-96.0312,29.6885],[-96.0596,29.6793],[-96.0461,29.6655],[-96.0309,29.6752],[-96.0168,29.6675],[-96.0209,29.6587],[-96.0331,29.6582],[-96.0148,29.6417],[-96.0249,29.6029],[-96.0904,29.602],[-96.1097,29.6225],[-96.1418,29.6196],[-96.1552,29.6292],[-96.1654,29.6269],[-96.1995,29.6565],[-96.2247,29.6649],[-96.2401,29.6578],[-96.2598,29.6693],[-96.2776,29.6997],[-96.2701,29.7166],[-96.2915,29.7281],[-96.2972,29.7497],[-96.3118,29.7564],[-96.3194,29.7743],[-96.3154,29.7873],[-96.3374,29.8013],[-96.331,29.8147],[-96.3427,29.829],[-96.3586,29.8189],[-96.4127,29.8247],[-96.4408,29.8536],[-96.4851,29.8673],[-96.5357,29.9073],[-96.6208,30.0452]]]},"properties":{"GEOID":"48015","state_fips":"48","state_abbr":"TX","county_name":"Austin County","category":"pending_only","n_total":1,"n_live":0,"n_pending":1,"n_lapsed":0,"n_live_county_restriction":0,"n_live_town_restriction":0,"n_live_conditions":0,"action_ids":["tx-austin-county-2026"]}},{"type":"Feature","geometry":{"type":"Polygon","coordinates":[[[-77.1871,39.3406],[-77.1681,39.354],[-77.1515,39.3487],[-77.1014,39.3693],[-77.0491,39.3623],[-77.0254,39.3506],[-76.969,39.3638],[-76.9102,39.3487],[-76.889,39.3538],[-76.875,39.3322],[-76.8624,39.3298],[-76.8522,39.3166],[-76.7947,39.3143],[-76.7965,39.305],[-76.7786,39.295],[-76.7938,39.2659],[-76.6968,39.2136],[-76.722,39.183],[-76.7464,39.1795],[-76.7637,39.1662],[-76.7905,39.1255],[-76.8227,39.1187],[-76.8404,39.1031],[-76.8704,39.1129],[-76.8857,39.1313],[-76.9073,39.1255],[-76.9291,39.1384],[-76.9486,39.1296],[-76.9585,39.134],[-76.9517,39.1462],[-76.9756,39.1497],[-76.9737,39.1622],[-77.001,39.1695],[-76.9974,39.1741],[-77.0054,39.1763],[-76.9989,39.1778],[-77.0084,39.1816],[-77.0042,39.1923],[-77.0122,39.1952],[-77.0094,39.2067],[-77.0701,39.2541],[-77.1332,39.2704],[-77.1401,39.2921],[-77.1703,39.3131],[-77.1871,39.3406]]]},"properties":{"GEOID":"24027","state_fips":"24","state_abbr":"MD","county_name":"Howard County","category":"county_restriction","n_total":2,"n_live":1,"n_pending":1,"n_lapsed":0,"n_live_county_restriction":1,"n_live_town_restriction":0,"n_live_conditions":0,"action_ids":["md-howard-county-2026","dct-howard-county-md-moratorium-2026-06"]}},{"type":"Feature","geometry":{"type":"Polygon","coordinates":[[[-93.7684,44.8909],[-93.7619,45.0812],[-93.7392,45.081],[-93.6969,45.1394],[-93.6386,45.1656],[-93.6571,45.1975],[-93.6371,45.2102],[-93.6285,45.2024],[-93.6127,45.2115],[-93.5979,45.2073],[-93.5924,45.2184],[-93.57,45.2185],[-93.5426,45.2326],[-93.5287,45.2224],[-93.5147,45.2399],[-93.5217,45.2466],[-93.5027,45.2422],[-93.4855,45.2257],[-93.4277,45.2156],[-93.412,45.1982],[-93.3115,45.1438],[-93.2951,45.1153],[-93.2784,45.103],[-93.2834,45.0354],[-93.2081,45.0357],[-93.2004,44.9096],[-93.1772,44.8939],[-93.1788,44.8802],[-93.2,44.8655],[-93.2078,44.8436],[-93.2519,44.8115],[-93.336,44.7865],[-93.3486,44.7914],[-93.3782,44.7852],[-93.3876,44.7986],[-93.4382,44.8131],[-93.4503,44.8035],[-93.4991,44.8103],[-93.5202,44.8022],[-93.5207,44.8915],[-93.7684,44.8909]]]},"properties":{"GEOID":"27053","state_fips":"27","state_abbr":"MN","county_name":"Hennepin County","category":"town_restriction","n_total":2,"n_live":2,"n_pending":0,"n_lapsed":0,"n_live_county_restriction":0,"n_live_town_restriction":2,"n_live_conditions":0,"action_ids":["mn-minneapolis-2026","dct-minneapolis-mn-moratorium-2026-05-21"]}},{"type":"Feature","geometry":{"type":"Polygon","coordinates":[[[-94.3717,44.2644],[-94.3203,44.251],[-94.3197,44.2434],[-94.3096,44.2467],[-94.2977,44.2338],[-94.2909,44.2395],[-94.2842,44.2272],[-94.279,44.2328],[-94.2724,44.2242],[-94.2695,44.231],[-94.2387,44.2097],[-94.2249,44.2167],[-94.2128,44.2006],[-94.1432,44.194],[-94.1252,44.1799],[-94.1112,44.1795],[-94.1137,44.1734],[-94.0995,44.1753],[-94.1042,44.1697],[-94.0738,44.1585],[-94.0614,44.1627],[-94.0553,44.154],[-94.0034,44.1693],[-94.0064,44.1842],[-94.0197,44.1836],[-94.0108,44.1966],[-94.021,44.1976],[-94.0156,44.2073],[-94.0257,44.2125],[-94.0233,44.2222],[-94.0147,44.2169],[-94.0185,44.2362],[-94.0119,44.2395],[-93.768,44.2394],[-93.7678,43.848],[-94.369,43.848],[-94.3717,44.2644]]]},"properties":{"GEOID":"27013","state_fips":"27","state_abbr":"MN","county_name":"Blue Earth County","category":"town_restriction","n_total":1,"n_live":1,"n_pending":0,"n_lapsed":0,"n_live_county_restriction":0,"n_live_town_restriction":1,"n_live_conditions":0,"action_ids":["mn-mankato-2026"]}},{"type":"Feature","geometry":{"type":"Polygon","coordinates":[[[-114.7972,47.2689],[-114.7155,47.2542],[-114.6872,47.2743],[-114.5504,47.2517],[-114.5435,47.2401],[-114.4934,47.2194],[-114.4661,47.2187],[-114.4548,47.2082],[-114.4239,47.2101],[-114.3813,47.188],[-114.3538,47.191],[-114.3389,47.1725],[-114.3521,47.169],[-114.3559,47.1579],[-114.2926,47.1257],[-114.2641,47.1211],[-114.2358,47.1344],[-114.2121,47.1277],[-114.1916,47.1389],[-113.9335,47.1383],[-113.9336,47.1817],[-113.8214,47.1817],[-113.8212,47.2687],[-113.8243,47.2744],[-113.8427,47.2719],[-113.8726,47.2894],[-113.8827,47.3081],[-113.9007,47.3113],[-113.8866,47.3183],[-113.8818,47.3385],[-113.8932,47.3593],[-113.8759,47.371],[-113.8711,47.392],[-113.886,47.4071],[-113.8908,47.4317],[-113.9027,47.4467],[-113.9324,47.4576],[-113.9288,47.4659],[-113.9512,47.476],[-113.9386,47.485],[-113.9425,47.4928],[-113.9154,47.5003],[-113.9086,47.5144],[-113.9277,47.5206],[-113.9219,47.5283],[-113.9297,47.5399],[-113.9195,47.5494],[-113.9323,47.5772],[-113.928,47.5938],[-113.9487,47.6],[-113.4665,47.6001],[-113.4664,47.1792],[-113.3029,47.1796],[-113.3029,46.8322],[-113.4166,46.8321],[-113.4171,46.8025],[-113.4798,46.8028],[-113.4799,46.7447],[-113.5451,46.7446],[-113.5515,46.7165],[-113.6682,46.7162],[-113.668,46.6584],[-114.3327,46.6606],[-114.3585,46.6707],[-114.4131,46.6568],[-114.4244,46.6606],[-114.4535,46.6492],[-114.4526,46.6419],[-114.4671,46.6318],[-114.5413,46.6497],[-114.5834,46.6332],[-114.6053,46.6358],[-114.6141,46.6391],[-114.6145,46.6547],[-114.6358,46.6595],[-114.6398,46.666],[-114.6335,46.6724],[-114.6422,46.6736],[-114.6232,46.6916],[-114.6215,46.7079],[-114.6508,46.7335],[-114.6749,46.7368],[-114.6749,46.7474],[-114.5491,46.7474],[-114.549,46.8336],[-114.5663,46.8336],[-114.5661,46.9634],[-114.5464,46.9634],[-114.5472,46.9924],[-114.5253,46.9923],[-114.5254,47.0093],[-114.4513,46.9932],[-114.4514,47.0089],[-114.4194,47.0089],[-114.4195,47.0232],[-114.4832,47.0234],[-114.4837,47.0675],[-114.5661,47.0674],[-114.5657,47.0949],[-114.5867,47.0949],[-114.5867,47.1238],[-114.6292,47.1237],[-114.6292,47.1383],[-114.6505,47.1382],[-114.6502,47.1672],[-114.6914,47.1672],[-114.6914,47.1823],[-114.7123,47.1822],[-114.7123,47.2256],[-114.7758,47.2256],[-114.7758,47.2401],[-114.7971,47.24],[-114.7972,47.2689]]]},"properties":{"GEOID":"30063","state_fips":"30","state_abbr":"MT","county_name":"Missoula County","category":"county_restriction","n_total":1,"n_live":1,"n_pending":0,"n_lapsed":0,"n_live_county_restriction":1,"n_live_town_restriction":0,"n_live_conditions":0,"action_ids":["mt-missoula-county-2026"]}},{"type":"Feature","geometry":{"type":"Polygon","coordinates":[[[-74.1601,43.3715],[-73.8833,43.398],[-73.871,43.3725],[-73.8751,43.3619],[-73.8533,43.3377],[-73.8586,43.3281],[-73.8369,43.3066],[-73.8246,43.3043],[-73.8349,43.251],[-73.7929,43.2462],[-73.7675,43.2221],[-73.744,43.2427],[-73.7328,43.2699],[-73.6886,43.2843],[-73.6721,43.2632],[-73.6618,43.2726],[-73.6732,43.2821],[-73.6709,43.2906],[-73.6419,43.2933],[-73.6411,43.3058],[-73.5888,43.3005],[-73.6007,43.2688],[-73.5872,43.2597],[-73.5975,43.2409],[-73.5795,43.2107],[-73.5857,43.1931],[-73.581,43.1825],[-73.5898,43.1705],[-73.5802,43.1529],[-73.5909,43.1351],[-73.5755,43.1149],[-73.5782,43.0558],[-73.6093,42.9822],[-73.6315,42.9697],[-73.6323,42.9444],[-73.6597,42.9334],[-73.6831,42.9038],[-73.6585,42.8091],[-73.6768,42.7833],[-73.6892,42.7754],[-73.7032,42.7825],[-73.7267,42.8226],[-73.7667,42.7861],[-73.78,42.7922],[-73.7995,42.7789],[-73.8222,42.7803],[-73.8759,42.8343],[-73.8818,42.8509],[-73.8959,42.8511],[-73.9044,42.9112],[-73.9555,42.8973],[-74.0065,42.9341],[-74.0556,42.9533],[-74.093,42.9559],[-74.1601,43.3715]]]},"properties":{"GEOID":"36091","state_fips":"36","state_abbr":"NY","county_name":"Saratoga County","category":"town_restriction","n_total":1,"n_live":1,"n_pending":0,"n_lapsed":0,"n_live_county_restriction":0,"n_live_town_restriction":1,"n_live_conditions":0,"action_ids":["ny-town-of-clifton-park-2026"]}},{"type":"Feature","geometry":{"type":"Polygon","coordinates":[[[-80.7076,35.8556],[-80.6932,36.0513],[-80.4902,36.043],[-80.4638,36.0626],[-80.4419,36.0306],[-80.4179,36.0155],[-80.4135,36.001],[-80.4212,35.9873],[-80.378,35.9622],[-80.3742,35.9531],[-80.3676,35.8892],[-80.4079,35.8915],[-80.4165,35.8805],[-80.3897,35.8676],[-80.3895,35.844],[-80.4207,35.8527],[-80.4326,35.8281],[-80.4464,35.8367],[-80.4626,35.827],[-80.4768,35.8438],[-80.4874,35.8336],[-80.4723,35.8255],[-80.4644,35.805],[-80.4767,35.7891],[-80.4506,35.766],[-80.4589,35.7428],[-80.4783,35.7748],[-80.4848,35.7756],[-80.4869,35.7663],[-80.4974,35.783],[-80.5086,35.7746],[-80.5329,35.7852],[-80.5743,35.818],[-80.5871,35.823],[-80.5904,35.8171],[-80.5947,35.8274],[-80.6095,35.8231],[-80.632,35.8457],[-80.6712,35.8465],[-80.6686,35.8561],[-80.6917,35.8635],[-80.6931,35.8538],[-80.7076,35.8556]]]},"properties":{"GEOID":"37059","state_fips":"37","state_abbr":"NC","county_name":"Davie County","category":"county_restriction","n_total":1,"n_live":1,"n_pending":0,"n_lapsed":0,"n_live_county_restriction":1,"n_live_town_restriction":0,"n_live_conditions":0,"action_ids":["nc-davie-county-2026"]}},{"type":"Feature","geometry":{"type":"Polygon","coordinates":[[[-98.4675,46.9796],[-98.4671,47.2404],[-97.7059,47.24],[-97.7062,46.9786],[-97.6815,46.9785],[-97.682,46.6299],[-98.4391,46.6311],[-98.4397,46.9796],[-98.4675,46.9796]]]},"properties":{"GEOID":"38003","state_fips":"38","state_abbr":"ND","county_name":"Barnes County","category":"county_restriction","n_total":1,"n_live":1,"n_pending":0,"n_lapsed":0,"n_live_county_restriction":1,"n_live_town_restriction":0,"n_live_conditions":0,"action_ids":["nd-barnes-county-2026"]}},{"type":"Feature","geometry":{"type":"Polygon","coordinates":[[[-102.0972,46.9805],[-100.936,46.9828],[-100.938,46.9692],[-100.9077,46.9487],[-100.9058,46.8998],[-100.8586,46.8402],[-100.8174,46.8052],[-100.8392,46.7665],[-100.8348,46.7491],[-100.8176,46.7374],[-100.7841,46.7373],[-100.7743,46.7306],[-100.7785,46.72],[-100.7979,46.7156],[-100.7888,46.6917],[-100.7782,46.6865],[-100.7483,46.6925],[-100.738,46.678],[-100.7452,46.6638],[-100.728,46.6557],[-100.6417,46.6784],[-100.6418,46.6657],[-100.6595,46.6501],[-100.6627,46.6355],[-100.6254,46.6122],[-100.561,46.5878],[-100.5654,46.5784],[-100.5809,46.5806],[-100.587,46.5734],[-100.5441,46.5304],[-100.5833,46.4993],[-100.5985,46.4493],[-100.59,46.4283],[-100.6136,46.4266],[-100.6094,46.4171],[-100.6253,46.4258],[-100.6282,46.4181],[-100.6637,46.4064],[-100.6819,46.4122],[-100.6981,46.394],[-100.7067,46.3991],[-100.7069,46.3864],[-100.7205,46.3797],[-100.7221,46.392],[-100.7372,46.3912],[-100.7373,46.4016],[-100.7487,46.3928],[-100.7707,46.3975],[-100.8149,46.3847],[-100.8527,46.3944],[-100.857,46.4033],[-100.8687,46.3894],[-100.8827,46.3902],[-100.8779,46.4044],[-100.8846,46.4091],[-100.8979,46.4026],[-100.8954,46.396],[-100.9189,46.395],[-100.9291,46.3778],[-100.939,46.3765],[-100.9415,46.35],[-100.9608,46.3477],[-100.9581,46.3388],[-100.9711,46.3363],[-100.974,46.3255],[-100.9825,46.329],[-100.9912,46.3161],[-101.0047,46.3234],[-101.0174,46.3196],[-101.0133,46.3065],[-100.9972,46.3047],[-101.0036,46.2969],[-101.0169,46.2996],[-101.0257,46.2844],[-101.0485,46.2847],[-101.0485,46.3715],[-101.299,46.3714],[-101.2988,46.6304],[-101.7181,46.631],[-101.7182,46.7178],[-102.0962,46.7178],[-102.0972,46.9805]]]},"properties":{"GEOID":"38059","state_fips":"38","state_abbr":"ND","county_name":"Morton County","category":"county_restriction","n_total":1,"n_live":1,"n_pending":0,"n_lapsed":0,"n_live_county_restriction":1,"n_live_town_restriction":0,"n_live_conditions":0,"action_ids":["nd-morton-county-2024"]}},{"type":"Feature","geometry":{"type":"Polygon","coordinates":[[[-83.4203,40.9919],[-83.4198,41.254],[-82.8401,41.2553],[-82.8295,40.9966],[-83.4203,40.9919]]]},"properties":{"GEOID":"39147","state_fips":"39","state_abbr":"OH","county_name":"Seneca County","category":"town_restriction","n_total":1,"n_live":1,"n_pending":0,"n_lapsed":0,"n_live_county_restriction":0,"n_live_town_restriction":1,"n_live_conditions":0,"action_ids":["oh-tiffin-2026"]}},{"type":"Feature","geometry":{"type":"Polygon","coordinates":[[[-80.5641,34.8148],[-79.9307,34.8066],[-79.9281,34.7699],[-79.893,34.742],[-79.8594,34.6778],[-79.8305,34.6572],[-79.8169,34.6587],[-79.7956,34.6476],[-79.8006,34.6377],[-79.7776,34.6122],[-79.8031,34.6097],[-79.83,34.5319],[-79.8392,34.5346],[-79.862,34.521],[-79.8636,34.5087],[-79.8796,34.4935],[-79.9021,34.4892],[-79.9198,34.4958],[-79.9625,34.487],[-79.9834,34.5017],[-80.0265,34.4865],[-80.0455,34.4926],[-80.2886,34.3662],[-80.2855,34.3937],[-80.3022,34.3998],[-80.3114,34.4243],[-80.3263,34.4374],[-80.3303,34.5095],[-80.3536,34.5209],[-80.3548,34.5311],[-80.3723,34.5468],[-80.3862,34.5966],[-80.4073,34.6086],[-80.4192,34.62],[-80.4139,34.6278],[-80.4328,34.6388],[-80.4318,34.66],[-80.4402,34.658],[-80.4503,34.6758],[-80.4608,34.677],[-80.4752,34.6992],[-80.4885,34.7046],[-80.4856,34.7174],[-80.5162,34.7589],[-80.5147,34.7666],[-80.5445,34.784],[-80.5641,34.8148]]]},"properties":{"GEOID":"45025","state_fips":"45","state_abbr":"SC","county_name":"Chesterfield County","category":"county_restriction","n_total":1,"n_live":1,"n_pending":0,"n_lapsed":0,"n_live_county_restriction":1,"n_live_town_restriction":0,"n_live_conditions":0,"action_ids":["sc-chesterfield-county-2026"]}},{"type":"Feature","geometry":{"type":"Polygon","coordinates":[[[-81.3735,33.4905],[-81.1873,33.6529],[-81.0429,33.7071],[-80.9655,33.6253],[-80.9421,33.6419],[-80.9398,33.6088],[-80.9197,33.6055],[-80.8814,33.6197],[-80.8076,33.6041],[-80.6941,33.5219],[-80.694,33.506],[-80.659,33.471],[-80.6113,33.4704],[-80.6247,33.4989],[-80.5879,33.5389],[-80.6103,33.5507],[-80.6036,33.5554],[-80.5523,33.5654],[-80.5514,33.5587],[-80.5401,33.5618],[-80.5033,33.5358],[-80.5056,33.5526],[-80.485,33.56],[-80.4684,33.5411],[-80.4554,33.5471],[-80.4475,33.5405],[-80.4473,33.5245],[-80.468,33.525],[-80.4677,33.5162],[-80.4564,33.5122],[-80.4611,33.5043],[-80.4391,33.502],[-80.437,33.478],[-80.3938,33.4458],[-80.3545,33.4304],[-80.3236,33.4312],[-80.282,33.4484],[-80.2679,33.4379],[-80.2399,33.4547],[-80.2391,33.44],[-80.2223,33.4437],[-80.2226,33.3913],[-80.2299,33.3916],[-80.2302,33.3841],[-80.2385,33.3912],[-80.2416,33.3831],[-80.2396,33.3522],[-80.2538,33.2993],[-80.3019,33.2675],[-80.3172,33.2641],[-80.3489,33.278],[-80.3591,33.272],[-80.3619,33.2574],[-80.3942,33.2647],[-80.4362,33.26],[-80.4846,33.28],[-80.5028,33.3345],[-80.7979,33.1769],[-80.817,33.1875],[-80.8247,33.2016],[-80.8375,33.2037],[-80.8462,33.2383],[-80.8872,33.2579],[-80.8852,33.2629],[-80.9487,33.3093],[-80.9619,33.3081],[-80.9683,33.3188],[-80.9797,33.3181],[-81.0048,33.3363],[-81.0478,33.3492],[-81.0886,33.3796],[-81.1113,33.3809],[-81.164,33.4093],[-81.1895,33.4117],[-81.2061,33.4373],[-81.2537,33.4462],[-81.2969,33.4799],[-81.3442,33.4809],[-81.3735,33.4905]]]},"properties":{"GEOID":"45075","state_fips":"45","state_abbr":"SC","county_name":"Orangeburg County","category":"pending_only","n_total":1,"n_live":0,"n_pending":1,"n_lapsed":0,"n_live_county_restriction":0,"n_live_town_restriction":0,"n_live_conditions":0,"action_ids":["dct-orangeburg-county-sc-moratorium-2026-07-23"]}},{"type":"Feature","geometry":{"type":"Polygon","coordinates":[[[-84.2735,35.9393],[-84.2647,35.9436],[-84.2376,35.9296],[-84.2454,35.9531],[-84.2159,35.9464],[-84.2158,35.9733],[-84.1966,35.9784],[-84.1923,35.9955],[-84.1472,35.9873],[-84.0766,36.02],[-84.0586,36.0363],[-84.093,36.0735],[-83.9444,36.1864],[-83.9227,36.1694],[-83.9061,36.169],[-83.9052,36.1609],[-83.904,36.169],[-83.7327,36.1646],[-83.7229,36.1519],[-83.7237,36.1375],[-83.704,36.1207],[-83.6914,36.122],[-83.6994,36.1095],[-83.6877,36.1124],[-83.6872,36.1023],[-83.667,36.0862],[-83.6747,36.0818],[-83.6951,36.0957],[-83.7101,36.0915],[-83.6946,36.0582],[-83.6712,36.0531],[-83.6773,36.0256],[-83.6619,35.9915],[-83.6509,35.9874],[-83.6597,35.9859],[-83.6546,35.9719],[-83.6871,35.9493],[-83.684,35.9367],[-83.6934,35.9447],[-83.7385,35.917],[-83.7672,35.9119],[-83.8502,35.842],[-83.9075,35.8466],[-83.9068,35.8544],[-83.9468,35.8763],[-83.9746,35.8631],[-83.9958,35.8841],[-84.0086,35.8751],[-84.0287,35.8752],[-84.0104,35.8641],[-84.0098,35.8437],[-84.0206,35.8393],[-84.0328,35.8529],[-84.0475,35.8523],[-84.055,35.8276],[-84.0669,35.8306],[-84.079,35.8508],[-84.1211,35.831],[-84.1301,35.8501],[-84.1457,35.8496],[-84.1342,35.8342],[-84.1424,35.822],[-84.1372,35.8076],[-84.1524,35.7938],[-84.2684,35.9026],[-84.2707,35.912],[-84.2527,35.9204],[-84.2735,35.9393]]]},"properties":{"GEOID":"47093","state_fips":"47","state_abbr":"TN","county_name":"Knox County","category":"county_restriction","n_total":5,"n_live":4,"n_pending":1,"n_lapsed":0,"n_live_county_restriction":2,"n_live_town_restriction":2,"n_live_conditions":0,"action_ids":["tn-knox-county-2026","dct-knox-county-tn-moratorium-2026-06-22","dct-knox-county-tn-draft-data-center-ordinance-2026-05-08","tn-knoxville-2026","dct-knoxville-tn-moratorium-2026-07-07"]}},{"type":"Feature","geometry":{"type":"Polygon","coordinates":[[[-84.7893,35.8157],[-84.7288,35.8592],[-84.7062,35.8961],[-84.6831,35.9041],[-84.6729,35.9167],[-84.6618,35.9158],[-84.6516,35.9287],[-84.6209,35.9322],[-84.6035,35.9541],[-84.5965,35.9467],[-84.555,35.9504],[-84.554,35.9645],[-84.5417,35.9704],[-84.4941,35.9843],[-84.4461,35.986],[-84.346,36.0491],[-84.2634,35.8969],[-84.2846,35.901],[-84.2785,35.8798],[-84.2838,35.8749],[-84.33,35.8929],[-84.3382,35.8772],[-84.3379,35.8399],[-84.3797,35.8174],[-84.3772,35.7907],[-84.3887,35.7825],[-84.3808,35.7779],[-84.3886,35.7684],[-84.4164,35.7765],[-84.4352,35.7482],[-84.4486,35.7594],[-84.4945,35.7164],[-84.5169,35.712],[-84.5318,35.6876],[-84.5219,35.6766],[-84.5534,35.6588],[-84.5756,35.6589],[-84.5845,35.6444],[-84.6199,35.6447],[-84.6281,35.6901],[-84.6192,35.6948],[-84.619,35.7079],[-84.6363,35.7243],[-84.6543,35.7173],[-84.6635,35.7028],[-84.6722,35.7029],[-84.6765,35.7175],[-84.6987,35.7179],[-84.6984,35.7418],[-84.757,35.757],[-84.7527,35.7726],[-84.7383,35.7776],[-84.742,35.7903],[-84.7893,35.8157]],[[-84.54,35.6705],[-84.5398,35.6768],[-84.5488,35.6732],[-84.5488,35.6705],[-84.54,35.6705]]]},"properties":{"GEOID":"47145","state_fips":"47","state_abbr":"TN","county_name":"Roane County","category":"county_restriction","n_total":1,"n_live":1,"n_pending":0,"n_lapsed":0,"n_live_county_restriction":1,"n_live_town_restriction":0,"n_live_conditions":0,"action_ids":["dct-roane-county-tn-2026-07-14"]}},{"type":"Feature","geometry":{"type":"MultiPolygon","coordinates":[[[[-84.35,35.6329],[-84.3493,35.6443],[-84.3429,35.6366],[-84.35,35.6329]]],[[[-84.5404,35.6194],[-84.5224,35.6186],[-84.5227,35.6078],[-84.5403,35.6117],[-84.5404,35.6194]]],[[[-84.5488,35.6732],[-84.5442,35.6769],[-84.5398,35.6768],[-84.54,35.6705],[-84.5488,35.6732]]],[[[-84.5844,35.6516],[-84.5219,35.6766],[-84.5318,35.6876],[-84.5169,35.712],[-84.4945,35.7164],[-84.4486,35.7594],[-84.4352,35.7482],[-84.4164,35.7765],[-84.3886,35.7684],[-84.3808,35.7779],[-84.3887,35.7825],[-84.3772,35.7907],[-84.3797,35.8174],[-84.3379,35.8399],[-84.3382,35.8772],[-84.33,35.8929],[-84.2838,35.8749],[-84.2812,35.903],[-84.2612,35.8959],[-84.1654,35.8068],[-84.1739,35.8015],[-84.1717,35.7817],[-84.1795,35.7684],[-84.152,35.7576],[-84.168,35.7416],[-84.1728,35.7128],[-84.1538,35.6739],[-84.1331,35.661],[-84.1345,35.6474],[-84.1517,35.6275],[-84.1883,35.6105],[-84.1926,35.6182],[-84.2531,35.6179],[-84.2508,35.637],[-84.2564,35.6319],[-84.2975,35.6432],[-84.2908,35.6549],[-84.3176,35.66],[-84.3176,35.6721],[-84.3264,35.6722],[-84.3265,35.665],[-84.3576,35.6652],[-84.3533,35.6544],[-84.385,35.6398],[-84.3981,35.6402],[-84.4065,35.6656],[-84.4248,35.6611],[-84.4235,35.6717],[-84.4873,35.6555],[-84.5043,35.6659],[-84.5046,35.651],[-84.5222,35.6514],[-84.5225,35.644],[-84.5092,35.6422],[-84.5086,35.6294],[-84.5001,35.6294],[-84.5047,35.6197],[-84.5259,35.6242],[-84.5476,35.6413],[-84.5579,35.6297],[-84.5843,35.6331],[-84.5844,35.6516]]]]},"properties":{"GEOID":"47105","state_fips":"47","state_abbr":"TN","county_name":"Loudon County","category":"county_restriction","n_total":2,"n_live":2,"n_pending":0,"n_lapsed":0,"n_live_county_restriction":2,"n_live_town_restriction":0,"n_live_conditions":0,"action_ids":["tn-loudon-county-2026","dct-loudon-county-tn-moratorium-2026-06-30"]}},{"type":"Feature","geometry":{"type":"Polygon","coordinates":[[[-86.5395,35.3354],[-86.5253,35.3547],[-86.4893,35.3617],[-86.4753,35.3381],[-86.4595,35.3277],[-86.4223,35.3188],[-86.4093,35.3466],[-86.3692,35.3468],[-86.3742,35.3566],[-86.3657,35.351],[-86.3603,35.362],[-86.3288,35.3637],[-86.3362,35.3704],[-86.2943,35.392],[-86.288,35.4073],[-86.2515,35.409],[-86.2799,35.3875],[-86.2533,35.3853],[-86.2575,35.3709],[-86.2747,35.3706],[-86.2443,35.3561],[-86.2454,35.3474],[-86.2664,35.3386],[-86.2602,35.3276],[-86.2453,35.3241],[-86.2447,35.3149],[-86.2519,35.3152],[-86.2558,35.2958],[-86.2662,35.2977],[-86.2672,35.2857],[-86.2734,35.2861],[-86.2763,35.2783],[-86.2681,35.2716],[-86.2839,35.268],[-86.2772,35.263],[-86.2872,35.2597],[-86.2786,35.2531],[-86.2812,35.2418],[-86.3061,35.2312],[-86.2975,35.2222],[-86.3162,35.2197],[-86.2959,35.2181],[-86.2937,35.2073],[-86.3118,35.1955],[-86.3059,35.1864],[-86.3108,35.1811],[-86.301,35.1732],[-86.3167,35.1689],[-86.3168,35.1466],[-86.3331,35.147],[-86.3127,35.1345],[-86.3182,35.127],[-86.3285,35.1224],[-86.3448,35.1295],[-86.3506,35.1466],[-86.359,35.1245],[-86.3662,35.1244],[-86.3685,35.1716],[-86.3922,35.2354],[-86.4085,35.238],[-86.4087,35.2282],[-86.4152,35.2263],[-86.4238,35.2373],[-86.4127,35.2453],[-86.4205,35.2539],[-86.4117,35.2518],[-86.411,35.2595],[-86.4344,35.2642],[-86.437,35.275],[-86.4609,35.2846],[-86.4613,35.2928],[-86.527,35.3115],[-86.5395,35.3354]]]},"properties":{"GEOID":"47127","state_fips":"47","state_abbr":"TN","county_name":"Moore County","category":"pending_only","n_total":1,"n_live":0,"n_pending":1,"n_lapsed":0,"n_live_county_restriction":0,"n_live_town_restriction":0,"n_live_conditions":0,"action_ids":["dct-moore-county-tn-moratorium-2026"]}},{"type":"Feature","geometry":{"type":"Polygon","coordinates":[[[-77.0863,38.706],[-77.0532,38.7099],[-77.0433,38.719],[-77.039,38.7916],[-76.9094,38.8928],[-77.0026,38.9655],[-76.986,38.9776],[-76.9911,38.9924],[-76.9029,39.1211],[-76.8857,39.1313],[-76.8704,39.1129],[-76.8416,39.1059],[-76.8275,39.093],[-76.8356,39.0679],[-76.8039,39.0624],[-76.7926,39.0462],[-76.7476,39.0334],[-76.7404,39.0129],[-76.6985,38.9838],[-76.7037,38.9715],[-76.6922,38.9363],[-76.6814,38.9313],[-76.6906,38.9235],[-76.6695,38.9044],[-76.6766,38.876],[-76.6983,38.843],[-76.697,38.8188],[-76.7123,38.8129],[-76.7021,38.7885],[-76.7143,38.7782],[-76.7009,38.7687],[-76.6973,38.7501],[-76.6849,38.7469],[-76.702,38.7109],[-76.6949,38.7025],[-76.6974,38.6878],[-76.687,38.6806],[-76.701,38.6684],[-76.6833,38.6612],[-76.6929,38.6364],[-76.6723,38.6175],[-76.6807,38.5805],[-76.6723,38.5528],[-76.6755,38.5359],[-76.7405,38.5587],[-76.7485,38.6182],[-76.863,38.6586],[-76.9046,38.6516],[-76.9657,38.6613],[-76.9913,38.6571],[-77.0201,38.6476],[-77.0478,38.6162],[-77.0863,38.706]]]},"properties":{"GEOID":"24033","state_fips":"24","state_abbr":"MD","county_name":"Prince George's County","category":"county_restriction","n_total":2,"n_live":2,"n_pending":0,"n_lapsed":0,"n_live_county_restriction":2,"n_live_town_restriction":0,"n_live_conditions":0,"action_ids":["md-prince-george-s-county-2025","dct-prince-georges-county-md-moratorium-2026-07-07"]}},{"type":"Feature","geometry":{"type":"Polygon","coordinates":[[[-71.8988,42.7114],[-71.2942,42.697],[-71.2552,42.7366],[-71.2382,42.6694],[-71.2562,42.6571],[-71.1718,42.6165],[-71.182,42.6084],[-71.1649,42.598],[-71.1544,42.6153],[-71.1355,42.5991],[-71.0588,42.6091],[-71.034,42.5855],[-71.0283,42.5741],[-71.0572,42.574],[-71.071,42.5559],[-71.0751,42.531],[-71.0386,42.524],[-71.0349,42.5068],[-71.0542,42.4769],[-71.0204,42.4382],[-71.0553,42.3871],[-71.0709,42.389],[-71.0669,42.3948],[-71.0809,42.3821],[-71.0641,42.369],[-71.078,42.3587],[-71.1132,42.3531],[-71.1172,42.3674],[-71.131,42.3739],[-71.1483,42.3611],[-71.1676,42.3601],[-71.1748,42.3503],[-71.1676,42.3334],[-71.157,42.3304],[-71.1789,42.3143],[-71.1647,42.3038],[-71.1912,42.283],[-71.2052,42.2896],[-71.2133,42.3062],[-71.2267,42.3083],[-71.2283,42.3188],[-71.2529,42.3268],[-71.3298,42.313],[-71.3029,42.2483],[-71.3325,42.2491],[-71.3297,42.2333],[-71.3432,42.2206],[-71.3385,42.2152],[-71.3515,42.2115],[-71.3442,42.2007],[-71.4044,42.1884],[-71.4023,42.1788],[-71.4302,42.1794],[-71.4781,42.1568],[-71.478,42.1659],[-71.4974,42.1666],[-71.5026,42.1914],[-71.5557,42.1825],[-71.5568,42.1925],[-71.5829,42.1956],[-71.6022,42.2181],[-71.5868,42.2595],[-71.5566,42.2681],[-71.5065,42.2643],[-71.4864,42.3104],[-71.4868,42.3302],[-71.5511,42.3264],[-71.5852,42.311],[-71.6041,42.3368],[-71.6258,42.3497],[-71.5802,42.387],[-71.6043,42.3977],[-71.5591,42.4119],[-71.5434,42.4665],[-71.5604,42.4744],[-71.5298,42.5198],[-71.5388,42.543],[-71.5803,42.5505],[-71.5946,42.5434],[-71.6199,42.5525],[-71.6359,42.54],[-71.6359,42.524],[-71.679,42.5304],[-71.6646,42.6116],[-71.7758,42.6442],[-71.7753,42.6367],[-71.8585,42.6338],[-71.8578,42.675],[-71.8988,42.7114]]]},"properties":{"GEOID":"25017","state_fips":"25","state_abbr":"MA","county_name":"Middlesex County","category":"town_restriction","n_total":4,"n_live":3,"n_pending":1,"n_lapsed":0,"n_live_county_restriction":0,"n_live_town_restriction":3,"n_live_conditions":0,"action_ids":["dct-everett-ma-2026-02-24","ma-everett-2026","ma-lowell-2026","ma-malden-2026"]}},{"type":"Feature","geometry":{"type":"Polygon","coordinates":[[[-115.8969,36.8421],[-115.7407,36.8419],[-115.7408,36.8531],[-114.7625,36.8535],[-114.7623,36.8439],[-114.0506,36.8431],[-114.0439,36.1934],[-114.0682,36.1777],[-114.097,36.1208],[-114.1213,36.1095],[-114.1119,36.0958],[-114.1459,36.0272],[-114.2421,36.0152],[-114.265,36.0288],[-114.2709,36.0455],[-114.3136,36.059],[-114.3069,36.0825],[-114.3702,36.1426],[-114.4091,36.147],[-114.4437,36.1256],[-114.4636,36.1397],[-114.5047,36.1272],[-114.5092,36.1332],[-114.5002,36.1432],[-114.5143,36.1508],[-114.5711,36.1511],[-114.6155,36.1297],[-114.6305,36.1422],[-114.6798,36.1099],[-114.7362,36.1044],[-114.7548,36.0847],[-114.7363,36.0585],[-114.7421,36.0398],[-114.7221,36.029],[-114.7428,36.01],[-114.7406,35.9757],[-114.7075,35.9281],[-114.7085,35.9123],[-114.6616,35.8711],[-114.7065,35.849],[-114.6952,35.8323],[-114.7121,35.8062],[-114.6989,35.7902],[-114.6957,35.756],[-114.7054,35.7083],[-114.6806,35.684],[-114.689,35.6503],[-114.6534,35.6108],[-114.6592,35.5875],[-114.6758,35.5795],[-114.6632,35.5652],[-114.6572,35.5323],[-114.6772,35.5129],[-114.6787,35.4988],[-114.6635,35.4478],[-114.6268,35.4096],[-114.6057,35.3585],[-114.58,35.2096],[-114.5692,35.1835],[-114.5783,35.1288],[-114.6323,35.1171],[-114.6468,35.1019],[-114.6131,35.0831],[-114.6029,35.0686],[-114.6369,35.0284],[-114.6335,35.0019],[-115.846,35.9642],[-115.8458,36.1708],[-115.8958,36.1722],[-115.8969,36.8421]]]},"properties":{"GEOID":"32003","state_fips":"32","state_abbr":"NV","county_name":"Clark County","category":"county_restriction","n_total":1,"n_live":1,"n_pending":0,"n_lapsed":0,"n_live_county_restriction":1,"n_live_town_restriction":0,"n_live_conditions":0,"action_ids":["dct-clark-county-nv-switch-expansion-2026-06-18"]}},{"type":"Feature","geometry":{"type":"Polygon","coordinates":[[[-78.6504,33.9457],[-78.6422,33.9581],[-78.6484,33.9655],[-78.6241,33.9733],[-78.6406,34.0103],[-78.6003,34.03],[-78.5908,34.0272],[-78.5793,34.0369],[-78.5796,34.0516],[-78.5571,34.0618],[-78.5602,34.0921],[-78.5441,34.0999],[-78.554,34.1041],[-78.549,34.1115],[-78.5551,34.1168],[-78.5388,34.1252],[-78.5452,34.1457],[-78.5029,34.1691],[-78.4227,34.1396],[-78.3916,34.1739],[-78.3668,34.1888],[-78.3743,34.2049],[-78.2546,34.2163],[-78.1545,34.365],[-78.1395,34.3655],[-78.1373,34.3717],[-78.1207,34.368],[-78.1028,34.355],[-78.0788,34.3539],[-78.0783,34.3389],[-78.0593,34.3379],[-78.0598,34.3448],[-78.0467,34.3304],[-78.0263,34.3293],[-78.0262,34.3181],[-78.0087,34.3226],[-78.0159,34.2903],[-78.0059,34.2889],[-78.0048,34.2805],[-77.9902,34.2817],[-78.002,34.2731],[-77.9875,34.2683],[-77.9731,34.2472],[-77.9678,34.2521],[-77.9685,34.2423],[-77.9566,34.2345],[-77.9586,34.1738],[-77.9369,34.1228],[-77.931,34.0503],[-77.9358,34.005],[-77.9485,33.9713],[-77.9372,33.9292],[-77.9534,33.8956],[-77.9605,33.8432],[-78.0083,33.8642],[-77.9898,33.888],[-77.989,33.9025],[-77.9959,33.9056],[-78.017,33.9023],[-78.0207,33.8883],[-78.1203,33.9103],[-78.2392,33.9175],[-78.3871,33.902],[-78.5405,33.8527],[-78.6504,33.9457]]]},"properties":{"GEOID":"37019","state_fips":"37","state_abbr":"NC","county_name":"Brunswick County","category":"town_restriction","n_total":3,"n_live":1,"n_pending":2,"n_lapsed":0,"n_live_county_restriction":0,"n_live_town_restriction":1,"n_live_conditions":0,"action_ids":["nc-city-of-boiling-spring-lakes-2026","dct-leland-nc-2026-02-27","dct-southport-nc-moratorium-2026-07-16"]}},{"type":"Feature","geometry":{"type":"Polygon","coordinates":[[[-76.4913,36.5107],[-76.4373,36.4678],[-76.3768,36.4459],[-76.3632,36.4291],[-76.3471,36.4278],[-76.3456,36.4214],[-76.3226,36.4276],[-76.3231,36.4173],[-76.2915,36.3866],[-76.2589,36.3843],[-76.2567,36.3633],[-76.2313,36.3721],[-76.227,36.3477],[-76.2142,36.3416],[-76.216,36.3277],[-76.1812,36.321],[-76.188,36.3145],[-76.1992,36.3175],[-76.2007,36.3061],[-76.2179,36.2966],[-76.1904,36.286],[-76.1739,36.2636],[-76.1443,36.2589],[-76.1172,36.2135],[-76.0801,36.1994],[-76.0593,36.1493],[-76.0926,36.1358],[-76.1875,36.1254],[-76.2479,36.1751],[-76.2491,36.1849],[-76.2735,36.1908],[-76.2907,36.2235],[-76.3033,36.2217],[-76.3177,36.2404],[-76.3406,36.2414],[-76.3751,36.2589],[-76.3756,36.2736],[-76.4475,36.3636],[-76.4914,36.4686],[-76.4913,36.5107]]]},"properties":{"GEOID":"37139","state_fips":"37","state_abbr":"NC","county_name":"Pasquotank County","category":"county_restriction","n_total":1,"n_live":1,"n_pending":0,"n_lapsed":0,"n_live_county_restriction":1,"n_live_town_restriction":0,"n_live_conditions":0,"action_ids":["nc-pasquotank-county-2026"]}},{"type":"Feature","geometry":{"type":"Polygon","coordinates":[[[-83.9494,35.4612],[-83.937,35.4715],[-83.9118,35.476],[-83.8801,35.5187],[-83.8256,35.5238],[-83.7717,35.5621],[-83.6763,35.5703],[-83.6405,35.5661],[-83.6089,35.5795],[-83.5856,35.5629],[-83.4983,35.563],[-83.4458,35.6118],[-83.4216,35.6112],[-83.3966,35.6227],[-83.335,35.6655],[-83.3128,35.6548],[-83.2972,35.6578],[-83.2892,35.6745],[-83.2556,35.6961],[-83.2151,35.6923],[-83.2074,35.6814],[-83.182,35.6713],[-83.2024,35.6448],[-83.1771,35.632],[-83.1836,35.5867],[-83.167,35.5787],[-83.156,35.5539],[-83.1823,35.5159],[-83.2364,35.5245],[-83.2617,35.5146],[-83.3179,35.4653],[-83.3452,35.4736],[-83.3637,35.4266],[-83.3607,35.4118],[-83.3402,35.3958],[-83.3457,35.3891],[-83.3374,35.3821],[-83.3314,35.3537],[-83.3396,35.331],[-83.3999,35.3276],[-83.4109,35.3165],[-83.4328,35.3251],[-83.4676,35.2978],[-83.4903,35.3055],[-83.4979,35.2993],[-83.6817,35.2804],[-83.6953,35.2975],[-83.6906,35.3169],[-83.6786,35.3282],[-83.617,35.3491],[-83.5933,35.3767],[-83.5824,35.4096],[-83.589,35.4189],[-83.5858,35.4348],[-83.6101,35.427],[-83.6429,35.4435],[-83.6531,35.4266],[-83.7328,35.4474],[-83.7745,35.4435],[-83.8005,35.4558],[-83.8076,35.4441],[-83.8449,35.4531],[-83.8659,35.4483],[-83.8738,35.4604],[-83.9083,35.4665],[-83.9394,35.4486],[-83.9494,35.4612]]]},"properties":{"GEOID":"37173","state_fips":"37","state_abbr":"NC","county_name":"Swain County","category":"county_restriction","n_total":1,"n_live":1,"n_pending":0,"n_lapsed":0,"n_live_county_restriction":1,"n_live_town_restriction":0,"n_live_conditions":0,"action_ids":["nc-swain-county-2026"]}},{"type":"Feature","geometry":{"type":"Polygon","coordinates":[[[-84.8202,39.1055],[-84.8195,39.3052],[-84.6418,39.305],[-84.63,39.3121],[-84.5046,39.306],[-84.2622,39.2883],[-84.2647,39.2807],[-84.2564,39.2768],[-84.2614,39.2647],[-84.2933,39.2489],[-84.2994,39.2352],[-84.32,39.2234],[-84.3111,39.2096],[-84.2843,39.2132],[-84.2763,39.2009],[-84.2994,39.1739],[-84.2952,39.167],[-84.3017,39.1594],[-84.3199,39.0221],[-84.3604,39.0414],[-84.4257,39.0531],[-84.4355,39.1023],[-84.462,39.1218],[-84.4809,39.1168],[-84.5097,39.0937],[-84.5508,39.0994],[-84.5721,39.0821],[-84.6079,39.0732],[-84.6848,39.1005],[-84.7185,39.1371],[-84.7441,39.1475],[-84.7667,39.1386],[-84.7877,39.1153],[-84.8202,39.1055]]]},"properties":{"GEOID":"39061","state_fips":"39","state_abbr":"OH","county_name":"Hamilton County","category":"town_restriction","n_total":2,"n_live":2,"n_pending":0,"n_lapsed":0,"n_live_county_restriction":0,"n_live_town_restriction":2,"n_live_conditions":0,"action_ids":["dct-cincinnati-oh-2026-02-06","oh-cincinnati-2026"]}},{"type":"Feature","geometry":{"type":"Polygon","coordinates":[[[-77.1374,40.0699],[-77.0315,40.1466],[-76.9769,40.1523],[-76.9713,40.1576],[-76.978,40.1648],[-76.9057,40.1659],[-76.9283,40.1838],[-76.9142,40.1828],[-76.9084,40.1902],[-76.9315,40.1994],[-76.9185,40.2102],[-76.9105,40.2055],[-76.906,40.2171],[-76.9,40.2122],[-76.9029,40.2246],[-76.8886,40.2137],[-76.8667,40.2161],[-76.859,40.2263],[-76.8395,40.2216],[-76.8247,40.2023],[-76.8006,40.2001],[-76.7527,40.1758],[-76.7435,40.1309],[-76.6972,40.1025],[-76.6638,40.0632],[-76.5712,40.0457],[-76.5339,40.0508],[-76.5297,40.0309],[-76.5006,40.0006],[-76.4954,39.9761],[-76.4777,39.9498],[-76.3905,39.9118],[-76.3779,39.8671],[-76.3521,39.849],[-76.3383,39.8221],[-76.2783,39.7785],[-76.2398,39.7213],[-76.9993,39.7198],[-77.0003,39.8312],[-76.9551,39.857],[-76.9837,39.8936],[-76.9814,39.9054],[-76.967,39.9162],[-76.9726,39.934],[-76.9662,39.9352],[-77.0186,40.0139],[-77.067,40.0282],[-77.092,40.0536],[-77.1374,40.0699]]]},"properties":{"GEOID":"42133","state_fips":"42","state_abbr":"PA","county_name":"York County","category":"town_restriction","n_total":2,"n_live":2,"n_pending":0,"n_lapsed":0,"n_live_county_restriction":0,"n_live_town_restriction":1,"n_live_conditions":1,"action_ids":["dct-conewago-township-york-county-pa-2026-01-01","dct-east-manchester-township-pa-2025-10-14"]}},{"type":"Feature","geometry":{"type":"Polygon","coordinates":[[[-90.3084,34.9957],[-90.2923,35.0414],[-90.2073,35.0258],[-90.1776,35.0638],[-90.1768,35.1121],[-90.1547,35.1309],[-90.095,35.1175],[-90.0665,35.1368],[-90.0687,35.156],[-90.1014,35.1711],[-90.1174,35.1901],[-90.1161,35.1986],[-90.0965,35.1948],[-90.0886,35.2123],[-90.0782,35.2097],[-90.0749,35.2181],[-90.0864,35.2382],[-90.1051,35.2544],[-90.1521,35.256],[-90.1688,35.2791],[-90.1573,35.3015],[-90.11,35.305],[-90.0962,35.3489],[-90.0783,35.3749],[-90.081,35.3859],[-90.0416,35.3966],[-89.7788,35.3878],[-89.7767,35.4052],[-89.7308,35.4011],[-89.7303,35.4068],[-89.7093,35.4095],[-89.7025,35.4086],[-89.7029,35.3891],[-89.6428,35.388],[-89.646,35.3723],[-89.6328,35.3758],[-89.644,34.9953],[-90.3084,34.9957]]]},"properties":{"GEOID":"47157","state_fips":"47","state_abbr":"TN","county_name":"Shelby County","category":"town_restriction","n_total":2,"n_live":2,"n_pending":0,"n_lapsed":0,"n_live_county_restriction":0,"n_live_town_restriction":1,"n_live_conditions":1,"action_ids":["dct-memphis-city-council-xai-water-plant-land-tn-2025-03-04","dct-memphis-xai-community-benefit-ordinance-tn-2025-08-01"]}},{"type":"Feature","geometry":{"type":"Polygon","coordinates":[[[-110.1793,38.9081],[-110.1733,38.927],[-110.1354,38.9265],[-110.1387,38.9417],[-110.1525,38.9503],[-110.1364,38.9612],[-110.1493,38.9719],[-110.1479,38.9798],[-110.0691,38.979],[-110.0691,38.9644],[-110.0505,38.9645],[-110.0412,38.9499],[-110.004,38.9499],[-110.004,38.9644],[-110.0226,38.9645],[-110.0226,38.979],[-110.0412,38.979],[-110.0412,38.9935],[-110.0963,38.9863],[-110.0963,39.0017],[-110.1502,38.9972],[-110.138,39.0054],[-110.1534,39.0164],[-110.1399,39.0248],[-110.1568,39.0344],[-110.1393,39.0594],[-110.1428,39.0872],[-110.1183,39.0952],[-110.1093,39.1128],[-110.1124,39.1288],[-110.0996,39.1365],[-110.1163,39.1536],[-110.099,39.1677],[-110.1045,39.1822],[-110.0732,39.2012],[-110.0762,39.2277],[-110.0624,39.2233],[-110.0538,39.2293],[-110.0633,39.2495],[-110.0605,39.2643],[-110.0776,39.2769],[-110.0696,39.2924],[-110.0491,39.3014],[-110.062,39.3099],[-110.0587,39.3297],[-110.0476,39.3264],[-110.0186,39.3627],[-110.0257,39.3767],[-110.0188,39.3789],[-110.021,39.3909],[-110.0099,39.4109],[-110.0235,39.4232],[-110.0236,39.4454],[-110.0157,39.4547],[-110.024,39.4693],[-109.9533,39.4693],[-109.9533,39.4618],[-109.1069,39.4621],[-109.0876,39.4923],[-109.0768,39.4892],[-109.073,39.4998],[-109.0514,39.4977],[-109.06,38.5],[-110.0365,38.5036],[-110.0442,38.516],[-110.0182,38.513],[-110.0127,38.5245],[-109.9938,38.5255],[-110.0058,38.5423],[-109.988,38.5638],[-109.9981,38.5688],[-110.0143,38.5612],[-110.0237,38.5772],[-110.0369,38.5711],[-110.0587,38.582],[-110.0336,38.6046],[-110.0159,38.5881],[-109.9993,38.5898],[-109.998,38.6145],[-110.0148,38.624],[-110.0245,38.6089],[-110.0563,38.6052],[-110.0675,38.6109],[-110.0652,38.6197],[-110.0424,38.617],[-110.0493,38.6344],[-110.0358,38.654],[-110.0451,38.6597],[-110.054,38.6459],[-110.06,38.6505],[-110.0565,38.6614],[-110.0742,38.6592],[-110.0714,38.6728],[-110.0942,38.6661],[-110.0867,38.6771],[-110.1011,38.6935],[-110.0866,38.7061],[-110.0879,38.7137],[-110.1231,38.7081],[-110.1074,38.7144],[-110.1136,38.7307],[-110.1019,38.7469],[-110.0816,38.7548],[-110.0911,38.7706],[-110.1215,38.7913],[-110.1055,38.8002],[-110.1063,38.8108],[-110.1247,38.8212],[-110.1207,38.8323],[-110.1456,38.8393],[-110.138,38.8679],[-110.1623,38.8637],[-110.1598,38.8912],[-110.1793,38.9081]]]},"properties":{"GEOID":"49019","state_fips":"49","state_abbr":"UT","county_name":"Grand County","category":"county_restriction","n_total":1,"n_live":1,"n_pending":0,"n_lapsed":0,"n_live_county_restriction":1,"n_live_town_restriction":0,"n_live_conditions":0,"action_ids":["ut-grand-county-2026"]}},{"type":"Feature","geometry":{"type":"Polygon","coordinates":[[[-79.4429,37.0559],[-79.258,37.3558],[-79.2508,37.3577],[-79.2533,37.3514],[-79.2154,37.3329],[-79.1975,37.3445],[-79.1752,37.3421],[-79.1348,37.376],[-79.118,37.369],[-79.0851,37.3949],[-79.0624,37.3886],[-79.0717,37.4196],[-79.0443,37.4166],[-79.0431,37.4332],[-79.0217,37.4292],[-78.9534,37.3171],[-78.9497,37.2925],[-78.9265,37.2771],[-78.9217,37.2459],[-78.8912,37.2487],[-78.8632,37.2405],[-78.8548,37.2266],[-78.857,37.2124],[-78.8242,37.2054],[-78.9046,37.0223],[-78.9729,37.0502],[-79.0048,37.0299],[-79.0186,37.0404],[-79.0587,37.0461],[-79.1104,37.0679],[-79.124,37.0898],[-79.1671,37.0675],[-79.1809,37.0707],[-79.1931,37.0546],[-79.2059,37.0748],[-79.2052,37.1108],[-79.219,37.1183],[-79.2214,37.1022],[-79.2336,37.0996],[-79.2533,37.1329],[-79.2721,37.1116],[-79.295,37.1048],[-79.3429,37.1365],[-79.3447,37.1257],[-79.3827,37.119],[-79.3711,37.1059],[-79.3875,37.0929],[-79.4047,37.0918],[-79.4052,37.0632],[-79.4429,37.0559]]]},"properties":{"GEOID":"51031","state_fips":"51","state_abbr":"VA","county_name":"Campbell County","category":"county_restriction","n_total":2,"n_live":2,"n_pending":0,"n_lapsed":0,"n_live_county_restriction":2,"n_live_town_restriction":0,"n_live_conditions":0,"action_ids":["dct-campbell-county-va-2025-11-01","dct-campbell-county-va-by-right-elimination-2026-05-05"]}},{"type":"Feature","geometry":{"type":"Polygon","coordinates":[[[-120.3178,47.4627],[-120.3024,47.5213],[-120.2928,47.5382],[-120.2594,47.5585],[-120.2413,47.5816],[-120.2336,47.5976],[-120.2369,47.6318],[-120.199,47.6823],[-120.2229,47.7233],[-120.2157,47.7409],[-120.1914,47.7595],[-120.1309,47.7766],[-120.0873,47.7632],[-119.9927,47.7831],[-119.9601,47.8458],[-119.915,47.8677],[-119.9084,47.8794],[-119.9126,47.9045],[-119.8597,47.9419],[-119.8839,47.973],[-119.8688,48.0004],[-119.8692,48.0183],[-119.8953,48.05],[-119.8498,48.0748],[-119.7808,48.087],[-119.7734,48.1045],[-119.7406,48.1004],[-119.7219,48.0825],[-119.6837,48.093],[-119.6697,48.0718],[-119.6937,48.0321],[-119.6908,48.0249],[-119.6548,48.001],[-119.6207,47.9968],[-119.5951,48.0209],[-119.5241,48.057],[-119.5161,48.0748],[-119.501,48.0824],[-119.4407,48.0787],[-119.4022,48.0504],[-119.3412,48.0498],[-119.3279,48.0703],[-119.3275,48.0967],[-119.3073,48.1118],[-119.2921,48.115],[-119.2526,48.1026],[-119.131,48.1512],[-119.0983,48.1377],[-119.0558,48.1365],[-119.0295,48.1142],[-119.0047,48.0443],[-118.9508,48.0189],[-118.9822,47.962],[-119.1039,47.9618],[-119.104,47.9467],[-119.1256,47.9468],[-119.1259,47.9173],[-119.1474,47.9174],[-119.1474,47.9027],[-119.1906,47.9025],[-119.1906,47.8878],[-119.2122,47.8877],[-119.2124,47.8007],[-119.2339,47.8007],[-119.2342,47.772],[-119.2559,47.7717],[-119.2558,47.7425],[-119.2772,47.7426],[-119.2772,47.7282],[-119.2986,47.7283],[-119.2988,47.6704],[-119.3201,47.6702],[-119.3203,47.6268],[-119.3415,47.6267],[-119.3418,47.6124],[-119.4052,47.6126],[-119.4053,47.599],[-119.4268,47.5991],[-119.4268,47.5848],[-119.4478,47.5849],[-119.4477,47.5705],[-119.4691,47.5708],[-119.4692,47.5566],[-119.4901,47.5565],[-119.4905,47.542],[-119.5121,47.542],[-119.5117,47.5276],[-119.5329,47.5278],[-119.5336,47.4412],[-119.8758,47.4375],[-119.8758,47.4083],[-119.8972,47.408],[-119.8974,47.3935],[-119.9187,47.3934],[-119.9189,47.3645],[-119.9402,47.3644],[-119.9404,47.3494],[-119.9613,47.3488],[-119.9618,47.335],[-119.9832,47.3346],[-119.9831,47.3204],[-120.0047,47.32],[-120.0071,47.2201],[-120.0191,47.2266],[-120.0729,47.2248],[-120.0903,47.2392],[-120.0963,47.2546],[-120.0863,47.3389],[-120.1296,47.3663],[-120.2365,47.3787],[-120.2865,47.3931],[-120.3178,47.4627]]]},"properties":{"GEOID":"53017","state_fips":"53","state_abbr":"WA","county_name":"Douglas County","category":"lapsed_only","n_total":1,"n_live":0,"n_pending":0,"n_lapsed":1,"n_live_county_restriction":0,"n_live_town_restriction":0,"n_live_conditions":0,"action_ids":["wa-east-wenatchee-2018"]}},{"type":"Feature","geometry":{"type":"Polygon","coordinates":[[[-92.9888,33.0173],[-92.9785,33.3771],[-92.7942,33.3726],[-92.7561,33.3876],[-92.7262,33.3843],[-92.7149,33.3705],[-92.6608,33.356],[-92.6459,33.3685],[-92.624,33.3592],[-92.5988,33.361],[-92.6032,33.3644],[-92.5944,33.3737],[-92.5617,33.362],[-92.5473,33.3663],[-92.5464,33.3595],[-92.5318,33.3556],[-92.5354,33.3482],[-92.5268,33.3325],[-92.5193,33.332],[-92.5242,33.3169],[-92.4999,33.3276],[-92.4881,33.3155],[-92.4807,33.3278],[-92.4708,33.3143],[-92.46,33.3202],[-92.471,33.3063],[-92.4585,33.304],[-92.473,33.2937],[-92.4601,33.2832],[-92.4529,33.2874],[-92.443,33.2734],[-92.4327,33.2766],[-92.4314,33.2695],[-92.3771,33.28],[-92.3569,33.302],[-92.3503,33.2963],[-92.3591,33.282],[-92.3276,33.2796],[-92.325,33.2621],[-92.3094,33.2646],[-92.3129,33.2723],[-92.2975,33.281],[-92.2927,33.2644],[-92.2709,33.2666],[-92.2668,33.2545],[-92.225,33.2537],[-92.2341,33.2332],[-92.2109,33.2249],[-92.2222,33.2219],[-92.2243,33.2117],[-92.1957,33.2017],[-92.1797,33.2139],[-92.1744,33.1951],[-92.1815,33.1876],[-92.1732,33.1898],[-92.1628,33.1733],[-92.1712,33.1632],[-92.1502,33.1704],[-92.1467,33.1613],[-92.1107,33.1574],[-92.1092,33.1445],[-92.1192,33.145],[-92.1132,33.1331],[-92.1187,33.1208],[-92.1274,33.1203],[-92.1437,33.0983],[-92.1326,33.0967],[-92.1291,33.0701],[-92.1151,33.071],[-92.1088,33.0325],[-92.0827,33.0312],[-92.069,33.0082],[-92.9888,33.0173]]]},"properties":{"GEOID":"05139","state_fips":"05","state_abbr":"AR","county_name":"Union County","category":"county_restriction","n_total":1,"n_live":1,"n_pending":0,"n_lapsed":0,"n_live_county_restriction":1,"n_live_town_restriction":0,"n_live_conditions":0,"action_ids":["ar-union-county-2026"]}},{"type":"Feature","geometry":{"type":"MultiPolygon","coordinates":[[[[-72.7614,41.2423],[-72.7589,41.2538],[-72.7403,41.2565],[-72.7411,41.2527],[-72.7614,41.2423]]],[[[-72.7631,41.258],[-72.7623,41.2604],[-72.7612,41.259],[-72.7631,41.258]]],[[[-73.1225,41.1829],[-73.1093,41.2041],[-73.11,41.2294],[-73.0874,41.2518],[-73.0869,41.2766],[-73.0688,41.2892],[-73.0617,41.3101],[-73.0407,41.3139],[-73.0482,41.3915],[-73.0417,41.4209],[-73.0295,41.4195],[-73.0258,41.4596],[-73.0033,41.4627],[-73.0013,41.4711],[-72.918,41.4599],[-72.8867,41.448],[-72.8463,41.5028],[-72.8531,41.5249],[-72.8612,41.5281],[-72.8531,41.5464],[-72.8443,41.5447],[-72.8485,41.5673],[-72.8276,41.571],[-72.8296,41.5624],[-72.8191,41.5543],[-72.8012,41.5731],[-72.7522,41.5789],[-72.7433,41.4831],[-72.7339,41.4854],[-72.7461,41.4233],[-72.6484,41.4351],[-72.6424,41.4293],[-72.6492,41.4173],[-72.6323,41.4123],[-72.6123,41.3862],[-72.6144,41.33],[-72.5864,41.3242],[-72.5856,41.3073],[-72.546,41.2803],[-72.5472,41.2625],[-72.5363,41.2548],[-72.5439,41.2487],[-72.5833,41.2717],[-72.6584,41.265],[-72.6657,41.2701],[-72.6796,41.2615],[-72.6775,41.2548],[-72.6841,41.2584],[-72.6904,41.2467],[-72.7061,41.2439],[-72.7132,41.2488],[-72.7058,41.2599],[-72.7186,41.2561],[-72.7174,41.2629],[-72.7324,41.2551],[-72.7621,41.2677],[-72.7873,41.2646],[-72.8167,41.2493],[-72.8276,41.2649],[-72.8361,41.2488],[-72.8418,41.259],[-72.8611,41.2458],[-72.8946,41.2425],[-72.9041,41.2496],[-72.8938,41.2599],[-72.9054,41.2706],[-72.9076,41.2962],[-72.9131,41.2967],[-72.9392,41.2802],[-72.9313,41.2623],[-72.9621,41.2519],[-72.9751,41.2338],[-72.9869,41.2351],[-73.0145,41.2047],[-73.0379,41.2018],[-73.0555,41.2091],[-73.108,41.1688],[-73.1225,41.1829]]]]},"properties":{"GEOID":"09170","state_fips":"09","state_abbr":"CT","county_name":"South Central Connecticut Planning Region","category":"town_restriction","n_total":3,"n_live":1,"n_pending":2,"n_lapsed":0,"n_live_county_restriction":0,"n_live_town_restriction":1,"n_live_conditions":0,"action_ids":["ct-new-haven-undated","dct-new-haven-ct-moratorium-2026-07-06","ct-west-haven-2026"]}},{"type":"Feature","geometry":{"type":"Polygon","coordinates":[[[-85.2981,39.5255],[-84.8154,39.522],[-84.8195,39.3052],[-85.2179,39.3085],[-85.2965,39.2683],[-85.2981,39.5255]]]},"properties":{"GEOID":"18047","state_fips":"18","state_abbr":"IN","county_name":"Franklin County","category":"county_restriction","n_total":2,"n_live":2,"n_pending":0,"n_lapsed":0,"n_live_county_restriction":2,"n_live_town_restriction":0,"n_live_conditions":0,"action_ids":["dct-franklin-county-in-2026-02-24","in-franklin-county-2025"]}},{"type":"Feature","geometry":{"type":"MultiPolygon","coordinates":[[[[-105.0826,39.9593],[-105.0577,39.9747],[-105.0528,39.9659],[-105.0529,39.9578],[-105.0826,39.9593]]],[[[-105.6932,39.9412],[-105.6855,39.9585],[-105.6903,39.9698],[-105.6832,39.9929],[-105.6906,39.9963],[-105.6898,40.0151],[-105.6616,40.0165],[-105.6412,40.0342],[-105.6374,40.0455],[-105.6511,40.0584],[-105.6326,40.0814],[-105.6367,40.107],[-105.6266,40.1187],[-105.6357,40.146],[-105.6677,40.1583],[-105.6706,40.1854],[-105.6776,40.1885],[-105.66,40.2488],[-105.6443,40.2498],[-105.6533,40.2605],[-105.0551,40.2618],[-105.0528,39.9777],[-105.088,39.9598],[-105.072,39.9577],[-105.0719,39.9502],[-105.0911,39.9433],[-105.0909,39.9361],[-105.1092,39.9361],[-105.1094,39.9255],[-105.1187,39.933],[-105.1093,39.9506],[-105.1208,39.9513],[-105.1095,39.957],[-105.128,39.9542],[-105.1282,39.9396],[-105.147,39.9289],[-105.1471,39.9139],[-105.3978,39.9129],[-105.398,39.9349],[-105.4191,39.9288],[-105.44,39.9384],[-105.4557,39.9323],[-105.6758,39.9324],[-105.6932,39.9412]],[[-105.1092,39.9566],[-105.1038,39.9575],[-105.091,39.9578],[-105.1,39.959],[-105.1092,39.9566]]]]},"properties":{"GEOID":"08013","state_fips":"08","state_abbr":"CO","county_name":"Boulder County","category":"county_restriction","n_total":2,"n_live":2,"n_pending":0,"n_lapsed":0,"n_live_county_restriction":1,"n_live_town_restriction":1,"n_live_conditions":0,"action_ids":["co-boulder-county-2026","dct-longmont-co-2026-05-19"]}},{"type":"Feature","geometry":{"type":"MultiPolygon","coordinates":[[[[-75.5931,39.8375],[-75.5864,39.8443],[-75.5799,39.8385],[-75.5931,39.8375]]],[[[-76.1356,39.7216],[-76.1193,39.7234],[-76.1207,39.7351],[-76.1136,39.7371],[-76.1052,39.724],[-76.0968,39.7291],[-76.0925,39.7338],[-76.1005,39.7455],[-76.088,39.7449],[-76.0819,39.7614],[-76.0637,39.7631],[-76.0646,39.7712],[-76.0413,39.7969],[-76.0497,39.8024],[-76.0392,39.8012],[-76.0296,39.813],[-76.0376,39.8269],[-76.0165,39.8315],[-76.0228,39.8498],[-76.0076,39.8523],[-76.0017,39.8747],[-75.9913,39.8687],[-75.9869,39.8735],[-75.9973,39.927],[-75.981,39.9335],[-75.9946,39.9522],[-75.9359,40.0375],[-75.943,40.1093],[-75.8734,40.1371],[-75.6968,40.2419],[-75.6885,40.2362],[-75.6712,40.2446],[-75.6509,40.242],[-75.6124,40.223],[-75.6032,40.227],[-75.6069,40.2361],[-75.597,40.2368],[-75.5733,40.1953],[-75.5629,40.1974],[-75.5643,40.2091],[-75.5577,40.208],[-75.541,40.176],[-75.5292,40.1687],[-75.5268,40.1496],[-75.5038,40.1597],[-75.5108,40.1405],[-75.5056,40.1326],[-75.4616,40.1248],[-75.4716,40.1119],[-75.4562,40.0878],[-75.4201,40.0972],[-75.3926,40.061],[-75.3667,40.0724],[-75.3611,40.0655],[-75.415,40.0418],[-75.4043,40.0274],[-75.4534,39.9935],[-75.4377,39.9939],[-75.4361,39.9849],[-75.5238,39.9441],[-75.519,39.9342],[-75.5305,39.932],[-75.5235,39.9231],[-75.5427,39.9272],[-75.5505,39.9149],[-75.5464,39.9097],[-75.5613,39.9074],[-75.5734,39.8964],[-75.5712,39.8881],[-75.5979,39.8745],[-75.593,39.867],[-75.6015,39.8564],[-75.592,39.8525],[-75.5948,39.8373],[-75.6415,39.8284],[-75.7012,39.8026],[-75.7444,39.7679],[-75.7738,39.7222],[-76.1356,39.7216]]]]},"properties":{"GEOID":"42029","state_fips":"42","state_abbr":"PA","county_name":"Chester County","category":"town_restriction","n_total":3,"n_live":2,"n_pending":1,"n_lapsed":0,"n_live_county_restriction":0,"n_live_town_restriction":2,"n_live_conditions":0,"action_ids":["dct-east-whiteland-curative-pa-2026-04-01","dct-north-coventry-township-pa-2026-02-23","dct-tredyffrin-township-chester-county-pa-2026-04-21"]}},{"type":"Feature","geometry":{"type":"Polygon","coordinates":[[[-81.0823,33.0266],[-80.9372,33.1026],[-80.906,33.0602],[-80.8961,33.0614],[-80.8767,33.0934],[-80.889,33.1022],[-80.8954,33.1253],[-80.7908,33.1812],[-80.772,33.1716],[-80.7466,33.1746],[-80.7031,33.1525],[-80.6704,33.1036],[-80.6227,33.0663],[-80.5785,33.0573],[-80.5503,33.0583],[-80.532,33.0697],[-80.5097,33.0573],[-80.4748,33.0644],[-80.4521,33.0622],[-80.44,33.049],[-80.4219,33.0549],[-80.412,33.0466],[-80.4007,33.0528],[-80.3878,33.0328],[-80.4065,33.019],[-80.4087,32.9846],[-80.4188,32.9673],[-80.4052,32.9551],[-80.3994,32.936],[-80.4064,32.9102],[-80.3853,32.8861],[-80.3962,32.883],[-80.4033,32.8696],[-80.3943,32.8446],[-80.4057,32.8143],[-80.4358,32.7879],[-80.4327,32.7794],[-80.4468,32.7638],[-80.4536,32.7399],[-80.4293,32.7197],[-80.4358,32.7131],[-80.423,32.7148],[-80.4161,32.6953],[-80.4224,32.689],[-80.4203,32.6696],[-80.4058,32.653],[-80.3886,32.6512],[-80.4085,32.6267],[-80.4277,32.6237],[-80.4214,32.6048],[-80.398,32.6183],[-80.3876,32.6165],[-80.3978,32.5927],[-80.389,32.5717],[-80.4166,32.5463],[-80.379,32.5309],[-80.3528,32.5002],[-80.3342,32.4933],[-80.3243,32.5028],[-80.3493,32.5183],[-80.3469,32.5263],[-80.3213,32.5232],[-80.3191,32.511],[-80.2847,32.5304],[-80.2777,32.5238],[-80.2612,32.5357],[-80.255,32.5318],[-80.3324,32.4781],[-80.3604,32.4998],[-80.3926,32.4753],[-80.4135,32.4707],[-80.4216,32.4948],[-80.4441,32.5049],[-80.4721,32.497],[-80.477,32.4854],[-80.5029,32.4957],[-80.5178,32.5191],[-80.5365,32.5292],[-80.5515,32.5658],[-80.566,32.5509],[-80.5652,32.5655],[-80.5842,32.5677],[-80.5762,32.5778],[-80.5798,32.5843],[-80.5998,32.581],[-80.6099,32.59],[-80.6209,32.5812],[-80.6478,32.5964],[-80.6607,32.6151],[-80.6544,32.6269],[-80.6751,32.6252],[-80.674,32.6329],[-80.6586,32.6351],[-80.6607,32.6433],[-80.6782,32.6427],[-80.6845,32.6546],[-80.6805,32.6628],[-80.6689,32.6636],[-80.6711,32.6716],[-80.7033,32.6646],[-80.7184,32.6795],[-80.7285,32.6737],[-80.7392,32.6823],[-80.7449,32.6742],[-80.7656,32.6753],[-80.7686,32.6815],[-80.7727,32.6762],[-80.7783,32.6869],[-80.7873,32.6825],[-80.7875,32.6882],[-80.8227,32.6969],[-80.8456,32.7208],[-80.8662,32.7756],[-80.8958,32.8106],[-80.9001,32.8326],[-80.9455,32.8764],[-80.9588,32.8767],[-80.9872,32.9011],[-81.0135,32.9548],[-81.0823,33.0266]]]},"properties":{"GEOID":"45029","state_fips":"45","state_abbr":"SC","county_name":"Colleton County","category":"county_restriction","n_total":3,"n_live":2,"n_pending":1,"n_lapsed":0,"n_live_county_restriction":2,"n_live_town_restriction":0,"n_live_conditions":0,"action_ids":["sc-colleton-county-2026","dct-colleton-county-sc-moratorium-first-reading-2026-05-04","dct-colleton-county-sc-moratorium-2026-07-07"]}},{"type":"Feature","geometry":{"type":"MultiPolygon","coordinates":[[[[-83.191,42.0334],[-83.1899,42.036],[-83.1892,42.0333],[-83.191,42.0334]]],[[[-83.5519,42.4352],[-83.1908,42.4451],[-82.8702,42.451],[-82.8822,42.4052],[-82.9287,42.3584],[-82.9645,42.3552],[-82.9543,42.3489],[-82.9598,42.34],[-83.0636,42.3169],[-83.0996,42.2871],[-83.1264,42.2384],[-83.1344,42.1746],[-83.1192,42.1253],[-83.132,42.0902],[-83.1682,42.089],[-83.1705,42.0748],[-83.1824,42.0834],[-83.191,42.0774],[-83.1867,42.0477],[-83.1998,42.0389],[-83.2304,42.0487],[-83.2293,42.0549],[-83.2545,42.064],[-83.2576,42.0737],[-83.2676,42.0691],[-83.2953,42.0942],[-83.5394,42.0856],[-83.5519,42.4352]]]]},"properties":{"GEOID":"26163","state_fips":"26","state_abbr":"MI","county_name":"Wayne County","category":"town_restriction","n_total":6,"n_live":5,"n_pending":1,"n_lapsed":0,"n_live_county_restriction":0,"n_live_town_restriction":5,"n_live_conditions":0,"action_ids":["dct-detroit-mi-moratorium-2026-03-18","mi-detroit-2026","dct-detroit-mi-zoning-working-group-2026-04","dct-gibraltar-mi-moratorium-2026-02","dct-northville-mi-2026-01-06","mi-taylor-undated"]}},{"type":"Feature","geometry":{"type":"Polygon","coordinates":[[[-87.4085,37.6836],[-87.3873,37.73],[-87.3208,37.7425],[-87.2716,37.7801],[-87.2959,37.7844],[-87.2988,37.7948],[-87.3105,37.799],[-87.3033,37.8117],[-87.3234,37.8192],[-87.3029,37.8977],[-87.2203,37.8491],[-87.1623,37.8402],[-87.1415,37.8163],[-87.1296,37.7866],[-87.111,37.7824],[-87.079,37.7941],[-87.0621,37.8142],[-87.0402,37.9012],[-86.9788,37.9302],[-86.9702,37.9189],[-86.986,37.9047],[-86.9862,37.8953],[-86.932,37.9097],[-86.9129,37.9024],[-86.9097,37.886],[-86.8935,37.8817],[-86.9085,37.8693],[-86.9041,37.8572],[-86.9153,37.8396],[-86.8939,37.8287],[-86.8865,37.8363],[-86.854,37.8408],[-86.8171,37.7916],[-86.8234,37.7378],[-86.8666,37.7088],[-86.8175,37.6738],[-86.9209,37.6243],[-86.9504,37.6298],[-87.0383,37.5608],[-87.0649,37.5726],[-87.0955,37.5669],[-87.1388,37.5756],[-87.4085,37.6836]]]},"properties":{"GEOID":"21059","state_fips":"21","state_abbr":"KY","county_name":"Daviess County","category":"county_restriction","n_total":1,"n_live":1,"n_pending":0,"n_lapsed":0,"n_live_county_restriction":1,"n_live_town_restriction":0,"n_live_conditions":0,"action_ids":["ky-daviess-county-2026"]}},{"type":"Feature","geometry":{"type":"Polygon","coordinates":[[[-84.3542,33.3534],[-84.3536,33.4362],[-84.3232,33.4359],[-84.3234,33.428],[-84.3042,33.4274],[-84.3043,33.4356],[-84.2947,33.4357],[-84.2942,33.4843],[-84.2839,33.4843],[-84.2825,33.5329],[-84.293,33.533],[-84.2926,33.5491],[-84.2637,33.5489],[-84.2636,33.5822],[-84.245,33.5903],[-84.2439,33.5986],[-84.263,33.607],[-84.2626,33.631],[-84.2721,33.6312],[-84.2817,33.6473],[-84.2458,33.6469],[-84.2455,33.6307],[-84.2242,33.6307],[-84.224,33.6466],[-84.1841,33.6462],[-84.1816,33.6292],[-84.131,33.5646],[-84.1063,33.5662],[-84.0523,33.5426],[-84.0562,33.5267],[-84.0445,33.5258],[-84.0539,33.5143],[-84.0419,33.5186],[-84.0429,33.5096],[-84.0301,33.4998],[-84.0372,33.4958],[-83.9492,33.4857],[-83.9229,33.451],[-83.9239,33.4442],[-83.9435,33.4418],[-83.9435,33.4253],[-83.9631,33.4192],[-83.9631,33.4076],[-83.9731,33.4076],[-83.9732,33.3852],[-83.966,33.3851],[-83.9644,33.3752],[-84.0076,33.3683],[-84.0213,33.3569],[-84.0327,33.3616],[-84.0331,33.3428],[-84.0536,33.3295],[-84.0537,33.3177],[-84.0613,33.3097],[-84.0635,33.3176],[-84.073,33.3176],[-84.0737,33.3018],[-84.0861,33.2976],[-84.124,33.3001],[-84.1453,33.3166],[-84.1508,33.313],[-84.1506,33.3356],[-84.2473,33.3358],[-84.2474,33.3526],[-84.3542,33.3534]]]},"properties":{"GEOID":"13151","state_fips":"13","state_abbr":"GA","county_name":"Henry County","category":"county_restriction","n_total":1,"n_live":1,"n_pending":0,"n_lapsed":0,"n_live_county_restriction":1,"n_live_town_restriction":0,"n_live_conditions":0,"action_ids":["dct-henry-county-ga-2026-01-06"]}},{"type":"Feature","geometry":{"type":"Polygon","coordinates":[[[-85.3016,39.7876],[-85.1835,39.7884],[-85.1851,39.7155],[-85.0346,39.7148],[-85.0361,39.5262],[-85.2981,39.5255],[-85.3016,39.7876]]]},"properties":{"GEOID":"18041","state_fips":"18","state_abbr":"IN","county_name":"Fayette County","category":"county_restriction","n_total":1,"n_live":1,"n_pending":0,"n_lapsed":0,"n_live_county_restriction":1,"n_live_town_restriction":0,"n_live_conditions":0,"action_ids":["in-fayette-county-2026"]}},{"type":"Feature","geometry":{"type":"Polygon","coordinates":[[[-96.9616,39.2208],[-96.9587,39.5664],[-96.5805,39.5662],[-96.5891,39.5458],[-96.6156,39.5318],[-96.6193,39.5389],[-96.6426,39.5221],[-96.6398,39.5098],[-96.6567,39.5002],[-96.6676,39.4754],[-96.6772,39.4732],[-96.6821,39.4828],[-96.6881,39.4612],[-96.7134,39.455],[-96.7219,39.4441],[-96.713,39.4365],[-96.7277,39.4269],[-96.7149,39.4195],[-96.7147,39.4101],[-96.7263,39.4039],[-96.6957,39.3734],[-96.6842,39.3719],[-96.6911,39.36],[-96.6611,39.3433],[-96.6713,39.3369],[-96.6668,39.3285],[-96.6466,39.3262],[-96.6566,39.317],[-96.6335,39.2986],[-96.6395,39.2927],[-96.635,39.2871],[-96.5954,39.2625],[-96.591,39.2496],[-96.5762,39.2495],[-96.5797,39.2561],[-96.571,39.2502],[-96.5869,39.2384],[-96.5619,39.2411],[-96.5472,39.209],[-96.5391,39.2148],[-96.5187,39.2056],[-96.531,39.1957],[-96.5606,39.1977],[-96.5562,39.1799],[-96.5171,39.1876],[-96.5161,39.171],[-96.4943,39.1681],[-96.4847,39.1794],[-96.4731,39.1647],[-96.4604,39.1684],[-96.4615,39.188],[-96.452,39.1912],[-96.3898,39.1738],[-96.3908,39.0433],[-96.5012,39.0437],[-96.501,39.0727],[-96.7061,39.0731],[-96.7063,39.0912],[-96.7219,39.0914],[-96.7361,39.08],[-96.7434,39.0877],[-96.8514,39.0882],[-96.8513,39.1007],[-96.8322,39.1196],[-96.831,39.1392],[-96.8497,39.1393],[-96.8499,39.219],[-96.9616,39.2208]]]},"properties":{"GEOID":"20161","state_fips":"20","state_abbr":"KS","county_name":"Riley County","category":"county_restriction","n_total":1,"n_live":1,"n_pending":0,"n_lapsed":0,"n_live_county_restriction":1,"n_live_town_restriction":0,"n_live_conditions":0,"action_ids":["ks-riley-county-2026"]}},{"type":"Feature","geometry":{"type":"Polygon","coordinates":[[[-83.956,36.6438],[-83.8786,36.6803],[-83.8686,36.7132],[-83.8557,36.7055],[-83.8413,36.7118],[-83.8302,36.7233],[-83.8289,36.7433],[-83.8092,36.7481],[-83.8111,36.7568],[-83.8,36.7656],[-83.7982,36.7852],[-83.7862,36.8007],[-83.7523,36.8053],[-83.7557,36.8006],[-83.7438,36.7965],[-83.7373,36.8093],[-83.7102,36.8247],[-83.7087,36.8351],[-83.6879,36.8355],[-83.6829,36.8546],[-83.6424,36.8662],[-83.6431,36.8794],[-83.6348,36.8867],[-83.6202,36.8842],[-83.6124,36.8976],[-83.5811,36.9047],[-83.5661,36.9315],[-83.5698,36.9395],[-83.5838,36.9412],[-83.5895,36.9558],[-83.5091,36.9385],[-83.5095,36.9234],[-83.4902,36.9158],[-83.5043,36.8995],[-83.4898,36.8954],[-83.497,36.8836],[-83.4939,36.8635],[-83.4817,36.8491],[-83.5117,36.8074],[-83.4858,36.7833],[-83.5009,36.7333],[-83.4863,36.7103],[-83.4595,36.6974],[-83.461,36.6649],[-83.5296,36.6662],[-83.5773,36.6418],[-83.6483,36.6227],[-83.6907,36.5826],[-83.9308,36.5877],[-83.9263,36.6065],[-83.956,36.6438]]]},"properties":{"GEOID":"21013","state_fips":"21","state_abbr":"KY","county_name":"Bell County","category":"county_restriction","n_total":1,"n_live":1,"n_pending":0,"n_lapsed":0,"n_live_county_restriction":1,"n_live_town_restriction":0,"n_live_conditions":0,"action_ids":["ky-bell-county-2026"]}},{"type":"Feature","geometry":{"type":"Polygon","coordinates":[[[-90.1401,29.9479],[-90.125,29.9737],[-90.1081,30.1649],[-90.0403,30.1551],[-89.9032,30.1987],[-89.8484,30.1901],[-89.8208,30.18],[-89.7974,30.1608],[-89.7759,30.1594],[-89.7441,30.1775],[-89.7193,30.161],[-89.6853,30.1753],[-89.6554,30.1593],[-89.6255,30.1551],[-89.657,30.1184],[-89.6782,30.1083],[-89.6849,30.0752],[-89.7309,30.0607],[-89.7309,30.0451],[-89.7177,30.0253],[-89.7333,30.0221],[-89.7679,30.0457],[-89.8183,30.0457],[-89.8585,30.0083],[-89.8631,29.9877],[-89.87,29.9931],[-89.8816,29.9862],[-89.8945,30.0023],[-89.9142,29.9991],[-89.9401,29.9801],[-89.9726,29.9948],[-89.9899,29.9895],[-90.0121,29.946],[-89.9698,29.9247],[-89.9244,29.9188],[-89.9033,29.8874],[-89.9107,29.8679],[-89.9176,29.8667],[-89.9354,29.893],[-89.959,29.9026],[-89.9873,29.905],[-89.9892,29.8894],[-90.0023,29.8978],[-90.0025,29.8923],[-90.0585,29.9453],[-90.0592,29.9304],[-90.0717,29.9193],[-90.1044,29.9088],[-90.1274,29.9109],[-90.1386,29.9188],[-90.1401,29.9479]]]},"properties":{"GEOID":"22071","state_fips":"22","state_abbr":"LA","county_name":"Orleans Parish","category":"town_restriction","n_total":1,"n_live":1,"n_pending":0,"n_lapsed":0,"n_live_county_restriction":0,"n_live_town_restriction":1,"n_live_conditions":0,"action_ids":["la-new-orleans-2026"]}},{"type":"Feature","geometry":{"type":"Polygon","coordinates":[[[-95.1399,45.585],[-95.1397,45.7734],[-94.2718,45.7752],[-94.2597,45.7424],[-94.2152,45.7263],[-94.2235,45.7101],[-94.21,45.7011],[-94.203,45.6782],[-94.1827,45.6796],[-94.1974,45.6705],[-94.2037,45.6196],[-94.1456,45.5535],[-94.1505,45.5291],[-94.1395,45.5164],[-94.142,45.4932],[-94.101,45.468],[-94.1017,45.4548],[-94.0812,45.4469],[-94.0808,45.4386],[-94.0522,45.4353],[-94.0473,45.4229],[-94.0566,45.4211],[-94.086,45.3798],[-94.0814,45.3668],[-94.096,45.3524],[-94.0927,45.3425],[-94.1619,45.3012],[-94.1757,45.3026],[-94.1799,45.3132],[-94.1943,45.3189],[-94.2526,45.3083],[-94.2615,45.2977],[-94.2608,45.2839],[-94.3834,45.2828],[-94.3836,45.3266],[-94.7631,45.3261],[-94.7629,45.4129],[-95.1319,45.4125],[-95.1315,45.585],[-95.1399,45.585]]]},"properties":{"GEOID":"27145","state_fips":"27","state_abbr":"MN","county_name":"Stearns County","category":"town_restriction","n_total":2,"n_live":2,"n_pending":0,"n_lapsed":0,"n_live_county_restriction":0,"n_live_town_restriction":2,"n_live_conditions":0,"action_ids":["mn-waite-park-undated","dct-waite-park-mn-moratorium-hearing-2026-05-04"]}},{"type":"Feature","geometry":{"type":"Polygon","coordinates":[[[-93.0822,38.1865],[-93.0777,38.2631],[-93.0611,38.2716],[-93.0165,38.2449],[-93.0057,38.2227],[-92.9842,38.2197],[-92.9849,38.2114],[-93.02,38.2048],[-93.0169,38.1913],[-93.0062,38.186],[-92.9866,38.1908],[-92.9569,38.2295],[-92.9378,38.2252],[-92.932,38.2162],[-92.963,38.1972],[-92.7645,38.1896],[-92.756,38.2125],[-92.7367,38.2207],[-92.7072,38.224],[-92.6756,38.2128],[-92.6401,38.213],[-92.6413,38.1716],[-92.6047,38.1707],[-92.5968,38.1108],[-92.5877,38.1106],[-92.588,38.0961],[-92.5697,38.0959],[-92.5703,38.0666],[-92.5521,38.0663],[-92.5524,38.0521],[-92.5336,38.0518],[-92.5339,38.0375],[-92.5156,38.0369],[-92.516,38.0223],[-92.4063,38.0212],[-92.4092,37.8592],[-92.4218,37.8587],[-92.453,37.8241],[-92.5015,37.8277],[-92.5135,37.8109],[-92.5317,37.8111],[-92.5491,37.8005],[-92.6001,37.8403],[-92.5992,37.8518],[-92.6187,37.8738],[-92.6202,37.8925],[-93.0724,37.9026],[-93.0591,38.1857],[-93.0822,38.1865]]]},"properties":{"GEOID":"29029","state_fips":"29","state_abbr":"MO","county_name":"Camden County","category":"town_restriction","n_total":2,"n_live":2,"n_pending":0,"n_lapsed":0,"n_live_county_restriction":0,"n_live_town_restriction":2,"n_live_conditions":0,"action_ids":["mo-city-of-camdenton-2026","dct-camdenton-mo-moratorium-opportunity-zone-2026-05-05"]}},{"type":"Feature","geometry":{"type":"Polygon","coordinates":[[[-74.7958,40.5153],[-74.7766,40.5033],[-74.713,40.5842],[-74.7249,40.5888],[-74.7218,40.6007],[-74.7027,40.6211],[-74.7277,40.6362],[-74.7196,40.6518],[-74.7308,40.6656],[-74.7227,40.6701],[-74.7177,40.684],[-74.7239,40.6878],[-74.7158,40.7007],[-74.7257,40.7195],[-74.5556,40.758],[-74.5488,40.7337],[-74.5309,40.7299],[-74.526,40.7093],[-74.5139,40.7011],[-74.5173,40.6887],[-74.5279,40.6843],[-74.526,40.6702],[-74.5344,40.6673],[-74.5232,40.6492],[-74.461,40.6735],[-74.4508,40.6541],[-74.4329,40.6645],[-74.4198,40.6577],[-74.4018,40.6643],[-74.4271,40.6172],[-74.5097,40.5842],[-74.5259,40.5682],[-74.5141,40.542],[-74.4817,40.5119],[-74.4669,40.5089],[-74.4599,40.491],[-74.4823,40.4818],[-74.5362,40.4383],[-74.5842,40.4187],[-74.5879,40.3941],[-74.613,40.3758],[-74.6541,40.391],[-74.7221,40.3752],[-74.7958,40.5153]]]},"properties":{"GEOID":"34035","state_fips":"34","state_abbr":"NJ","county_name":"Somerset County","category":"town_restriction","n_total":2,"n_live":2,"n_pending":0,"n_lapsed":0,"n_live_county_restriction":0,"n_live_town_restriction":2,"n_live_conditions":0,"action_ids":["dct-bernards-township-nj-ban-2026-06-18","dct-warren-township-nj-somerset-ban-2026-05-18"]}},{"type":"Feature","geometry":{"type":"Polygon","coordinates":[[[-83.3637,35.4266],[-83.3452,35.4736],[-83.3179,35.4653],[-83.2617,35.5146],[-83.2163,35.526],[-83.1637,35.5092],[-83.1611,35.4962],[-83.1415,35.4935],[-83.1377,35.4644],[-83.0914,35.4575],[-83.0902,35.4486],[-83.0795,35.4476],[-83.0801,35.4347],[-83.0444,35.4151],[-83.0437,35.3944],[-82.9904,35.3676],[-82.9649,35.3334],[-82.9647,35.3153],[-82.9273,35.3028],[-82.9192,35.2708],[-82.9272,35.2373],[-82.9359,35.2249],[-82.9596,35.2155],[-82.9706,35.193],[-82.9869,35.1876],[-82.9886,35.1745],[-82.9812,35.1676],[-82.9966,35.1634],[-82.9765,35.1333],[-83.0439,35.0783],[-83.0569,35.0538],[-83.0087,35.0276],[-83.1086,35.0014],[-83.1125,35.0131],[-83.126,35.0155],[-83.1311,35.0393],[-83.1712,35.0605],[-83.1718,35.0693],[-83.1573,35.0784],[-83.1435,35.0779],[-83.1477,35.0938],[-83.1776,35.1089],[-83.1871,35.134],[-83.2131,35.1582],[-83.2238,35.1574],[-83.2161,35.2134],[-83.2242,35.2385],[-83.2824,35.2291],[-83.2936,35.2355],[-83.2986,35.2558],[-83.3159,35.2648],[-83.3121,35.2817],[-83.3212,35.312],[-83.3319,35.316],[-83.3406,35.3331],[-83.3314,35.3537],[-83.3374,35.3821],[-83.3457,35.3891],[-83.3402,35.3958],[-83.3607,35.4118],[-83.3637,35.4266]]]},"properties":{"GEOID":"37099","state_fips":"37","state_abbr":"NC","county_name":"Jackson County","category":"pending_only","n_total":1,"n_live":0,"n_pending":1,"n_lapsed":0,"n_live_county_restriction":0,"n_live_town_restriction":0,"n_live_conditions":0,"action_ids":["nc-eastern-band-of-cherokee-indians-tribal-and-trust-lands-2026"]}},{"type":"Feature","geometry":{"type":"Polygon","coordinates":[[[-96.7757,34.9],[-96.7767,35.4109],[-96.7428,35.4068],[-96.7331,35.4166],[-96.7381,35.4199],[-96.7248,35.425],[-96.7169,35.4192],[-96.7204,35.4126],[-96.7045,35.4168],[-96.69,35.4039],[-96.6524,35.3916],[-96.6362,35.399],[-96.6302,35.3927],[-96.6237,35.4007],[-96.5997,35.397],[-96.5891,35.4116],[-96.5367,35.3908],[-96.5317,35.4005],[-96.5372,35.4109],[-96.5601,35.4216],[-96.5559,35.4347],[-96.5696,35.4396],[-96.5536,35.4543],[-96.5432,35.4573],[-96.5186,35.4312],[-96.4966,35.4289],[-96.4844,35.4365],[-96.4883,35.4482],[-96.4758,35.4634],[-96.4462,35.4584],[-96.4413,35.4677],[-96.4413,35.1158],[-96.4904,35.1159],[-96.4908,34.9106],[-96.517,34.8716],[-96.5303,34.87],[-96.5438,34.8801],[-96.5641,34.9173],[-96.6368,34.8988],[-96.6654,34.9284],[-96.6836,34.933],[-96.6995,34.9303],[-96.7115,34.9163],[-96.6863,34.8885],[-96.6942,34.8685],[-96.7124,34.8597],[-96.7337,34.8597],[-96.7555,34.8998],[-96.7757,34.9]]]},"properties":{"GEOID":"40133","state_fips":"40","state_abbr":"OK","county_name":"Seminole County","category":"town_restriction","n_total":1,"n_live":1,"n_pending":0,"n_lapsed":0,"n_live_county_restriction":0,"n_live_town_restriction":1,"n_live_conditions":0,"action_ids":["ok-seminole-nation-of-oklahoma-2026"]}},{"type":"Feature","geometry":{"type":"Polygon","coordinates":[[[-75.6959,40.2424],[-75.5297,40.447],[-75.0151,40.138],[-75.0869,40.0786],[-75.0967,40.069],[-75.0874,40.0636],[-75.1094,40.0458],[-75.1764,40.0846],[-75.1885,40.0727],[-75.2236,40.0929],[-75.2644,40.0541],[-75.2058,40.0116],[-75.2765,39.977],[-75.3114,40.0198],[-75.3207,40.0162],[-75.3667,40.0724],[-75.3926,40.061],[-75.4201,40.0972],[-75.4562,40.0878],[-75.4716,40.1119],[-75.4616,40.1248],[-75.5056,40.1326],[-75.5108,40.1405],[-75.5038,40.1597],[-75.5268,40.1496],[-75.5292,40.1687],[-75.541,40.176],[-75.5577,40.208],[-75.5643,40.2091],[-75.5629,40.1974],[-75.5733,40.1953],[-75.597,40.2368],[-75.6069,40.2361],[-75.6032,40.227],[-75.6124,40.223],[-75.6509,40.242],[-75.6712,40.2446],[-75.6885,40.2362],[-75.6959,40.2424]]]},"properties":{"GEOID":"42091","state_fips":"42","state_abbr":"PA","county_name":"Montgomery County","category":"town_restriction","n_total":4,"n_live":2,"n_pending":2,"n_lapsed":0,"n_live_county_restriction":0,"n_live_town_restriction":2,"n_live_conditions":0,"action_ids":["dct-montgomery-township-pa-curative-2026-03-23","dct-plymouth-township-pa-data-center-resubmit-2026-05-05","dct-towamencin-township-pa-2026-05-06","dct-upper-gwynedd-township-pa-ordinance-2026-04-13"]}},{"type":"Feature","geometry":{"type":"Polygon","coordinates":[[[-82.3342,34.3426],[-82.2463,34.4097],[-82.2446,34.4034],[-82.2284,34.4024],[-82.2313,34.3925],[-82.178,34.3581],[-82.1687,34.3301],[-82.134,34.3238],[-82.1217,34.3034],[-82.1107,34.3081],[-82.0845,34.2998],[-82.0093,34.2425],[-81.9784,34.2381],[-81.9711,34.2222],[-81.9391,34.1955],[-81.9205,34.192],[-81.917,34.177],[-81.9054,34.1781],[-81.9077,34.1619],[-81.8973,34.1464],[-81.8685,34.1324],[-81.897,34.1069],[-81.9003,34.095],[-81.9158,34.091],[-81.9473,34.0371],[-81.9899,33.9971],[-82.0078,33.9613],[-82.047,33.9532],[-82.0451,33.9834],[-82.0761,33.9788],[-82.1511,33.9865],[-82.1677,33.9731],[-82.1844,33.9744],[-82.2208,33.9911],[-82.2437,34.0179],[-82.3059,33.9718],[-82.3269,34.0641],[-82.2688,34.1071],[-82.2498,34.1345],[-82.2401,34.1922],[-82.2482,34.2206],[-82.2653,34.2445],[-82.3071,34.2759],[-82.3111,34.3204],[-82.3238,34.3253],[-82.3342,34.3426]]]},"properties":{"GEOID":"45047","state_fips":"45","state_abbr":"SC","county_name":"Greenwood County","category":"county_restriction","n_total":2,"n_live":2,"n_pending":0,"n_lapsed":0,"n_live_county_restriction":2,"n_live_town_restriction":0,"n_live_conditions":0,"action_ids":["sc-greenwood-county-2026","dct-greenwood-county-sc-moratorium-2026-06-16"]}},{"type":"Feature","geometry":{"type":"Polygon","coordinates":[[[-97.3345,30.4028],[-97.1552,30.4573],[-96.9636,30.5572],[-96.9453,30.5432],[-96.9189,30.5392],[-96.9022,30.5142],[-96.9087,30.5019],[-96.8959,30.4892],[-96.9058,30.4701],[-96.8998,30.4603],[-96.8748,30.4575],[-96.8707,30.4355],[-96.8462,30.4314],[-96.8083,30.3965],[-96.7876,30.3889],[-96.7437,30.3198],[-96.6947,30.3202],[-96.6637,30.2955],[-96.6409,30.2968],[-96.6579,30.2878],[-96.6855,30.249],[-96.7066,30.2446],[-96.7145,30.251],[-96.7318,30.2438],[-96.7425,30.2269],[-96.7415,30.1974],[-96.8459,30.116],[-97.0192,30.032],[-97.0818,30.2594],[-97.1989,30.3374],[-97.3345,30.4028]]]},"properties":{"GEOID":"48287","state_fips":"48","state_abbr":"TX","county_name":"Lee County","category":"county_restriction","n_total":1,"n_live":1,"n_pending":0,"n_lapsed":0,"n_live_county_restriction":1,"n_live_town_restriction":0,"n_live_conditions":0,"action_ids":["dct-lee-county-tx-sandow-2026"]}},{"type":"Feature","geometry":{"type":"Polygon","coordinates":[[[-77.8782,37.3835],[-77.8674,37.3938],[-77.8751,37.4171],[-77.8467,37.4151],[-77.8092,37.4261],[-77.7978,37.4589],[-77.6554,37.564],[-77.5955,37.5558],[-77.6012,37.5452],[-77.5924,37.5329],[-77.5545,37.543],[-77.545,37.5281],[-77.5286,37.5319],[-77.5122,37.4725],[-77.4891,37.4556],[-77.4594,37.4643],[-77.4207,37.4475],[-77.4269,37.4261],[-77.3991,37.4213],[-77.3985,37.4054],[-77.3846,37.3975],[-77.3838,37.3844],[-77.3757,37.3817],[-77.3692,37.3921],[-77.3577,37.3835],[-77.3604,37.3749],[-77.3251,37.3779],[-77.3042,37.4059],[-77.2973,37.3967],[-77.3115,37.3733],[-77.3055,37.358],[-77.2726,37.3533],[-77.2659,37.376],[-77.2497,37.382],[-77.2442,37.3693],[-77.2671,37.3401],[-77.2707,37.3208],[-77.2825,37.3137],[-77.3525,37.3102],[-77.3566,37.2831],[-77.3737,37.2669],[-77.3768,37.2448],[-77.3839,37.2389],[-77.4037,37.2373],[-77.3803,37.2455],[-77.3777,37.271],[-77.3621,37.2839],[-77.3682,37.2985],[-77.3791,37.2841],[-77.4019,37.282],[-77.3997,37.2719],[-77.4123,37.283],[-77.4265,37.283],[-77.4231,37.2745],[-77.4317,37.2745],[-77.4144,37.2609],[-77.4174,37.2327],[-77.4423,37.2234],[-77.4931,37.2248],[-77.5226,37.2171],[-77.5361,37.2263],[-77.5596,37.225],[-77.5682,37.2393],[-77.5789,37.2379],[-77.6133,37.2709],[-77.6522,37.2658],[-77.6675,37.2925],[-77.6824,37.2918],[-77.6926,37.2814],[-77.7117,37.2998],[-77.7174,37.2849],[-77.7355,37.2842],[-77.7398,37.2687],[-77.7635,37.2707],[-77.7726,37.2876],[-77.8067,37.3045],[-77.809,37.3154],[-77.7963,37.324],[-77.7965,37.3327],[-77.8505,37.3451],[-77.8528,37.3567],[-77.8766,37.3643],[-77.8782,37.3835]]]},"properties":{"GEOID":"51041","state_fips":"51","state_abbr":"VA","county_name":"Chesterfield County","category":"county_restriction","n_total":1,"n_live":1,"n_pending":0,"n_lapsed":0,"n_live_county_restriction":1,"n_live_town_restriction":0,"n_live_conditions":0,"action_ids":["dct-chesterfield-county-va-2026-03-09"]}},{"type":"Feature","geometry":{"type":"Polygon","coordinates":[[[-77.9466,38.1211],[-77.9203,38.1547],[-77.9016,38.1586],[-77.8977,38.1711],[-77.8715,38.191],[-77.8774,38.2022],[-77.8599,38.2006],[-77.8348,38.2313],[-77.8277,38.23],[-77.8074,38.2556],[-77.7708,38.2801],[-77.7714,38.2881],[-77.743,38.3094],[-77.7393,38.321],[-77.7152,38.3356],[-77.7186,38.3419],[-77.708,38.3587],[-77.6795,38.3599],[-77.6724,38.3699],[-77.6477,38.3778],[-77.6371,38.3719],[-77.6442,38.3666],[-77.6395,38.359],[-77.6266,38.3689],[-77.6131,38.3647],[-77.6026,38.3487],[-77.6032,38.3331],[-77.5847,38.3468],[-77.5675,38.346],[-77.5691,38.3373],[-77.5455,38.3251],[-77.5405,38.3138],[-77.5148,38.3053],[-77.5166,38.295],[-77.5078,38.2923],[-77.5117,38.28],[-77.4969,38.283],[-77.4946,38.2739],[-77.4738,38.2702],[-77.4665,38.28],[-77.4575,38.2714],[-77.4502,38.2748],[-77.4544,38.2836],[-77.4471,38.2846],[-77.4174,38.2563],[-77.3909,38.2456],[-77.3703,38.2466],[-77.6425,37.9907],[-77.7313,38.0212],[-77.7323,38.0316],[-77.7469,38.0236],[-77.7479,38.0376],[-77.7409,38.0377],[-77.7482,38.0421],[-77.7452,38.0508],[-77.7685,38.0517],[-77.7842,38.0631],[-77.7866,38.076],[-77.8111,38.0797],[-77.8382,38.1062],[-77.847,38.0984],[-77.8884,38.1131],[-77.9018,38.1081],[-77.9167,38.1183],[-77.9342,38.1141],[-77.9466,38.1211]]]},"properties":{"GEOID":"51177","state_fips":"51","state_abbr":"VA","county_name":"Spotsylvania County","category":"county_restriction","n_total":1,"n_live":1,"n_pending":0,"n_lapsed":0,"n_live_county_restriction":1,"n_live_town_restriction":0,"n_live_conditions":0,"action_ids":["dct-spotsylvania-county-va-2025-11-01"]}},{"type":"Feature","geometry":{"type":"Polygon","coordinates":[[[-78.369,38.1841],[-78.2888,38.2727],[-78.2677,38.2637],[-78.2725,38.2515],[-78.2528,38.2345],[-78.2211,38.2301],[-78.2177,38.2422],[-78.1779,38.2542],[-78.183,38.2677],[-78.1525,38.2657],[-78.1585,38.2743],[-78.1486,38.284],[-78.1461,38.2762],[-78.1237,38.2788],[-78.0961,38.3017],[-78.0959,38.3109],[-78.0778,38.3163],[-78.0691,38.3084],[-78.0538,38.3177],[-78.037,38.3119],[-78.0308,38.3278],[-77.9939,38.3493],[-77.9757,38.3471],[-77.9729,38.3589],[-77.9587,38.3537],[-77.9196,38.3656],[-77.9075,38.3829],[-77.8927,38.3887],[-77.8816,38.3785],[-77.8119,38.3791],[-77.7809,38.3641],[-77.7745,38.3684],[-77.7878,38.3766],[-77.7712,38.393],[-77.7461,38.3841],[-77.7506,38.3774],[-77.703,38.3609],[-77.7186,38.3419],[-77.7152,38.3356],[-77.7393,38.321],[-77.743,38.3094],[-77.7714,38.2881],[-77.7708,38.2801],[-77.7911,38.268],[-77.7879,38.2637],[-77.8074,38.2556],[-77.8599,38.2006],[-77.8774,38.2022],[-77.8715,38.191],[-77.8977,38.1711],[-77.9016,38.1586],[-77.9203,38.1547],[-77.9484,38.118],[-77.984,38.1209],[-78.0022,38.1386],[-78.0479,38.1359],[-78.1017,38.1526],[-78.1166,38.14],[-78.1443,38.143],[-78.1714,38.1297],[-78.2094,38.1311],[-78.369,38.1841]]]},"properties":{"GEOID":"51137","state_fips":"51","state_abbr":"VA","county_name":"Orange County","category":"county_restriction","n_total":1,"n_live":1,"n_pending":0,"n_lapsed":0,"n_live_county_restriction":1,"n_live_town_restriction":0,"n_live_conditions":0,"action_ids":["dct-orange-county-va-2025-09-01"]}},{"type":"Feature","geometry":{"type":"Polygon","coordinates":[[[-93.3012,36.4838],[-93.2931,36.4983],[-92.854,36.498],[-92.8546,36.4646],[-92.8849,36.4909],[-92.8907,36.1142],[-93.3008,36.1215],[-93.2957,36.4279],[-93.3012,36.4838]]]},"properties":{"GEOID":"05009","state_fips":"05","state_abbr":"AR","county_name":"Boone County","category":"lapsed_only","n_total":1,"n_live":0,"n_pending":0,"n_lapsed":1,"n_live_county_restriction":0,"n_live_town_restriction":0,"n_live_conditions":0,"action_ids":["ar-harrison-2023"]}},{"type":"Feature","geometry":{"type":"Polygon","coordinates":[[[-122.2027,37.363],[-122.191,37.3844],[-122.1905,37.431],[-122.1653,37.4528],[-122.1449,37.4582],[-122.1224,37.4534],[-122.1239,37.461],[-122.1152,37.4663],[-122.0583,37.4468],[-122.0386,37.4546],[-122.0409,37.4629],[-122.0254,37.4656],[-121.9519,37.4615],[-121.9449,37.4692],[-121.925,37.4542],[-121.8653,37.4846],[-121.473,37.4823],[-121.4868,37.4757],[-121.4629,37.4515],[-121.4619,37.4388],[-121.4726,37.4233],[-121.4564,37.4067],[-121.4567,37.3955],[-121.424,37.3936],[-121.4091,37.3807],[-121.4236,37.3588],[-121.4058,37.311],[-121.4235,37.2953],[-121.4436,37.2966],[-121.4581,37.2841],[-121.4557,37.2494],[-121.4417,37.2311],[-121.4222,37.2219],[-121.4105,37.192],[-121.4134,37.1729],[-121.399,37.1501],[-121.3836,37.1515],[-121.3843,37.1662],[-121.3596,37.1845],[-121.3284,37.166],[-121.2986,37.166],[-121.2811,37.1836],[-121.2621,37.1593],[-121.2371,37.1572],[-121.2173,37.123],[-121.2304,37.0969],[-121.2455,37.0891],[-121.2082,37.062],[-121.2245,37.0562],[-121.2245,37.0397],[-121.2485,37.0335],[-121.2333,37.0117],[-121.2331,36.9993],[-121.2466,36.987],[-121.2154,36.9612],[-121.4182,36.9605],[-121.4491,36.9882],[-121.4679,36.9768],[-121.4889,36.9831],[-121.5123,36.959],[-121.5138,36.9452],[-121.5585,36.9105],[-121.5603,36.8971],[-121.5754,36.893],[-121.5812,36.9193],[-121.5902,36.9193],[-121.5904,36.9262],[-121.6072,36.9261],[-121.6247,36.9401],[-121.6458,36.9323],[-121.6648,36.9637],[-121.6981,36.9726],[-121.6954,36.9851],[-121.7179,36.9956],[-121.7387,36.99],[-121.7188,37.0076],[-121.7362,37.0153],[-121.7258,37.0207],[-121.7549,37.0485],[-121.8091,37.0693],[-121.8184,37.0838],[-121.8602,37.1041],[-121.8909,37.1053],[-121.9542,37.1292],[-122.0262,37.1669],[-122.0307,37.19],[-122.0551,37.2125],[-122.0659,37.2104],[-122.1042,37.2343],[-122.1216,37.2586],[-122.1506,37.2762],[-122.1534,37.2897],[-122.1668,37.2952],[-122.1623,37.3044],[-122.1931,37.3183],[-122.1751,37.3257],[-122.2027,37.363]]]},"properties":{"GEOID":"06085","state_fips":"06","state_abbr":"CA","county_name":"Santa Clara County","category":"town_restriction","n_total":2,"n_live":2,"n_pending":0,"n_lapsed":0,"n_live_county_restriction":0,"n_live_town_restriction":2,"n_live_conditions":0,"action_ids":["dct-gilroy-ca-2025-07-03","dct-santa-clara-ca-2024-03-06"]}},{"type":"Feature","geometry":{"type":"MultiPolygon","coordinates":[[[[-72.2239,41.2935],[-72.2252,41.2953],[-72.2238,41.2949],[-72.2239,41.2935]]],[[[-72.4667,41.5839],[-72.4172,41.5906],[-72.4104,41.6026],[-72.3842,41.5887],[-72.3754,41.6013],[-72.3559,41.5976],[-72.3281,41.6055],[-72.3245,41.6186],[-72.3342,41.6436],[-72.2684,41.6711],[-72.2742,41.6922],[-72.25,41.6997],[-72.2396,41.7142],[-72.2526,41.7282],[-72.1921,41.7304],[-72.1956,41.7396],[-72.1832,41.7561],[-72.1716,41.7485],[-72.1225,41.7488],[-72.112,41.7459],[-72.1225,41.7128],[-72.1198,41.6618],[-71.9519,41.6343],[-71.8844,41.6412],[-71.8634,41.5149],[-71.7936,41.5058],[-71.7977,41.4167],[-71.8169,41.4199],[-71.8426,41.4099],[-71.8306,41.3788],[-71.8379,41.3601],[-71.8294,41.3424],[-71.8575,41.3208],[-71.8775,41.336],[-71.9047,41.3274],[-71.9457,41.3378],[-71.9624,41.3215],[-71.9822,41.3299],[-72.0051,41.3067],[-72.0219,41.3168],[-72.0303,41.3121],[-72.0491,41.3191],[-72.0605,41.3121],[-72.0741,41.319],[-72.0944,41.3142],[-72.1118,41.2991],[-72.1342,41.2994],[-72.1563,41.3132],[-72.1644,41.3037],[-72.1841,41.324],[-72.2014,41.3157],[-72.2037,41.2872],[-72.2104,41.286],[-72.2217,41.3011],[-72.2468,41.2977],[-72.2548,41.3103],[-72.2767,41.3663],[-72.2822,41.4059],[-72.2766,41.4404],[-72.3049,41.4327],[-72.3234,41.5343],[-72.4308,41.5246],[-72.4667,41.5839]]]]},"properties":{"GEOID":"09180","state_fips":"09","state_abbr":"CT","county_name":"Southeastern Connecticut Planning Region","category":"lapsed_only","n_total":1,"n_live":0,"n_pending":0,"n_lapsed":1,"n_live_county_restriction":0,"n_live_town_restriction":0,"n_live_conditions":0,"action_ids":["ct-groton-2022"]}},{"type":"Feature","geometry":{"type":"Polygon","coordinates":[[[-82.4722,39.8419],[-82.4628,39.9304],[-82.1624,39.9094],[-82.17,39.8207],[-82.0729,39.8162],[-82.0802,39.7277],[-82.0242,39.7247],[-82.0396,39.5502],[-82.2636,39.5621],[-82.262,39.5906],[-82.3799,39.5967],[-82.3661,39.7425],[-82.4042,39.7446],[-82.3966,39.8331],[-82.4722,39.8419]]]},"properties":{"GEOID":"39127","state_fips":"39","state_abbr":"OH","county_name":"Perry County","category":"town_restriction","n_total":1,"n_live":1,"n_pending":0,"n_lapsed":0,"n_live_county_restriction":0,"n_live_town_restriction":1,"n_live_conditions":0,"action_ids":["oh-shawnee-township-2026"]}},{"type":"Feature","geometry":{"type":"Polygon","coordinates":[[[-86.2799,35.3875],[-86.2609,35.4043],[-86.2517,35.4035],[-86.2584,35.4091],[-86.2506,35.4132],[-86.2466,35.4492],[-86.2345,35.4533],[-86.2469,35.4654],[-86.2367,35.5058],[-86.2481,35.6206],[-86.2417,35.627],[-86.2408,35.658],[-86.2491,35.665],[-86.2417,35.6685],[-86.2454,35.6889],[-86.2253,35.6952],[-86.2216,35.7064],[-86.1919,35.7019],[-86.1902,35.6923],[-86.1434,35.6617],[-86.1203,35.6609],[-86.0889,35.6468],[-86.0379,35.643],[-86.0322,35.6511],[-85.9851,35.6601],[-85.9904,35.6506],[-85.9781,35.6508],[-85.9694,35.6257],[-85.9502,35.6099],[-85.9469,35.5964],[-85.956,35.5862],[-85.9455,35.5848],[-85.9482,35.5734],[-85.9041,35.5514],[-85.9046,35.5413],[-85.88,35.5354],[-85.8847,35.5332],[-85.877,35.5241],[-85.8855,35.517],[-85.8762,35.5073],[-85.8856,35.4895],[-85.887,35.3815],[-85.8695,35.3804],[-85.8811,35.3488],[-85.9049,35.3304],[-85.9008,35.3178],[-85.9136,35.2892],[-85.9487,35.2992],[-85.9468,35.308],[-85.959,35.3014],[-85.962,35.3145],[-86.0019,35.3147],[-86.0335,35.3352],[-86.027,35.3438],[-86.158,35.3626],[-86.1595,35.3492],[-86.172,35.3576],[-86.1941,35.3445],[-86.1893,35.339],[-86.1976,35.3335],[-86.2192,35.3486],[-86.2327,35.3412],[-86.2502,35.3446],[-86.2508,35.3369],[-86.2615,35.3336],[-86.2664,35.3386],[-86.2454,35.3474],[-86.2443,35.3561],[-86.2747,35.3706],[-86.2575,35.3709],[-86.2533,35.3853],[-86.2799,35.3875]]]},"properties":{"GEOID":"47031","state_fips":"47","state_abbr":"TN","county_name":"Coffee County","category":"county_restriction","n_total":1,"n_live":1,"n_pending":0,"n_lapsed":0,"n_live_county_restriction":1,"n_live_town_restriction":0,"n_live_conditions":0,"action_ids":["tn-coffee-county-2026"]}},{"type":"Feature","geometry":{"type":"MultiPolygon","coordinates":[[[[-86.5217,36.1373],[-86.5226,36.1413],[-86.5211,36.1411],[-86.5217,36.1373]]],[[[-87.0547,36.05],[-87.0414,36.0413],[-87.0382,36.0943],[-86.9977,36.1285],[-86.9878,36.2155],[-86.9804,36.217],[-86.984,36.2254],[-86.9744,36.2499],[-86.9208,36.3307],[-86.9063,36.3662],[-86.9161,36.3735],[-86.9092,36.3903],[-86.8893,36.3867],[-86.8761,36.3719],[-86.8621,36.3696],[-86.8628,36.3812],[-86.8529,36.3801],[-86.8543,36.3698],[-86.8259,36.3496],[-86.7874,36.3596],[-86.791,36.3768],[-86.7548,36.4055],[-86.7305,36.3813],[-86.7189,36.3395],[-86.6969,36.3218],[-86.675,36.3164],[-86.6707,36.3011],[-86.6423,36.2894],[-86.6384,36.254],[-86.5944,36.2454],[-86.5709,36.1737],[-86.5509,36.1444],[-86.5569,36.135],[-86.5278,36.1408],[-86.5359,36.1082],[-86.5156,36.1006],[-86.5257,36.0573],[-86.5329,36.06],[-86.5295,36.0775],[-86.5407,36.0776],[-86.5469,36.0878],[-86.5465,36.0665],[-86.5643,36.0636],[-86.5624,36.0353],[-86.6123,36.01],[-86.6156,35.9916],[-86.6072,35.9855],[-86.6144,35.9678],[-86.6483,35.9756],[-86.7831,36.0349],[-86.9286,36.0529],[-87.0394,35.9892],[-87.0547,36.05]]]]},"properties":{"GEOID":"47037","state_fips":"47","state_abbr":"TN","county_name":"Davidson County","category":"county_restriction","n_total":2,"n_live":2,"n_pending":0,"n_lapsed":0,"n_live_county_restriction":2,"n_live_town_restriction":0,"n_live_conditions":0,"action_ids":["tn-nashville-davidson-county-2026","dct-nashville-davidson-zoning-tn-2026-04-17"]}},{"type":"Feature","geometry":{"type":"Polygon","coordinates":[[[-77.241,37.5381],[-77.1709,37.5965],[-77.1404,37.5922],[-77.1337,37.6265],[-77.1237,37.6269],[-77.0896,37.6182],[-77.0922,37.6078],[-77.0842,37.5984],[-77.0672,37.6039],[-77.019,37.5835],[-77.0258,37.5734],[-77.0107,37.5638],[-76.984,37.5651],[-76.9808,37.5713],[-76.9927,37.5809],[-76.9653,37.585],[-76.9568,37.557],[-76.9763,37.5448],[-76.953,37.5358],[-76.9453,37.5366],[-76.9373,37.5631],[-76.9072,37.5686],[-76.9056,37.5495],[-76.8939,37.5457],[-76.8731,37.5551],[-76.882,37.5765],[-76.8584,37.5795],[-76.854,37.5697],[-76.8778,37.5304],[-76.8574,37.5229],[-76.8211,37.552],[-76.7922,37.5176],[-76.7895,37.5039],[-76.7568,37.4883],[-76.742,37.4671],[-76.7603,37.4587],[-76.7657,37.4515],[-76.758,37.4455],[-76.7703,37.435],[-76.7921,37.4354],[-76.8241,37.4507],[-76.8568,37.4481],[-76.8921,37.4324],[-76.8942,37.4002],[-76.9005,37.3959],[-76.8922,37.3834],[-76.9002,37.3858],[-76.9045,37.3777],[-76.9188,37.3855],[-76.9064,37.3926],[-76.9049,37.4049],[-76.9167,37.3954],[-76.9276,37.3996],[-76.9425,37.3832],[-76.9408,37.4099],[-76.9688,37.4065],[-76.9696,37.4167],[-76.982,37.4209],[-77.0161,37.414],[-77.0267,37.429],[-77.0597,37.429],[-77.0701,37.4399],[-77.0962,37.4404],[-77.1191,37.4558],[-77.1269,37.4716],[-77.1608,37.4753],[-77.1578,37.486],[-77.1704,37.4814],[-77.2212,37.5332],[-77.241,37.5381]]]},"properties":{"GEOID":"51127","state_fips":"51","state_abbr":"VA","county_name":"New Kent County","category":"pending_only","n_total":1,"n_live":0,"n_pending":1,"n_lapsed":0,"n_live_county_restriction":0,"n_live_town_restriction":0,"n_live_conditions":0,"action_ids":["dct-new-kent-county-va-tod-2026-02"]}},{"type":"Feature","geometry":{"type":"Polygon","coordinates":[[[-119.457,46.6762],[-119.3692,46.6782],[-119.3694,46.7377],[-118.2102,46.7388],[-118.2492,46.7326],[-118.2175,46.6791],[-118.2307,46.6564],[-118.2154,46.6321],[-118.1998,46.6242],[-118.1983,46.6117],[-118.2083,46.6097],[-118.2157,46.5889],[-118.2486,46.6011],[-118.2834,46.5937],[-118.3141,46.6067],[-118.3617,46.598],[-118.3897,46.5806],[-118.4232,46.5837],[-118.4624,46.5986],[-118.4759,46.5951],[-118.4965,46.5755],[-118.548,46.5559],[-118.563,46.5367],[-118.5882,46.5287],[-118.6156,46.5045],[-118.619,46.4744],[-118.638,46.4334],[-118.6344,46.4126],[-118.6912,46.3811],[-118.7009,46.36],[-118.7462,46.3595],[-118.7619,46.3255],[-118.7737,46.318],[-118.7695,46.294],[-118.8271,46.2834],[-118.8635,46.2514],[-118.9765,46.2376],[-119.0235,46.2166],[-119.0415,46.1927],[-119.1198,46.2233],[-119.2034,46.2353],[-119.2659,46.274],[-119.2663,46.2875],[-119.2502,46.3148],[-119.2694,46.3703],[-119.2584,46.4895],[-119.269,46.5192],[-119.3052,46.5394],[-119.3298,46.5653],[-119.3674,46.5827],[-119.4053,46.616],[-119.413,46.6526],[-119.457,46.6762]]]},"properties":{"GEOID":"53021","state_fips":"53","state_abbr":"WA","county_name":"Franklin County","category":"town_restriction","n_total":1,"n_live":1,"n_pending":0,"n_lapsed":0,"n_live_county_restriction":0,"n_live_town_restriction":1,"n_live_conditions":0,"action_ids":["wa-pasco-undated"]}},{"type":"Feature","geometry":{"type":"Polygon","coordinates":[[[-120.0423,47.0763],[-120.0,47.1367],[-120.0112,47.1674],[-120.0024,47.21],[-120.0047,47.32],[-119.9831,47.3204],[-119.9832,47.3346],[-119.9618,47.335],[-119.9613,47.3488],[-119.9404,47.3494],[-119.9402,47.3644],[-119.9189,47.3645],[-119.9187,47.3934],[-119.8974,47.3935],[-119.8972,47.408],[-119.8758,47.4083],[-119.8758,47.4375],[-119.5336,47.4412],[-119.5329,47.5278],[-119.5117,47.5276],[-119.5121,47.542],[-119.4905,47.542],[-119.4901,47.5565],[-119.4692,47.5566],[-119.4691,47.5708],[-119.4477,47.5705],[-119.4478,47.5849],[-119.4268,47.5848],[-119.4268,47.5991],[-119.4053,47.599],[-119.4052,47.6126],[-119.3418,47.6124],[-119.3415,47.6267],[-119.3203,47.6268],[-119.3201,47.6702],[-119.2988,47.6704],[-119.2986,47.7283],[-119.2772,47.7282],[-119.2772,47.7426],[-119.2558,47.7425],[-119.2559,47.7717],[-119.2342,47.772],[-119.2339,47.8007],[-119.2124,47.8007],[-119.2122,47.8877],[-119.1906,47.8878],[-119.1906,47.9025],[-119.1474,47.9027],[-119.1474,47.9174],[-119.1259,47.9173],[-119.1256,47.9468],[-119.104,47.9467],[-119.1039,47.9618],[-118.9822,47.962],[-118.9828,47.9498],[-118.9728,47.941],[-118.9827,46.9113],[-119.3687,46.9126],[-119.3692,46.6782],[-119.4532,46.6792],[-119.4523,46.6892],[-119.4858,46.7157],[-119.5166,46.7276],[-119.5817,46.6699],[-119.6255,46.6447],[-119.6592,46.6403],[-119.7111,46.6488],[-119.751,46.6357],[-119.8667,46.6266],[-119.9015,46.6356],[-119.9442,46.6732],[-119.9727,46.7232],[-119.97,46.755],[-119.9431,46.7747],[-119.9256,46.8114],[-119.9639,46.8556],[-119.9658,46.9433],[-120.0011,46.9936],[-120.0093,47.0373],[-120.0376,47.0589],[-120.0423,47.0763]]]},"properties":{"GEOID":"53025","state_fips":"53","state_abbr":"WA","county_name":"Grant County","category":"county_restriction","n_total":1,"n_live":1,"n_pending":0,"n_lapsed":0,"n_live_county_restriction":1,"n_live_town_restriction":0,"n_live_conditions":0,"action_ids":["dct-grant-county-pud-wa-2025-03-25"]}},{"type":"Feature","geometry":{"type":"MultiPolygon","coordinates":[[[[-83.3409,30.6363],[-83.3264,30.6435],[-83.3092,30.6344],[-83.3409,30.6363]]],[[[-83.7437,30.6584],[-83.7362,31.0377],[-83.574,31.0339],[-83.5739,31.0789],[-83.5499,31.0534],[-83.5026,31.0531],[-83.4925,31.0365],[-83.468,31.0292],[-83.4637,31.0059],[-83.4431,30.985],[-83.4293,30.9487],[-83.4399,30.9394],[-83.4403,30.9048],[-83.408,30.8866],[-83.3709,30.8848],[-83.3464,30.8535],[-83.359,30.8367],[-83.3727,30.8398],[-83.3957,30.8254],[-83.4147,30.8287],[-83.4268,30.815],[-83.45,30.8176],[-83.4475,30.7989],[-83.4593,30.7834],[-83.4543,30.7703],[-83.4848,30.7524],[-83.4541,30.7006],[-83.4397,30.6886],[-83.4208,30.689],[-83.4152,30.6747],[-83.3963,30.6773],[-83.394,30.6677],[-83.3627,30.6586],[-83.3658,30.6414],[-83.3577,30.6374],[-83.7437,30.6584]]]]},"properties":{"GEOID":"13027","state_fips":"13","state_abbr":"GA","county_name":"Brooks County","category":"county_restriction","n_total":1,"n_live":1,"n_pending":0,"n_lapsed":0,"n_live_county_restriction":1,"n_live_town_restriction":0,"n_live_conditions":0,"action_ids":["ga-brooks-county-2026"]}},{"type":"Feature","geometry":{"type":"Polygon","coordinates":[[[-87.5266,41.1661],[-87.5242,41.7083],[-87.4707,41.6728],[-87.4468,41.6832],[-87.438,41.6646],[-87.4393,41.6801],[-87.4158,41.6882],[-87.4087,41.6703],[-87.437,41.6552],[-87.4208,41.641],[-87.3044,41.6195],[-87.2226,41.6242],[-87.2189,41.242],[-87.2857,41.2152],[-87.3315,41.183],[-87.381,41.1725],[-87.3938,41.1628],[-87.4459,41.1743],[-87.5266,41.1661]]]},"properties":{"GEOID":"18089","state_fips":"18","state_abbr":"IN","county_name":"Lake County","category":"county_restriction","n_total":2,"n_live":2,"n_pending":0,"n_lapsed":0,"n_live_county_restriction":1,"n_live_town_restriction":1,"n_live_conditions":0,"action_ids":["dct-lake-county-in-zoning-2026-02","in-merrillville-lake-county-2026"]}},{"type":"Feature","geometry":{"type":"MultiPolygon","coordinates":[[[[-85.2998,45.8151],[-85.299,45.8175],[-85.2989,45.8163],[-85.2998,45.8151]]],[[[-85.3887,45.2078],[-85.3886,45.2352],[-85.3716,45.2708],[-85.3128,45.3061],[-85.3007,45.3213],[-85.2918,45.3142],[-85.2738,45.3154],[-85.255,45.3257],[-85.2498,45.3397],[-85.2356,45.3394],[-85.2036,45.3619],[-85.1359,45.3733],[-85.096,45.3665],[-85.0965,45.3357],[-85.046,45.3347],[-85.0228,45.3101],[-85.0142,45.2815],[-85.001,45.2721],[-84.9643,45.2717],[-84.9648,45.2916],[-84.7327,45.2894],[-84.7348,45.1149],[-85.2237,45.1179],[-85.2227,45.2056],[-85.3887,45.2078]]],[[[-85.3948,45.7771],[-85.3659,45.7989],[-85.3758,45.8027],[-85.3683,45.8081],[-85.378,45.8141],[-85.3581,45.8141],[-85.3503,45.7958],[-85.3602,45.7895],[-85.3576,45.7785],[-85.3771,45.769],[-85.3948,45.7771]]],[[[-85.5299,45.8005],[-85.518,45.803],[-85.5291,45.8188],[-85.5262,45.8278],[-85.5168,45.8274],[-85.4537,45.7944],[-85.4664,45.7862],[-85.4555,45.7778],[-85.4849,45.7807],[-85.4956,45.7734],[-85.5069,45.7798],[-85.4934,45.7888],[-85.5028,45.7981],[-85.5299,45.8005]]],[[[-85.5945,45.8377],[-85.5882,45.8407],[-85.5838,45.8395],[-85.5892,45.8333],[-85.5945,45.8377]]],[[[-85.6175,45.8108],[-85.612,45.8143],[-85.6043,45.8118],[-85.6111,45.8074],[-85.6175,45.8108]]],[[[-85.626,45.6016],[-85.6198,45.6245],[-85.6039,45.6401],[-85.6035,45.6821],[-85.5718,45.7114],[-85.5724,45.7277],[-85.5622,45.7355],[-85.568,45.7586],[-85.5356,45.7504],[-85.5013,45.7544],[-85.4995,45.7443],[-85.5151,45.7495],[-85.5219,45.7394],[-85.4988,45.7263],[-85.494,45.6985],[-85.5061,45.6811],[-85.4873,45.6373],[-85.4917,45.6075],[-85.5303,45.5893],[-85.5341,45.5782],[-85.5607,45.5716],[-85.6199,45.5829],[-85.626,45.6016]]],[[[-85.6931,45.7709],[-85.6882,45.7751],[-85.6841,45.7701],[-85.6931,45.7709]]],[[[-85.7008,45.7385],[-85.6889,45.7472],[-85.6449,45.7427],[-85.6551,45.7382],[-85.6548,45.7159],[-85.6805,45.6961],[-85.6976,45.6976],[-85.6964,45.7126],[-85.6871,45.7198],[-85.7008,45.7385]]],[[[-85.844,45.6948],[-85.8407,45.7074],[-85.8372,45.7103],[-85.8343,45.6973],[-85.844,45.6948]]]]},"properties":{"GEOID":"26029","state_fips":"26","state_abbr":"MI","county_name":"Charlevoix County","category":"town_restriction","n_total":1,"n_live":1,"n_pending":0,"n_lapsed":0,"n_live_county_restriction":0,"n_live_town_restriction":1,"n_live_conditions":0,"action_ids":["dct-hayes-township-mi-2026-02-10"]}},{"type":"Feature","geometry":{"type":"MultiPolygon","coordinates":[[[[-76.0903,39.5338],[-76.0901,39.5366],[-76.0882,39.536],[-76.0903,39.5338]]],[[[-76.2723,39.2746],[-76.2664,39.2905],[-76.2604,39.2925],[-76.258,39.2878],[-76.2723,39.2746]]],[[[-76.5694,39.7212],[-76.2333,39.7213],[-76.2127,39.6864],[-76.1618,39.6496],[-76.1475,39.6194],[-76.0762,39.5436],[-76.0961,39.5369],[-76.1281,39.4867],[-76.1187,39.4812],[-76.1121,39.4862],[-76.0979,39.4752],[-76.072,39.475],[-76.0605,39.4483],[-76.0812,39.4367],[-76.0893,39.4451],[-76.1003,39.4432],[-76.1363,39.411],[-76.1621,39.4042],[-76.1801,39.3776],[-76.1867,39.3809],[-76.227,39.3499],[-76.2534,39.3667],[-76.2462,39.3703],[-76.2538,39.3772],[-76.2447,39.3836],[-76.2498,39.3889],[-76.2427,39.4075],[-76.2246,39.4257],[-76.2395,39.4386],[-76.231,39.4564],[-76.2415,39.4613],[-76.2536,39.4426],[-76.2474,39.435],[-76.251,39.4194],[-76.2691,39.4031],[-76.2651,39.3923],[-76.2722,39.3764],[-76.2869,39.369],[-76.2655,39.3592],[-76.2566,39.3389],[-76.2777,39.3221],[-76.2817,39.2997],[-76.2966,39.302],[-76.2896,39.3172],[-76.2988,39.3292],[-76.2957,39.35],[-76.3237,39.3572],[-76.3059,39.3644],[-76.3071,39.3854],[-76.3534,39.3952],[-76.3588,39.3903],[-76.3803,39.4248],[-76.3789,39.4454],[-76.3867,39.4597],[-76.4331,39.4883],[-76.4324,39.5065],[-76.4593,39.5072],[-76.4946,39.5266],[-76.5085,39.5238],[-76.5322,39.544],[-76.5323,39.5616],[-76.5601,39.5961],[-76.5652,39.6145],[-76.5694,39.7212]]]]},"properties":{"GEOID":"24025","state_fips":"24","state_abbr":"MD","county_name":"Harford County","category":"pending_only","n_total":2,"n_live":0,"n_pending":2,"n_lapsed":0,"n_live_county_restriction":0,"n_live_town_restriction":0,"n_live_conditions":0,"action_ids":["dct-harford-county-md-2026-04-21","dct-harford-county-md-cassilly-permanent-ban-bill-2026-05-07"]}},{"type":"Feature","geometry":{"type":"Polygon","coordinates":[[[-87.0268,33.2465],[-86.9829,33.246],[-86.9696,33.2675],[-86.9478,33.2671],[-86.9478,33.2744],[-86.9262,33.2782],[-86.9261,33.2965],[-86.9001,33.3078],[-86.8825,33.333],[-86.8307,33.332],[-86.8302,33.3608],[-86.7786,33.3669],[-86.7784,33.3887],[-86.761,33.3883],[-86.7515,33.4172],[-86.7179,33.4163],[-86.7177,33.4308],[-86.7004,33.4306],[-86.692,33.452],[-86.6744,33.4517],[-86.6744,33.4665],[-86.6046,33.4671],[-86.5958,33.4815],[-86.587,33.4816],[-86.587,33.4961],[-86.5779,33.4961],[-86.5606,33.5175],[-86.5172,33.5241],[-86.5168,33.546],[-86.4815,33.5461],[-86.4819,33.5025],[-86.3782,33.5024],[-86.3785,33.3872],[-86.3529,33.3725],[-86.3412,33.3518],[-86.3674,33.3432],[-86.3583,33.2945],[-86.4045,33.2728],[-86.4335,33.2826],[-86.4245,33.2592],[-86.4355,33.242],[-86.458,33.2414],[-86.4664,33.2262],[-86.462,33.2],[-86.4893,33.2007],[-86.5016,33.1822],[-86.5027,33.174],[-86.4877,33.167],[-86.4818,33.1455],[-86.4599,33.1251],[-86.5111,33.0884],[-86.506,33.0677],[-86.5207,33.0546],[-86.5173,33.0206],[-86.5633,33.0195],[-86.6023,33.0546],[-86.6164,33.0539],[-86.6101,33.07],[-86.8816,33.0719],[-86.8812,33.0499],[-86.934,33.0641],[-86.934,33.0788],[-86.9517,33.0787],[-86.9509,33.0986],[-86.9693,33.0984],[-86.9696,33.1581],[-87.0256,33.1658],[-87.0268,33.2465]]]},"properties":{"GEOID":"01117","state_fips":"01","state_abbr":"AL","county_name":"Shelby County","category":"town_restriction","n_total":1,"n_live":1,"n_pending":0,"n_lapsed":0,"n_live_county_restriction":0,"n_live_town_restriction":1,"n_live_conditions":0,"action_ids":["dct-columbiana-shelby-county-al-2026-02-17"]}},{"type":"Feature","geometry":{"type":"Polygon","coordinates":[[[-73.023,42.7411],[-72.283,42.7216],[-72.272,42.6747],[-72.2295,42.6627],[-72.2253,42.6304],[-72.2294,42.6145],[-72.2547,42.6116],[-72.2533,42.6053],[-72.2671,42.6008],[-72.2613,42.5759],[-72.2764,42.5774],[-72.2691,42.5334],[-72.2449,42.5134],[-72.2913,42.4795],[-72.2833,42.4412],[-72.3136,42.4066],[-72.3151,42.3394],[-72.3283,42.3186],[-72.3515,42.31],[-72.3507,42.304],[-72.3606,42.3077],[-72.3512,42.3344],[-72.375,42.4208],[-72.4837,42.4075],[-72.4899,42.4338],[-72.7044,42.4055],[-72.7009,42.4529],[-72.7578,42.4459],[-72.7571,42.4524],[-72.7659,42.4517],[-72.7583,42.4609],[-72.7638,42.4637],[-72.8711,42.484],[-72.8768,42.5412],[-72.9754,42.556],[-72.951,42.641],[-72.9549,42.6658],[-72.9763,42.661],[-72.9957,42.6736],[-72.9758,42.6794],[-72.9735,42.6888],[-72.9544,42.6903],[-72.9487,42.7036],[-73.0237,42.7027],[-73.023,42.7411]]]},"properties":{"GEOID":"25011","state_fips":"25","state_abbr":"MA","county_name":"Franklin County","category":"pending_only","n_total":3,"n_live":0,"n_pending":2,"n_lapsed":1,"n_live_county_restriction":0,"n_live_town_restriction":0,"n_live_conditions":0,"action_ids":["ma-gill-2026","ma-heath-2026","ma-shutesbury-2025"]}},{"type":"Feature","geometry":{"type":"Polygon","coordinates":[[[-77.8998,36.5447],[-77.1697,36.5473],[-77.151,36.5405],[-77.1484,36.525],[-77.0834,36.5132],[-77.0854,36.5],[-77.0665,36.497],[-77.0664,36.4829],[-77.0838,36.4723],[-77.1124,36.4777],[-77.1368,36.4561],[-77.1313,36.4378],[-77.2085,36.2466],[-77.229,36.2144],[-77.2549,36.2185],[-77.2982,36.2077],[-77.2933,36.1974],[-77.2997,36.1814],[-77.2915,36.1683],[-77.2996,36.1649],[-77.3131,36.1722],[-77.309,36.1807],[-77.3284,36.1919],[-77.351,36.1915],[-77.386,36.2112],[-77.3769,36.245],[-77.4094,36.2635],[-77.4136,36.2919],[-77.4417,36.3244],[-77.5411,36.3033],[-77.5714,36.3141],[-77.5856,36.3373],[-77.5765,36.3544],[-77.5479,36.372],[-77.5505,36.414],[-77.5864,36.422],[-77.5919,36.4314],[-77.626,36.4457],[-77.6444,36.4802],[-77.7265,36.4875],[-77.7678,36.4801],[-77.819,36.5007],[-77.8928,36.512],[-77.8995,36.5043],[-77.8998,36.5447]]]},"properties":{"GEOID":"37131","state_fips":"37","state_abbr":"NC","county_name":"Northampton County","category":"county_restriction","n_total":2,"n_live":2,"n_pending":0,"n_lapsed":0,"n_live_county_restriction":2,"n_live_town_restriction":0,"n_live_conditions":0,"action_ids":["nc-northampton-county-2026","dct-northampton-county-nc-32-month-moratorium-2026-05-04"]}},{"type":"Feature","geometry":{"type":"Polygon","coordinates":[[[-80.5192,39.9624],[-80.519,40.4774],[-80.3608,40.4776],[-80.1846,40.3331],[-79.9145,40.2524],[-79.9626,40.2388],[-79.9709,40.2269],[-79.9579,40.2143],[-79.9108,40.197],[-79.8677,40.1973],[-79.8533,40.1892],[-79.8511,40.1729],[-79.8595,40.1631],[-79.8933,40.165],[-79.9049,40.1542],[-79.8861,40.1298],[-79.8501,40.114],[-79.8399,40.0879],[-79.8637,40.0754],[-79.9014,40.0767],[-79.8798,40.0651],[-79.8919,40.0482],[-79.8772,40.0317],[-79.9248,40.0161],[-79.9434,39.9951],[-79.9546,39.9953],[-79.9694,40.0131],[-79.9852,40.0131],[-79.9957,40.0051],[-79.9923,39.9845],[-80.018,39.9775],[-80.033,39.9839],[-80.0398,39.9741],[-80.0507,39.9896],[-80.0389,39.9965],[-80.0588,40.0093],[-80.0861,39.9903],[-80.1295,39.9884],[-80.1759,40.0081],[-80.1905,40.0018],[-80.2401,40.0095],[-80.2731,40.0024],[-80.2733,40.0133],[-80.3014,40.0206],[-80.3102,40.0177],[-80.3126,40.0033],[-80.3723,39.9966],[-80.3965,39.9779],[-80.425,39.972],[-80.4385,39.9771],[-80.4487,39.9665],[-80.4539,39.9731],[-80.4753,39.9521],[-80.4892,39.9541],[-80.4889,39.9616],[-80.5009,39.9538],[-80.5192,39.9624]]]},"properties":{"GEOID":"42125","state_fips":"42","state_abbr":"PA","county_name":"Washington County","category":"town_restriction","n_total":4,"n_live":3,"n_pending":1,"n_lapsed":0,"n_live_county_restriction":0,"n_live_town_restriction":2,"n_live_conditions":1,"action_ids":["dct-amwell-township-pa-2026-05-15","dct-hanover-township-washington-county-pa-2026-03-31","dct-north-franklin-township-pa-2026-04-14","dct-south-strabane-township-pa-2025-11-01"]}},{"type":"Feature","geometry":{"type":"Polygon","coordinates":[[[-120.0045,39.1656],[-119.9962,40.2625],[-119.9992,41.9949],[-119.3242,41.9942],[-119.324,41.4145],[-119.3046,41.4147],[-119.3057,41.2345],[-119.3311,41.2351],[-119.3298,40.9604],[-119.3096,40.9604],[-119.3093,40.9549],[-119.313,40.5183],[-119.3385,40.5178],[-119.3393,39.9986],[-119.2252,39.9994],[-119.2261,39.8994],[-119.2086,39.8995],[-119.2085,39.81],[-119.1898,39.81],[-119.1897,39.7882],[-119.1709,39.7883],[-119.1706,39.6805],[-119.1893,39.6805],[-119.1893,39.6514],[-119.2573,39.6513],[-119.2769,39.6223],[-119.2824,39.6289],[-119.314,39.6074],[-119.3579,39.5979],[-119.3703,39.587],[-119.4574,39.589],[-119.4684,39.5829],[-119.4727,39.566],[-119.5466,39.5623],[-119.5939,39.5443],[-119.6232,39.511],[-119.6649,39.5085],[-119.6956,39.52],[-119.6961,39.4475],[-119.6551,39.4475],[-119.6571,39.4041],[-119.677,39.4045],[-119.6773,39.3896],[-119.6855,39.3896],[-119.6854,39.3751],[-119.6775,39.3751],[-119.6775,39.3606],[-119.6681,39.3608],[-119.6681,39.3462],[-119.6588,39.3461],[-119.6585,39.3315],[-119.6774,39.3317],[-119.6775,39.2809],[-119.696,39.2809],[-119.6965,39.2591],[-119.7141,39.2592],[-119.7153,39.2443],[-119.7521,39.2444],[-119.7522,39.2299],[-119.7709,39.2298],[-119.7709,39.2153],[-119.7989,39.2152],[-119.7989,39.208],[-119.8439,39.2008],[-119.8439,39.1932],[-119.8625,39.1856],[-119.8621,39.1711],[-119.8808,39.1709],[-119.8808,39.1655],[-120.0045,39.1656]]]},"properties":{"GEOID":"32031","state_fips":"32","state_abbr":"NV","county_name":"Washoe County","category":"town_restriction","n_total":7,"n_live":7,"n_pending":0,"n_lapsed":0,"n_live_county_restriction":0,"n_live_town_restriction":7,"n_live_conditions":0,"action_ids":["dct-reno-nv-2025-01-10","dct-reno-nv-2025-02-05","dct-reno-oppidan-nv-2025-01","dct-reno-cold-springs-nv-2025-05-21","dct-reno-nv-text-amendment-data-center-2026-04-22","nv-reno-2026","dct-reno-nv-moratorium-extension-2026-06-01"]}},{"type":"Feature","geometry":{"type":"MultiPolygon","coordinates":[[[[-70.614,42.9733],[-70.6146,42.9786],[-70.6106,42.9764],[-70.614,42.9733]]],[[[-70.6261,42.9677],[-70.6225,42.9682],[-70.6225,42.9675],[-70.6261,42.9677]]],[[[-70.6278,42.9754],[-70.6269,42.9782],[-70.6243,42.9767],[-70.6278,42.9754]]],[[[-71.4498,42.9311],[-71.3754,42.9393],[-71.403,43.0411],[-71.3922,43.0393],[-71.2473,43.2752],[-71.0267,43.1379],[-71.0729,43.0817],[-70.9341,43.0901],[-70.8754,43.0804],[-70.8628,43.0886],[-70.8644,43.1217],[-70.8533,43.1271],[-70.8339,43.118],[-70.82,43.1226],[-70.7564,43.08],[-70.7065,43.0753],[-70.7038,43.0596],[-70.7115,43.058],[-70.7189,43.0324],[-70.794,42.9399],[-70.7947,42.9181],[-70.8087,42.9128],[-70.8173,42.8723],[-70.8486,42.8609],[-70.8861,42.8826],[-70.9276,42.8853],[-70.9665,42.869],[-71.0312,42.8591],[-71.0475,42.8441],[-71.0642,42.8063],[-71.1325,42.8214],[-71.1497,42.8155],[-71.1861,42.7907],[-71.1818,42.7376],[-71.2239,42.7467],[-71.2455,42.7426],[-71.2601,42.7557],[-71.351,42.7722],[-71.3531,42.7833],[-71.3644,42.7852],[-71.3607,42.799],[-71.3872,42.8236],[-71.4271,42.8248],[-71.4498,42.9311]]]]},"properties":{"GEOID":"33015","state_fips":"33","state_abbr":"NH","county_name":"Rockingham County","category":"pending_only","n_total":1,"n_live":0,"n_pending":1,"n_lapsed":0,"n_live_county_restriction":0,"n_live_town_restriction":0,"n_live_conditions":0,"action_ids":["nh-town-of-nottingham-undated"]}},{"type":"Feature","geometry":{"type":"Polygon","coordinates":[[[-74.9853,39.515],[-74.7362,39.7298],[-74.668,39.6837],[-74.655,39.6271],[-74.6393,39.6224],[-74.6346,39.6281],[-74.6302,39.6202],[-74.6206,39.6264],[-74.5757,39.5984],[-74.5543,39.5985],[-74.5406,39.5756],[-74.5256,39.5694],[-74.5153,39.5742],[-74.4934,39.5557],[-74.4622,39.5561],[-74.4573,39.5473],[-74.4456,39.5586],[-74.4457,39.5464],[-74.4375,39.5412],[-74.4384,39.5535],[-74.4174,39.5573],[-74.3808,39.4985],[-74.3264,39.5063],[-74.3119,39.4799],[-74.3281,39.4543],[-74.3286,39.4397],[-74.4236,39.3554],[-74.4599,39.345],[-74.5359,39.3036],[-74.5681,39.2991],[-74.5887,39.3101],[-74.6206,39.2926],[-74.6401,39.296],[-74.6526,39.2886],[-74.6683,39.2977],[-74.6734,39.2892],[-74.6764,39.2973],[-74.6984,39.2893],[-74.7196,39.2986],[-74.7792,39.2992],[-74.7838,39.3072],[-74.8253,39.3054],[-74.8606,39.3194],[-74.8649,39.3385],[-74.852,39.3766],[-74.856,39.424],[-74.9853,39.515]]]},"properties":{"GEOID":"34001","state_fips":"34","state_abbr":"NJ","county_name":"Atlantic County","category":"town_restriction","n_total":1,"n_live":1,"n_pending":0,"n_lapsed":0,"n_live_county_restriction":0,"n_live_town_restriction":1,"n_live_conditions":0,"action_ids":["nj-galloway-township-2026"]}},{"type":"Feature","geometry":{"type":"Polygon","coordinates":[[[-85.0305,37.8915],[-85.0275,37.8845],[-85.0179,37.8951],[-85.008,37.891],[-85.0007,37.9073],[-84.9872,37.9057],[-84.9791,37.9152],[-84.9734,37.9355],[-84.9574,37.9372],[-84.9563,37.9461],[-84.9378,37.9528],[-84.9106,37.951],[-84.9101,37.9409],[-84.9021,37.9384],[-84.8956,37.9477],[-84.8837,37.9399],[-84.7963,37.9701],[-84.82,37.9491],[-84.7972,37.934],[-84.821,37.9269],[-84.8265,37.9165],[-84.7973,37.9175],[-84.8018,37.895],[-84.795,37.8868],[-84.7838,37.9062],[-84.7741,37.9056],[-84.7822,37.8921],[-84.767,37.8903],[-84.7582,37.8719],[-84.7733,37.8628],[-84.7706,37.8524],[-84.7607,37.847],[-84.7148,37.8625],[-84.6891,37.8548],[-84.6955,37.8454],[-84.7169,37.8409],[-84.7247,37.8248],[-84.7147,37.8122],[-84.7169,37.8002],[-84.7033,37.791],[-84.7155,37.7689],[-84.6938,37.7628],[-84.7052,37.7483],[-84.6886,37.7418],[-84.6886,37.7354],[-84.6975,37.7392],[-84.707,37.7323],[-84.6895,37.727],[-84.6987,37.7223],[-84.7279,37.7288],[-84.7249,37.7139],[-84.7936,37.7172],[-84.8079,37.7046],[-85.025,37.6789],[-85.0058,37.8166],[-85.012,37.8172],[-85.0095,37.8356],[-85.0033,37.835],[-85.0005,37.8547],[-85.031,37.8815],[-85.0305,37.8915]]]},"properties":{"GEOID":"21167","state_fips":"21","state_abbr":"KY","county_name":"Mercer County","category":"county_restriction","n_total":3,"n_live":1,"n_pending":2,"n_lapsed":0,"n_live_county_restriction":1,"n_live_town_restriction":0,"n_live_conditions":0,"action_ids":["dct-burgin-mercer-county-ky-annexation-2026-07-09","dct-mercer-county-ky-moratorium-2026-03-03","ky-mercer-county-fiscal-court-undated"]}},{"type":"Feature","geometry":{"type":"Polygon","coordinates":[[[-84.8619,38.0913],[-84.8648,38.1414],[-84.7252,38.1954],[-84.7316,38.1874],[-84.7075,38.1734],[-84.6908,38.1815],[-84.6897,38.1712],[-84.676,38.1706],[-84.6841,38.176],[-84.6775,38.1852],[-84.6714,38.1767],[-84.6653,38.182],[-84.6478,38.1766],[-84.6572,38.1621],[-84.6414,38.1584],[-84.6521,38.1584],[-84.651,38.1452],[-84.6391,38.1496],[-84.6484,38.1359],[-84.6404,38.1344],[-84.6341,38.1218],[-84.6438,38.1284],[-84.6417,38.1202],[-84.6531,38.1165],[-84.6334,38.1109],[-84.6251,38.1164],[-84.7099,37.862],[-84.7652,37.8478],[-84.7733,37.8628],[-84.7582,37.8719],[-84.767,37.8903],[-84.7822,37.8921],[-84.7741,37.9056],[-84.7838,37.9062],[-84.795,37.8868],[-84.8018,37.895],[-84.7973,37.9175],[-84.8265,37.9165],[-84.821,37.9269],[-84.7972,37.934],[-84.82,37.9491],[-84.7944,37.9686],[-84.8181,37.9734],[-84.8235,37.9825],[-84.8171,38.0],[-84.8385,38.0097],[-84.8312,38.0305],[-84.8499,38.0459],[-84.826,38.055],[-84.843,38.07],[-84.8285,38.0894],[-84.8391,38.1002],[-84.8619,38.0913]]]},"properties":{"GEOID":"21239","state_fips":"21","state_abbr":"KY","county_name":"Woodford County","category":"town_restriction","n_total":1,"n_live":1,"n_pending":0,"n_lapsed":0,"n_live_county_restriction":0,"n_live_town_restriction":1,"n_live_conditions":0,"action_ids":["ky-versailles-2026"]}},{"type":"Feature","geometry":{"type":"Polygon","coordinates":[[[-83.2889,36.3788],[-83.2741,36.3847],[-83.2806,36.3947],[-83.1939,36.4243],[-83.2069,36.4416],[-83.1622,36.4618],[-83.1632,36.4779],[-83.1275,36.5024],[-83.1244,36.5122],[-83.0108,36.5637],[-82.9902,36.5619],[-82.9839,36.5445],[-82.9608,36.5552],[-82.9505,36.543],[-82.8304,36.5938],[-82.6092,36.5941],[-82.6006,36.5788],[-82.6088,36.5715],[-82.6168,36.5785],[-82.6102,36.5193],[-82.6286,36.5124],[-82.6268,36.4954],[-82.7023,36.4558],[-82.6762,36.4234],[-82.7156,36.4016],[-82.7269,36.4045],[-82.7561,36.3834],[-82.7797,36.3882],[-82.8133,36.3634],[-82.8408,36.3705],[-82.8851,36.3534],[-82.9161,36.3286],[-82.9372,36.3348],[-82.9676,36.3164],[-82.9958,36.2856],[-83.0213,36.2697],[-83.0317,36.2767],[-83.0735,36.2421],[-83.0947,36.251],[-83.1035,36.2783],[-83.1215,36.2844],[-83.1458,36.3079],[-83.1518,36.3203],[-83.1455,36.3238],[-83.1599,36.3329],[-83.1543,36.3423],[-83.1626,36.3453],[-83.179,36.3409],[-83.1779,36.3299],[-83.1825,36.3362],[-83.1769,36.3121],[-83.1999,36.3225],[-83.1966,36.3103],[-83.21,36.3054],[-83.2156,36.2935],[-83.2399,36.2933],[-83.2323,36.2824],[-83.2553,36.2891],[-83.2737,36.3191],[-83.2656,36.3278],[-83.2649,36.3512],[-83.2733,36.3702],[-83.2889,36.3788]]]},"properties":{"GEOID":"47073","state_fips":"47","state_abbr":"TN","county_name":"Hawkins County","category":"county_restriction","n_total":1,"n_live":1,"n_pending":0,"n_lapsed":0,"n_live_county_restriction":1,"n_live_town_restriction":0,"n_live_conditions":0,"action_ids":["tn-hawkins-county-2025"]}},{"type":"Feature","geometry":{"type":"Polygon","coordinates":[[[-78.5442,39.0566],[-78.4952,39.101],[-78.4599,39.1134],[-78.4273,39.1527],[-78.4037,39.1675],[-78.4263,39.1828],[-78.4249,39.1933],[-78.4387,39.198],[-78.3997,39.2439],[-78.4194,39.2575],[-78.3393,39.3486],[-78.3669,39.3593],[-78.3432,39.3888],[-78.3599,39.409],[-78.3467,39.4276],[-78.3532,39.4368],[-78.3465,39.4426],[-78.3471,39.466],[-78.0332,39.2646],[-78.0423,39.2367],[-78.0746,39.2046],[-78.073,39.1783],[-78.087,39.1639],[-78.0819,39.1592],[-78.0949,39.131],[-78.1083,39.1193],[-78.102,39.1063],[-78.137,39.0744],[-78.1642,39.0179],[-78.3141,39.008],[-78.321,39.0315],[-78.3095,39.0339],[-78.3255,39.045],[-78.3321,39.0414],[-78.3301,39.0501],[-78.3472,39.0597],[-78.3357,39.0602],[-78.3417,39.0695],[-78.3245,39.0757],[-78.3367,39.0846],[-78.3289,39.0903],[-78.3401,39.1029],[-78.3437,39.0957],[-78.3759,39.0921],[-78.3932,39.1017],[-78.3921,39.0927],[-78.4198,39.0853],[-78.4309,39.0663],[-78.4482,39.056],[-78.4448,39.0472],[-78.4541,39.0278],[-78.5442,39.0566]],[[-78.2005,39.1802],[-78.1894,39.175],[-78.1996,39.1525],[-78.1966,39.1422],[-78.1831,39.1311],[-78.1367,39.1844],[-78.1599,39.2031],[-78.1879,39.2048],[-78.2005,39.1802]]]},"properties":{"GEOID":"51069","state_fips":"51","state_abbr":"VA","county_name":"Frederick County","category":"pending_only","n_total":1,"n_live":0,"n_pending":1,"n_lapsed":0,"n_live_county_restriction":0,"n_live_town_restriction":0,"n_live_conditions":0,"action_ids":["dct-frederick-county-va-virginia-technology-park-2026-07-08"]}},{"type":"Feature","geometry":{"type":"MultiPolygon","coordinates":[[[[-122.5382,48.3629],[-122.5302,48.3657],[-122.5245,48.3624],[-122.5275,48.3597],[-122.5382,48.3629]]],[[[-122.5511,48.5218],[-122.5451,48.5262],[-122.5442,48.5206],[-122.5511,48.5218]]],[[[-122.5584,48.5345],[-122.5574,48.5375],[-122.5541,48.5356],[-122.5584,48.5345]]],[[[-122.5702,48.5358],[-122.5686,48.538],[-122.5668,48.5361],[-122.5702,48.5358]]],[[[-122.5789,48.3958],[-122.5753,48.401],[-122.5601,48.4027],[-122.5623,48.3979],[-122.5789,48.3958]]],[[[-122.5795,48.4118],[-122.5779,48.4152],[-122.5769,48.4149],[-122.5795,48.4118]]],[[[-122.6145,48.6131],[-122.6017,48.614],[-122.5985,48.6077],[-122.6061,48.6059],[-122.6145,48.6131]]],[[[-122.6134,48.5791],[-122.6129,48.5827],[-122.6093,48.5809],[-122.6134,48.5791]]],[[[-122.6536,48.549],[-122.6452,48.5609],[-122.6524,48.5834],[-122.6426,48.5883],[-122.6293,48.5722],[-122.5789,48.5481],[-122.573,48.529],[-122.5999,48.5369],[-122.6404,48.5259],[-122.652,48.5313],[-122.6536,48.549]]],[[[-122.6993,48.6211],[-122.6742,48.6299],[-122.657,48.6099],[-122.6768,48.6101],[-122.6993,48.6211]]],[[[-122.7023,48.4944],[-122.6845,48.5091],[-122.6714,48.504],[-122.607,48.5222],[-122.5978,48.5145],[-122.6062,48.5069],[-122.6006,48.4925],[-122.5806,48.4637],[-122.5718,48.4663],[-122.579,48.4924],[-122.5587,48.4998],[-122.525,48.4583],[-122.5148,48.4582],[-122.5147,48.4656],[-122.5093,48.4577],[-122.4897,48.4572],[-122.4903,48.4628],[-122.4702,48.4688],[-122.4835,48.4924],[-122.4881,48.5362],[-122.4978,48.5428],[-122.5044,48.5648],[-122.5591,48.5744],[-122.5608,48.5816],[-122.5546,48.5884],[-122.54,48.5763],[-122.4959,48.5759],[-122.4746,48.5568],[-122.4457,48.5697],[-122.4253,48.5995],[-122.4487,48.6226],[-122.4888,48.6454],[-120.9084,48.6409],[-120.9084,48.657],[-120.7519,48.657],[-120.7576,48.6446],[-120.7717,48.6426],[-120.7883,48.6251],[-120.7837,48.6019],[-120.7441,48.5788],[-120.7192,48.5964],[-120.6885,48.5757],[-120.6861,48.5665],[-120.7005,48.559],[-120.7087,48.5418],[-120.7036,48.5264],[-120.7656,48.5089],[-120.8018,48.5105],[-120.8168,48.5196],[-120.8093,48.5286],[-120.8239,48.545],[-120.8447,48.5506],[-120.8607,48.5442],[-120.8632,48.5301],[-120.8854,48.5382],[-120.904,48.5334],[-120.9046,48.5237],[-120.9505,48.5296],[-120.9519,48.4992],[-121.0362,48.4953],[-121.0497,48.4854],[-121.0632,48.4598],[-121.041,48.4457],[-121.0371,48.433],[-121.0462,48.4189],[-121.0416,48.4113],[-121.0555,48.4126],[-121.0664,48.3935],[-121.0435,48.364],[-121.0406,48.3479],[-121.0692,48.339],[-121.0715,48.318],[-121.0017,48.296],[-122.3729,48.2977],[-122.4087,48.3264],[-122.4727,48.3528],[-122.4889,48.3669],[-122.5079,48.3605],[-122.4913,48.3698],[-122.4955,48.3741],[-122.534,48.3758],[-122.5555,48.4201],[-122.5715,48.4188],[-122.5579,48.422],[-122.5504,48.4484],[-122.5758,48.4451],[-122.5858,48.4257],[-122.6055,48.4234],[-122.6146,48.4138],[-122.6561,48.4078],[-122.6512,48.4156],[-122.6653,48.4165],[-122.6789,48.4395],[-122.6548,48.4541],[-122.6578,48.4729],[-122.6683,48.4863],[-122.7023,48.4944]]],[[[-122.7128,48.4673],[-122.6996,48.4697],[-122.6949,48.4624],[-122.7057,48.4592],[-122.7128,48.4673]]],[[[-122.7137,48.4784],[-122.7092,48.4841],[-122.6861,48.4869],[-122.6909,48.4728],[-122.7137,48.4784]]],[[[-122.7405,48.585],[-122.7111,48.6093],[-122.6682,48.5664],[-122.6961,48.5543],[-122.682,48.5522],[-122.6859,48.5431],[-122.7224,48.5406],[-122.7189,48.5618],[-122.7362,48.569],[-122.7405,48.585]]]]},"properties":{"GEOID":"53057","state_fips":"53","state_abbr":"WA","county_name":"Skagit County","category":"county_restriction","n_total":1,"n_live":1,"n_pending":0,"n_lapsed":0,"n_live_county_restriction":1,"n_live_town_restriction":0,"n_live_conditions":0,"action_ids":["wa-skagit-county-2026"]}},{"type":"Feature","geometry":{"type":"Polygon","coordinates":[[[-82.1062,28.2592],[-82.0555,28.2589],[-82.0558,28.3128],[-82.0399,28.3203],[-82.0076,28.3232],[-81.9858,28.3053],[-81.958,28.3089],[-81.9576,28.3452],[-81.8575,28.346],[-81.8576,28.3619],[-81.7909,28.3618],[-81.7907,28.3464],[-81.6573,28.3471],[-81.6572,28.2592],[-81.5575,28.2594],[-81.5241,28.201],[-81.5242,28.1428],[-81.4562,28.1432],[-81.4558,28.0849],[-81.3464,28.0847],[-81.3463,28.0697],[-81.365,28.0682],[-81.3626,28.0405],[-81.3756,28.0297],[-81.3787,28.0117],[-81.394,28.028],[-81.428,28.0393],[-81.4407,28.0586],[-81.4574,28.0551],[-81.4588,28.0401],[-81.4403,28.0339],[-81.4156,27.9982],[-81.387,28.0036],[-81.3765,27.9783],[-81.3367,27.9496],[-81.3384,27.9392],[-81.3471,27.9373],[-81.3086,27.9216],[-81.3149,27.9012],[-81.3016,27.8619],[-81.2333,27.8437],[-81.2081,27.8211],[-81.1877,27.7755],[-81.1729,27.7605],[-81.1785,27.7519],[-81.165,27.7422],[-81.1687,27.726],[-81.1458,27.7102],[-81.149,27.692],[-81.1441,27.6693],[-81.1318,27.6615],[-81.1325,27.6475],[-82.0543,27.6464],[-82.0563,28.1716],[-82.1059,28.1716],[-82.1062,28.2592]]]},"properties":{"GEOID":"12105","state_fips":"12","state_abbr":"FL","county_name":"Polk County","category":"county_restriction","n_total":3,"n_live":1,"n_pending":2,"n_lapsed":0,"n_live_county_restriction":1,"n_live_town_restriction":0,"n_live_conditions":0,"action_ids":["dct-fort-meade-polk-county-fl-2026-02-25","fl-lakeland-undated","dct-lakeland-fl-moratorium-2026-07-06"]}},{"type":"Feature","geometry":{"type":"Polygon","coordinates":[[[-90.7183,32.0484],[-90.7269,32.2415],[-90.7136,32.2524],[-90.7282,32.2592],[-90.7142,32.2632],[-90.7195,32.2773],[-90.6959,32.2977],[-90.7078,32.3167],[-90.6993,32.3311],[-90.7074,32.339],[-90.7047,32.3473],[-90.6929,32.3543],[-90.628,32.3395],[-90.6362,32.3745],[-90.6227,32.3834],[-90.5994,32.4363],[-90.5858,32.4451],[-90.5978,32.4503],[-90.6041,32.4813],[-90.5868,32.4874],[-90.5891,32.4953],[-90.5823,32.494],[-90.5787,32.5037],[-90.5701,32.4996],[-90.5707,32.5063],[-90.5302,32.5109],[-90.5222,32.5031],[-90.5235,32.5193],[-90.499,32.5239],[-90.4841,32.543],[-90.4651,32.5477],[-90.45,32.5738],[-90.4499,32.4884],[-90.2436,32.4875],[-90.2438,32.4001],[-90.0657,32.3995],[-90.0739,32.3887],[-90.0815,32.3953],[-90.0874,32.3847],[-90.0952,32.3891],[-90.1062,32.3555],[-90.114,32.3605],[-90.1101,32.3444],[-90.1397,32.3221],[-90.1522,32.3237],[-90.1506,32.3117],[-90.1627,32.3062],[-90.1514,32.291],[-90.1571,32.2938],[-90.1656,32.2839],[-90.1777,32.2903],[-90.1843,32.2619],[-90.2053,32.2519],[-90.1993,32.2409],[-90.2085,32.2352],[-90.1905,32.2267],[-90.1854,32.2186],[-90.1905,32.2036],[-90.1817,32.2016],[-90.1966,32.1956],[-90.1963,32.1852],[-90.2057,32.191],[-90.2126,32.18],[-90.2435,32.1767],[-90.2419,32.1551],[-90.2548,32.1512],[-90.2436,32.1512],[-90.2475,32.1352],[-90.241,32.1217],[-90.2512,32.1124],[-90.2367,32.1002],[-90.2466,32.1003],[-90.2466,32.0931],[-90.2268,32.0943],[-90.2358,32.0904],[-90.2267,32.0798],[-90.2363,32.0647],[-90.2303,32.0497],[-90.7183,32.0484]]]},"properties":{"GEOID":"28049","state_fips":"28","state_abbr":"MS","county_name":"Hinds County","category":"town_restriction","n_total":2,"n_live":1,"n_pending":1,"n_lapsed":0,"n_live_county_restriction":0,"n_live_town_restriction":1,"n_live_conditions":0,"action_ids":["ms-city-of-jackson-2026","dct-jackson-city-ms-moratorium-2026-04-21"]}},{"type":"Feature","geometry":{"type":"Polygon","coordinates":[[[-122.4298,37.9654],[-122.4029,37.9549],[-122.3955,37.9599],[-122.401,37.9685],[-122.3676,37.9782],[-122.3619,37.99],[-122.3679,38.0125],[-122.3326,38.0015],[-122.3008,38.0109],[-122.2629,38.0446],[-122.2697,38.0603],[-122.2441,38.0638],[-122.1839,38.054],[-122.1646,38.0347],[-122.1469,38.0317],[-122.0611,38.0621],[-121.9774,38.0668],[-121.9068,38.045],[-121.8747,38.0507],[-121.8625,38.066],[-121.8468,38.06],[-121.8321,38.0311],[-121.8182,38.0222],[-121.7814,38.0186],[-121.7378,38.0266],[-121.6998,38.0452],[-121.6815,38.0612],[-121.6819,38.082],[-121.6731,38.0935],[-121.6381,38.0861],[-121.6274,38.0984],[-121.6049,38.0999],[-121.5783,38.0917],[-121.5729,38.0742],[-121.5822,38.0684],[-121.5844,38.036],[-121.5799,38.0321],[-121.5802,38.0413],[-121.5722,38.0414],[-121.5576,38.017],[-121.5721,38.0184],[-121.5669,38.0127],[-121.5799,38.0078],[-121.569,38.0014],[-121.5789,37.9986],[-121.5825,37.9839],[-121.5724,37.979],[-121.5799,37.9761],[-121.5651,37.9598],[-121.5752,37.955],[-121.5641,37.9551],[-121.5674,37.944],[-121.5576,37.9465],[-121.5634,37.9443],[-121.5564,37.9233],[-121.5726,37.9047],[-121.5659,37.8977],[-121.5755,37.889],[-121.579,37.8585],[-121.562,37.8531],[-121.5531,37.861],[-121.5342,37.8499],[-121.557,37.8165],[-121.96,37.7185],[-122.0118,37.7474],[-121.9974,37.7634],[-122.0455,37.7981],[-122.1403,37.8047],[-122.1574,37.818],[-122.1667,37.8136],[-122.1856,37.8207],[-122.1851,37.8374],[-122.2089,37.8519],[-122.2214,37.8655],[-122.2176,37.8723],[-122.242,37.8819],[-122.2639,37.9037],[-122.3223,37.8954],[-122.3251,37.9081],[-122.3604,37.9095],[-122.3618,37.9174],[-122.3635,37.9056],[-122.3905,37.9091],[-122.3875,37.9205],[-122.41,37.9324],[-122.4298,37.9654]]]},"properties":{"GEOID":"06013","state_fips":"06","state_abbr":"CA","county_name":"Contra Costa County","category":"town_restriction","n_total":1,"n_live":1,"n_pending":0,"n_lapsed":0,"n_live_county_restriction":0,"n_live_town_restriction":1,"n_live_conditions":0,"action_ids":["ca-oakley-2026"]}},{"type":"Feature","geometry":{"type":"MultiPolygon","coordinates":[[[[-72.0377,41.2513],[-72.0294,41.2631],[-72.0213,41.2624],[-72.0231,41.2748],[-72.0079,41.2709],[-72.013,41.2643],[-72.0069,41.2623],[-71.9911,41.2813],[-71.9423,41.2827],[-71.9394,41.2913],[-71.9226,41.2923],[-72.0025,41.2529],[-72.0377,41.2513]]],[[[-72.1429,41.0978],[-72.1284,41.1081],[-72.126,41.1212],[-72.1145,41.1105],[-72.0779,41.0999],[-72.0859,41.0904],[-72.087,41.059],[-72.0972,41.0549],[-72.0971,41.0758],[-72.1064,41.0889],[-72.1429,41.0978]]],[[[-72.2114,41.1766],[-72.1891,41.1883],[-72.1618,41.1903],[-72.1841,41.185],[-72.1973,41.1655],[-72.2114,41.1766]]],[[[-73.4969,40.9257],[-73.4854,40.9464],[-73.438,40.9347],[-73.4302,40.9287],[-73.434,40.909],[-73.3967,40.9089],[-73.3801,40.9002],[-73.3739,40.9129],[-73.3576,40.893],[-73.3517,40.9227],[-73.3703,40.9303],[-73.3895,40.9236],[-73.4035,40.9313],[-73.4021,40.9544],[-73.3929,40.9553],[-73.366,40.9317],[-73.3449,40.9244],[-73.3314,40.9296],[-73.2951,40.9245],[-73.2284,40.906],[-73.1471,40.9287],[-73.1447,40.9558],[-73.1581,40.9675],[-73.1388,40.9664],[-73.1184,40.9773],[-73.0438,40.9621],[-72.9138,40.9625],[-72.8331,40.9701],[-72.7741,40.9653],[-72.6356,40.982],[-72.5853,40.9976],[-72.518,41.0401],[-72.4773,41.0522],[-72.4452,41.0861],[-72.397,41.0963],[-72.3541,41.14],[-72.3216,41.1387],[-72.2788,41.1587],[-72.2339,41.1589],[-72.2547,41.134],[-72.2941,41.1141],[-72.2845,41.1263],[-72.3128,41.1403],[-72.3392,41.115],[-72.3172,41.0887],[-72.2774,41.0787],[-72.2831,41.0679],[-72.274,41.0524],[-72.2809,41.0477],[-72.2759,41.0366],[-72.2294,41.0444],[-72.1906,41.0326],[-72.1604,41.0538],[-72.1373,41.0397],[-72.1374,41.0239],[-72.1022,40.9915],[-72.083,40.9965],[-72.0801,41.0061],[-72.0546,41.0218],[-72.0169,41.0235],[-71.9926,41.0471],[-71.9635,41.0425],[-71.9552,41.0731],[-71.9043,41.086],[-71.8955,41.0774],[-71.8562,41.0706],[-71.8739,41.0523],[-71.9014,41.0406],[-71.9588,41.0267],[-72.4741,40.8408],[-72.7682,40.7616],[-73.055,40.6664],[-73.2623,40.622],[-73.3064,40.6208],[-73.3263,40.6331],[-73.3418,40.6327],[-73.424,40.6096],[-73.4235,40.6714],[-73.4554,40.8426],[-73.4753,40.8975],[-73.4969,40.9257]]]]},"properties":{"GEOID":"36103","state_fips":"36","state_abbr":"NY","county_name":"Suffolk County","category":"town_restriction","n_total":2,"n_live":1,"n_pending":1,"n_lapsed":0,"n_live_county_restriction":0,"n_live_town_restriction":1,"n_live_conditions":0,"action_ids":["ny-town-of-brookhaven-2026","dct-brookhaven-ny-yaphank-moratorium-2026-05-29"]}},{"type":"Feature","geometry":{"type":"MultiPolygon","coordinates":[[[[-69.939,43.7238],[-69.9373,43.7308],[-69.9312,43.7241],[-69.939,43.7238]]],[[[-69.9975,43.8329],[-69.9903,43.8425],[-69.9865,43.8436],[-69.9903,43.8319],[-69.9975,43.8329]]],[[[-70.0179,43.817],[-69.9998,43.8295],[-69.9968,43.8247],[-70.0094,43.8113],[-70.0179,43.817]]],[[[-70.0376,43.7149],[-70.0288,43.7264],[-70.021,43.7246],[-70.0312,43.7147],[-70.0376,43.7149]]],[[[-70.0488,43.793],[-70.0338,43.8093],[-70.027,43.8091],[-70.0424,43.7825],[-70.0488,43.793]]],[[[-70.0467,43.7202],[-70.0429,43.7283],[-70.04,43.7288],[-70.0467,43.7202]]],[[[-70.0613,43.7421],[-70.05,43.761],[-70.0448,43.7648],[-70.0613,43.7421]]],[[[-70.0533,43.7652],[-70.0602,43.7672],[-70.055,43.7707],[-70.0533,43.7652]]],[[[-70.0745,43.7799],[-70.0716,43.7875],[-70.0631,43.7876],[-70.0745,43.7799]]],[[[-70.0788,43.7967],[-70.0709,43.8033],[-70.0666,43.8043],[-70.07,43.7967],[-70.0788,43.7967]]],[[[-70.0793,43.707],[-70.0788,43.7152],[-70.0721,43.719],[-70.0793,43.707]]],[[[-70.0897,43.715],[-70.0837,43.7205],[-70.0797,43.7209],[-70.0842,43.7142],[-70.0897,43.715]]],[[[-70.0961,43.7241],[-70.0904,43.7313],[-70.0864,43.7324],[-70.0895,43.7264],[-70.0961,43.7241]]],[[[-70.1012,43.6755],[-70.0928,43.6878],[-70.0873,43.691],[-70.096,43.6723],[-70.1012,43.6755]]],[[[-70.1146,43.7806],[-70.096,43.7884],[-70.0897,43.7852],[-70.102,43.7768],[-70.1146,43.7806]]],[[[-70.1182,43.6864],[-70.1007,43.706],[-70.0931,43.7105],[-70.0972,43.7009],[-70.0876,43.6999],[-70.0937,43.6918],[-70.1044,43.6946],[-70.1182,43.6864]]],[[[-70.1223,43.7001],[-70.1187,43.7078],[-70.1118,43.71],[-70.1223,43.7001]]],[[[-70.1314,43.7916],[-70.1234,43.7939],[-70.1222,43.7938],[-70.1249,43.7908],[-70.1314,43.7916]]],[[[-70.1372,43.7209],[-70.1258,43.7455],[-70.0961,43.7572],[-70.1111,43.7307],[-70.1073,43.7254],[-70.1207,43.7126],[-70.1281,43.7086],[-70.1238,43.7188],[-70.1372,43.7209]]],[[[-70.1467,43.7089],[-70.149,43.7146],[-70.1445,43.7135],[-70.1467,43.7089]]],[[[-70.1603,43.7497],[-70.1455,43.7612],[-70.1455,43.7758],[-70.1265,43.7796],[-70.1204,43.7727],[-70.1339,43.764],[-70.1154,43.7647],[-70.1415,43.7495],[-70.1603,43.7497]]],[[[-70.1736,43.6837],[-70.1406,43.7076],[-70.1337,43.7023],[-70.1517,43.6817],[-70.1682,43.6751],[-70.1736,43.6837]]],[[[-70.1798,43.7392],[-70.1843,43.7425],[-70.1767,43.7454],[-70.1798,43.7392]]],[[[-70.1971,43.7112],[-70.1905,43.7222],[-70.1867,43.7233],[-70.1971,43.7112]]],[[[-70.2012,43.6519],[-70.2007,43.663],[-70.1831,43.6752],[-70.1796,43.6554],[-70.2012,43.6519]]],[[[-70.2097,43.6415],[-70.2034,43.6472],[-70.1907,43.6456],[-70.2059,43.6336],[-70.2097,43.6415]]],[[[-70.2108,43.6617],[-70.2019,43.6855],[-70.1821,43.6949],[-70.1931,43.6734],[-70.2108,43.6617]]],[[[-70.2455,43.5396],[-70.2244,43.5472],[-70.2278,43.5383],[-70.2455,43.5396]]],[[[-70.8666,44.0797],[-70.8585,44.0953],[-70.8218,44.0771],[-70.6243,44.171],[-70.5987,44.1498],[-70.5872,44.1241],[-70.6062,44.1013],[-70.603,44.0886],[-70.6139,44.0618],[-70.5826,44.0187],[-70.5724,44.0163],[-70.5639,44.025],[-70.5441,44.0056],[-70.5024,44.0426],[-70.402,43.9901],[-70.3953,44.0031],[-70.3639,43.9864],[-70.3154,44.0378],[-70.2003,43.952],[-70.2036,43.9479],[-70.1159,43.9067],[-70.0923,43.932],[-70.0808,43.9265],[-70.0342,43.9757],[-70.0202,43.9461],[-69.9762,43.9153],[-69.9567,43.9234],[-69.9313,43.9119],[-69.8747,43.9536],[-69.857,43.9447],[-69.896,43.8662],[-69.8749,43.8514],[-69.87,43.817],[-69.8874,43.7771],[-69.9018,43.7716],[-69.9319,43.7837],[-69.9435,43.7652],[-69.9563,43.7724],[-69.9799,43.7538],[-70.0013,43.7104],[-70.0072,43.7176],[-69.9946,43.7435],[-70.0115,43.7434],[-70.0265,43.7289],[-70.021,43.7465],[-70.045,43.7367],[-70.0433,43.748],[-70.0203,43.7658],[-69.9937,43.8091],[-69.9813,43.8122],[-69.9472,43.8645],[-69.9927,43.8484],[-70.0262,43.8226],[-69.9877,43.8629],[-70.0192,43.8587],[-70.0666,43.8105],[-70.0636,43.8256],[-70.0805,43.8276],[-70.0807,43.8199],[-70.1134,43.8009],[-70.1449,43.7968],[-70.1422,43.7893],[-70.1533,43.7756],[-70.176,43.7608],[-70.1754,43.7771],[-70.1869,43.7734],[-70.1943,43.7686],[-70.1938,43.7416],[-70.218,43.72],[-70.2147,43.6973],[-70.232,43.7048],[-70.2356,43.6989],[-70.2261,43.6887],[-70.2346,43.6856],[-70.2425,43.6933],[-70.253,43.675],[-70.2404,43.6705],[-70.241,43.6591],[-70.2252,43.6502],[-70.2188,43.6289],[-70.2075,43.6235],[-70.2175,43.5971],[-70.2031,43.5863],[-70.2078,43.5782],[-70.1969,43.5651],[-70.2168,43.5569],[-70.2279,43.5635],[-70.2443,43.5518],[-70.2642,43.5532],[-70.2725,43.5626],[-70.3078,43.5443],[-70.3131,43.527],[-70.3233,43.5292],[-70.3181,43.5348],[-70.3288,43.5407],[-70.3534,43.5354],[-70.492,43.6068],[-70.4577,43.6424],[-70.55,43.7158],[-70.5774,43.6872],[-70.5953,43.6972],[-70.6121,43.6871],[-70.6145,43.6983],[-70.628,43.7041],[-70.6574,43.7015],[-70.643,43.7522],[-70.6563,43.7643],[-70.6498,43.7684],[-70.653,43.7875],[-70.6699,43.7942],[-70.6738,43.7884],[-70.6952,43.8052],[-70.7453,43.788],[-70.7803,43.8035],[-70.7816,43.8236],[-70.7943,43.8343],[-70.7927,43.8479],[-70.8016,43.8561],[-70.7815,43.8739],[-70.7805,43.8682],[-70.7663,43.8772],[-70.7653,43.8715],[-70.7439,43.8858],[-70.7552,43.8889],[-70.7577,43.9071],[-70.7298,43.9283],[-70.7475,43.9459],[-70.7154,43.9618],[-70.7818,44.0314],[-70.7917,44.0287],[-70.7926,44.0398],[-70.8481,44.0495],[-70.8666,44.0797]]]]},"properties":{"GEOID":"23005","state_fips":"23","state_abbr":"ME","county_name":"Cumberland County","category":"town_restriction","n_total":7,"n_live":7,"n_pending":0,"n_lapsed":0,"n_live_county_restriction":0,"n_live_town_restriction":7,"n_live_conditions":0,"action_ids":["me-brunswick-2026","dct-westbrook-me-moratorium-2026-06-01","me-gorham-2026","me-scarborough-2026","dct-brunswick-me-moratorium-2026-06-01","dct-scarborough-me-moratorium-2026-06-03","me-westbrook-2026"]}},{"type":"Feature","geometry":{"type":"Polygon","coordinates":[[[-90.7362,38.4675],[-90.7323,38.6393],[-90.7058,38.6473],[-90.703,38.6575],[-90.6793,38.6656],[-90.6745,38.6822],[-90.6605,38.6886],[-90.6238,38.6903],[-90.5886,38.6805],[-90.5393,38.6868],[-90.5304,38.6986],[-90.5319,38.7303],[-90.4921,38.7518],[-90.4732,38.791],[-90.4406,38.8276],[-90.3658,38.8259],[-90.345,38.8494],[-90.3364,38.8826],[-90.3142,38.8911],[-90.2937,38.8855],[-90.2561,38.8521],[-90.1889,38.8185],[-90.1509,38.8299],[-90.1231,38.816],[-90.1177,38.8057],[-90.1231,38.798],[-90.1667,38.7723],[-90.1842,38.7743],[-90.1864,38.7615],[-90.2057,38.7418],[-90.2518,38.7189],[-90.3018,38.6556],[-90.3205,38.5942],[-90.307,38.5722],[-90.2578,38.532],[-90.2928,38.4287],[-90.3413,38.3882],[-90.3481,38.4306],[-90.3361,38.4535],[-90.3536,38.4582],[-90.391,38.4506],[-90.3947,38.4585],[-90.4112,38.4534],[-90.4226,38.4821],[-90.4079,38.4833],[-90.4053,38.5006],[-90.5911,38.5017],[-90.6137,38.4713],[-90.6337,38.4858],[-90.6556,38.4867],[-90.6607,38.4792],[-90.6547,38.4561],[-90.6788,38.4459],[-90.6865,38.4475],[-90.6788,38.4579],[-90.6887,38.4531],[-90.6969,38.4719],[-90.7178,38.4688],[-90.7143,38.4751],[-90.7235,38.4821],[-90.732,38.4822],[-90.7362,38.4675]]]},"properties":{"GEOID":"29189","state_fips":"29","state_abbr":"MO","county_name":"St. Louis County","category":"pending_only","n_total":1,"n_live":0,"n_pending":1,"n_lapsed":0,"n_live_county_restriction":0,"n_live_town_restriction":0,"n_live_conditions":0,"action_ids":["dct-brentwood-mo-zoning-2026-04-06"]}},{"type":"Feature","geometry":{"type":"Polygon","coordinates":[[[-84.0058,34.9891],[-83.9565,35.0265],[-83.964,35.0481],[-83.9077,35.0782],[-83.864,35.1201],[-83.8571,35.1371],[-83.8413,35.1437],[-83.8166,35.1392],[-83.7498,35.1612],[-83.7267,35.1452],[-83.7145,35.1553],[-83.6734,35.1571],[-83.6659,35.1501],[-83.6598,35.1603],[-83.6537,35.157],[-83.645,35.1452],[-83.6571,35.1401],[-83.6545,35.1356],[-83.6402,35.1387],[-83.6438,35.132],[-83.6354,35.1214],[-83.6249,35.1255],[-83.6267,35.1312],[-83.6193,35.1285],[-83.6179,35.106],[-83.5866,35.0916],[-83.5818,35.0781],[-83.5673,35.0711],[-83.5586,35.0395],[-83.539,35.0364],[-83.5212,35.0182],[-83.5271,35.0092],[-83.5205,34.9966],[-83.5094,35.0049],[-83.483,34.9935],[-83.6202,34.9921],[-83.62,34.9866],[-84.0058,34.9891]]]},"properties":{"GEOID":"37043","state_fips":"37","state_abbr":"NC","county_name":"Clay County","category":"county_restriction","n_total":1,"n_live":1,"n_pending":0,"n_lapsed":0,"n_live_county_restriction":1,"n_live_town_restriction":0,"n_live_conditions":0,"action_ids":["nc-clay-county-2026"]}},{"type":"Feature","geometry":{"type":"Polygon","coordinates":[[[-114.0421,40.9999],[-114.0415,41.9939],[-113.8677,41.9882],[-112.7751,41.9998],[-112.1592,41.9984],[-112.1658,41.9957],[-112.1509,41.9706],[-112.1342,41.959],[-112.1182,41.9231],[-112.0855,41.9033],[-112.064,41.868],[-112.0529,41.8662],[-112.0462,41.842],[-112.0284,41.8197],[-112.0297,41.8085],[-112.0086,41.7946],[-112.0332,41.7668],[-112.044,41.7348],[-112.0428,41.7104],[-112.0519,41.6999],[-112.0451,41.6868],[-112.0309,41.6818],[-112.0046,41.6296],[-112.0077,41.5998],[-111.9966,41.5576],[-111.9818,41.5341],[-111.9726,41.5436],[-111.9367,41.5507],[-111.9283,41.5379],[-111.9164,41.5384],[-111.9052,41.4969],[-111.8842,41.496],[-111.8732,41.4852],[-111.8785,41.4741],[-111.9064,41.4721],[-111.9169,41.4637],[-111.8816,41.441],[-111.893,41.4181],[-111.9272,41.4128],[-111.9583,41.4339],[-111.9724,41.4201],[-111.9675,41.3957],[-111.9758,41.3842],[-111.9632,41.3655],[-112.0084,41.3438],[-112.0287,41.3365],[-112.2382,41.3366],[-112.4935,41.0769],[-112.7994,40.9999],[-114.0421,40.9999]]]},"properties":{"GEOID":"49003","state_fips":"49","state_abbr":"UT","county_name":"Box Elder County","category":"county_restriction","n_total":4,"n_live":4,"n_pending":0,"n_lapsed":0,"n_live_county_restriction":4,"n_live_town_restriction":0,"n_live_conditions":0,"action_ids":["ut-box-elder-county-2026","dct-box-elder-county-ut-180-day-moratorium-2026-06-10","dct-box-elder-wonder-valley-stratos-ut-2026-04-24","dct-box-elder-county-ut-stratos-mida-2026-05-04"]}},{"type":"Feature","geometry":{"type":"Polygon","coordinates":[[[-77.6331,38.3937],[-77.6282,38.4335],[-77.6341,38.4422],[-77.6315,38.4703],[-77.4918,38.5906],[-77.4768,38.5923],[-77.4641,38.5787],[-77.4476,38.5809],[-77.4031,38.5517],[-77.371,38.5202],[-77.3346,38.5142],[-77.3115,38.5015],[-77.2964,38.5092],[-77.3226,38.4671],[-77.3263,38.4436],[-77.3111,38.4005],[-77.3173,38.3836],[-77.2961,38.3698],[-77.2871,38.3488],[-77.3209,38.3461],[-77.3303,38.3339],[-77.3267,38.3187],[-77.3393,38.3031],[-77.3474,38.2722],[-77.3269,38.2444],[-77.3406,38.2526],[-77.3604,38.2424],[-77.3769,38.2499],[-77.3909,38.2456],[-77.4343,38.2713],[-77.4671,38.3187],[-77.5125,38.3254],[-77.5272,38.3207],[-77.5291,38.3086],[-77.5671,38.3353],[-77.5706,38.348],[-77.6032,38.3331],[-77.6026,38.3487],[-77.6187,38.3678],[-77.6218,38.3889],[-77.6331,38.3937]]]},"properties":{"GEOID":"51179","state_fips":"51","state_abbr":"VA","county_name":"Stafford County","category":"county_restriction","n_total":1,"n_live":1,"n_pending":0,"n_lapsed":0,"n_live_county_restriction":1,"n_live_town_restriction":0,"n_live_conditions":0,"action_ids":["dct-stafford-county-va-2025-10-22"]}},{"type":"Feature","geometry":{"type":"Polygon","coordinates":[[[-91.3664,41.5984],[-91.3659,41.9474],[-90.8985,41.9462],[-90.8999,41.5971],[-91.3664,41.5984]]]},"properties":{"GEOID":"19031","state_fips":"19","state_abbr":"IA","county_name":"Cedar County","category":"county_restriction","n_total":1,"n_live":1,"n_pending":0,"n_lapsed":0,"n_live_county_restriction":1,"n_live_town_restriction":0,"n_live_conditions":0,"action_ids":["ia-cedar-county-2026"]}},{"type":"Feature","geometry":{"type":"Polygon","coordinates":[[[-80.7716,35.6722],[-80.7078,35.853],[-80.6931,35.8538],[-80.6917,35.8635],[-80.6686,35.8561],[-80.6712,35.8465],[-80.632,35.8457],[-80.6095,35.8231],[-80.5947,35.8274],[-80.5904,35.8171],[-80.5871,35.823],[-80.5743,35.818],[-80.5329,35.7852],[-80.5086,35.7746],[-80.4974,35.783],[-80.4869,35.7663],[-80.4848,35.7756],[-80.4783,35.7748],[-80.4534,35.7345],[-80.3728,35.7165],[-80.3338,35.72],[-80.3241,35.7058],[-80.3344,35.6921],[-80.3306,35.6788],[-80.3073,35.6657],[-80.2883,35.6353],[-80.265,35.6296],[-80.2089,35.5813],[-80.2098,35.5523],[-80.1992,35.5456],[-80.1829,35.5033],[-80.7372,35.5058],[-80.7398,35.5441],[-80.7716,35.6722]]]},"properties":{"GEOID":"37159","state_fips":"37","state_abbr":"NC","county_name":"Rowan County","category":"county_restriction","n_total":1,"n_live":1,"n_pending":0,"n_lapsed":0,"n_live_county_restriction":1,"n_live_town_restriction":0,"n_live_conditions":0,"action_ids":["nc-rowan-county-2026"]}},{"type":"Feature","geometry":{"type":"Polygon","coordinates":[[[-84.0361,40.0402],[-84.0148,40.2735],[-83.7842,40.26],[-83.7854,40.2452],[-83.4945,40.2255],[-83.5161,40.0108],[-84.0361,40.0402]]]},"properties":{"GEOID":"39021","state_fips":"39","state_abbr":"OH","county_name":"Champaign County","category":"county_restriction","n_total":2,"n_live":2,"n_pending":0,"n_lapsed":0,"n_live_county_restriction":1,"n_live_town_restriction":1,"n_live_conditions":0,"action_ids":["dct-champaign-county-oh-2026-02-01","dct-urbana-oh-2026-03-04"]}},{"type":"Feature","geometry":{"type":"Polygon","coordinates":[[[-96.6018,30.6419],[-96.5837,30.6605],[-96.5815,30.6889],[-96.4576,30.7445],[-96.4229,30.7935],[-96.3874,30.864],[-96.3491,30.9117],[-96.241,30.9737],[-96.2317,30.9548],[-96.2075,30.9471],[-96.1982,30.9319],[-96.2126,30.9049],[-96.193,30.8812],[-96.1957,30.871],[-96.1768,30.8576],[-96.1684,30.823],[-96.1725,30.8029],[-96.1836,30.7951],[-96.1626,30.7695],[-96.1705,30.7529],[-96.1621,30.7278],[-96.1779,30.7093],[-96.1641,30.6588],[-96.1693,30.63],[-96.1883,30.5996],[-96.1598,30.5673],[-96.161,30.5337],[-96.1483,30.5281],[-96.1526,30.5213],[-96.1321,30.4905],[-96.1409,30.475],[-96.1294,30.4658],[-96.1298,30.4524],[-96.1228,30.4548],[-96.1205,30.4419],[-96.1047,30.444],[-96.1052,30.437],[-96.0928,30.4401],[-96.08,30.43],[-96.0874,30.4176],[-96.1056,30.4221],[-96.1119,30.4159],[-96.1082,30.4062],[-96.1215,30.384],[-96.1474,30.3823],[-96.1416,30.3559],[-96.1497,30.3499],[-96.1398,30.3403],[-96.1546,30.3303],[-96.1602,30.3417],[-96.1499,30.3688],[-96.159,30.3786],[-96.1755,30.375],[-96.1745,30.3909],[-96.1945,30.3999],[-96.2101,30.3739],[-96.2518,30.3654],[-96.2629,30.37],[-96.2725,30.3585],[-96.2996,30.3778],[-96.2936,30.3836],[-96.3069,30.3946],[-96.2976,30.4004],[-96.2975,30.4118],[-96.2723,30.4102],[-96.2735,30.4183],[-96.288,30.4213],[-96.2849,30.4481],[-96.2929,30.4443],[-96.3115,30.4556],[-96.3209,30.4496],[-96.3373,30.4694],[-96.3398,30.4754],[-96.3299,30.4779],[-96.3431,30.4987],[-96.3537,30.5027],[-96.356,30.5139],[-96.3711,30.5134],[-96.3557,30.5211],[-96.3588,30.5418],[-96.3765,30.5467],[-96.3777,30.5361],[-96.3852,30.5441],[-96.388,30.5324],[-96.4131,30.5395],[-96.4234,30.5591],[-96.4201,30.5843],[-96.4308,30.5906],[-96.4267,30.5771],[-96.4355,30.5732],[-96.4522,30.597],[-96.4695,30.6069],[-96.4876,30.6049],[-96.4896,30.6219],[-96.4999,30.6128],[-96.511,30.6277],[-96.5666,30.6294],[-96.5703,30.6367],[-96.6018,30.6419]]]},"properties":{"GEOID":"48041","state_fips":"48","state_abbr":"TX","county_name":"Brazos County","category":"town_restriction","n_total":1,"n_live":1,"n_pending":0,"n_lapsed":0,"n_live_county_restriction":0,"n_live_town_restriction":1,"n_live_conditions":0,"action_ids":["dct-bryan-tx-zoning-2026-02"]}},{"type":"Feature","geometry":{"type":"Polygon","coordinates":[[[-81.3917,32.0959],[-81.1957,32.2375],[-81.1452,32.2266],[-81.1522,32.2223],[-81.1384,32.2193],[-81.1221,32.1955],[-81.114,32.1954],[-81.1216,32.1922],[-81.1205,32.1783],[-81.1111,32.1727],[-81.1212,32.1749],[-81.1297,32.1659],[-81.1122,32.1508],[-81.1199,32.134],[-81.1154,32.1147],[-81.0912,32.1109],[-81.0883,32.0999],[-81.0381,32.0837],[-81.0043,32.1024],[-80.9835,32.0795],[-80.9539,32.0701],[-80.9251,32.0419],[-80.8907,32.0307],[-80.876,32.0168],[-80.8527,32.0288],[-80.8435,32.0236],[-80.8404,32.003],[-80.8628,31.9693],[-80.8977,31.9491],[-80.928,31.9385],[-80.9325,31.9619],[-80.9427,31.9637],[-80.9843,31.9401],[-80.9685,31.9158],[-80.9301,31.9081],[-80.9927,31.8576],[-81.0415,31.8762],[-81.0653,31.8771],[-81.0591,31.8501],[-81.0758,31.829],[-81.0523,31.819],[-81.0398,31.823],[-81.0359,31.8104],[-81.0792,31.7627],[-81.1384,31.7209],[-81.1547,31.7262],[-81.1564,31.7423],[-81.1733,31.7572],[-81.161,31.7855],[-81.1812,31.7956],[-81.177,31.8161],[-81.1616,31.8211],[-81.1383,31.8552],[-81.1551,31.8643],[-81.1612,31.8876],[-81.1734,31.8998],[-81.2223,31.8904],[-81.1937,31.9089],[-81.1938,31.9214],[-81.2111,31.9193],[-81.2356,31.8877],[-81.2431,31.8923],[-81.2353,31.9101],[-81.2635,31.9081],[-81.258,31.9267],[-81.273,31.925],[-81.2731,31.9413],[-81.288,31.9441],[-81.2886,31.9772],[-81.3089,31.9823],[-81.3044,32.0007],[-81.3149,32.0114],[-81.3219,32.0074],[-81.3183,32.0155],[-81.3357,32.022],[-81.3383,32.0329],[-81.368,32.0485],[-81.3752,32.0667],[-81.3689,32.069],[-81.3847,32.0795],[-81.3917,32.0959]]]},"properties":{"GEOID":"13051","state_fips":"13","state_abbr":"GA","county_name":"Chatham County","category":"town_restriction","n_total":1,"n_live":1,"n_pending":0,"n_lapsed":0,"n_live_county_restriction":0,"n_live_town_restriction":1,"n_live_conditions":0,"action_ids":["ga-garden-city-chatham-county-2026"]}},{"type":"Feature","geometry":{"type":"Polygon","coordinates":[[[-86.1189,34.4038],[-86.11,34.4039],[-86.1104,34.4278],[-86.0577,34.476],[-86.0348,34.4734],[-85.985,34.4862],[-85.9385,34.5254],[-85.7855,34.6246],[-85.693,34.7443],[-85.6734,34.7449],[-85.6602,34.755],[-85.6343,34.799],[-85.6271,34.8319],[-85.5831,34.8604],[-85.5137,34.5242],[-85.5239,34.5246],[-85.523,34.5168],[-85.5444,34.5001],[-85.5582,34.5026],[-85.5604,34.4899],[-85.5768,34.4844],[-85.5705,34.4672],[-85.5803,34.4703],[-85.5795,34.4402],[-85.6155,34.3939],[-85.6265,34.3978],[-85.6203,34.387],[-85.6299,34.3809],[-85.6292,34.3724],[-85.6642,34.3619],[-85.6753,34.3434],[-85.7742,34.2591],[-85.809,34.2589],[-85.8084,34.2394],[-85.8438,34.2446],[-85.8436,34.2],[-86.1061,34.2008],[-86.11,34.3929],[-86.1188,34.393],[-86.1189,34.4038]]]},"properties":{"GEOID":"01049","state_fips":"01","state_abbr":"AL","county_name":"DeKalb County","category":"town_restriction","n_total":1,"n_live":1,"n_pending":0,"n_lapsed":0,"n_live_county_restriction":0,"n_live_town_restriction":1,"n_live_conditions":0,"action_ids":["al-fort-payne-2026"]}},{"type":"Feature","geometry":{"type":"Polygon","coordinates":[[[-84.8033,40.9894],[-84.3995,40.9903],[-84.3984,40.9033],[-84.341,40.9036],[-84.3401,40.8161],[-84.3974,40.8159],[-84.3968,40.6849],[-84.4562,40.6849],[-84.4562,40.7283],[-84.8021,40.7281],[-84.8033,40.9894]]]},"properties":{"GEOID":"39161","state_fips":"39","state_abbr":"OH","county_name":"Van Wert County","category":"town_restriction","n_total":1,"n_live":1,"n_pending":0,"n_lapsed":0,"n_live_county_restriction":0,"n_live_town_restriction":1,"n_live_conditions":0,"action_ids":["dct-van-wert-thor-equities-mega-site-oh-2026-05-11"]}},{"type":"Feature","geometry":{"type":"Polygon","coordinates":[[[-75.4841,40.4185],[-75.4097,40.488],[-75.2935,40.562],[-75.1968,40.6086],[-75.1901,40.5904],[-75.1949,40.5786],[-75.1832,40.5674],[-75.1629,40.5641],[-75.1419,40.5753],[-75.1173,40.5732],[-75.0686,40.5422],[-75.0626,40.4896],[-75.0706,40.4552],[-75.0588,40.4181],[-75.0283,40.4039],[-74.9964,40.4105],[-74.9681,40.3991],[-74.9397,40.338],[-74.8682,40.2952],[-74.8423,40.2505],[-74.7717,40.2153],[-74.7543,40.1852],[-74.7223,40.1606],[-74.7222,40.1499],[-74.7821,40.1208],[-74.8225,40.1268],[-74.8351,40.1039],[-74.8621,40.0833],[-74.9326,40.0688],[-74.9737,40.0482],[-74.9843,40.0558],[-74.9809,40.066],[-74.9588,40.0825],[-74.9558,40.0951],[-74.9645,40.1184],[-74.9827,40.1209],[-74.9936,40.1323],[-74.9979,40.1278],[-75.4841,40.4185]]]},"properties":{"GEOID":"42017","state_fips":"42","state_abbr":"PA","county_name":"Bucks County","category":"town_restriction","n_total":6,"n_live":5,"n_pending":1,"n_lapsed":0,"n_live_county_restriction":0,"n_live_town_restriction":5,"n_live_conditions":0,"action_ids":["pa-bensalem-township-2026","dct-east-rockhill-township-bucks-county-pa-2026-02-24","dct-falls-township-pa-amazon-2026-02","dct-falls-township-pa-zoning-invalid-2026-07-27","pa-warrington-township-2026","dct-west-rockhill-township-bucks-county-pa-2026-02-24"]}},{"type":"Feature","geometry":{"type":"Polygon","coordinates":[[[-79.0754,43.0814],[-79.058,43.107],[-79.0691,43.12],[-79.0424,43.1437],[-79.0531,43.1737],[-79.0487,43.1997],[-79.0571,43.2107],[-79.0561,43.2542],[-79.0705,43.2625],[-78.6343,43.3576],[-78.5199,43.3724],[-78.4655,43.3712],[-78.4604,43.2162],[-78.4697,43.0828],[-78.4965,43.0818],[-78.5104,43.098],[-78.5141,43.0904],[-78.5363,43.0855],[-78.5469,43.0903],[-78.5413,43.0933],[-78.5456,43.0987],[-78.5609,43.0904],[-78.5549,43.0949],[-78.5603,43.0973],[-78.5653,43.0882],[-78.5762,43.0888],[-78.5743,43.0802],[-78.5846,43.0867],[-78.5827,43.0752],[-78.594,43.0695],[-78.6065,43.0727],[-78.6018,43.0766],[-78.6163,43.0745],[-78.6125,43.0836],[-78.6407,43.0973],[-78.6466,43.0808],[-78.7272,43.0862],[-78.7454,43.0698],[-78.7996,43.0664],[-78.8073,43.0536],[-78.8313,43.0502],[-78.8254,43.0337],[-78.8417,43.0189],[-78.8902,43.022],[-78.8963,43.0442],[-78.9453,43.067],[-79.0192,43.0679],[-79.0754,43.0814]]]},"properties":{"GEOID":"36063","state_fips":"36","state_abbr":"NY","county_name":"Niagara County","category":"town_restriction","n_total":2,"n_live":2,"n_pending":0,"n_lapsed":0,"n_live_county_restriction":0,"n_live_town_restriction":2,"n_live_conditions":0,"action_ids":["ny-lewiston-2026","dct-north-tonawanda-ny-2024-07-01"]}},{"type":"Feature","geometry":{"type":"Polygon","coordinates":[[[-75.1447,41.8517],[-74.7807,42.0164],[-74.4537,41.8756],[-74.5751,41.7453],[-74.3951,41.6449],[-74.3761,41.5982],[-74.3645,41.5938],[-74.4184,41.5694],[-74.4756,41.5043],[-74.7524,41.4937],[-74.762,41.4881],[-74.7504,41.4643],[-74.7599,41.4607],[-74.7625,41.4495],[-74.7519,41.4325],[-74.7586,41.4233],[-74.7939,41.4227],[-74.8076,41.4428],[-74.8307,41.4305],[-74.8586,41.4444],[-74.8939,41.4389],[-74.8904,41.4553],[-74.9069,41.4611],[-74.9125,41.4756],[-74.9418,41.4835],[-74.9583,41.4764],[-74.9833,41.4809],[-74.9844,41.5066],[-75.0032,41.5081],[-75.0038,41.5241],[-75.0248,41.5351],[-75.0185,41.5518],[-75.0746,41.6057],[-75.0597,41.6108],[-75.0601,41.6175],[-75.0442,41.618],[-75.0499,41.6626],[-75.0593,41.6723],[-75.0527,41.6884],[-75.0688,41.7082],[-75.0499,41.7133],[-75.0534,41.7525],[-75.0759,41.7715],[-75.1043,41.7727],[-75.1015,41.7879],[-75.0769,41.7985],[-75.0722,41.8137],[-75.0895,41.8116],[-75.1133,41.8228],[-75.1144,41.8436],[-75.1447,41.8517]]]},"properties":{"GEOID":"36105","state_fips":"36","state_abbr":"NY","county_name":"Sullivan County","category":"town_restriction","n_total":1,"n_live":1,"n_pending":0,"n_lapsed":0,"n_live_county_restriction":0,"n_live_town_restriction":1,"n_live_conditions":0,"action_ids":["ny-town-of-highland-2026"]}},{"type":"Feature","geometry":{"type":"Polygon","coordinates":[[[-87.3372,33.4754],[-87.3271,33.4931],[-87.2873,33.4798],[-87.2874,33.5012],[-87.2614,33.5007],[-87.2755,33.5208],[-87.2702,33.5303],[-87.2514,33.514],[-87.2373,33.5383],[-87.2139,33.5364],[-87.1876,33.5515],[-87.2046,33.5788],[-87.1969,33.5993],[-87.1796,33.5993],[-87.1794,33.6138],[-87.1444,33.6134],[-87.1445,33.6282],[-87.0927,33.6279],[-87.0927,33.6569],[-87.0578,33.6564],[-87.0573,33.6855],[-87.0398,33.6854],[-87.0406,33.729],[-87.0316,33.729],[-87.0317,33.7437],[-87.0234,33.7436],[-87.0233,33.7727],[-87.0059,33.7726],[-87.006,33.7872],[-86.9709,33.7865],[-86.9712,33.8012],[-86.9537,33.8008],[-86.9537,33.8153],[-86.9365,33.8153],[-86.8839,33.8432],[-86.7591,33.8406],[-86.6453,33.773],[-86.6478,33.7659],[-86.5428,33.7652],[-86.5426,33.7356],[-86.5338,33.7355],[-86.5339,33.7213],[-86.5251,33.7212],[-86.5251,33.6487],[-86.5338,33.6489],[-86.5337,33.6344],[-86.5428,33.6344],[-86.5428,33.6198],[-86.5513,33.62],[-86.552,33.561],[-86.5431,33.5612],[-86.543,33.554],[-86.5167,33.5534],[-86.5172,33.5241],[-86.5606,33.5175],[-86.5779,33.4961],[-86.587,33.4961],[-86.587,33.4816],[-86.5958,33.4815],[-86.6046,33.4671],[-86.6744,33.4665],[-86.6744,33.4517],[-86.692,33.452],[-86.7004,33.4306],[-86.7177,33.4308],[-86.7179,33.4163],[-86.7515,33.4172],[-86.761,33.3883],[-86.7784,33.3887],[-86.7786,33.3669],[-86.8302,33.3608],[-86.8307,33.332],[-86.8825,33.333],[-86.9001,33.3078],[-86.9261,33.2965],[-86.9262,33.2782],[-86.9478,33.2744],[-86.9478,33.2671],[-86.9696,33.2675],[-86.9829,33.246],[-87.0657,33.2469],[-87.0658,33.2759],[-87.0875,33.2797],[-87.0875,33.2907],[-87.1268,33.2908],[-87.1271,33.306],[-87.162,33.3066],[-87.1622,33.321],[-87.1796,33.3211],[-87.18,33.343],[-87.1974,33.3431],[-87.1976,33.3581],[-87.232,33.3659],[-87.232,33.3951],[-87.2493,33.3956],[-87.2538,33.4178],[-87.2843,33.4257],[-87.2844,33.4406],[-87.3144,33.4417],[-87.3141,33.4557],[-87.3356,33.4563],[-87.3372,33.4754]]]},"properties":{"GEOID":"01073","state_fips":"01","state_abbr":"AL","county_name":"Jefferson County","category":"town_restriction","n_total":8,"n_live":7,"n_pending":1,"n_lapsed":0,"n_live_county_restriction":0,"n_live_town_restriction":6,"n_live_conditions":1,"action_ids":["dct-bessemer-al-2025-08-01","dct-bessemer-al-expansion-2026-01","al-birmingham-2026","al-fairfield-2026","al-homewood-2026","dct-hoover-al-2026-05-11","al-hueytown-undated","al-leeds-2026"]}},{"type":"Feature","geometry":{"type":"Polygon","coordinates":[[[-94.6129,38.4776],[-94.608,38.8472],[-94.1191,38.8332],[-94.1294,38.6559],[-94.1164,38.6555],[-94.1197,38.5687],[-94.0643,38.5674],[-94.0657,38.4471],[-94.0935,38.4585],[-94.2005,38.4454],[-94.2233,38.4483],[-94.2263,38.4591],[-94.2398,38.4601],[-94.2671,38.4505],[-94.29,38.4654],[-94.2975,38.4589],[-94.3121,38.4714],[-94.6129,38.4776]]]},"properties":{"GEOID":"29037","state_fips":"29","state_abbr":"MO","county_name":"Cass County","category":"lapsed_only","n_total":1,"n_live":0,"n_pending":0,"n_lapsed":1,"n_live_county_restriction":0,"n_live_town_restriction":0,"n_live_conditions":0,"action_ids":["mo-peculiar-2024"]}},{"type":"Feature","geometry":{"type":"Polygon","coordinates":[[[-85.7426,37.7922],[-85.7378,37.8118],[-85.7214,37.8102],[-85.7205,37.8084],[-85.723,37.8086],[-85.7242,37.8059],[-85.6912,37.8185],[-85.6806,37.8149],[-85.6168,37.8524],[-85.6103,37.8589],[-85.6133,37.87],[-85.5997,37.8694],[-85.5766,37.8846],[-85.5848,37.8936],[-85.5839,37.911],[-85.5503,37.9269],[-85.5252,37.9527],[-85.5342,37.9652],[-85.4892,37.9907],[-85.3996,37.9399],[-85.1678,37.9718],[-85.1518,37.8877],[-85.1855,37.8922],[-85.1875,37.8836],[-85.1991,37.9018],[-85.1936,37.8655],[-85.2051,37.8642],[-85.1963,37.8555],[-85.2051,37.8462],[-85.2184,37.8543],[-85.2162,37.8713],[-85.2269,37.8552],[-85.2308,37.8705],[-85.241,37.8625],[-85.2555,37.8658],[-85.2442,37.8475],[-85.268,37.8445],[-85.2785,37.8533],[-85.2775,37.8378],[-85.2979,37.8324],[-85.3136,37.8097],[-85.3082,37.7938],[-85.3348,37.7878],[-85.3379,37.7803],[-85.3557,37.7841],[-85.3542,37.7698],[-85.3449,37.7636],[-85.353,37.7574],[-85.375,37.7645],[-85.3733,37.7396],[-85.4018,37.7307],[-85.4505,37.6859],[-85.5213,37.5543],[-85.5267,37.5626],[-85.5436,37.5624],[-85.5511,37.554],[-85.5471,37.5303],[-85.5642,37.523],[-85.5958,37.5328],[-85.5957,37.5451],[-85.601,37.5393],[-85.6032,37.5479],[-85.6181,37.5406],[-85.6261,37.5454],[-85.6078,37.558],[-85.6013,37.5825],[-85.6068,37.5904],[-85.5913,37.5945],[-85.5872,37.6051],[-85.6114,37.6073],[-85.6153,37.6145],[-85.5925,37.6138],[-85.5798,37.6267],[-85.5701,37.6172],[-85.5682,37.6235],[-85.5728,37.6383],[-85.5837,37.6443],[-85.6011,37.6399],[-85.5925,37.6939],[-85.606,37.7008],[-85.6372,37.696],[-85.6459,37.7167],[-85.6781,37.73],[-85.6766,37.737],[-85.6875,37.7331],[-85.6795,37.7393],[-85.6866,37.7467],[-85.6824,37.7577],[-85.6929,37.7553],[-85.7045,37.7681],[-85.7165,37.7685],[-85.7139,37.7742],[-85.7281,37.7742],[-85.7363,37.7817],[-85.727,37.7878],[-85.7426,37.7922]]]},"properties":{"GEOID":"21179","state_fips":"21","state_abbr":"KY","county_name":"Nelson County","category":"county_restriction","n_total":1,"n_live":1,"n_pending":0,"n_lapsed":0,"n_live_county_restriction":1,"n_live_town_restriction":0,"n_live_conditions":0,"action_ids":["ky-nelson-county-2026"]}},{"type":"Feature","geometry":{"type":"Polygon","coordinates":[[[-83.2556,35.6961],[-83.2554,35.7162],[-83.2407,35.7268],[-83.1857,35.7299],[-83.1592,35.7649],[-83.1202,35.7662],[-83.0787,35.7895],[-83.0362,35.7874],[-82.9958,35.7731],[-82.96,35.7907],[-82.95,35.7745],[-82.9571,35.7467],[-82.9479,35.7389],[-82.9176,35.7448],[-82.9077,35.728],[-82.9104,35.7162],[-82.8986,35.7035],[-82.9011,35.6849],[-82.8839,35.6782],[-82.8881,35.673],[-82.8782,35.6678],[-82.8649,35.6347],[-82.8517,35.6353],[-82.8517,35.6173],[-82.8121,35.6275],[-82.7993,35.5981],[-82.7706,35.5759],[-82.7659,35.5676],[-82.7775,35.5556],[-82.7659,35.539],[-82.7792,35.5277],[-82.7994,35.4706],[-82.7817,35.4395],[-82.7451,35.423],[-82.7456,35.4073],[-82.7878,35.381],[-82.8032,35.3502],[-82.832,35.3183],[-82.8764,35.3146],[-82.918,35.2916],[-82.9273,35.3028],[-82.9509,35.307],[-82.9552,35.3164],[-82.9647,35.3153],[-82.9649,35.3334],[-82.9904,35.3676],[-83.0437,35.3944],[-83.0444,35.4151],[-83.0801,35.4347],[-83.0795,35.4476],[-83.1091,35.4641],[-83.1377,35.4644],[-83.1382,35.4908],[-83.1611,35.4962],[-83.1637,35.5092],[-83.1857,35.5117],[-83.156,35.5539],[-83.167,35.5787],[-83.1836,35.5867],[-83.1771,35.632],[-83.2024,35.6448],[-83.182,35.6713],[-83.2074,35.6814],[-83.2151,35.6923],[-83.2556,35.6961]]]},"properties":{"GEOID":"37087","state_fips":"37","state_abbr":"NC","county_name":"Haywood County","category":"town_restriction","n_total":2,"n_live":2,"n_pending":0,"n_lapsed":0,"n_live_county_restriction":0,"n_live_town_restriction":2,"n_live_conditions":0,"action_ids":["nc-canton-2026","nc-clyde-2026"]}},{"type":"Feature","geometry":{"type":"Polygon","coordinates":[[[-76.9486,40.6285],[-76.8634,40.7077],[-76.8554,40.7286],[-76.8586,40.7818],[-76.8493,40.8097],[-76.813,40.8471],[-76.7987,40.8783],[-76.8541,40.9154],[-76.8822,40.9687],[-76.8564,41.0474],[-76.8588,41.0737],[-76.8844,41.0938],[-76.8959,41.12],[-76.8975,41.136],[-76.881,41.158],[-76.7908,41.1757],[-76.7327,41.172],[-76.7351,41.0911],[-76.762,41.0259],[-76.7747,41.0123],[-76.7929,40.9466],[-76.6613,40.968],[-76.632,40.9637],[-76.6014,40.9422],[-76.557,40.9386],[-76.5681,40.9155],[-76.5573,40.8888],[-76.5505,40.8826],[-76.5042,40.8809],[-76.5097,40.8705],[-76.498,40.8541],[-76.5081,40.8466],[-76.5016,40.8248],[-76.4115,40.8335],[-76.3803,40.7754],[-76.7005,40.6631],[-76.7024,40.6557],[-76.7459,40.6545],[-76.7904,40.6408],[-76.8034,40.6472],[-76.8111,40.6338],[-76.8643,40.6276],[-76.8727,40.6163],[-76.9199,40.6101],[-76.9187,40.6035],[-76.9486,40.6285]]]},"properties":{"GEOID":"42097","state_fips":"42","state_abbr":"PA","county_name":"Northumberland County","category":"town_restriction","n_total":1,"n_live":1,"n_pending":0,"n_lapsed":0,"n_live_county_restriction":0,"n_live_town_restriction":1,"n_live_conditions":0,"action_ids":["dct-mount-carmel-township-pa-2026-05-14"]}},{"type":"Feature","geometry":{"type":"Polygon","coordinates":[[[-84.449,36.1396],[-84.441,36.1635],[-84.402,36.1761],[-84.391,36.2039],[-84.3727,36.2168],[-84.3307,36.2081],[-84.2999,36.2209],[-84.2641,36.1882],[-84.2413,36.1776],[-84.2292,36.1839],[-84.2342,36.2084],[-84.2256,36.2196],[-84.2275,36.2449],[-84.1104,36.2339],[-84.0927,36.2224],[-84.0915,36.2293],[-84.0737,36.2279],[-84.0749,36.2501],[-84.0576,36.2491],[-84.0337,36.3018],[-84.0215,36.2723],[-84.0043,36.2704],[-84.0098,36.2703],[-83.9691,36.2101],[-83.9417,36.1864],[-83.9762,36.1681],[-84.0003,36.139],[-84.0153,36.1354],[-84.0297,36.1165],[-84.093,36.0735],[-84.0586,36.0363],[-84.0766,36.02],[-84.1472,35.9873],[-84.1923,35.9955],[-84.1966,35.9784],[-84.2158,35.9733],[-84.2159,35.9464],[-84.2454,35.9531],[-84.2376,35.9296],[-84.2715,35.9422],[-84.2526,35.9182],[-84.2716,35.9102],[-84.3202,35.9919],[-84.3418,36.049],[-84.379,36.0954],[-84.4204,36.1084],[-84.43,36.1319],[-84.449,36.1396]]]},"properties":{"GEOID":"47001","state_fips":"47","state_abbr":"TN","county_name":"Anderson County","category":"county_restriction","n_total":4,"n_live":3,"n_pending":1,"n_lapsed":0,"n_live_county_restriction":2,"n_live_town_restriction":1,"n_live_conditions":0,"action_ids":["tn-anderson-county-2026","dct-anderson-county-tn-moratorium-2026-06-15","dct-rocky-top-tn-zoning-2026-04","tn-clinton-2026"]}},{"type":"Feature","geometry":{"type":"Polygon","coordinates":[[[-78.2293,38.5332],[-78.2151,38.5384],[-78.1911,38.5241],[-78.1718,38.5222],[-78.0901,38.5968],[-77.9313,38.6984],[-77.9095,38.6973],[-77.9029,38.6842],[-77.8919,38.6811],[-77.9026,38.6747],[-77.9013,38.6655],[-77.8841,38.6666],[-77.8717,38.6485],[-77.8805,38.6365],[-77.8599,38.6208],[-77.873,38.611],[-77.8624,38.5985],[-77.8772,38.5849],[-77.8389,38.5399],[-77.8137,38.5303],[-77.8011,38.5031],[-77.7819,38.4888],[-77.7767,38.4656],[-77.7613,38.4584],[-77.7551,38.4294],[-77.7397,38.4247],[-77.7355,38.4131],[-77.6904,38.427],[-77.6349,38.4102],[-77.6187,38.3678],[-77.6395,38.359],[-77.6442,38.3666],[-77.6371,38.3719],[-77.6457,38.3781],[-77.6955,38.3564],[-77.7506,38.3774],[-77.7461,38.3841],[-77.7712,38.393],[-77.7878,38.3766],[-77.7745,38.3684],[-77.7809,38.3641],[-77.8277,38.3822],[-77.8847,38.3791],[-77.8905,38.389],[-77.9075,38.3829],[-77.9196,38.3656],[-77.9587,38.3537],[-77.9729,38.3589],[-77.9757,38.3471],[-77.9939,38.3493],[-78.0308,38.3278],[-78.037,38.3119],[-78.0538,38.3177],[-78.0691,38.3084],[-78.0778,38.3163],[-78.103,38.3115],[-78.0943,38.3257],[-78.0828,38.3279],[-78.1078,38.3438],[-78.1184,38.3672],[-78.115,38.3832],[-78.0918,38.3905],[-78.0961,38.4043],[-78.1265,38.4257],[-78.119,38.4348],[-78.123,38.4403],[-78.2293,38.5332]]]},"properties":{"GEOID":"51047","state_fips":"51","state_abbr":"VA","county_name":"Culpeper County","category":"county_restriction","n_total":1,"n_live":1,"n_pending":0,"n_lapsed":0,"n_live_county_restriction":1,"n_live_town_restriction":0,"n_live_conditions":0,"action_ids":["dct-culpeper-county-va-zoning-2026-01"]}},{"type":"Feature","geometry":{"type":"Polygon","coordinates":[[[-88.2613,41.7247],[-88.0304,41.7289],[-88.0277,41.6415],[-87.9119,41.6439],[-87.9094,41.5569],[-87.7928,41.5585],[-87.7903,41.4698],[-87.5257,41.4703],[-87.5267,41.2981],[-88.0139,41.2924],[-88.0118,41.2055],[-88.2441,41.2016],[-88.2613,41.7247]]]},"properties":{"GEOID":"17197","state_fips":"17","state_abbr":"IL","county_name":"Will County","category":"town_restriction","n_total":1,"n_live":1,"n_pending":0,"n_lapsed":0,"n_live_county_restriction":0,"n_live_town_restriction":1,"n_live_conditions":0,"action_ids":["dct-plainfield-il-moratorium-2026-04-21"]}},{"type":"Feature","geometry":{"type":"Polygon","coordinates":[[[-83.5767,31.0805],[-83.5573,31.1105],[-83.5559,31.1445],[-83.5435,31.148],[-83.5415,31.1774],[-83.51,31.206],[-83.5136,31.2329],[-83.5056,31.269],[-83.5153,31.3023],[-83.5126,31.3274],[-83.4606,31.3263],[-83.4605,31.333],[-83.4455,31.336],[-83.4449,31.3496],[-83.4345,31.3504],[-83.439,31.3188],[-83.4306,31.2947],[-83.4094,31.2868],[-83.3812,31.2556],[-83.3476,31.2521],[-83.3342,31.2416],[-83.3342,31.1915],[-83.3056,31.1672],[-83.3045,31.1564],[-83.3225,31.1183],[-83.3219,31.0977],[-83.3042,31.0918],[-83.296,31.0702],[-83.2798,31.0634],[-83.2835,31.0409],[-83.2951,31.0273],[-83.4819,31.0326],[-83.5026,31.0531],[-83.5499,31.0534],[-83.5767,31.0805]]]},"properties":{"GEOID":"13075","state_fips":"13","state_abbr":"GA","county_name":"Cook County","category":"town_restriction","n_total":1,"n_live":1,"n_pending":0,"n_lapsed":0,"n_live_county_restriction":0,"n_live_town_restriction":1,"n_live_conditions":0,"action_ids":["ga-adel-cook-county-2026"]}},{"type":"Feature","geometry":{"type":"Polygon","coordinates":[[[-112.7523,42.958],[-112.7342,42.9755],[-112.7416,42.9889],[-112.7067,42.9907],[-112.6762,43.022],[-112.6656,43.0155],[-112.6566,43.0219],[-112.063,43.0224],[-112.0529,42.991],[-112.0638,42.9799],[-112.0887,42.9735],[-112.0821,42.9504],[-112.1274,42.9445],[-112.1436,42.9177],[-112.1343,42.9136],[-112.1365,42.9058],[-112.1496,42.8981],[-112.1362,42.8797],[-112.1342,42.8457],[-112.1196,42.8221],[-112.1265,42.8105],[-112.141,42.8083],[-112.141,42.7631],[-112.115,42.7278],[-112.109,42.7025],[-112.0972,42.6966],[-112.0686,42.7056],[-112.0573,42.718],[-111.9694,42.718],[-111.9721,42.7044],[-111.9568,42.6899],[-111.9661,42.6747],[-111.9464,42.6747],[-111.9465,42.6355],[-111.9219,42.632],[-111.9163,42.5243],[-111.8967,42.5241],[-111.895,42.4888],[-111.8854,42.4888],[-111.8852,42.4452],[-111.8755,42.4453],[-111.8756,42.4162],[-111.8953,42.4162],[-111.8967,42.2563],[-111.9839,42.2565],[-111.9838,42.2856],[-112.1262,42.2852],[-112.1378,42.2957],[-112.156,42.2945],[-112.1907,42.3508],[-112.2593,42.3507],[-112.2666,42.3287],[-112.2799,42.3166],[-112.3051,42.3265],[-112.3271,42.3238],[-112.3289,42.3472],[-112.2912,42.3957],[-112.2945,42.4462],[-112.3083,42.4567],[-112.3429,42.4477],[-112.346,42.4669],[-112.3655,42.467],[-112.3705,42.4813],[-112.3802,42.4815],[-112.3845,42.5031],[-112.4198,42.503],[-112.4198,42.5573],[-112.4156,42.5682],[-112.3862,42.5718],[-112.3894,42.6244],[-112.3797,42.6245],[-112.3797,42.6463],[-112.418,42.6462],[-112.418,42.6751],[-112.4375,42.6751],[-112.4379,42.6968],[-112.4575,42.6968],[-112.4578,42.733],[-112.4969,42.733],[-112.4972,42.7907],[-112.5167,42.7908],[-112.52,42.918],[-112.5468,42.9362],[-112.5499,42.9546],[-112.5891,42.9736],[-112.6057,42.9638],[-112.6018,42.96],[-112.6195,42.961],[-112.649,42.9401],[-112.698,42.9378],[-112.7045,42.9232],[-112.7375,42.9054],[-112.7484,42.9188],[-112.7413,42.9221],[-112.744,42.9286],[-112.7346,42.9259],[-112.7399,42.9326],[-112.7321,42.9401],[-112.7484,42.947],[-112.7523,42.958]]]},"properties":{"GEOID":"16005","state_fips":"16","state_abbr":"ID","county_name":"Bannock County","category":"town_restriction","n_total":1,"n_live":1,"n_pending":0,"n_lapsed":0,"n_live_county_restriction":0,"n_live_town_restriction":1,"n_live_conditions":0,"action_ids":["dct-pocatello-id-2026-05-14"]}},{"type":"Feature","geometry":{"type":"MultiPolygon","coordinates":[[[[-82.6951,27.6616],[-82.6939,27.6687],[-82.6856,27.6647],[-82.6951,27.6616]]],[[[-82.8434,28.1195],[-82.8322,28.1291],[-82.8398,28.1193],[-82.8324,28.1067],[-82.8434,28.1195]]],[[[-82.8466,28.1653],[-82.843,28.1717],[-82.8427,28.1638],[-82.8466,28.1653]]],[[[-82.8522,27.886],[-82.8185,28.0487],[-82.8163,28.0119],[-82.8091,28.0065],[-82.8177,27.9966],[-82.8049,27.966],[-82.7861,28.0479],[-82.8223,28.0541],[-82.8341,28.0638],[-82.8362,28.0919],[-82.8253,28.0787],[-82.8256,28.0637],[-82.8004,28.0526],[-82.7835,28.0526],[-82.7866,28.0652],[-82.7792,28.0728],[-82.7836,28.11],[-82.7783,28.1216],[-82.8009,28.1709],[-82.6512,28.1733],[-82.6485,28.0181],[-82.6636,27.9999],[-82.6654,28.0281],[-82.677,28.0329],[-82.6901,28.0275],[-82.6756,28.0054],[-82.6927,27.9838],[-82.6887,27.973],[-82.7001,27.9603],[-82.7218,27.9546],[-82.7259,27.9362],[-82.6889,27.9244],[-82.6843,27.9158],[-82.6297,27.907],[-82.6383,27.8929],[-82.5964,27.8641],[-82.5887,27.8304],[-82.5944,27.8252],[-82.5876,27.819],[-82.6058,27.8031],[-82.6071,27.7929],[-82.6224,27.7892],[-82.6305,27.7539],[-82.6232,27.7446],[-82.6257,27.727],[-82.6398,27.7039],[-82.6773,27.7062],[-82.6798,27.6949],[-82.6803,27.7058],[-82.6891,27.6995],[-82.6986,27.7081],[-82.7134,27.7037],[-82.7237,27.6624],[-82.708,27.6301],[-82.6982,27.6378],[-82.705,27.6253],[-82.737,27.6126],[-82.7453,27.6538],[-82.7403,27.7182],[-82.7905,27.791],[-82.8286,27.8223],[-82.8465,27.8543],[-82.8522,27.886]]]]},"properties":{"GEOID":"12103","state_fips":"12","state_abbr":"FL","county_name":"Pinellas County","category":"pending_only","n_total":1,"n_live":0,"n_pending":1,"n_lapsed":0,"n_live_county_restriction":0,"n_live_town_restriction":0,"n_live_conditions":0,"action_ids":["fl-pinellas-park-undated"]}},{"type":"Feature","geometry":{"type":"Polygon","coordinates":[[[-94.2615,45.2977],[-94.2526,45.3083],[-94.1943,45.3189],[-94.1734,45.3014],[-94.1567,45.304],[-94.0899,45.3455],[-94.096,45.3524],[-94.0814,45.3668],[-94.086,45.3798],[-94.052,45.4236],[-94.0257,45.4045],[-94.007,45.4043],[-94.0098,45.3911],[-93.9962,45.4017],[-93.9574,45.3779],[-93.9438,45.3852],[-93.9143,45.3826],[-93.8676,45.3393],[-93.8311,45.3348],[-93.8062,45.313],[-93.7695,45.2979],[-93.7044,45.2977],[-93.6858,45.3051],[-93.6697,45.2952],[-93.5794,45.2921],[-93.564,45.3012],[-93.5524,45.2655],[-93.5147,45.2399],[-93.5287,45.2224],[-93.5426,45.2326],[-93.57,45.2185],[-93.5924,45.2184],[-93.5979,45.2073],[-93.6127,45.2115],[-93.6285,45.2024],[-93.6371,45.2102],[-93.6571,45.1975],[-93.6386,45.1656],[-93.6969,45.1394],[-93.7392,45.081],[-93.7619,45.0812],[-93.7675,44.9776],[-94.2561,44.9795],[-94.2615,45.2977]]]},"properties":{"GEOID":"27171","state_fips":"27","state_abbr":"MN","county_name":"Wright County","category":"county_restriction","n_total":3,"n_live":2,"n_pending":1,"n_lapsed":0,"n_live_county_restriction":2,"n_live_town_restriction":0,"n_live_conditions":0,"action_ids":["mn-otsego-2026","mn-wright-county-2026","dct-wright-county-mn-emergency-moratorium-2026-05-19"]}},{"type":"Feature","geometry":{"type":"Polygon","coordinates":[[[-98.8066,29.6907],[-98.7788,29.7202],[-98.7382,29.7166],[-98.729,29.7223],[-98.7341,29.7295],[-98.7177,29.7253],[-98.7004,29.7374],[-98.6603,29.7416],[-98.6637,29.7463],[-98.6509,29.754],[-98.6426,29.7402],[-98.6178,29.7439],[-98.6143,29.7376],[-98.6005,29.7413],[-98.6034,29.7495],[-98.5828,29.7411],[-98.5505,29.7607],[-98.5268,29.7404],[-98.446,29.7359],[-98.4383,29.7156],[-98.4268,29.7177],[-98.4297,29.724],[-98.4169,29.7317],[-98.4207,29.7435],[-98.408,29.7485],[-98.3992,29.7381],[-98.3737,29.7306],[-98.3752,29.72],[-98.3526,29.7344],[-98.3386,29.7218],[-98.3414,29.7096],[-98.3805,29.7035],[-98.3763,29.6871],[-98.3843,29.6765],[-98.3789,29.6629],[-98.3638,29.6667],[-98.3427,29.6534],[-98.3453,29.6183],[-98.3122,29.6018],[-98.298,29.5611],[-98.2842,29.5533],[-98.2554,29.5405],[-98.2575,29.5552],[-98.2231,29.5492],[-98.2294,29.5419],[-98.2191,29.5239],[-98.1909,29.5095],[-98.1851,29.4861],[-98.1771,29.4848],[-98.1831,29.4967],[-98.1702,29.4979],[-98.1646,29.4781],[-98.15,29.4757],[-98.1428,29.4865],[-98.136,29.4791],[-98.126,29.4818],[-98.1169,29.4639],[-98.1269,29.4572],[-98.1207,29.447],[-98.1372,29.4404],[-98.4073,29.1144],[-98.7995,29.2487],[-98.8048,29.2507],[-98.8066,29.6907]]]},"properties":{"GEOID":"48029","state_fips":"48","state_abbr":"TX","county_name":"Bexar County","category":"pending_only","n_total":1,"n_live":0,"n_pending":1,"n_lapsed":0,"n_live_county_restriction":0,"n_live_town_restriction":0,"n_live_conditions":0,"action_ids":["dct-san-antonio-tx-2026-03-05"]}},{"type":"Feature","geometry":{"type":"Polygon","coordinates":[[[-82.0504,30.6763],[-82.0364,30.7066],[-82.0448,30.7285],[-82.0387,30.7511],[-82.0114,30.7626],[-82.022,30.7882],[-82.0048,30.7914],[-81.9777,30.7766],[-81.9629,30.7958],[-81.9639,30.8181],[-81.9388,30.8288],[-81.927,30.8176],[-81.9109,30.8161],[-81.9014,30.8299],[-81.8815,30.7999],[-81.8683,30.7929],[-81.8074,30.7901],[-81.7985,30.7823],[-81.7944,30.787],[-81.7822,30.7613],[-81.7719,30.7638],[-81.7696,30.7771],[-81.7408,30.765],[-81.742,30.7591],[-81.7199,30.7446],[-81.6948,30.7484],[-81.6728,30.7389],[-81.6725,30.7484],[-81.6831,30.7485],[-81.6633,30.7544],[-81.6627,30.743],[-81.6523,30.7431],[-81.6531,30.7298],[-81.6307,30.7281],[-81.6244,30.7363],[-81.6235,30.7247],[-81.6107,30.7162],[-81.6009,30.7294],[-81.5971,30.7193],[-81.5737,30.7223],[-81.5607,30.7117],[-81.5493,30.7183],[-81.5384,30.7087],[-81.5312,30.7242],[-81.4873,30.7261],[-81.4726,30.7133],[-81.4258,30.7005],[-81.4419,30.6014],[-81.4376,30.5187],[-81.4799,30.5335],[-81.4996,30.5638],[-81.514,30.5673],[-81.5238,30.5563],[-81.5199,30.5436],[-81.5263,30.5312],[-81.543,30.5239],[-81.5509,30.543],[-81.5678,30.5366],[-81.5854,30.5442],[-81.5844,30.566],[-81.6096,30.554],[-81.6142,30.5631],[-81.6015,30.5677],[-81.611,30.5759],[-81.606,30.5855],[-81.6499,30.5766],[-81.6637,30.5508],[-81.6739,30.5662],[-81.6955,30.5632],[-81.6976,30.5696],[-81.7046,30.5636],[-81.7219,30.5719],[-81.7268,30.5594],[-81.7363,30.5571],[-81.7384,30.5346],[-81.7637,30.5349],[-81.7653,30.5187],[-81.7816,30.5033],[-81.7949,30.5054],[-81.8095,30.4845],[-82.0492,30.2734],[-82.05,30.3624],[-82.0368,30.3779],[-82.0372,30.4345],[-82.0178,30.4751],[-82.0184,30.5312],[-82.0055,30.5635],[-82.0157,30.6017],[-82.0273,30.6067],[-82.0285,30.6218],[-82.0495,30.6555],[-82.0504,30.6763]]]},"properties":{"GEOID":"12089","state_fips":"12","state_abbr":"FL","county_name":"Nassau County","category":"county_restriction","n_total":1,"n_live":1,"n_pending":0,"n_lapsed":0,"n_live_county_restriction":1,"n_live_town_restriction":0,"n_live_conditions":0,"action_ids":["fl-nassau-county-2026"]}},{"type":"Feature","geometry":{"type":"Polygon","coordinates":[[[-73.7687,40.6244],[-73.74,40.6351],[-73.7414,40.6469],[-73.725,40.6527],[-73.7303,40.7222],[-73.7079,40.7278],[-73.7004,40.7392],[-73.7016,40.7525],[-73.7503,40.7825],[-73.7534,40.7995],[-73.7655,40.8109],[-73.754,40.8209],[-73.753,40.8384],[-73.7219,40.8219],[-73.7109,40.8058],[-73.7004,40.8347],[-73.7254,40.8393],[-73.7285,40.833],[-73.7376,40.8484],[-73.728,40.8529],[-73.7296,40.8665],[-73.7141,40.87],[-73.6767,40.8572],[-73.6486,40.8288],[-73.6544,40.8782],[-73.6331,40.9027],[-73.6176,40.8979],[-73.57,40.9154],[-73.5481,40.9087],[-73.5214,40.9183],[-73.5074,40.9087],[-73.5084,40.9015],[-73.5172,40.9011],[-73.5203,40.8867],[-73.5331,40.8853],[-73.5236,40.9096],[-73.5478,40.9036],[-73.5419,40.8769],[-73.5062,40.8724],[-73.5088,40.8937],[-73.4948,40.8948],[-73.4879,40.877],[-73.4625,40.8673],[-73.4235,40.6714],[-73.424,40.6096],[-73.5718,40.5783],[-73.5783,40.5858],[-73.6109,40.5877],[-73.7543,40.5845],[-73.7372,40.593],[-73.7384,40.6027],[-73.7455,40.6118],[-73.7667,40.615],[-73.7687,40.6244]]]},"properties":{"GEOID":"36059","state_fips":"36","state_abbr":"NY","county_name":"Nassau County","category":"county_restriction","n_total":1,"n_live":1,"n_pending":0,"n_lapsed":0,"n_live_county_restriction":1,"n_live_town_restriction":0,"n_live_conditions":0,"action_ids":["dct-nassau-county-ny-2025-04-01"]}},{"type":"Feature","geometry":{"type":"MultiPolygon","coordinates":[[[[-84.2031,45.9685],[-84.1998,45.97],[-84.1999,45.9672],[-84.2031,45.9685]]],[[[-84.2155,45.985],[-84.1142,45.9852],[-84.1142,45.9816],[-84.1496,45.9734],[-84.1825,45.9812],[-84.1703,45.9656],[-84.1802,45.9755],[-84.1992,45.9795],[-84.1984,45.9729],[-84.2155,45.985]]],[[[-84.4298,45.9188],[-84.4312,45.926],[-84.4279,45.9189],[-84.4298,45.9188]]],[[[-84.4372,45.9803],[-84.422,45.9747],[-84.4222,45.9732],[-84.4372,45.9803]]],[[[-84.5827,45.9631],[-84.575,45.9707],[-84.5618,45.9591],[-84.5679,45.9525],[-84.5827,45.9631]]],[[[-84.5902,45.8128],[-84.5794,45.8199],[-84.538,45.8079],[-84.5061,45.8109],[-84.4337,45.7867],[-84.4213,45.7927],[-84.4274,45.8113],[-84.4203,45.8113],[-84.4043,45.7852],[-84.3559,45.7707],[-84.3717,45.7455],[-84.3912,45.7394],[-84.3936,45.7281],[-84.4057,45.7223],[-84.4814,45.7301],[-84.5008,45.7372],[-84.5087,45.754],[-84.5252,45.7617],[-84.55,45.7901],[-84.5902,45.8128]]],[[[-84.6112,45.8346],[-84.5943,45.8306],[-84.5909,45.8224],[-84.6073,45.8256],[-84.6112,45.8346]]],[[[-84.6402,45.9584],[-84.6358,45.9809],[-84.6088,45.9675],[-84.6316,45.9554],[-84.6402,45.9584]]],[[[-84.6515,45.8628],[-84.6418,45.8855],[-84.6225,45.8775],[-84.6021,45.8521],[-84.6198,45.8455],[-84.6515,45.8628]]],[[[-84.7481,45.8344],[-84.7454,45.8393],[-84.7441,45.8366],[-84.7481,45.8344]]],[[[-84.8804,45.8653],[-84.8738,45.8667],[-84.8619,45.8566],[-84.869,45.855],[-84.8804,45.8653]]],[[[-85.2014,46.0431],[-85.202,46.0449],[-85.1995,46.0442],[-85.2014,46.0431]]],[[[-85.8654,45.9684],[-85.865,46.2446],[-85.1133,46.2457],[-85.1125,46.1583],[-84.3635,46.158],[-84.3631,46.0716],[-84.2389,46.0715],[-84.2393,45.9849],[-84.2219,45.9849],[-84.2141,45.9709],[-84.2672,45.9908],[-84.2732,45.9862],[-84.2584,45.9572],[-84.2944,45.9538],[-84.3092,45.9632],[-84.3225,45.9557],[-84.3558,45.9586],[-84.3452,45.9453],[-84.3551,45.9398],[-84.391,45.9493],[-84.3816,45.9336],[-84.435,45.9611],[-84.4203,45.9578],[-84.4125,45.9792],[-84.4289,45.9931],[-84.4091,45.9821],[-84.3921,45.9854],[-84.4227,46.002],[-84.465,46.0055],[-84.4631,45.9689],[-84.4815,45.9776],[-84.4842,45.9938],[-84.5058,45.998],[-84.5164,45.9907],[-84.5097,45.9827],[-84.5141,45.9713],[-84.5271,45.9683],[-84.5344,45.9728],[-84.5304,45.9914],[-84.5444,46.0229],[-84.5639,46.0325],[-84.5818,46.0305],[-84.582,46.022],[-84.6091,46.0264],[-84.6476,46.0497],[-84.6667,46.0505],[-84.6905,46.0279],[-84.6925,46.017],[-84.6839,46.0054],[-84.694,45.9856],[-84.6853,45.9735],[-84.723,45.9673],[-84.7401,45.9418],[-84.7136,45.9167],[-84.7366,45.9128],[-84.7204,45.8748],[-84.7299,45.8698],[-84.7021,45.8507],[-84.7455,45.8475],[-84.7524,45.8397],[-84.8035,45.8704],[-84.8314,45.872],[-84.8394,45.8976],[-84.8748,45.9091],[-84.8882,45.9245],[-84.9136,45.9259],[-84.9423,45.9613],[-85.014,46.0108],[-85.0939,46.0277],[-85.1408,46.0496],[-85.1658,46.0478],[-85.1803,46.0617],[-85.1893,46.0606],[-85.1906,46.0476],[-85.1957,46.0456],[-85.1979,46.0537],[-85.2608,46.0629],[-85.3359,46.0926],[-85.3623,46.0901],[-85.378,46.0749],[-85.3909,46.0936],[-85.4187,46.1022],[-85.4419,46.0958],[-85.447,46.0852],[-85.4806,46.0964],[-85.5216,46.0913],[-85.5975,46.0332],[-85.6178,46.0056],[-85.6512,45.9805],[-85.6549,45.9669],[-85.6961,45.9592],[-85.8101,45.9802],[-85.8402,45.9652],[-85.8654,45.9684]]]]},"properties":{"GEOID":"26097","state_fips":"26","state_abbr":"MI","county_name":"Mackinac County","category":"town_restriction","n_total":1,"n_live":1,"n_pending":0,"n_lapsed":0,"n_live_county_restriction":0,"n_live_town_restriction":1,"n_live_conditions":0,"action_ids":["mi-clark-township-2025"]}},{"type":"Feature","geometry":{"type":"MultiPolygon","coordinates":[[[[-97.2405,26.4112],[-97.2249,26.4112],[-97.2016,26.3249],[-97.1537,26.0676],[-97.1628,26.0671],[-97.1693,26.0777],[-97.1973,26.278],[-97.2255,26.3629],[-97.2195,26.3696],[-97.2405,26.4112]]],[[[-97.8605,26.0529],[-97.8619,26.3482],[-97.5276,26.2993],[-97.5213,26.3258],[-97.5066,26.3208],[-97.5126,26.3131],[-97.5008,26.3189],[-97.5077,26.3347],[-97.4855,26.3371],[-97.4697,26.3299],[-97.4749,26.3413],[-97.4666,26.3427],[-97.4657,26.3324],[-97.447,26.3249],[-97.4309,26.3633],[-97.4011,26.3855],[-97.3939,26.4055],[-97.3487,26.411],[-97.3291,26.3591],[-97.2799,26.2709],[-97.2862,26.2675],[-97.3098,26.2883],[-97.3243,26.2773],[-97.2999,26.2674],[-97.3089,26.229],[-97.3167,26.224],[-97.3045,26.2025],[-97.2972,26.2033],[-97.3036,26.1662],[-97.2828,26.1191],[-97.2887,26.118],[-97.293,26.1302],[-97.3125,26.1203],[-97.2694,26.0861],[-97.1897,26.0716],[-97.1983,26.0667],[-97.1957,26.0466],[-97.165,26.0639],[-97.1497,26.0641],[-97.1461,25.9567],[-97.159,25.9491],[-97.16,25.9624],[-97.1773,25.965],[-97.1903,25.9539],[-97.2096,25.9636],[-97.247,25.9482],[-97.2844,25.9592],[-97.2894,25.9538],[-97.2786,25.9475],[-97.2772,25.9354],[-97.303,25.937],[-97.3074,25.9268],[-97.3206,25.9298],[-97.326,25.9177],[-97.3483,25.9311],[-97.3751,25.9072],[-97.3566,25.8877],[-97.374,25.8798],[-97.3586,25.8781],[-97.3577,25.8692],[-97.3762,25.8557],[-97.3641,25.85],[-97.3729,25.8401],[-97.4052,25.8377],[-97.3991,25.8496],[-97.4082,25.8456],[-97.4084,25.862],[-97.4127,25.8412],[-97.4249,25.8406],[-97.443,25.8481],[-97.4445,25.8557],[-97.4541,25.8548],[-97.4447,25.8671],[-97.457,25.8689],[-97.4557,25.884],[-97.4695,25.8755],[-97.4747,25.878],[-97.4687,25.8886],[-97.4967,25.8797],[-97.4989,25.8987],[-97.5218,25.8865],[-97.5334,25.9091],[-97.5302,25.9199],[-97.543,25.92],[-97.5476,25.9351],[-97.5554,25.9371],[-97.5601,25.9259],[-97.5666,25.9335],[-97.5823,25.9327],[-97.5663,25.9451],[-97.5676,25.9518],[-97.5737,25.9539],[-97.5779,25.9429],[-97.5824,25.9625],[-97.6021,25.9574],[-97.6104,25.9658],[-97.6083,25.9766],[-97.6344,25.9903],[-97.6304,25.9964],[-97.6208,25.9921],[-97.6177,26.0011],[-97.627,25.9969],[-97.6265,26.0056],[-97.6348,25.9995],[-97.6496,26.0113],[-97.6384,26.0131],[-97.639,26.023],[-97.6452,26.0278],[-97.6509,26.0164],[-97.6683,26.0198],[-97.6609,26.0307],[-97.6627,26.0381],[-97.6749,26.0262],[-97.6939,26.0313],[-97.6914,26.019],[-97.7066,26.0375],[-97.7097,26.0262],[-97.7186,26.0237],[-97.7199,26.0308],[-97.7349,26.032],[-97.7254,26.0244],[-97.7357,26.0216],[-97.7424,26.0298],[-97.7638,26.0273],[-97.769,26.0475],[-97.7768,26.044],[-97.7694,26.0356],[-97.7762,26.0301],[-97.7923,26.0342],[-97.7972,26.0437],[-97.789,26.0497],[-97.8013,26.0602],[-97.8148,26.0443],[-97.8172,26.0561],[-97.8347,26.046],[-97.8374,26.0524],[-97.8605,26.0529]]]]},"properties":{"GEOID":"48061","state_fips":"48","state_abbr":"TX","county_name":"Cameron County","category":"town_restriction","n_total":1,"n_live":1,"n_pending":0,"n_lapsed":0,"n_live_county_restriction":0,"n_live_town_restriction":1,"n_live_conditions":0,"action_ids":["tx-harlingen-2026"]}},{"type":"Feature","geometry":{"type":"MultiPolygon","coordinates":[[[[-86.9562,45.352],[-86.9463,45.3587],[-86.9552,45.3837],[-86.9374,45.421],[-86.9235,45.3973],[-86.9143,45.4082],[-86.8775,45.414],[-86.8531,45.4055],[-86.8304,45.4109],[-86.8287,45.4285],[-86.8101,45.4226],[-86.8054,45.4073],[-86.8244,45.4061],[-86.8494,45.3701],[-86.8636,45.3649],[-86.8665,45.3357],[-86.9032,45.3331],[-86.9087,45.3166],[-86.8971,45.2961],[-86.9049,45.2968],[-86.9067,45.3105],[-86.9272,45.3297],[-86.9561,45.3423],[-86.9562,45.352]]],[[[-86.96,45.3118],[-86.9476,45.3123],[-86.9442,45.3006],[-86.9572,45.3048],[-86.96,45.3118]]],[[[-87.2121,45.177],[-87.2071,45.18],[-87.2072,45.1776],[-87.2121,45.177]]],[[[-87.2637,45.1571],[-87.2647,45.1613],[-87.2622,45.1608],[-87.2637,45.1571]]],[[[-87.3775,45.1839],[-87.3752,45.1982],[-87.3527,45.198],[-87.3351,45.2113],[-87.3386,45.1758],[-87.3326,45.1609],[-87.3775,45.1839]]],[[[-87.7337,44.6789],[-87.7176,44.698],[-87.7209,44.7245],[-87.6149,44.835],[-87.5783,44.8534],[-87.5503,44.8513],[-87.5657,44.8301],[-87.5567,44.8249],[-87.5419,44.8323],[-87.534,44.8573],[-87.5146,44.8505],[-87.5041,44.8562],[-87.5188,44.872],[-87.4856,44.8546],[-87.4331,44.8927],[-87.4191,44.8854],[-87.4364,44.8876],[-87.4386,44.881],[-87.42,44.8759],[-87.3855,44.8311],[-87.3836,44.8851],[-87.4062,44.9045],[-87.405,44.9118],[-87.3214,45.0382],[-87.3016,45.0542],[-87.2841,45.0465],[-87.2804,45.0754],[-87.2617,45.0863],[-87.2574,45.1216],[-87.2503,45.1312],[-87.2394,45.1281],[-87.2377,45.1682],[-87.2231,45.1746],[-87.2221,45.1645],[-87.1947,45.1624],[-87.1872,45.1503],[-87.1698,45.1529],[-87.1751,45.1731],[-87.1672,45.1836],[-87.12,45.1911],[-87.1228,45.223],[-87.1087,45.257],[-87.0775,45.2527],[-87.0674,45.2958],[-87.0597,45.2988],[-87.0439,45.2848],[-87.0255,45.2856],[-87.017,45.2993],[-86.9941,45.2981],[-86.9725,45.2841],[-86.9844,45.2644],[-86.9824,45.2482],[-86.9734,45.2433],[-86.985,45.2386],[-86.9796,45.2251],[-86.9854,45.2158],[-87.0028,45.2118],[-87.022,45.2332],[-87.0395,45.2274],[-87.0329,45.2185],[-87.0416,45.2113],[-87.0458,45.1587],[-87.0299,45.1454],[-87.0505,45.1367],[-87.0661,45.1574],[-87.0794,45.1563],[-87.085,45.145],[-87.0765,45.1289],[-87.051,45.1162],[-87.048,45.0878],[-87.0653,45.0782],[-87.0811,45.0925],[-87.0927,45.0927],[-87.0961,45.0819],[-87.0799,45.0735],[-87.0789,45.0577],[-87.0968,45.0557],[-87.1006,45.0698],[-87.1231,45.066],[-87.1248,45.0422],[-87.1394,45.0126],[-87.1635,45.0049],[-87.1894,44.9686],[-87.1884,44.9481],[-87.1717,44.9315],[-87.216,44.9066],[-87.2045,44.8756],[-87.2674,44.8469],[-87.2826,44.8147],[-87.3073,44.8021],[-87.3204,44.785],[-87.319,44.7713],[-87.3352,44.7497],[-87.3435,44.7192],[-87.3751,44.6754],[-87.7337,44.6789]]]]},"properties":{"GEOID":"55029","state_fips":"55","state_abbr":"WI","county_name":"Door County","category":"county_restriction","n_total":1,"n_live":1,"n_pending":0,"n_lapsed":0,"n_live_county_restriction":1,"n_live_town_restriction":0,"n_live_conditions":0,"action_ids":["wi-door-county-2026"]}},{"type":"Feature","geometry":{"type":"Polygon","coordinates":[[[-91.1568,42.9882],[-91.1145,43.0003],[-91.0622,42.9926],[-90.9694,43.0332],[-90.9375,43.0635],[-90.8457,43.0776],[-90.7999,43.1084],[-90.7425,43.1236],[-90.6899,43.173],[-90.6566,43.1718],[-90.5454,43.2115],[-90.4298,43.2009],[-90.4264,42.5071],[-90.6428,42.5085],[-90.636,42.5187],[-90.644,42.5399],[-90.687,42.5918],[-90.7092,42.6361],[-90.9212,42.6854],[-90.9492,42.6856],[-91.0268,42.7242],[-91.0354,42.7373],[-91.0537,42.7382],[-91.0658,42.7534],[-91.0603,42.7618],[-91.0695,42.7696],[-91.0787,42.8277],[-91.0941,42.8308],[-91.1006,42.8831],[-91.1456,42.908],[-91.1454,42.9582],[-91.1568,42.9882]]]},"properties":{"GEOID":"55043","state_fips":"55","state_abbr":"WI","county_name":"Grant County","category":"county_restriction","n_total":2,"n_live":2,"n_pending":0,"n_lapsed":0,"n_live_county_restriction":1,"n_live_town_restriction":1,"n_live_conditions":0,"action_ids":["wi-grant-county-2026","dct-cassville-wi-village-powers-2026-03"]}},{"type":"Feature","geometry":{"type":"Polygon","coordinates":[[[-79.3388,33.9705],[-79.3285,34.0002],[-79.3151,33.9965],[-79.3072,34.0059],[-79.3076,34.0277],[-79.2478,34.0571],[-79.2396,34.0768],[-79.2481,34.0795],[-79.2501,34.0904],[-79.2301,34.1088],[-79.2209,34.1077],[-79.2189,34.1268],[-79.2058,34.133],[-79.2075,34.1548],[-79.1973,34.1587],[-79.1927,34.1754],[-79.1769,34.1848],[-79.1736,34.1795],[-79.1539,34.2072],[-79.1337,34.2157],[-79.1357,34.2291],[-79.1267,34.2361],[-79.1348,34.241],[-79.1264,34.2573],[-79.0937,34.278],[-79.0857,34.2953],[-79.0713,34.2993],[-78.5473,33.8565],[-78.7141,33.8001],[-78.8129,33.7435],[-78.9381,33.6398],[-79.0016,33.5727],[-79.1011,33.573],[-79.0998,33.609],[-79.1091,33.6003],[-79.1213,33.6048],[-79.1233,33.6232],[-79.1337,33.6357],[-79.1349,33.6485],[-79.1273,33.6436],[-79.1239,33.6522],[-79.1295,33.6501],[-79.1364,33.6638],[-79.1533,33.6594],[-79.1573,33.6848],[-79.1914,33.7065],[-79.1959,33.7279],[-79.2481,33.7844],[-79.2609,33.8189],[-79.2488,33.8312],[-79.2641,33.8429],[-79.256,33.8654],[-79.2636,33.8925],[-79.2999,33.9038],[-79.3123,33.9182],[-79.3067,33.9239],[-79.3069,33.9348],[-79.317,33.9341],[-79.3116,33.9442],[-79.3334,33.9527],[-79.3301,33.9616],[-79.3388,33.9705]]]},"properties":{"GEOID":"45051","state_fips":"45","state_abbr":"SC","county_name":"Horry County","category":"pending_only","n_total":1,"n_live":0,"n_pending":1,"n_lapsed":0,"n_live_county_restriction":0,"n_live_town_restriction":0,"n_live_conditions":0,"action_ids":["dct-horry-county-sc-zoning-draft-2026-04"]}},{"type":"Feature","geometry":{"type":"Polygon","coordinates":[[[-78.132,37.4547],[-78.0895,37.6394],[-78.075,37.6574],[-78.0477,37.6434],[-78.0175,37.6426],[-77.9833,37.6246],[-77.9567,37.6251],[-77.9437,37.6386],[-77.956,37.6608],[-77.9498,37.6744],[-77.9157,37.6914],[-77.8973,37.6682],[-77.8306,37.6331],[-77.8179,37.6078],[-77.7648,37.6124],[-77.7319,37.5896],[-77.7056,37.5892],[-77.6554,37.564],[-77.7978,37.4589],[-77.8083,37.4268],[-77.8467,37.4151],[-77.8589,37.4226],[-77.8666,37.4568],[-77.8952,37.4505],[-77.8982,37.4748],[-77.9852,37.4861],[-77.9987,37.4979],[-78.0154,37.4912],[-78.0172,37.4715],[-78.0493,37.4723],[-78.0661,37.452],[-78.0924,37.4557],[-78.0987,37.4406],[-78.1008,37.4481],[-78.1243,37.4454],[-78.132,37.4547]]]},"properties":{"GEOID":"51145","state_fips":"51","state_abbr":"VA","county_name":"Powhatan County","category":"county_restriction","n_total":1,"n_live":1,"n_pending":0,"n_lapsed":0,"n_live_county_restriction":1,"n_live_town_restriction":0,"n_live_conditions":0,"action_ids":["dct-powhatan-county-expansion-va-2025-10-29"]}},{"type":"Feature","geometry":{"type":"Polygon","coordinates":[[[-84.8493,33.5132],[-84.8151,33.5212],[-84.8326,33.5471],[-84.7965,33.5956],[-84.7631,33.6142],[-84.7527,33.6302],[-84.7396,33.6233],[-84.7105,33.6464],[-84.6564,33.6594],[-84.6527,33.6836],[-84.6305,33.6903],[-84.6321,33.7003],[-84.5868,33.7291],[-84.5781,33.7435],[-84.4713,33.8259],[-84.4559,33.8258],[-84.4598,33.8532],[-84.4415,33.891],[-84.4465,33.9119],[-84.3895,33.957],[-84.3754,33.9806],[-84.376,33.9888],[-84.4005,34.0079],[-84.4024,34.0348],[-84.4191,34.0552],[-84.4184,34.109],[-84.3618,34.1242],[-84.3605,34.1623],[-84.3523,34.1767],[-84.3285,34.186],[-84.259,34.1859],[-84.2541,34.1043],[-84.2138,34.0991],[-84.1776,34.0699],[-84.1436,34.0554],[-84.0977,34.0507],[-84.1235,34.0335],[-84.1692,34.0283],[-84.1807,33.9994],[-84.1917,33.9915],[-84.2045,33.9902],[-84.2021,33.9972],[-84.2125,34.0038],[-84.2483,33.9983],[-84.2533,33.9872],[-84.2633,33.986],[-84.2581,33.9682],[-84.2805,33.956],[-84.3474,33.9681],[-84.3501,33.6479],[-84.4483,33.6488],[-84.453,33.6412],[-84.4577,33.6485],[-84.4587,33.5509],[-84.5948,33.5186],[-84.6095,33.5025],[-84.6209,33.5033],[-84.621,33.5107],[-84.8493,33.5132]]]},"properties":{"GEOID":"13121","state_fips":"13","state_abbr":"GA","county_name":"Fulton County","category":"town_restriction","n_total":6,"n_live":6,"n_pending":0,"n_lapsed":0,"n_live_county_restriction":0,"n_live_town_restriction":6,"n_live_conditions":0,"action_ids":["dct-city-of-atlanta-ga-2024-09-01","dct-city-of-south-fulton-ga-2025-09-22","ga-east-point-fulton-county-undated","ga-milton-fulton-county-2026","ga-roswell-2026","ga-south-fulton-undated"]}},{"type":"Feature","geometry":{"type":"Polygon","coordinates":[[[-92.5702,38.9797],[-92.5565,38.9854],[-92.5637,38.9866],[-92.5652,38.9986],[-92.4302,39.2488],[-92.1044,39.2398],[-92.1104,39.0642],[-92.1315,39.0645],[-92.1285,39.0485],[-92.1408,39.0301],[-92.1306,39.0253],[-92.1405,39.0067],[-92.1383,38.9852],[-92.1463,38.981],[-92.1539,38.9245],[-92.1607,38.9252],[-92.1555,38.9144],[-92.169,38.8964],[-92.1481,38.8852],[-92.1622,38.8665],[-92.1493,38.8662],[-92.1542,38.8535],[-92.1456,38.8544],[-92.1484,38.8455],[-92.1404,38.8455],[-92.1508,38.8387],[-92.1455,38.8328],[-92.1528,38.8261],[-92.1352,38.8139],[-92.1511,38.8057],[-92.1457,38.7961],[-92.1581,38.8022],[-92.1583,38.7848],[-92.1678,38.7768],[-92.1631,38.7649],[-92.1723,38.7639],[-92.1862,38.7476],[-92.1821,38.7384],[-92.1944,38.7362],[-92.1924,38.7261],[-92.2122,38.7201],[-92.2157,38.7025],[-92.2254,38.6995],[-92.2185,38.6891],[-92.2207,38.6432],[-92.2591,38.6453],[-92.2934,38.6666],[-92.3609,38.6818],[-92.3614,38.692],[-92.3433,38.7051],[-92.3441,38.7151],[-92.3602,38.7301],[-92.3999,38.7422],[-92.4086,38.7582],[-92.4071,38.7726],[-92.3825,38.7909],[-92.3844,38.8155],[-92.4212,38.8198],[-92.4399,38.8313],[-92.4567,38.8603],[-92.4796,38.8774],[-92.4762,38.9045],[-92.5702,38.9797]]]},"properties":{"GEOID":"29019","state_fips":"29","state_abbr":"MO","county_name":"Boone County","category":"town_restriction","n_total":2,"n_live":2,"n_pending":0,"n_lapsed":0,"n_live_county_restriction":0,"n_live_town_restriction":2,"n_live_conditions":0,"action_ids":["dct-centralia-mo-ordinance-2026-04-20","mo-city-of-columbia-2026"]}},{"type":"Feature","geometry":{"type":"Polygon","coordinates":[[[-108.0006,33.478],[-106.3728,33.4799],[-106.3719,33.3906],[-106.3457,33.3906],[-106.3405,33.0528],[-106.8879,32.8228],[-106.8877,32.7793],[-107.2995,32.7801],[-107.2996,32.6054],[-107.6085,32.6054],[-107.7169,32.6226],[-107.7369,32.6295],[-107.7241,32.6675],[-107.7274,32.6921],[-107.7196,32.6975],[-107.7153,32.7216],[-107.7229,32.7361],[-107.7162,32.7627],[-107.7218,32.7788],[-107.7369,32.7844],[-107.7479,32.8001],[-107.745,32.8251],[-107.7737,32.8557],[-107.7789,32.8969],[-107.7653,32.9118],[-107.7757,32.9308],[-107.7704,32.9409],[-107.776,32.9523],[-107.7918,32.9481],[-107.8039,32.9591],[-107.8298,32.9639],[-107.8567,33.0025],[-107.8464,33.0124],[-107.8568,33.0366],[-107.8515,33.0562],[-107.8334,33.074],[-107.8454,33.0841],[-107.8506,33.1197],[-107.8456,33.1309],[-107.8526,33.1342],[-107.8576,33.165],[-107.8427,33.1724],[-107.8397,33.1828],[-107.8612,33.1877],[-107.8583,33.2009],[-108.0006,33.2013],[-108.0006,33.478]]]},"properties":{"GEOID":"35051","state_fips":"35","state_abbr":"NM","county_name":"Sierra County","category":"pending_only","n_total":1,"n_live":0,"n_pending":1,"n_lapsed":0,"n_live_county_restriction":0,"n_live_town_restriction":0,"n_live_conditions":0,"action_ids":["nm-sierra-county-2026"]}},{"type":"Feature","geometry":{"type":"Polygon","coordinates":[[[-111.8488,38.4249],[-111.8376,38.4285],[-111.8236,38.4572],[-111.7563,38.5101],[-111.3057,38.5102],[-111.3057,38.5],[-110.0253,38.5],[-110.0022,38.4821],[-110.0107,38.4497],[-110.0181,38.4462],[-110.0355,38.46],[-110.0443,38.449],[-110.027,38.4477],[-110.0032,38.4136],[-110.0327,38.386],[-110.0102,38.3776],[-110.0131,38.3641],[-109.9767,38.389],[-109.973,38.3759],[-109.987,38.36],[-109.9837,38.352],[-109.9637,38.3396],[-109.9521,38.3552],[-109.9408,38.353],[-109.9487,38.3376],[-109.965,38.3318],[-109.9633,38.3195],[-109.9464,38.3092],[-109.95,38.2912],[-109.9289,38.2817],[-109.9346,38.2618],[-109.905,38.2676],[-109.9018,38.2568],[-109.9183,38.2428],[-109.8993,38.2429],[-109.8886,38.2288],[-109.9163,38.2273],[-109.9205,38.2209],[-109.9104,38.2113],[-109.8877,38.2076],[-109.9039,38.19],[-109.8851,38.1882],[-109.9326,38.1572],[-109.928,38.1518],[-111.8432,38.1512],[-111.8488,38.4249]]]},"properties":{"GEOID":"49055","state_fips":"49","state_abbr":"UT","county_name":"Wayne County","category":"county_restriction","n_total":1,"n_live":1,"n_pending":0,"n_lapsed":0,"n_live_county_restriction":1,"n_live_town_restriction":0,"n_live_conditions":0,"action_ids":["ut-wayne-county-2026"]}},{"type":"Feature","geometry":{"type":"Polygon","coordinates":[[[-85.6438,41.0023],[-85.3356,41.0052],[-85.3347,40.6544],[-85.6386,40.6531],[-85.6438,41.0023]]]},"properties":{"GEOID":"18069","state_fips":"18","state_abbr":"IN","county_name":"Huntington County","category":"county_restriction","n_total":1,"n_live":1,"n_pending":0,"n_lapsed":0,"n_live_county_restriction":1,"n_live_town_restriction":0,"n_live_conditions":0,"action_ids":["in-huntington-county-2026"]}},{"type":"Feature","geometry":{"type":"Polygon","coordinates":[[[-76.7555,37.3542],[-76.7432,37.3702],[-76.68,37.3669],[-76.6587,37.3801],[-76.6007,37.314],[-76.5364,37.2711],[-76.494,37.2254],[-76.4718,37.216],[-76.3866,37.2278],[-76.4021,37.2065],[-76.3911,37.1946],[-76.3925,37.1756],[-76.408,37.175],[-76.4123,37.1615],[-76.4057,37.16],[-76.4129,37.1558],[-76.3984,37.0967],[-76.4237,37.0918],[-76.4591,37.101],[-76.5061,37.1541],[-76.5168,37.1786],[-76.5266,37.1771],[-76.5652,37.2205],[-76.5913,37.2132],[-76.6013,37.2376],[-76.6273,37.2315],[-76.6513,37.2392],[-76.6658,37.2641],[-76.6845,37.2697],[-76.6783,37.2768],[-76.6819,37.2926],[-76.714,37.2793],[-76.7273,37.2989],[-76.7346,37.3314],[-76.7545,37.3402],[-76.7555,37.3542]]]},"properties":{"GEOID":"51199","state_fips":"51","state_abbr":"VA","county_name":"York County","category":"pending_only","n_total":1,"n_live":0,"n_pending":1,"n_lapsed":0,"n_live_county_restriction":0,"n_live_town_restriction":0,"n_live_conditions":0,"action_ids":["dct-york-county-va-zoning-2026-04-08"]}},{"type":"Feature","geometry":{"type":"MultiPolygon","coordinates":[[[[-82.7345,41.6035],[-82.718,41.6194],[-82.697,41.6108],[-82.6736,41.6232],[-82.6814,41.6118],[-82.6773,41.5962],[-82.6887,41.5865],[-82.7345,41.6035]]],[[[-82.9019,41.4305],[-82.8378,41.4498],[-82.8281,41.4586],[-82.83,41.4728],[-82.8127,41.4698],[-82.8117,41.4753],[-82.7663,41.4458],[-82.7361,41.4489],[-82.7311,41.4612],[-82.7343,41.4505],[-82.7016,41.463],[-82.6923,41.4545],[-82.6738,41.4535],[-82.6812,41.4774],[-82.6936,41.4839],[-82.6869,41.4914],[-82.6203,41.4329],[-82.6255,41.4231],[-82.5122,41.383],[-82.4606,41.3863],[-82.3481,41.4283],[-82.3423,41.2842],[-82.8415,41.29],[-82.8477,41.4305],[-82.9019,41.4305]]]]},"properties":{"GEOID":"39043","state_fips":"39","state_abbr":"OH","county_name":"Erie County","category":"town_restriction","n_total":1,"n_live":1,"n_pending":0,"n_lapsed":0,"n_live_county_restriction":0,"n_live_town_restriction":1,"n_live_conditions":0,"action_ids":["oh-vermilion-2026"]}},{"type":"Feature","geometry":{"type":"Polygon","coordinates":[[[-79.1129,35.1259],[-79.0958,35.1921],[-78.9977,35.2141],[-78.9207,35.2202],[-78.8804,35.2304],[-78.8761,35.2415],[-78.8249,35.2596],[-78.8047,35.2572],[-78.7934,35.266],[-78.7647,35.2584],[-78.7259,35.2669],[-78.7122,35.2576],[-78.6171,35.2457],[-78.6195,35.2269],[-78.6337,35.2125],[-78.6244,35.204],[-78.6468,35.1974],[-78.6357,35.1917],[-78.64,35.1859],[-78.6299,35.1723],[-78.6389,35.167],[-78.6328,35.1642],[-78.6399,35.1549],[-78.6347,35.1394],[-78.6519,35.1218],[-78.6393,35.1159],[-78.6538,35.1114],[-78.6582,35.0945],[-78.6707,35.0925],[-78.6723,35.0853],[-78.6545,35.0508],[-78.6593,35.0428],[-78.645,35.0101],[-78.647,34.9923],[-78.6075,34.9536],[-78.5727,34.9374],[-78.5623,34.918],[-78.5435,34.9138],[-78.5469,34.9006],[-78.5139,34.8817],[-78.5131,34.8691],[-78.4947,34.8562],[-78.5161,34.8459],[-78.8274,34.8507],[-78.9042,34.8349],[-78.927,34.864],[-78.9223,34.8755],[-78.9408,34.9034],[-79.0387,34.9527],[-79.0348,34.9631],[-79.0497,34.992],[-79.0903,35.042],[-79.0932,35.0902],[-79.1129,35.1259]]]},"properties":{"GEOID":"37051","state_fips":"37","state_abbr":"NC","county_name":"Cumberland County","category":"county_restriction","n_total":3,"n_live":2,"n_pending":1,"n_lapsed":0,"n_live_county_restriction":2,"n_live_town_restriction":0,"n_live_conditions":0,"action_ids":["dct-cumberland-county-nc-2025-11-01","nc-cumberland-county-2026","dct-fayetteville-nc-zoning-ban-2026-03"]}},{"type":"Feature","geometry":{"type":"Polygon","coordinates":[[[-75.1373,39.89],[-75.1279,39.9118],[-75.1361,39.9339],[-75.1301,39.9587],[-75.0756,39.978],[-75.06,39.9916],[-75.0274,39.9936],[-75.0104,39.98],[-75.0199,39.9694],[-75.0151,39.9468],[-74.9757,39.9398],[-74.9839,39.9268],[-74.963,39.9203],[-74.9496,39.8983],[-74.9307,39.8859],[-74.903,39.7911],[-74.8949,39.7834],[-74.8194,39.788],[-74.7362,39.7298],[-74.8789,39.609],[-74.9026,39.6317],[-74.909,39.6654],[-74.9299,39.6903],[-74.9876,39.7067],[-75.0243,39.7306],[-75.0212,39.7448],[-75.0444,39.762],[-75.0545,39.7826],[-75.0634,39.786],[-75.0744,39.774],[-75.0871,39.7796],[-75.0819,39.7913],[-75.0705,39.7936],[-75.0886,39.8149],[-75.0833,39.8421],[-75.1044,39.8623],[-75.1188,39.8628],[-75.1373,39.89]]]},"properties":{"GEOID":"34007","state_fips":"34","state_abbr":"NJ","county_name":"Camden County","category":"town_restriction","n_total":1,"n_live":1,"n_pending":0,"n_lapsed":0,"n_live_county_restriction":0,"n_live_town_restriction":1,"n_live_conditions":0,"action_ids":["dct-cherry-hill-nj-data-center-ban-2026-07-28"]}},{"type":"Feature","geometry":{"type":"Polygon","coordinates":[[[-78.3947,38.8228],[-78.3385,38.8757],[-78.3318,38.8872],[-78.3384,38.891],[-78.3004,38.9436],[-78.3072,38.9526],[-78.3352,38.9496],[-78.3309,38.9615],[-78.3387,38.9804],[-78.3215,38.9741],[-78.3164,38.9833],[-78.3322,39.0011],[-78.3141,39.008],[-78.1642,39.0179],[-78.1516,39.0366],[-78.097,39.0129],[-78.056,39.0196],[-78.0043,38.9794],[-78.0753,38.9119],[-78.062,38.8919],[-78.1122,38.8803],[-78.1301,38.87],[-78.1312,38.8617],[-78.1526,38.8544],[-78.1707,38.8194],[-78.1802,38.8178],[-78.1847,38.7928],[-78.2067,38.7742],[-78.2528,38.7572],[-78.2848,38.7593],[-78.2949,38.7841],[-78.3267,38.7917],[-78.3433,38.8056],[-78.3947,38.8228]]]},"properties":{"GEOID":"51187","state_fips":"51","state_abbr":"VA","county_name":"Warren County","category":"town_restriction","n_total":1,"n_live":1,"n_pending":0,"n_lapsed":0,"n_live_county_restriction":0,"n_live_town_restriction":1,"n_live_conditions":0,"action_ids":["dct-front-royal-va-moratorium-2026-07-07"]}},{"type":"Feature","geometry":{"type":"Polygon","coordinates":[[[-78.2556,35.8161],[-78.0066,36.2026],[-77.9777,36.1753],[-77.969,36.1838],[-77.9733,36.1942],[-77.9511,36.1806],[-77.9438,36.1926],[-77.9318,36.1826],[-77.9238,36.1888],[-77.9178,36.1796],[-77.923,36.1669],[-77.9007,36.1627],[-77.8879,36.144],[-77.8619,36.1491],[-77.8088,36.1382],[-77.8039,36.1497],[-77.774,36.1426],[-77.7501,36.1575],[-77.7293,36.1487],[-77.7315,36.1393],[-77.7213,36.1338],[-77.7168,36.1458],[-77.698,36.1531],[-77.7085,36.1121],[-77.7718,36.0067],[-77.8447,35.8376],[-77.8739,35.8497],[-77.8974,35.8439],[-78.1973,35.7279],[-78.2155,35.7358],[-78.2188,35.7549],[-78.2327,35.7513],[-78.2383,35.7671],[-78.2506,35.7733],[-78.2439,35.7919],[-78.2556,35.8161]]]},"properties":{"GEOID":"37127","state_fips":"37","state_abbr":"NC","county_name":"Nash County","category":"town_restriction","n_total":2,"n_live":2,"n_pending":0,"n_lapsed":0,"n_live_county_restriction":0,"n_live_town_restriction":2,"n_live_conditions":0,"action_ids":["nc-town-of-bailey-2026","nc-town-of-spring-hope-2026"]}},{"type":"Feature","geometry":{"type":"Polygon","coordinates":[[[-77.6528,37.5654],[-77.6347,37.566],[-77.6306,37.5767],[-77.6164,37.5776],[-77.6264,37.5988],[-77.652,37.6169],[-77.6545,37.6407],[-77.6302,37.7073],[-77.6071,37.7097],[-77.5954,37.697],[-77.5579,37.6819],[-77.5222,37.7001],[-77.4949,37.7015],[-77.4806,37.6819],[-77.4713,37.6877],[-77.4603,37.6782],[-77.4432,37.6822],[-77.4207,37.6365],[-77.4054,37.626],[-77.4036,37.6051],[-77.3059,37.561],[-77.2318,37.5396],[-77.1773,37.4906],[-77.226,37.4054],[-77.2151,37.3859],[-77.2346,37.3816],[-77.2487,37.3947],[-77.2539,37.3876],[-77.2484,37.3826],[-77.2675,37.3735],[-77.2697,37.3562],[-77.2865,37.352],[-77.3107,37.3658],[-77.2982,37.3921],[-77.3003,37.4053],[-77.3086,37.404],[-77.3187,37.3802],[-77.3604,37.3749],[-77.3577,37.3835],[-77.3652,37.3909],[-77.3757,37.3817],[-77.3863,37.3866],[-77.3846,37.3975],[-77.3985,37.4054],[-77.3991,37.4213],[-77.4269,37.4261],[-77.4175,37.4518],[-77.4228,37.4961],[-77.4165,37.5171],[-77.3939,37.505],[-77.3943,37.5149],[-77.3874,37.5171],[-77.3939,37.5261],[-77.3855,37.5352],[-77.3932,37.5373],[-77.3951,37.5494],[-77.4117,37.5523],[-77.4133,37.58],[-77.4393,37.5855],[-77.4376,37.5986],[-77.4781,37.5989],[-77.4725,37.5787],[-77.4824,37.5731],[-77.5326,37.5918],[-77.532,37.5826],[-77.5439,37.5813],[-77.5475,37.5725],[-77.5259,37.5682],[-77.5298,37.5592],[-77.606,37.5555],[-77.6528,37.5654]]]},"properties":{"GEOID":"51087","state_fips":"51","state_abbr":"VA","county_name":"Henrico County","category":"county_restriction","n_total":1,"n_live":1,"n_pending":0,"n_lapsed":0,"n_live_county_restriction":1,"n_live_town_restriction":0,"n_live_conditions":0,"action_ids":["dct-henrico-county-va-2025-06-01"]}},{"type":"Feature","geometry":{"type":"Polygon","coordinates":[[[-82.0302,32.5388],[-82.0015,32.6069],[-81.8338,32.6534],[-81.8036,32.6442],[-81.799,32.6272],[-81.7542,32.602],[-81.7333,32.5858],[-81.7298,32.574],[-81.708,32.5658],[-81.6893,32.5462],[-81.6568,32.54],[-81.6485,32.5277],[-81.6393,32.5325],[-81.6173,32.5249],[-81.6164,32.5157],[-81.5996,32.5076],[-81.5783,32.5124],[-81.536,32.4814],[-81.543,32.4671],[-81.5314,32.4664],[-81.5258,32.4494],[-81.5425,32.4193],[-81.5326,32.4064],[-81.5349,32.3936],[-81.5233,32.3929],[-81.5077,32.3579],[-81.491,32.3519],[-81.4878,32.3339],[-81.4655,32.3286],[-81.4655,32.3128],[-81.4532,32.3064],[-81.4331,32.2447],[-81.7809,32.1529],[-81.7813,32.1765],[-81.8034,32.1992],[-81.8039,32.2198],[-81.8163,32.2375],[-81.8417,32.2409],[-81.8563,32.2571],[-81.8927,32.2748],[-81.9691,32.2688],[-81.9569,32.2862],[-81.9187,32.4154],[-81.9366,32.4227],[-81.9404,32.4361],[-81.9741,32.47],[-81.9798,32.5011],[-81.971,32.5132],[-82.0302,32.5388]]]},"properties":{"GEOID":"13031","state_fips":"13","state_abbr":"GA","county_name":"Bulloch County","category":"county_restriction","n_total":2,"n_live":2,"n_pending":0,"n_lapsed":0,"n_live_county_restriction":2,"n_live_town_restriction":0,"n_live_conditions":0,"action_ids":["ga-bulloch-county-2026","dct-bulloch-county-ga-moratorium-extension-ban-draft-2026-05-05"]}},{"type":"Feature","geometry":{"type":"MultiPolygon","coordinates":[[[[-88.0534,30.507],[-88.0387,30.5204],[-88.0292,30.5196],[-88.0243,30.4908],[-88.0534,30.507]]],[[[-88.2254,30.3199],[-88.2207,30.3221],[-88.2196,30.3214],[-88.2254,30.3199]]],[[[-88.2562,30.3251],[-88.2577,30.3409],[-88.2595,30.3668],[-88.2562,30.3251]]],[[[-88.3273,30.2299],[-88.2015,30.2512],[-88.1411,30.255],[-88.1177,30.2791],[-88.0749,30.2491],[-88.1094,30.2433],[-88.1998,30.2478],[-88.3273,30.2299]]],[[[-88.432,31.1143],[-88.3299,31.1144],[-88.3298,31.1438],[-88.0226,31.1443],[-87.9888,31.1733],[-87.9735,31.1643],[-87.9663,31.1483],[-87.9401,31.1472],[-87.9466,31.1217],[-87.9769,31.0853],[-87.9638,31.0683],[-87.9416,31.0613],[-87.9412,31.0482],[-87.9578,31.0328],[-87.9502,31.0196],[-87.9648,31.0078],[-87.9566,30.9898],[-87.9649,30.9668],[-87.9459,30.9641],[-87.9239,30.9363],[-87.9523,30.9249],[-87.9588,30.904],[-87.9864,30.8752],[-87.981,30.8619],[-87.9505,30.845],[-87.9445,30.827],[-87.9871,30.8114],[-87.9924,30.7913],[-88.0222,30.7745],[-88.0263,30.7515],[-88.0142,30.7379],[-88.0149,30.723],[-88.001,30.6983],[-88.024,30.66],[-88.0384,30.6479],[-88.0619,30.6436],[-88.054,30.6125],[-88.0649,30.5883],[-88.0856,30.5699],[-88.0828,30.5287],[-88.1038,30.5009],[-88.0969,30.4711],[-88.1064,30.4527],[-88.1073,30.3772],[-88.139,30.3128],[-88.1463,30.331],[-88.1957,30.3212],[-88.1984,30.3388],[-88.1885,30.3451],[-88.1871,30.3627],[-88.2092,30.36],[-88.2245,30.3713],[-88.2881,30.3873],[-88.2999,30.3856],[-88.3115,30.3702],[-88.3151,30.3916],[-88.338,30.4048],[-88.3574,30.4066],[-88.364,30.388],[-88.395,30.3694],[-88.432,31.1143]]]]},"properties":{"GEOID":"01097","state_fips":"01","state_abbr":"AL","county_name":"Mobile County","category":"pending_only","n_total":1,"n_live":0,"n_pending":1,"n_lapsed":0,"n_live_county_restriction":0,"n_live_town_restriction":0,"n_live_conditions":0,"action_ids":["al-prichard-undated"]}},{"type":"Feature","geometry":{"type":"Polygon","coordinates":[[[-83.1156,34.2621],[-83.1059,34.2789],[-83.0947,34.347],[-83.1071,34.3447],[-83.0941,34.4161],[-83.0514,34.4939],[-82.9992,34.4724],[-82.9642,34.4846],[-82.9557,34.4789],[-82.9372,34.4864],[-82.8874,34.481],[-82.8588,34.4552],[-82.8348,34.3663],[-82.7947,34.3406],[-82.7738,34.2887],[-82.9155,34.2477],[-82.98,34.2101],[-82.9964,34.2191],[-82.9884,34.2244],[-83.0188,34.2341],[-83.0769,34.2224],[-83.1156,34.2621]]]},"properties":{"GEOID":"13147","state_fips":"13","state_abbr":"GA","county_name":"Hart County","category":"county_restriction","n_total":1,"n_live":1,"n_pending":0,"n_lapsed":0,"n_live_county_restriction":1,"n_live_town_restriction":0,"n_live_conditions":0,"action_ids":["ga-hart-county-2026"]}},{"type":"Feature","geometry":{"type":"Polygon","coordinates":[[[-88.2515,41.1142],[-88.2409,41.1144],[-88.2441,41.2016],[-88.0118,41.2055],[-88.0139,41.2924],[-87.5267,41.2981],[-87.5263,41.0103],[-88.2473,40.9946],[-88.2515,41.1142]]]},"properties":{"GEOID":"17091","state_fips":"17","state_abbr":"IL","county_name":"Kankakee County","category":"town_restriction","n_total":1,"n_live":1,"n_pending":0,"n_lapsed":0,"n_live_county_restriction":0,"n_live_town_restriction":1,"n_live_conditions":0,"action_ids":["dct-essex-il-2025-11-01"]}},{"type":"Feature","geometry":{"type":"Polygon","coordinates":[[[-85.2365,33.1296],[-85.1174,33.1637],[-85.108,33.1951],[-85.0877,33.1866],[-85.088,33.1717],[-84.939,33.2247],[-84.8621,33.2239],[-84.8622,33.2075],[-84.872,33.2074],[-84.8699,33.1957],[-84.8624,33.1991],[-84.8619,32.8686],[-85.1847,32.8705],[-85.2365,33.1296]]]},"properties":{"GEOID":"13285","state_fips":"13","state_abbr":"GA","county_name":"Troup County","category":"lapsed_only","n_total":2,"n_live":0,"n_pending":0,"n_lapsed":2,"n_live_county_restriction":0,"n_live_town_restriction":0,"n_live_conditions":0,"action_ids":["ga-lagrange-2025","ga-troup-county-2025"]}},{"type":"Feature","geometry":{"type":"Polygon","coordinates":[[[-90.2757,38.9234],[-90.274,38.999],[-89.6393,38.9991],[-89.6369,38.8743],[-89.5996,38.8745],[-89.5951,38.6559],[-90.1812,38.6601],[-90.2092,38.7028],[-90.2099,38.7261],[-90.1763,38.7544],[-90.1664,38.7726],[-90.1231,38.798],[-90.1094,38.8435],[-90.223,38.9074],[-90.2757,38.9234]]]},"properties":{"GEOID":"17119","state_fips":"17","state_abbr":"IL","county_name":"Madison County","category":"town_restriction","n_total":3,"n_live":3,"n_pending":0,"n_lapsed":0,"n_live_county_restriction":0,"n_live_town_restriction":3,"n_live_conditions":0,"action_ids":["il-collinsville-undated","il-godfrey-2026","il-city-of-troy-2026"]}},{"type":"Feature","geometry":{"type":"Polygon","coordinates":[[[-88.6019,41.7196],[-88.602,42.0665],[-88.5883,42.0665],[-88.5887,42.1536],[-88.2384,42.1542],[-88.2382,42.067],[-88.2636,42.0669],[-88.262,41.7247],[-88.6019,41.7196]]]},"properties":{"GEOID":"17089","state_fips":"17","state_abbr":"IL","county_name":"Kane County","category":"pending_only","n_total":2,"n_live":0,"n_pending":1,"n_lapsed":1,"n_live_county_restriction":0,"n_live_town_restriction":0,"n_live_conditions":0,"action_ids":["dct-aurora-il-2026-02-19","il-aurora-2025"]}},{"type":"Feature","geometry":{"type":"Polygon","coordinates":[[[-89.9247,40.4359],[-89.8879,40.4747],[-89.8822,40.5054],[-89.8541,40.5229],[-89.7754,40.5527],[-89.7414,40.5509],[-89.6971,40.562],[-89.6811,40.5523],[-89.6679,40.5593],[-89.6543,40.5742],[-89.658,40.6026],[-89.6124,40.6465],[-89.6138,40.6651],[-89.5919,40.6845],[-89.5536,40.7023],[-89.5464,40.723],[-89.5534,40.7476],[-89.3301,40.7483],[-89.3273,40.6156],[-89.2698,40.6161],[-89.2637,40.3253],[-89.7149,40.3192],[-89.7171,40.4357],[-89.9247,40.4359]]]},"properties":{"GEOID":"17179","state_fips":"17","state_abbr":"IL","county_name":"Tazewell County","category":"county_restriction","n_total":1,"n_live":1,"n_pending":0,"n_lapsed":0,"n_live_county_restriction":1,"n_live_town_restriction":0,"n_live_conditions":0,"action_ids":["dct-tazewell-county-il-ordinance-2026-05-07"]}},{"type":"Feature","geometry":{"type":"Polygon","coordinates":[[[-85.5341,34.6239],[-85.4908,34.6694],[-85.4905,34.6991],[-85.462,34.7318],[-85.4594,34.7516],[-85.4504,34.7592],[-85.4506,34.8317],[-85.4337,34.8751],[-85.3639,34.9834],[-85.2651,34.9851],[-85.2648,34.8543],[-85.2022,34.8545],[-85.2019,34.7751],[-85.1598,34.7752],[-85.1599,34.7679],[-85.1448,34.7676],[-85.1684,34.7202],[-85.0508,34.72],[-85.0504,34.6225],[-85.0604,34.6225],[-85.0605,34.5872],[-85.3535,34.5893],[-85.3521,34.5825],[-85.3593,34.582],[-85.3714,34.5893],[-85.5273,34.5887],[-85.5341,34.6239]]]},"properties":{"GEOID":"13295","state_fips":"13","state_abbr":"GA","county_name":"Walker County","category":"county_restriction","n_total":1,"n_live":1,"n_pending":0,"n_lapsed":0,"n_live_county_restriction":1,"n_live_town_restriction":0,"n_live_conditions":0,"action_ids":["ga-walker-county-2026"]}},{"type":"Feature","geometry":{"type":"Polygon","coordinates":[[[-85.2199,40.379],[-85.2068,40.3792],[-85.2011,40.5672],[-84.8023,40.5722],[-84.8039,40.3101],[-85.2188,40.3067],[-85.2199,40.379]]]},"properties":{"GEOID":"18075","state_fips":"18","state_abbr":"IN","county_name":"Jay County","category":"county_restriction","n_total":1,"n_live":1,"n_pending":0,"n_lapsed":0,"n_live_county_restriction":1,"n_live_town_restriction":0,"n_live_conditions":0,"action_ids":["dct-jay-county-in-2026-05-11"]}},{"type":"Feature","geometry":{"type":"Polygon","coordinates":[[[-91.1301,42.2958],[-91.1328,42.6458],[-90.8974,42.6457],[-90.8969,42.6753],[-90.7202,42.6408],[-90.7027,42.6308],[-90.687,42.5918],[-90.644,42.5399],[-90.636,42.5154],[-90.6559,42.4917],[-90.654,42.4785],[-90.6243,42.4589],[-90.5652,42.4387],[-90.555,42.4161],[-90.4738,42.3815],[-90.665,42.3822],[-90.6656,42.2947],[-91.1301,42.2958]]]},"properties":{"GEOID":"19061","state_fips":"19","state_abbr":"IA","county_name":"Dubuque County","category":"county_restriction","n_total":2,"n_live":2,"n_pending":0,"n_lapsed":0,"n_live_county_restriction":1,"n_live_town_restriction":1,"n_live_conditions":0,"action_ids":["ia-dubuque-county-2026","ia-city-of-peosta-2026"]}},{"type":"Feature","geometry":{"type":"Polygon","coordinates":[[[-85.1941,41.5264],[-84.8047,41.5301],[-84.8036,41.2713],[-85.1921,41.2642],[-85.1941,41.5264]]]},"properties":{"GEOID":"18033","state_fips":"18","state_abbr":"IN","county_name":"DeKalb County","category":"county_restriction","n_total":1,"n_live":1,"n_pending":0,"n_lapsed":0,"n_live_county_restriction":1,"n_live_town_restriction":0,"n_live_conditions":0,"action_ids":["in-dekalb-county-2026"]}},{"type":"Feature","geometry":{"type":"Polygon","coordinates":[[[-86.8248,41.7602],[-86.6844,41.8402],[-86.6218,41.8919],[-86.5822,41.9422],[-86.489,42.1162],[-86.3643,42.2431],[-86.2236,42.2434],[-86.2261,41.76],[-86.8248,41.7602]]]},"properties":{"GEOID":"26021","state_fips":"26","state_abbr":"MI","county_name":"Berrien County","category":"town_restriction","n_total":2,"n_live":2,"n_pending":0,"n_lapsed":0,"n_live_county_restriction":0,"n_live_town_restriction":2,"n_live_conditions":0,"action_ids":["mi-hagar-township-2026","dct-new-buffalo-township-mi-moratorium-2026-04"]}},{"type":"Feature","geometry":{"type":"Polygon","coordinates":[[[-85.8212,44.1642],[-85.8178,44.513],[-85.334,44.5123],[-85.3348,44.1651],[-85.8212,44.1642]]]},"properties":{"GEOID":"26165","state_fips":"26","state_abbr":"MI","county_name":"Wexford County","category":"pending_only","n_total":1,"n_live":0,"n_pending":1,"n_lapsed":0,"n_live_county_restriction":0,"n_live_town_restriction":0,"n_live_conditions":0,"action_ids":["mi-haring-township-undated"]}},{"type":"Feature","geometry":{"type":"Polygon","coordinates":[[[-90.8984,42.0335],[-90.898,42.2952],[-90.6656,42.2947],[-90.665,42.3822],[-90.4738,42.3815],[-90.4165,42.3251],[-90.4309,42.2782],[-90.4193,42.2545],[-90.3911,42.2255],[-90.357,42.2054],[-90.2349,42.1654],[-90.2095,42.1527],[-90.1973,42.1282],[-90.1675,42.1225],[-90.1612,42.1064],[-90.1684,42.0758],[-90.1645,42.0421],[-90.1542,42.0331],[-90.8984,42.0335]]]},"properties":{"GEOID":"19097","state_fips":"19","state_abbr":"IA","county_name":"Jackson County","category":"lapsed_only","n_total":1,"n_live":0,"n_pending":0,"n_lapsed":1,"n_live_county_restriction":0,"n_live_town_restriction":0,"n_live_conditions":0,"action_ids":["dct-jackson-county-ia-2025-03-01"]}},{"type":"Feature","geometry":{"type":"Polygon","coordinates":[[[-86.2619,42.4421],[-86.2256,42.5948],[-86.2291,42.6377],[-86.2087,42.6921],[-86.2092,42.7675],[-85.5456,42.7681],[-85.5432,42.4214],[-86.2738,42.4193],[-86.2619,42.4421]]]},"properties":{"GEOID":"26005","state_fips":"26","state_abbr":"MI","county_name":"Allegan County","category":"town_restriction","n_total":2,"n_live":2,"n_pending":0,"n_lapsed":0,"n_live_county_restriction":0,"n_live_town_restriction":2,"n_live_conditions":0,"action_ids":["dct-dorr-township-mi-2026-01-01","mi-saugatuck-township-2026"]}},{"type":"Feature","geometry":{"type":"Polygon","coordinates":[[[-86.272,43.1184],[-85.9074,43.1189],[-85.9084,43.2059],[-85.7907,43.2052],[-85.7825,42.7682],[-86.2092,42.7675],[-86.2206,42.9558],[-86.2327,43.0158],[-86.272,43.1184]]]},"properties":{"GEOID":"26139","state_fips":"26","state_abbr":"MI","county_name":"Ottawa County","category":"town_restriction","n_total":3,"n_live":3,"n_pending":0,"n_lapsed":0,"n_live_county_restriction":0,"n_live_town_restriction":3,"n_live_conditions":0,"action_ids":["mi-allendale-township-2026","mi-park-township-2026","dct-zeeland-township-mi-2026-01-01"]}},{"type":"Feature","geometry":{"type":"Polygon","coordinates":[[[-84.6004,42.422],[-84.6028,42.7699],[-84.1582,42.7766],[-84.1407,42.4246],[-84.6004,42.422]]]},"properties":{"GEOID":"26065","state_fips":"26","state_abbr":"MI","county_name":"Ingham County","category":"town_restriction","n_total":3,"n_live":3,"n_pending":0,"n_lapsed":0,"n_live_county_restriction":0,"n_live_town_restriction":3,"n_live_conditions":0,"action_ids":["dct-east-lansing-mi-moratorium-2026-03-17","mi-lansing-2026","mi-meridian-township-2026"]}},{"type":"Feature","geometry":{"type":"Polygon","coordinates":[[[-86.5147,44.0581],[-86.5005,44.0756],[-86.4299,44.1198],[-86.3888,44.1787],[-86.0435,44.1671],[-86.0379,43.8156],[-86.4308,43.8194],[-86.4631,43.971],[-86.5088,44.0328],[-86.5147,44.0581]]]},"properties":{"GEOID":"26105","state_fips":"26","state_abbr":"MI","county_name":"Mason County","category":"lapsed_only","n_total":1,"n_live":0,"n_pending":0,"n_lapsed":1,"n_live_county_restriction":0,"n_live_town_restriction":0,"n_live_conditions":0,"action_ids":["mi-mason-2026"]}},{"type":"Feature","geometry":{"type":"Polygon","coordinates":[[[-96.2979,36.076],[-96.2979,36.1623],[-96.0012,36.1613],[-96.0012,36.4237],[-95.7944,36.4236],[-95.7943,36.3945],[-95.8123,36.3946],[-95.8154,36.1626],[-95.7617,36.1628],[-95.762,35.9012],[-95.8195,35.9011],[-95.8195,35.8563],[-96.0331,35.8568],[-96.0296,36.0754],[-96.2979,36.076]]]},"properties":{"GEOID":"40143","state_fips":"40","state_abbr":"OK","county_name":"Tulsa County","category":"town_restriction","n_total":2,"n_live":2,"n_pending":0,"n_lapsed":0,"n_live_county_restriction":0,"n_live_town_restriction":2,"n_live_conditions":0,"action_ids":["ok-broken-arrow-2026","ok-tulsa-2026"]}},{"type":"Feature","geometry":{"type":"Polygon","coordinates":[[[-73.9814,41.3247],[-73.9613,41.3485],[-73.9474,41.3953],[-73.9624,41.4037],[-73.9815,41.4389],[-73.9338,41.4883],[-73.5301,41.5272],[-73.5447,41.3665],[-73.9814,41.3247]]]},"properties":{"GEOID":"36079","state_fips":"36","state_abbr":"NY","county_name":"Putnam County","category":"town_restriction","n_total":1,"n_live":1,"n_pending":0,"n_lapsed":0,"n_live_county_restriction":0,"n_live_town_restriction":1,"n_live_conditions":0,"action_ids":["ny-town-of-southeast-2026"]}},{"type":"Feature","geometry":{"type":"MultiPolygon","coordinates":[[[[-88.2761,47.0726],[-88.2704,47.0763],[-88.2681,47.074],[-88.2693,47.0695],[-88.2761,47.0726]]],[[[-88.9912,46.4197],[-88.9895,46.6801],[-88.8645,46.6793],[-88.8639,46.765],[-88.9325,46.7648],[-88.9333,47.0312],[-88.9037,47.0862],[-88.8891,47.1006],[-88.8408,47.1176],[-88.8148,47.1414],[-88.7613,47.1568],[-88.7297,47.1858],[-88.6724,47.2191],[-88.577,47.244],[-88.512,47.286],[-88.299,47.2861],[-88.2984,47.1998],[-88.227,47.1999],[-88.242,47.1748],[-88.2427,47.1584],[-88.2322,47.146],[-88.2476,47.136],[-88.2577,47.1447],[-88.2775,47.1409],[-88.289,47.1297],[-88.2976,47.0985],[-88.35,47.0764],[-88.3676,47.0192],[-88.4101,46.98],[-88.4313,46.9753],[-88.4388,46.9819],[-88.4508,46.939],[-88.5522,46.9385],[-88.5519,46.8518],[-88.679,46.8517],[-88.6794,46.4201],[-88.9912,46.4197]]]]},"properties":{"GEOID":"26061","state_fips":"26","state_abbr":"MI","county_name":"Houghton County","category":"town_restriction","n_total":1,"n_live":1,"n_pending":0,"n_lapsed":0,"n_live_county_restriction":0,"n_live_town_restriction":1,"n_live_conditions":0,"action_ids":["mi-houghton-2026"]}},{"type":"Feature","geometry":{"type":"Polygon","coordinates":[[[-106.7116,37.6643],[-106.6956,37.6643],[-106.6938,37.8352],[-106.5871,37.8344],[-106.5864,37.7478],[-106.0384,37.7484],[-106.0393,37.4009],[-106.7108,37.4042],[-106.7116,37.6643]]]},"properties":{"GEOID":"08105","state_fips":"08","state_abbr":"CO","county_name":"Rio Grande County","category":"town_restriction","n_total":1,"n_live":1,"n_pending":0,"n_lapsed":0,"n_live_county_restriction":0,"n_live_town_restriction":1,"n_live_conditions":0,"action_ids":["co-south-fork-2026"]}},{"type":"Feature","geometry":{"type":"MultiPolygon","coordinates":[[[[-83.8321,43.6663],[-83.8251,43.6752],[-83.8167,43.6725],[-83.8186,43.6655],[-83.8321,43.6663]]],[[[-84.1681,43.5689],[-84.1664,43.9969],[-84.0454,43.997],[-84.0448,43.9111],[-83.9091,43.9105],[-83.916,43.899],[-83.9168,43.8616],[-83.924,43.8587],[-83.9212,43.817],[-83.9287,43.7771],[-83.9565,43.7608],[-83.9393,43.7154],[-83.9129,43.6776],[-83.8915,43.6624],[-83.8479,43.6415],[-83.8441,43.6529],[-83.8365,43.6531],[-83.8164,43.6436],[-83.8147,43.6353],[-83.735,43.6173],[-83.7098,43.6014],[-83.6995,43.5886],[-83.6988,43.479],[-83.8177,43.4791],[-83.8172,43.5223],[-84.051,43.5241],[-84.05,43.5673],[-84.1681,43.5689]]]]},"properties":{"GEOID":"26017","state_fips":"26","state_abbr":"MI","county_name":"Bay County","category":"town_restriction","n_total":1,"n_live":1,"n_pending":0,"n_lapsed":0,"n_live_county_restriction":0,"n_live_town_restriction":1,"n_live_conditions":0,"action_ids":["mi-saline-city-2026"]}},{"type":"Feature","geometry":{"type":"Polygon","coordinates":[[[-83.1204,43.327],[-83.1038,43.3274],[-83.1178,43.6755],[-82.6069,43.6905],[-82.599,43.5936],[-82.5855,43.5434],[-82.5394,43.4368],[-82.5231,43.2254],[-82.5034,43.1689],[-82.9963,43.1541],[-83.0004,43.2849],[-83.119,43.2837],[-83.1204,43.327]]]},"properties":{"GEOID":"26151","state_fips":"26","state_abbr":"MI","county_name":"Sanilac County","category":"town_restriction","n_total":1,"n_live":1,"n_pending":0,"n_lapsed":0,"n_live_county_restriction":0,"n_live_town_restriction":1,"n_live_conditions":0,"action_ids":["mi-washington-township-2026"]}},{"type":"Feature","geometry":{"type":"Polygon","coordinates":[[[-123.4854,45.4471],[-123.4639,45.4473],[-123.4612,45.4916],[-123.4411,45.4913],[-123.4427,45.5211],[-123.422,45.5214],[-123.4219,45.5354],[-123.4021,45.5356],[-123.4021,45.5501],[-123.3611,45.5499],[-123.3611,45.5788],[-123.32,45.5787],[-123.3202,45.593],[-123.2993,45.593],[-123.2994,45.6072],[-123.3403,45.6075],[-123.3405,45.6222],[-123.3807,45.622],[-123.3802,45.6358],[-123.4233,45.6362],[-123.423,45.6506],[-123.4438,45.6507],[-123.4438,45.6651],[-123.4641,45.6651],[-123.4644,45.6793],[-123.4851,45.6793],[-123.4847,45.7088],[-123.361,45.7087],[-123.3616,45.7796],[-123.0309,45.7792],[-123.0318,45.7514],[-122.9903,45.7508],[-122.9904,45.7365],[-122.9289,45.7357],[-122.9291,45.6353],[-122.9091,45.6352],[-122.909,45.6208],[-122.8878,45.6205],[-122.888,45.6064],[-122.8675,45.6062],[-122.8676,45.5919],[-122.8468,45.5918],[-122.847,45.5775],[-122.8263,45.5775],[-122.826,45.563],[-122.8055,45.5629],[-122.7951,45.5484],[-122.7848,45.5484],[-122.7849,45.534],[-122.7644,45.5338],[-122.7645,45.5196],[-122.7439,45.5195],[-122.7437,45.3321],[-122.8055,45.3318],[-122.8072,45.3463],[-122.8465,45.346],[-122.8465,45.3172],[-122.9089,45.3175],[-122.9088,45.3462],[-122.9702,45.3465],[-122.9703,45.3608],[-122.9914,45.3611],[-122.9914,45.3755],[-123.0117,45.3763],[-123.0113,45.3909],[-123.0323,45.3909],[-123.0322,45.405],[-123.1146,45.4044],[-123.1147,45.419],[-123.1347,45.4189],[-123.1354,45.4335],[-123.4861,45.4332],[-123.4854,45.4471]]]},"properties":{"GEOID":"41067","state_fips":"41","state_abbr":"OR","county_name":"Washington County","category":"town_restriction","n_total":1,"n_live":1,"n_pending":0,"n_lapsed":0,"n_live_county_restriction":0,"n_live_town_restriction":1,"n_live_conditions":0,"action_ids":["or-city-of-hillsboro-2026"]}},{"type":"Feature","geometry":{"type":"Polygon","coordinates":[[[-90.9781,44.1285],[-90.9465,44.1473],[-90.9257,44.146],[-90.9046,44.1583],[-90.4357,44.1611],[-90.3125,44.1552],[-90.3122,43.7315],[-90.9107,43.7253],[-90.9129,44.0715],[-90.9731,44.0709],[-90.9737,44.1166],[-90.9672,44.12],[-90.9781,44.1285]]]},"properties":{"GEOID":"55081","state_fips":"55","state_abbr":"WI","county_name":"Monroe County","category":"county_restriction","n_total":1,"n_live":1,"n_pending":0,"n_lapsed":0,"n_live_county_restriction":1,"n_live_town_restriction":0,"n_live_conditions":0,"action_ids":["wi-monroe-county-2026"]}},{"type":"Feature","geometry":{"type":"Polygon","coordinates":[[[-80.3608,40.4777],[-80.219,40.582],[-80.1845,40.5968],[-80.1808,40.6091],[-80.1451,40.6134],[-80.1485,40.6738],[-79.6929,40.6696],[-79.6944,40.6351],[-79.7232,40.607],[-79.764,40.5929],[-79.7748,40.5728],[-79.7651,40.5492],[-79.7357,40.549],[-79.7016,40.5254],[-79.7048,40.4263],[-79.7172,40.4138],[-79.7268,40.4145],[-79.7224,40.4086],[-79.7386,40.3955],[-79.7513,40.3884],[-79.7621,40.3928],[-79.7711,40.3754],[-79.7886,40.2977],[-79.7754,40.2856],[-79.7958,40.2811],[-79.7877,40.2618],[-79.8074,40.2369],[-79.7826,40.2276],[-79.8714,40.1974],[-79.9108,40.197],[-79.9579,40.2143],[-79.9709,40.2269],[-79.9626,40.2388],[-79.9145,40.2524],[-80.1846,40.3331],[-80.3608,40.4777]]]},"properties":{"GEOID":"42003","state_fips":"42","state_abbr":"PA","county_name":"Allegheny County","category":"town_restriction","n_total":1,"n_live":1,"n_pending":0,"n_lapsed":0,"n_live_county_restriction":0,"n_live_town_restriction":1,"n_live_conditions":0,"action_ids":["dct-franklin-park-borough-pa-overlay-2026-06-17"]}},{"type":"Feature","geometry":{"type":"Polygon","coordinates":[[[-82.6428,27.3897],[-82.2523,27.3862],[-82.2536,27.2089],[-82.0565,27.2078],[-82.0575,27.0321],[-82.2552,27.033],[-82.2555,26.9453],[-82.3752,26.946],[-82.4457,27.0606],[-82.522,27.2284],[-82.5451,27.261],[-82.5689,27.2756],[-82.5601,27.2951],[-82.6428,27.3897]]]},"properties":{"GEOID":"12115","state_fips":"12","state_abbr":"FL","county_name":"Sarasota County","category":"county_restriction","n_total":1,"n_live":1,"n_pending":0,"n_lapsed":0,"n_live_county_restriction":1,"n_live_town_restriction":0,"n_live_conditions":0,"action_ids":["fl-sarasota-county-2026"]}},{"type":"Feature","geometry":{"type":"Polygon","coordinates":[[[-84.32,39.2234],[-84.2594,39.2709],[-83.9899,39.2541],[-84.0527,38.7714],[-84.2056,38.8026],[-84.2253,38.8177],[-84.2345,38.8932],[-84.2882,38.9558],[-84.2994,38.996],[-84.3199,39.0221],[-84.3017,39.1594],[-84.2952,39.167],[-84.2994,39.1739],[-84.2763,39.2009],[-84.2843,39.2132],[-84.3111,39.2096],[-84.32,39.2234]]]},"properties":{"GEOID":"39025","state_fips":"39","state_abbr":"OH","county_name":"Clermont County","category":"town_restriction","n_total":3,"n_live":3,"n_pending":0,"n_lapsed":0,"n_live_county_restriction":0,"n_live_town_restriction":3,"n_live_conditions":0,"action_ids":["oh-jackson-township-franklin-county-2026","oh-pierce-township-2026","oh-williamsburg-2026"]}},{"type":"Feature","geometry":{"type":"Polygon","coordinates":[[[-75.8892,40.6783],[-75.8083,40.7073],[-75.6947,40.7701],[-75.6091,40.7875],[-75.5926,40.7361],[-75.574,40.7347],[-75.5582,40.7209],[-75.5301,40.7363],[-75.5222,40.7129],[-75.485,40.6715],[-75.4815,40.6557],[-75.4304,40.6742],[-75.3781,40.6154],[-75.3886,40.6144],[-75.3913,40.5966],[-75.4044,40.5812],[-75.3335,40.5371],[-75.4097,40.488],[-75.4841,40.4185],[-75.8892,40.6783]]]},"properties":{"GEOID":"42077","state_fips":"42","state_abbr":"PA","county_name":"Lehigh County","category":"conditions_only","n_total":1,"n_live":1,"n_pending":0,"n_lapsed":0,"n_live_county_restriction":0,"n_live_town_restriction":0,"n_live_conditions":1,"action_ids":["dct-lowhill-township-lehigh-county-pa-2026-04-08"]}},{"type":"Feature","geometry":{"type":"Polygon","coordinates":[[[-80.8818,26.3338],[-80.8856,26.9589],[-80.142,26.9566],[-80.1418,26.9709],[-80.0799,26.9705],[-80.0314,26.7963],[-80.0375,26.7663],[-80.0389,26.5693],[-80.0748,26.321],[-80.0992,26.3276],[-80.2041,26.3278],[-80.2971,26.3553],[-80.297,26.3344],[-80.8818,26.3338]]]},"properties":{"GEOID":"12099","state_fips":"12","state_abbr":"FL","county_name":"Palm Beach County","category":"county_restriction","n_total":1,"n_live":1,"n_pending":0,"n_lapsed":0,"n_live_county_restriction":1,"n_live_town_restriction":0,"n_live_conditions":0,"action_ids":["fl-palm-beach-county-2026"]}},{"type":"Feature","geometry":{"type":"Polygon","coordinates":[[[-82.3481,41.4283],[-82.2685,41.4308],[-82.1873,41.4711],[-81.9952,41.5145],[-81.9683,41.505],[-81.9713,41.3513],[-81.877,41.3507],[-81.8781,41.275],[-81.9725,41.2748],[-81.9739,41.1998],[-82.0725,41.1998],[-82.0743,41.1365],[-82.1699,41.1371],[-82.1715,41.0635],[-82.3365,41.0658],[-82.3481,41.4283]]]},"properties":{"GEOID":"39093","state_fips":"39","state_abbr":"OH","county_name":"Lorain County","category":"town_restriction","n_total":2,"n_live":2,"n_pending":0,"n_lapsed":0,"n_live_county_restriction":0,"n_live_town_restriction":2,"n_live_conditions":0,"action_ids":["oh-avon-2026","oh-grafton-2026"]}},{"type":"Feature","geometry":{"type":"Polygon","coordinates":[[[-81.4882,34.7355],[-81.4528,34.7628],[-81.4592,34.7975],[-81.4692,34.8028],[-81.469,34.811],[-81.4873,34.8134],[-81.4785,34.8215],[-80.8982,34.8207],[-80.8761,34.788],[-80.8776,34.7439],[-80.8598,34.7002],[-80.8885,34.6686],[-80.8964,34.6352],[-80.8892,34.6182],[-80.8921,34.5981],[-80.8782,34.5811],[-80.8729,34.553],[-80.8775,34.5431],[-80.9509,34.5454],[-81.4227,34.572],[-81.4164,34.6353],[-81.4419,34.6537],[-81.4542,34.6752],[-81.4541,34.7209],[-81.4793,34.7239],[-81.4882,34.7355]]]},"properties":{"GEOID":"45023","state_fips":"45","state_abbr":"SC","county_name":"Chester County","category":"county_restriction","n_total":1,"n_live":1,"n_pending":0,"n_lapsed":0,"n_live_county_restriction":1,"n_live_town_restriction":0,"n_live_conditions":0,"action_ids":["sc-chester-county-2026"]}},{"type":"Feature","geometry":{"type":"Polygon","coordinates":[[[-86.0376,30.7046],[-86.035,30.9933],[-85.498,30.9969],[-85.5281,30.9752],[-85.5303,30.9393],[-85.5477,30.9322],[-85.583,30.8845],[-85.5994,30.8445],[-85.6033,30.7963],[-85.6211,30.7708],[-85.619,30.7439],[-85.7361,30.7464],[-85.7351,30.7753],[-85.752,30.7757],[-85.7519,30.7896],[-85.8216,30.7908],[-85.8164,30.7826],[-85.8277,30.7749],[-85.833,30.75],[-85.8225,30.7353],[-85.8261,30.7253],[-85.8348,30.7263],[-85.835,30.7106],[-85.8444,30.7031],[-86.0376,30.7046]]]},"properties":{"GEOID":"12059","state_fips":"12","state_abbr":"FL","county_name":"Holmes County","category":"pending_only","n_total":1,"n_live":0,"n_pending":1,"n_lapsed":0,"n_live_county_restriction":0,"n_live_town_restriction":0,"n_live_conditions":0,"action_ids":["dct-holmes-county-fl-ban-draft-2026-06-02"]}},{"type":"Feature","geometry":{"type":"Polygon","coordinates":[[[-88.8068,38.9116],[-88.8053,39.2163],[-88.4709,39.215],[-88.4709,39.1715],[-88.3607,39.1711],[-88.3617,38.9108],[-88.8068,38.9116]]]},"properties":{"GEOID":"17049","state_fips":"17","state_abbr":"IL","county_name":"Effingham County","category":"town_restriction","n_total":1,"n_live":1,"n_pending":0,"n_lapsed":0,"n_live_county_restriction":0,"n_live_town_restriction":1,"n_live_conditions":0,"action_ids":["il-city-of-effingham-2026"]}},{"type":"Feature","geometry":{"type":"Polygon","coordinates":[[[-88.4622,39.8791],[-88.46,40.3989],[-87.9324,40.3994],[-87.9288,40.2256],[-87.9421,40.2255],[-87.9376,39.8798],[-88.4622,39.8791]]]},"properties":{"GEOID":"17019","state_fips":"17","state_abbr":"IL","county_name":"Champaign County","category":"county_restriction","n_total":1,"n_live":1,"n_pending":0,"n_lapsed":0,"n_live_county_restriction":1,"n_live_town_restriction":0,"n_live_conditions":0,"action_ids":["il-champaign-county-2026"]}},{"type":"Feature","geometry":{"type":"Polygon","coordinates":[[[-100.7132,41.3935],[-100.7114,41.7398],[-100.2512,41.7398],[-100.2511,41.3933],[-100.7132,41.3935]]]},"properties":{"GEOID":"31113","state_fips":"31","state_abbr":"NE","county_name":"Logan County","category":"county_restriction","n_total":1,"n_live":1,"n_pending":0,"n_lapsed":0,"n_live_county_restriction":1,"n_live_town_restriction":0,"n_live_conditions":0,"action_ids":["ne-logan-county-2026"]}},{"type":"Feature","geometry":{"type":"Polygon","coordinates":[[[-89.6011,40.0923],[-89.603,40.3203],[-89.2637,40.3253],[-89.2626,40.2809],[-89.1488,40.2825],[-89.1435,39.9176],[-89.405,39.9182],[-89.405,39.9327],[-89.4835,39.9332],[-89.4838,39.9767],[-89.5783,39.9761],[-89.5791,40.0924],[-89.6011,40.0923]]]},"properties":{"GEOID":"17107","state_fips":"17","state_abbr":"IL","county_name":"Logan County","category":"county_restriction","n_total":2,"n_live":2,"n_pending":0,"n_lapsed":0,"n_live_county_restriction":2,"n_live_town_restriction":0,"n_live_conditions":0,"action_ids":["dct-logan-county-il-2025-12-01","dct-logan-county-il-2026-05-19"]}},{"type":"Feature","geometry":{"type":"Polygon","coordinates":[[[-97.9138,31.0659],[-97.4186,31.3202],[-97.3434,31.2442],[-97.2781,31.2798],[-97.0701,30.986],[-97.259,30.8896],[-97.3155,30.7524],[-97.6241,30.87],[-97.8281,30.9044],[-97.9117,31.035],[-97.9138,31.0659]]]},"properties":{"GEOID":"48027","state_fips":"48","state_abbr":"TX","county_name":"Bell County","category":"county_restriction","n_total":1,"n_live":1,"n_pending":0,"n_lapsed":0,"n_live_county_restriction":1,"n_live_town_restriction":0,"n_live_conditions":0,"action_ids":["dct-bell-county-tx-murray-industries-moratorium-2026-07-02"]}},{"type":"Feature","geometry":{"type":"Polygon","coordinates":[[[-110.4598,31.3328],[-110.4608,31.6139],[-110.4522,31.6139],[-110.451,32.4275],[-109.0476,32.4264],[-109.05,31.3325],[-110.4598,31.3328]]]},"properties":{"GEOID":"04003","state_fips":"04","state_abbr":"AZ","county_name":"Cochise County","category":"county_restriction","n_total":1,"n_live":1,"n_pending":0,"n_lapsed":0,"n_live_county_restriction":1,"n_live_town_restriction":0,"n_live_conditions":0,"action_ids":["dct-cochise-county-az-regulations-2026-04-07"]}},{"type":"Feature","geometry":{"type":"Polygon","coordinates":[[[-78.995,35.6102],[-78.9094,35.843],[-78.9061,35.8681],[-78.83,35.867],[-78.8048,35.9276],[-78.7591,35.9184],[-78.717,35.9613],[-78.6998,36.0114],[-78.7074,36.0111],[-78.72,36.0296],[-78.7402,36.0236],[-78.7536,36.0314],[-78.7513,36.0708],[-78.6832,36.0745],[-78.4269,35.975],[-78.3943,35.9369],[-78.3533,35.9311],[-78.351,35.9101],[-78.3285,35.8967],[-78.3072,35.8966],[-78.278,35.8673],[-78.2538,35.8274],[-78.256,35.8181],[-78.2789,35.8044],[-78.4716,35.7049],[-78.7089,35.5195],[-78.995,35.6102]]]},"properties":{"GEOID":"37183","state_fips":"37","state_abbr":"NC","county_name":"Wake County","category":"town_restriction","n_total":3,"n_live":3,"n_pending":0,"n_lapsed":0,"n_live_county_restriction":0,"n_live_town_restriction":3,"n_live_conditions":0,"action_ids":["nc-apex-2026","nc-town-of-holly-springs-2026","nc-wendell-2026"]}},{"type":"Feature","geometry":{"type":"Polygon","coordinates":[[[-107.4817,37.0],[-107.4821,37.4227],[-107.1287,37.4229],[-107.1287,37.3924],[-106.7108,37.3962],[-106.7108,37.4042],[-106.6784,37.4036],[-106.6784,37.2286],[-106.5974,37.195],[-106.5892,37.1402],[-106.4763,36.9938],[-107.4817,37.0]]]},"properties":{"GEOID":"08007","state_fips":"08","state_abbr":"CO","county_name":"Archuleta County","category":"county_restriction","n_total":1,"n_live":1,"n_pending":0,"n_lapsed":0,"n_live_county_restriction":1,"n_live_town_restriction":0,"n_live_conditions":0,"action_ids":["co-archuleta-county-2026"]}},{"type":"Feature","geometry":{"type":"Polygon","coordinates":[[[-103.5818,40.5234],[-103.5738,41.0017],[-102.6535,41.0023],[-102.6509,40.7053],[-102.6647,40.7052],[-102.6648,40.4385],[-103.4654,40.4363],[-103.4672,40.5233],[-103.5818,40.5234]]]},"properties":{"GEOID":"08075","state_fips":"08","state_abbr":"CO","county_name":"Logan County","category":"county_restriction","n_total":2,"n_live":1,"n_pending":0,"n_lapsed":1,"n_live_county_restriction":1,"n_live_town_restriction":0,"n_live_conditions":0,"action_ids":["co-logan-county-2025","dct-logan-county-co-regulations-2026-02"]}},{"type":"Feature","geometry":{"type":"Polygon","coordinates":[[[-84.4562,40.6849],[-84.2228,40.686],[-84.2227,40.6569],[-84.1079,40.6579],[-84.1078,40.6431],[-83.8802,40.6447],[-83.88,40.5387],[-83.9939,40.5352],[-83.9938,40.483],[-84.3391,40.4811],[-84.3388,40.3787],[-84.434,40.3782],[-84.4344,40.3545],[-84.4554,40.3586],[-84.4562,40.6849]]]},"properties":{"GEOID":"39011","state_fips":"39","state_abbr":"OH","county_name":"Auglaize County","category":"town_restriction","n_total":1,"n_live":1,"n_pending":0,"n_lapsed":0,"n_live_county_restriction":0,"n_live_town_restriction":1,"n_live_conditions":0,"action_ids":["oh-st-marys-2026"]}},{"type":"Feature","geometry":{"type":"Polygon","coordinates":[[[-73.518,41.6709],[-73.4873,42.0496],[-72.8636,42.0377],[-72.9153,41.8968],[-72.9406,41.8952],[-72.9536,41.8539],[-72.9512,41.8427],[-72.9365,41.8403],[-72.949,41.8064],[-72.9212,41.8071],[-72.9281,41.8028],[-72.9249,41.7878],[-72.9085,41.776],[-72.8983,41.7232],[-73.0684,41.7071],[-73.142,41.6723],[-73.2614,41.6646],[-73.2535,41.6045],[-73.2673,41.6032],[-73.2523,41.5121],[-73.3303,41.5044],[-73.3591,41.6465],[-73.3779,41.659],[-73.3821,41.6833],[-73.5069,41.6658],[-73.518,41.6709]]]},"properties":{"GEOID":"09160","state_fips":"09","state_abbr":"CT","county_name":"Northwest Hills Planning Region","category":"town_restriction","n_total":1,"n_live":1,"n_pending":0,"n_lapsed":0,"n_live_county_restriction":0,"n_live_town_restriction":1,"n_live_conditions":0,"action_ids":["ct-morris-2026"]}},{"type":"Feature","geometry":{"type":"Polygon","coordinates":[[[-81.3932,40.9885],[-81.3917,41.3483],[-81.0032,41.3479],[-81.0017,40.9878],[-81.3932,40.9885]]]},"properties":{"GEOID":"39133","state_fips":"39","state_abbr":"OH","county_name":"Portage County","category":"town_restriction","n_total":2,"n_live":2,"n_pending":0,"n_lapsed":0,"n_live_county_restriction":0,"n_live_town_restriction":2,"n_live_conditions":0,"action_ids":["oh-kent-2026","oh-ravenna-2026"]}},{"type":"Feature","geometry":{"type":"Polygon","coordinates":[[[-82.4369,41.0654],[-82.1715,41.0635],[-82.1734,40.9921],[-82.1293,40.9918],[-82.1262,40.6684],[-82.2211,40.6674],[-82.2203,40.5682],[-82.337,40.555],[-82.3392,40.7267],[-82.3784,40.7271],[-82.379,40.7872],[-82.3897,40.796],[-82.3886,40.8082],[-82.4078,40.8082],[-82.4208,40.8234],[-82.4155,40.8283],[-82.4179,40.9929],[-82.4329,40.9929],[-82.4369,41.0654]]]},"properties":{"GEOID":"39005","state_fips":"39","state_abbr":"OH","county_name":"Ashland County","category":"town_restriction","n_total":1,"n_live":1,"n_pending":0,"n_lapsed":0,"n_live_county_restriction":0,"n_live_town_restriction":1,"n_live_conditions":0,"action_ids":["oh-montgomery-township-2026"]}},{"type":"Feature","geometry":{"type":"Polygon","coordinates":[[[-82.816,38.5707],[-82.7404,38.5972],[-82.7662,38.6447],[-82.7639,38.68],[-82.7064,38.6775],[-82.6954,38.75],[-82.6629,38.748],[-82.65,38.8491],[-82.5756,38.8445],[-82.5827,38.7791],[-82.4836,38.7723],[-82.4866,38.743],[-82.4669,38.7415],[-82.4725,38.6823],[-82.3545,38.6761],[-82.3617,38.5852],[-82.2871,38.5826],[-82.3042,38.4963],[-82.3303,38.4445],[-82.3818,38.4348],[-82.4049,38.4393],[-82.5498,38.4032],[-82.5716,38.4051],[-82.5935,38.4183],[-82.6105,38.4715],[-82.6571,38.4968],[-82.7,38.5443],[-82.731,38.5593],[-82.7898,38.56],[-82.816,38.5707]]]},"properties":{"GEOID":"39087","state_fips":"39","state_abbr":"OH","county_name":"Lawrence County","category":"county_restriction","n_total":2,"n_live":2,"n_pending":0,"n_lapsed":0,"n_live_county_restriction":1,"n_live_town_restriction":1,"n_live_conditions":0,"action_ids":["dct-ironton-oh-2026-01-09","dct-lawrence-county-oh-2025-12-01"]}},{"type":"Feature","geometry":{"type":"Polygon","coordinates":[[[-89.8382,42.8574],[-89.8381,43.2061],[-89.8054,43.2389],[-89.7622,43.2406],[-89.7317,43.2522],[-89.7134,43.281],[-89.7205,43.2931],[-89.3632,43.294],[-89.3631,43.2813],[-89.0091,43.2848],[-89.0136,42.8476],[-89.3691,42.845],[-89.3691,42.8565],[-89.8382,42.8574]]]},"properties":{"GEOID":"55025","state_fips":"55","state_abbr":"WI","county_name":"Dane County","category":"county_restriction","n_total":4,"n_live":4,"n_pending":0,"n_lapsed":0,"n_live_county_restriction":2,"n_live_town_restriction":2,"n_live_conditions":0,"action_ids":["wi-village-of-cottage-grove-2026","wi-dane-county-2026","dct-dane-county-wi-moratorium-2026-06-04","wi-madison-2026"]}},{"type":"Feature","geometry":{"type":"Polygon","coordinates":[[[-84.5377,33.0131],[-84.5361,33.0402],[-84.5235,33.0539],[-84.5251,33.0785],[-84.5108,33.0841],[-84.5286,33.0984],[-84.5187,33.1014],[-84.5181,33.1225],[-84.5109,33.1263],[-84.5177,33.1416],[-84.5074,33.1545],[-84.5076,33.1747],[-84.4813,33.1885],[-84.4735,33.2019],[-84.4588,33.2011],[-84.4513,33.2089],[-84.3935,33.2083],[-84.3936,33.2003],[-84.3731,33.2004],[-84.3737,33.1896],[-84.2482,33.189],[-84.2487,33.0393],[-84.2692,33.0314],[-84.2701,32.991],[-84.2891,32.9913],[-84.2987,32.9997],[-84.2987,32.9915],[-84.4897,32.9937],[-84.5055,32.9729],[-84.5242,32.9687],[-84.527,33.0001],[-84.5377,33.0131]],[[-84.3027,32.9997],[-84.2987,33.0041],[-84.3027,33.0042],[-84.3027,32.9997]]]},"properties":{"GEOID":"13231","state_fips":"13","state_abbr":"GA","county_name":"Pike County","category":"county_restriction","n_total":1,"n_live":1,"n_pending":0,"n_lapsed":0,"n_live_county_restriction":1,"n_live_town_restriction":0,"n_live_conditions":0,"action_ids":["ga-pike-county-2025"]}},{"type":"Feature","geometry":{"type":"Polygon","coordinates":[[[-96.4639,41.0161],[-96.3495,41.0153],[-96.349,41.045],[-96.3192,41.045],[-96.2973,41.0268],[-96.2476,41.0178],[-96.233,41.0009],[-96.2144,40.9945],[-96.1447,41.0176],[-96.1034,41.0519],[-96.0563,41.0654],[-95.9873,41.0527],[-95.961,41.0608],[-95.8892,41.0584],[-95.8605,41.0379],[-95.8673,41.0016],[-95.8303,40.9783],[-95.8378,40.9247],[-95.8098,40.8954],[-95.8159,40.8798],[-95.8486,40.8611],[-95.8372,40.8353],[-95.8453,40.8113],[-95.8342,40.7838],[-96.4638,40.784],[-96.4639,41.0161]]]},"properties":{"GEOID":"31025","state_fips":"31","state_abbr":"NE","county_name":"Cass County","category":"pending_only","n_total":1,"n_live":0,"n_pending":1,"n_lapsed":0,"n_live_county_restriction":0,"n_live_town_restriction":0,"n_live_conditions":0,"action_ids":["dct-cass-county-ne-planning-commission-2026-07-13"]}},{"type":"Feature","geometry":{"type":"Polygon","coordinates":[[[-87.0998,40.8376],[-86.9864,40.8379],[-86.9874,40.9122],[-86.5815,40.9109],[-86.5817,40.7358],[-86.7527,40.7339],[-86.7575,40.7238],[-86.7478,40.7163],[-86.7619,40.7001],[-86.7487,40.6884],[-86.7622,40.6799],[-86.7423,40.6796],[-86.7583,40.6643],[-86.7742,40.664],[-86.7713,40.5621],[-87.0954,40.5629],[-87.0998,40.8376]]]},"properties":{"GEOID":"18181","state_fips":"18","state_abbr":"IN","county_name":"White County","category":"lapsed_only","n_total":1,"n_live":0,"n_pending":0,"n_lapsed":1,"n_live_county_restriction":0,"n_live_town_restriction":0,"n_live_conditions":0,"action_ids":["in-white-county-2025"]}},{"type":"Feature","geometry":{"type":"Polygon","coordinates":[[[-86.6951,39.9228],[-86.6958,40.1787],[-86.2424,40.1808],[-86.2407,39.9261],[-86.6951,39.9228]]]},"properties":{"GEOID":"18011","state_fips":"18","state_abbr":"IN","county_name":"Boone County","category":"county_restriction","n_total":3,"n_live":3,"n_pending":0,"n_lapsed":0,"n_live_county_restriction":3,"n_live_town_restriction":0,"n_live_conditions":0,"action_ids":["in-boone-county-2026","dct-boone-county-in-moratorium-apc-2026-05-07","dct-lebanon-boone-county-in-2025-08-01"]}},{"type":"Feature","geometry":{"type":"Polygon","coordinates":[[[-116.5119,43.2905],[-116.5134,43.4593],[-116.4736,43.4599],[-116.4734,43.4883],[-116.4735,43.6341],[-116.5131,43.6342],[-116.5125,43.8072],[-116.282,43.8074],[-115.9803,43.5859],[-115.9757,43.5914],[-115.9787,43.1134],[-116.2662,43.1123],[-116.3051,43.1206],[-116.3164,43.1413],[-116.3333,43.1491],[-116.336,43.1614],[-116.3525,43.1651],[-116.386,43.1936],[-116.3772,43.2393],[-116.4033,43.263],[-116.4082,43.2828],[-116.433,43.2962],[-116.4998,43.2818],[-116.5119,43.2905]]]},"properties":{"GEOID":"16001","state_fips":"16","state_abbr":"ID","county_name":"Ada County","category":"county_restriction","n_total":1,"n_live":1,"n_pending":0,"n_lapsed":0,"n_live_county_restriction":1,"n_live_town_restriction":0,"n_live_conditions":0,"action_ids":["dct-ada-county-id-2025-02-05"]}},{"type":"Feature","geometry":{"type":"Polygon","coordinates":[[[-118.1963,38.9999],[-117.7755,39.0934],[-117.3319,39.1634],[-115.9071,39.1618],[-115.0008,38.6773],[-115.0008,38.0508],[-115.8939,38.0505],[-115.8958,36.1722],[-115.8458,36.1708],[-115.846,35.9642],[-117.166,36.9712],[-117.1656,38.0017],[-117.2193,38.0503],[-117.2411,38.0501],[-117.2409,38.0699],[-118.1962,38.9191],[-118.1963,38.9999]]]},"properties":{"GEOID":"32023","state_fips":"32","state_abbr":"NV","county_name":"Nye County","category":"county_restriction","n_total":1,"n_live":1,"n_pending":0,"n_lapsed":0,"n_live_county_restriction":1,"n_live_town_restriction":0,"n_live_conditions":0,"action_ids":["nv-nye-county-2026"]}},{"type":"Feature","geometry":{"type":"Polygon","coordinates":[[[-117.8236,47.2602],[-117.8209,47.8258],[-117.806,47.8122],[-117.7924,47.811],[-117.7775,47.8282],[-117.7427,47.8305],[-117.6978,47.8563],[-117.7018,47.8651],[-117.6944,47.881],[-117.6752,47.8891],[-117.6665,47.8804],[-117.6637,47.8486],[-117.6519,47.8353],[-117.62,47.8283],[-117.5865,47.7949],[-117.5555,47.8017],[-117.5338,47.7952],[-117.5371,48.0479],[-117.0417,48.0455],[-117.04,47.2593],[-117.8236,47.2602]]]},"properties":{"GEOID":"53063","state_fips":"53","state_abbr":"WA","county_name":"Spokane County","category":"town_restriction","n_total":1,"n_live":1,"n_pending":0,"n_lapsed":0,"n_live_county_restriction":0,"n_live_town_restriction":1,"n_live_conditions":0,"action_ids":["wa-spokane-2026"]}},{"type":"Feature","geometry":{"type":"Polygon","coordinates":[[[-86.1762,36.9152],[-86.1606,36.9242],[-86.1667,36.934],[-86.1135,37.0611],[-86.0743,37.0533],[-86.0564,37.1672],[-85.9065,37.1484],[-85.7442,37.1698],[-85.777,37.1383],[-85.7718,37.1097],[-85.7561,37.1098],[-85.7593,37.0686],[-85.7393,36.8415],[-85.807,36.8216],[-85.9769,36.7227],[-85.9829,36.7416],[-86.0023,36.7587],[-86.0373,36.7602],[-86.0513,36.7724],[-86.0347,36.7804],[-86.0392,36.7908],[-86.0521,36.7945],[-86.0474,36.8079],[-86.0715,36.807],[-86.0557,36.8301],[-86.078,36.8547],[-86.0702,36.8773],[-86.0782,36.8913],[-86.0666,36.8911],[-86.0653,36.8991],[-86.0974,36.9008],[-86.1079,36.8876],[-86.0975,36.8677],[-86.1037,36.8642],[-86.125,36.8956],[-86.1471,36.897],[-86.1345,36.903],[-86.1419,36.9135],[-86.1353,36.9312],[-86.1491,36.9287],[-86.149,36.9116],[-86.1578,36.9065],[-86.1762,36.9152]]]},"properties":{"GEOID":"21009","state_fips":"21","state_abbr":"KY","county_name":"Barren County","category":"town_restriction","n_total":2,"n_live":2,"n_pending":0,"n_lapsed":0,"n_live_county_restriction":0,"n_live_town_restriction":2,"n_live_conditions":0,"action_ids":["ky-cave-city-2026","dct-cave-city-ky-moratorium-first-reading-2026-05-12"]}},{"type":"Feature","geometry":{"type":"Polygon","coordinates":[[[-88.1623,43.8915],[-87.7313,43.8922],[-87.736,43.8737],[-87.7264,43.8104],[-87.6961,43.7646],[-87.7102,43.7371],[-87.7027,43.6876],[-87.7813,43.5785],[-87.7919,43.543],[-88.1609,43.5429],[-88.1623,43.8915]]]},"properties":{"GEOID":"55117","state_fips":"55","state_abbr":"WI","county_name":"Sheboygan County","category":"town_restriction","n_total":2,"n_live":1,"n_pending":1,"n_lapsed":0,"n_live_county_restriction":0,"n_live_town_restriction":1,"n_live_conditions":0,"action_ids":["wi-city-of-sheboygan-2026","dct-sheboygan-wi-moratorium-referral-2026-05-04"]}},{"type":"Feature","geometry":{"type":"Polygon","coordinates":[[[-93.0768,37.2704],[-93.0716,37.4874],[-92.6867,37.4815],[-92.6923,37.2635],[-92.679,37.2631],[-92.6859,37.0671],[-92.9033,37.0707],[-92.9029,37.0852],[-93.0653,37.0887],[-93.0615,37.2698],[-93.0768,37.2704]]]},"properties":{"GEOID":"29225","state_fips":"29","state_abbr":"MO","county_name":"Webster County","category":"county_restriction","n_total":1,"n_live":1,"n_pending":0,"n_lapsed":0,"n_live_county_restriction":1,"n_live_town_restriction":0,"n_live_conditions":0,"action_ids":["mo-webster-county-2026"]}},{"type":"Feature","geometry":{"type":"Polygon","coordinates":[[[-78.5112,36.4548],[-78.4978,36.5145],[-78.4666,36.524],[-78.4674,36.5318],[-78.4559,36.5334],[-78.457,36.5425],[-78.324,36.5438],[-78.2772,36.3061],[-78.3381,36.2344],[-78.3781,36.2351],[-78.4121,36.1696],[-78.4214,36.1645],[-78.4497,36.1691],[-78.4576,36.1637],[-78.4928,36.1839],[-78.4966,36.1752],[-78.5083,36.183],[-78.5112,36.4548]]]},"properties":{"GEOID":"37181","state_fips":"37","state_abbr":"NC","county_name":"Vance County","category":"county_restriction","n_total":1,"n_live":1,"n_pending":0,"n_lapsed":0,"n_live_county_restriction":1,"n_live_town_restriction":0,"n_live_conditions":0,"action_ids":["dct-vance-county-nc-rezoning-2026-04-06"]}},{"type":"Feature","geometry":{"type":"Polygon","coordinates":[[[-89.3658,42.5003],[-89.3691,42.845],[-89.0925,42.8473],[-88.7771,42.8427],[-88.7766,42.492],[-89.3658,42.5003]]]},"properties":{"GEOID":"55105","state_fips":"55","state_abbr":"WI","county_name":"Rock County","category":"pending_only","n_total":1,"n_live":0,"n_pending":1,"n_lapsed":0,"n_live_county_restriction":0,"n_live_town_restriction":0,"n_live_conditions":0,"action_ids":["dct-town-of-janesville-rock-county-wi-moratorium-2026-07-29"]}},{"type":"Feature","geometry":{"type":"Polygon","coordinates":[[[-84.8194,39.3095],[-84.815,39.5677],[-84.4789,39.5688],[-84.4792,39.591],[-84.3652,39.5899],[-84.3643,39.5438],[-84.3317,39.5492],[-84.3532,39.2923],[-84.63,39.3121],[-84.6543,39.3048],[-84.8194,39.3095]]]},"properties":{"GEOID":"39017","state_fips":"39","state_abbr":"OH","county_name":"Butler County","category":"county_restriction","n_total":2,"n_live":1,"n_pending":1,"n_lapsed":0,"n_live_county_restriction":1,"n_live_town_restriction":0,"n_live_conditions":0,"action_ids":["oh-butler-county-2026","dct-liberty-township-oh-butler-pud-2026-06-15"]}},{"type":"Feature","geometry":{"type":"Polygon","coordinates":[[[-92.2937,46.1573],[-92.2913,46.6681],[-92.2706,46.6507],[-92.2566,46.6587],[-92.2425,46.6492],[-92.2071,46.6519],[-92.2041,46.6669],[-92.1761,46.6863],[-92.1831,46.6952],[-92.2052,46.6983],[-92.2047,46.704],[-92.1891,46.7175],[-92.1463,46.7159],[-92.1433,46.7346],[-92.1166,46.7486],[-92.0895,46.7492],[-92.034,46.7089],[-91.943,46.6799],[-91.7901,46.6947],[-91.5907,46.7543],[-91.5514,46.7557],[-91.5513,46.157],[-92.2937,46.1573]]]},"properties":{"GEOID":"55031","state_fips":"55","state_abbr":"WI","county_name":"Douglas County","category":"town_restriction","n_total":1,"n_live":1,"n_pending":0,"n_lapsed":0,"n_live_county_restriction":0,"n_live_town_restriction":1,"n_live_conditions":0,"action_ids":["wi-city-of-superior-2026"]}},{"type":"Feature","geometry":{"type":"Polygon","coordinates":[[[-93.4995,42.5577],[-93.4986,42.9085],[-93.0251,42.9075],[-93.027,42.5568],[-93.4995,42.5577]]]},"properties":{"GEOID":"19069","state_fips":"19","state_abbr":"IA","county_name":"Franklin County","category":"county_restriction","n_total":1,"n_live":1,"n_pending":0,"n_lapsed":0,"n_live_county_restriction":1,"n_live_town_restriction":0,"n_live_conditions":0,"action_ids":["ia-franklin-county-2026"]}},{"type":"Feature","geometry":{"type":"Polygon","coordinates":[[[-94.9139,42.9097],[-94.9137,43.2551],[-94.4431,43.255],[-94.443,42.9081],[-94.9139,42.9097]]]},"properties":{"GEOID":"19147","state_fips":"19","state_abbr":"IA","county_name":"Palo Alto County","category":"county_restriction","n_total":1,"n_live":1,"n_pending":0,"n_lapsed":0,"n_live_county_restriction":1,"n_live_town_restriction":0,"n_live_conditions":0,"action_ids":["ia-palo-alto-county-2026"]}},{"type":"Feature","geometry":{"type":"Polygon","coordinates":[[[-84.8517,44.1614],[-84.8509,44.5111],[-84.3706,44.5072],[-84.368,44.1605],[-84.8517,44.1614]]]},"properties":{"GEOID":"26143","state_fips":"26","state_abbr":"MI","county_name":"Roscommon County","category":"town_restriction","n_total":1,"n_live":1,"n_pending":0,"n_lapsed":0,"n_live_county_restriction":0,"n_live_town_restriction":1,"n_live_conditions":0,"action_ids":["mi-lyon-township-2026-2"]}},{"type":"Feature","geometry":{"type":"Polygon","coordinates":[[[-97.8076,37.4742],[-97.8078,37.7339],[-97.6987,37.7351],[-97.7018,37.9125],[-97.1525,37.9127],[-97.1533,37.4755],[-97.8076,37.4742]]]},"properties":{"GEOID":"20173","state_fips":"20","state_abbr":"KS","county_name":"Sedgwick County","category":"county_restriction","n_total":1,"n_live":1,"n_pending":0,"n_lapsed":0,"n_live_county_restriction":1,"n_live_town_restriction":0,"n_live_conditions":0,"action_ids":["ks-sedgwick-county-2026"]}},{"type":"Feature","geometry":{"type":"Polygon","coordinates":[[[-97.702,37.9113],[-97.7018,38.1738],[-97.1531,38.1746],[-97.1525,37.9127],[-97.702,37.9113]]]},"properties":{"GEOID":"20079","state_fips":"20","state_abbr":"KS","county_name":"Harvey County","category":"county_restriction","n_total":1,"n_live":1,"n_pending":0,"n_lapsed":0,"n_live_county_restriction":1,"n_live_town_restriction":0,"n_live_conditions":0,"action_ids":["ks-harvey-county-2026"]}},{"type":"Feature","geometry":{"type":"Polygon","coordinates":[[[-92.7554,34.8537],[-92.7539,34.9116],[-92.6496,34.9102],[-92.6485,34.939],[-92.5446,34.9364],[-92.5442,34.9529],[-92.4854,34.953],[-92.47,34.943],[-92.4511,34.9052],[-92.4629,34.8589],[-92.4364,34.843],[-92.4472,34.857],[-92.4424,34.8711],[-92.4496,34.9033],[-92.4176,34.9137],[-92.4131,34.9249],[-92.4191,34.9316],[-92.2299,34.9275],[-92.2272,35.0146],[-92.0708,35.0116],[-92.0788,34.7218],[-92.0971,34.722],[-92.0929,34.7048],[-92.1091,34.6229],[-92.0297,34.6217],[-92.0303,34.4895],[-92.2458,34.4936],[-92.2442,34.5809],[-92.3487,34.5823],[-92.3465,34.6256],[-92.4452,34.627],[-92.4433,34.672],[-92.5003,34.6736],[-92.4991,34.688],[-92.552,34.6893],[-92.5497,34.7617],[-92.6543,34.7645],[-92.6512,34.8517],[-92.7554,34.8537]]]},"properties":{"GEOID":"05119","state_fips":"05","state_abbr":"AR","county_name":"Pulaski County","category":"town_restriction","n_total":2,"n_live":2,"n_pending":0,"n_lapsed":0,"n_live_county_restriction":0,"n_live_town_restriction":2,"n_live_conditions":0,"action_ids":["dct-little-rock-ar-2025-06-01","dct-little-rock-ar-ordinance-2026-06-03"]}},{"type":"Feature","geometry":{"type":"Polygon","coordinates":[[[-93.5252,44.1961],[-93.5243,44.5436],[-93.2815,44.544],[-93.2817,44.472],[-93.0395,44.4719],[-93.0412,44.1967],[-93.5252,44.1961]]]},"properties":{"GEOID":"27131","state_fips":"27","state_abbr":"MN","county_name":"Rice County","category":"town_restriction","n_total":2,"n_live":2,"n_pending":0,"n_lapsed":0,"n_live_county_restriction":0,"n_live_town_restriction":2,"n_live_conditions":0,"action_ids":["dct-lonsdale-mn-moratorium-2026-05-05","dct-northfield-mn-regulatory-model-2026-04-08"]}},{"type":"Feature","geometry":{"type":"Polygon","coordinates":[[[-93.6258,37.282],[-93.6212,37.4274],[-93.0734,37.415],[-93.0768,37.27],[-93.0615,37.2698],[-93.0653,37.0887],[-93.6089,37.0982],[-93.6051,37.2815],[-93.6258,37.282]]]},"properties":{"GEOID":"29077","state_fips":"29","state_abbr":"MO","county_name":"Greene County","category":"town_restriction","n_total":1,"n_live":1,"n_pending":0,"n_lapsed":0,"n_live_county_restriction":0,"n_live_town_restriction":1,"n_live_conditions":0,"action_ids":["mo-city-of-springfield-2026"]}},{"type":"Feature","geometry":{"type":"Polygon","coordinates":[[[-90.3205,38.5942],[-90.3018,38.6556],[-90.2518,38.7189],[-90.2057,38.7418],[-90.1864,38.7615],[-90.1842,38.7743],[-90.1667,38.7723],[-90.2119,38.718],[-90.2092,38.7028],[-90.1864,38.6748],[-90.1777,38.6427],[-90.1918,38.599],[-90.2242,38.5751],[-90.2578,38.532],[-90.307,38.5722],[-90.3205,38.5942]]]},"properties":{"GEOID":"29510","state_fips":"29","state_abbr":"MO","county_name":"St. Louis city","category":"county_restriction","n_total":2,"n_live":1,"n_pending":1,"n_lapsed":0,"n_live_county_restriction":1,"n_live_town_restriction":0,"n_live_conditions":0,"action_ids":["dct-st-louis-city-mo-three-tier-zoning-delay-2026-05-19","dct-st-louis-mo-2025-09-01"]}},{"type":"Feature","geometry":{"type":"Polygon","coordinates":[[[-84.1841,33.6462],[-84.162,33.6378],[-84.1545,33.6457],[-84.1158,33.6147],[-84.0566,33.7266],[-83.982,33.7861],[-83.9148,33.7442],[-83.9132,33.7127],[-83.9252,33.7102],[-83.9181,33.6895],[-83.9307,33.6521],[-84.0105,33.5636],[-84.0034,33.5635],[-84.0033,33.5549],[-84.0107,33.5549],[-84.0107,33.5633],[-84.0445,33.5258],[-84.0562,33.5267],[-84.0486,33.5388],[-84.0653,33.549],[-84.1085,33.5668],[-84.131,33.5646],[-84.1816,33.6292],[-84.1841,33.6462]]]},"properties":{"GEOID":"13247","state_fips":"13","state_abbr":"GA","county_name":"Rockdale County","category":"county_restriction","n_total":2,"n_live":2,"n_pending":0,"n_lapsed":0,"n_live_county_restriction":2,"n_live_town_restriction":0,"n_live_conditions":0,"action_ids":["ga-rockdale-county-undated","dct-rockdale-county-ga-moratorium-extension-2026-05-12"]}},{"type":"Feature","geometry":{"type":"Polygon","coordinates":[[[-85.4621,34.2864],[-85.3874,34.2861],[-85.3632,34.339],[-85.3349,34.3697],[-85.2492,34.4017],[-85.2413,34.4155],[-85.2224,34.4155],[-85.2151,34.4296],[-85.1803,34.4363],[-85.1077,34.5875],[-85.0692,34.5872],[-85.0635,34.5425],[-85.09,34.5419],[-85.0901,34.4635],[-85.1123,34.4619],[-85.0887,34.425],[-85.1078,34.4109],[-85.1044,34.4043],[-85.0317,34.4014],[-85.0239,34.3918],[-85.0058,34.3924],[-85.0052,34.3471],[-85.0231,34.3471],[-85.0239,34.2583],[-85.0155,34.2582],[-85.0156,34.2511],[-85.0239,34.2508],[-85.0238,34.2134],[-85.0447,34.2136],[-85.0469,34.0964],[-85.122,34.0967],[-85.1225,34.0831],[-85.1575,34.0835],[-85.1574,34.0973],[-85.2576,34.1007],[-85.2581,34.0791],[-85.4219,34.0808],[-85.4621,34.2864]]]},"properties":{"GEOID":"13115","state_fips":"13","state_abbr":"GA","county_name":"Floyd County","category":"county_restriction","n_total":1,"n_live":1,"n_pending":0,"n_lapsed":0,"n_live_county_restriction":1,"n_live_town_restriction":0,"n_live_conditions":0,"action_ids":["ga-floyd-county-2026"]}},{"type":"Feature","geometry":{"type":"Polygon","coordinates":[[[-94.6083,39.1179],[-94.5884,39.1499],[-94.6017,39.1596],[-94.6008,39.4562],[-94.2106,39.4547],[-94.2125,39.2071],[-94.25,39.2348],[-94.2899,39.2371],[-94.3089,39.2274],[-94.3282,39.1912],[-94.3636,39.1637],[-94.3785,39.1704],[-94.3897,39.1935],[-94.4072,39.1953],[-94.4023,39.1648],[-94.4616,39.1204],[-94.4846,39.1455],[-94.5064,39.1509],[-94.5341,39.1459],[-94.555,39.1274],[-94.5957,39.11],[-94.6083,39.1179]]]},"properties":{"GEOID":"29047","state_fips":"29","state_abbr":"MO","county_name":"Clay County","category":"town_restriction","n_total":1,"n_live":1,"n_pending":0,"n_lapsed":0,"n_live_county_restriction":0,"n_live_town_restriction":1,"n_live_conditions":0,"action_ids":["dct-liberty-mo-metrobloks-2026-03-24"]}},{"type":"Feature","geometry":{"type":"Polygon","coordinates":[[[-96.4636,40.523],[-96.4638,40.784],[-95.8342,40.7838],[-95.8428,40.7711],[-95.8836,40.7478],[-95.8853,40.7211],[-95.8526,40.7023],[-95.8428,40.6775],[-95.7866,40.6573],[-95.7728,40.6425],[-95.7689,40.6213],[-95.7497,40.6068],[-95.7531,40.5928],[-95.7747,40.5736],[-95.7638,40.5539],[-95.7669,40.5316],[-95.71,40.5238],[-96.4636,40.523]]]},"properties":{"GEOID":"31131","state_fips":"31","state_abbr":"NE","county_name":"Otoe County","category":"county_restriction","n_total":1,"n_live":1,"n_pending":0,"n_lapsed":0,"n_live_county_restriction":1,"n_live_town_restriction":0,"n_live_conditions":0,"action_ids":["ne-otoe-county-2026"]}},{"type":"Feature","geometry":{"type":"Polygon","coordinates":[[[-84.4577,31.584],[-84.447,31.6051],[-84.4504,31.6219],[-84.0432,31.6236],[-84.0289,31.6484],[-83.9934,31.65],[-83.9935,31.6414],[-84.0125,31.6336],[-84.0127,31.6246],[-83.9962,31.6252],[-83.9966,31.5635],[-83.9816,31.5633],[-83.9825,31.5516],[-83.9967,31.5517],[-83.9975,31.476],[-83.9824,31.4758],[-83.9826,31.4627],[-83.9977,31.4628],[-83.9978,31.4438],[-84.4299,31.4367],[-84.4125,31.4569],[-84.4473,31.5442],[-84.4549,31.5483],[-84.4577,31.584]]]},"properties":{"GEOID":"13095","state_fips":"13","state_abbr":"GA","county_name":"Dougherty County","category":"county_restriction","n_total":2,"n_live":2,"n_pending":0,"n_lapsed":0,"n_live_county_restriction":1,"n_live_town_restriction":1,"n_live_conditions":0,"action_ids":["ga-albany-2026","ga-dougherty-county-2026"]}},{"type":"Feature","geometry":{"type":"Polygon","coordinates":[[[-101.324,40.0027],[-101.3234,40.3506],[-100.7584,40.3495],[-100.7588,40.0023],[-101.324,40.0027]]]},"properties":{"GEOID":"31087","state_fips":"31","state_abbr":"NE","county_name":"Hitchcock County","category":"lapsed_only","n_total":1,"n_live":0,"n_pending":0,"n_lapsed":1,"n_live_county_restriction":0,"n_live_town_restriction":0,"n_live_conditions":0,"action_ids":["ne-hitchcock-county-2025"]}},{"type":"Feature","geometry":{"type":"Polygon","coordinates":[[[-83.9815,33.7867],[-83.7991,33.9298],[-83.7646,33.9072],[-83.7609,33.8946],[-83.7442,33.9057],[-83.7274,33.8982],[-83.676,33.9175],[-83.6389,33.9083],[-83.6303,33.8866],[-83.584,33.8839],[-83.5906,33.8634],[-83.5734,33.8475],[-83.5332,33.8209],[-83.5059,33.8178],[-83.6809,33.5969],[-83.6994,33.6094],[-83.6916,33.617],[-83.7344,33.6456],[-83.7583,33.6464],[-83.9815,33.7867]]]},"properties":{"GEOID":"13297","state_fips":"13","state_abbr":"GA","county_name":"Walton County","category":"lapsed_only","n_total":1,"n_live":0,"n_pending":0,"n_lapsed":1,"n_live_county_restriction":0,"n_live_town_restriction":0,"n_live_conditions":0,"action_ids":["ga-social-circle-2025"]}},{"type":"Feature","geometry":{"type":"Polygon","coordinates":[[[-83.5374,33.9659],[-83.4982,33.9875],[-83.5016,33.9902],[-83.5037,33.9981],[-83.5031,33.9996],[-83.4845,33.9928],[-83.384,34.031],[-83.393,34.0337],[-83.3844,34.0385],[-83.3777,34.0334],[-83.3595,34.0403],[-83.2942,34.0082],[-83.2635,34.0063],[-83.2584,33.9991],[-83.269,34.0006],[-83.2756,33.9775],[-83.2659,33.9631],[-83.2791,33.9547],[-83.2776,33.9467],[-83.2409,33.9044],[-83.2759,33.848],[-83.3231,33.8547],[-83.3275,33.8689],[-83.3462,33.8787],[-83.36,33.8756],[-83.3662,33.8878],[-83.3734,33.8856],[-83.4219,33.9271],[-83.4383,33.9225],[-83.5083,33.9312],[-83.5374,33.9659]]]},"properties":{"GEOID":"13059","state_fips":"13","state_abbr":"GA","county_name":"Clarke County","category":"county_restriction","n_total":2,"n_live":1,"n_pending":0,"n_lapsed":1,"n_live_county_restriction":1,"n_live_town_restriction":0,"n_live_conditions":0,"action_ids":["dct-athens-clarke-county-ga-2025-12-01","ga-athens-clarke-county-2025"]}},{"type":"Feature","geometry":{"type":"Polygon","coordinates":[[[-93.2989,35.3271],[-93.2959,35.47],[-93.2238,35.4687],[-93.2213,35.5991],[-93.1678,35.5978],[-93.1645,35.7289],[-92.8097,35.7224],[-92.8135,35.5489],[-92.8493,35.5495],[-92.8551,35.1738],[-92.8944,35.1695],[-92.9357,35.1768],[-93.0116,35.1663],[-93.029,35.1582],[-93.0295,35.1275],[-93.0662,35.1186],[-93.093,35.1391],[-93.0799,35.1506],[-93.0814,35.1821],[-93.1115,35.1709],[-93.1263,35.1758],[-93.154,35.2331],[-93.1829,35.2617],[-93.1985,35.2713],[-93.2427,35.2776],[-93.2989,35.3271]]]},"properties":{"GEOID":"05115","state_fips":"05","state_abbr":"AR","county_name":"Pope County","category":"town_restriction","n_total":1,"n_live":1,"n_pending":0,"n_lapsed":0,"n_live_county_restriction":0,"n_live_town_restriction":1,"n_live_conditions":0,"action_ids":["ar-russellville-2026"]}},{"type":"Feature","geometry":{"type":"Polygon","coordinates":[[[-85.952,39.3474],[-85.9517,39.6971],[-85.6325,39.6985],[-85.6306,39.3502],[-85.952,39.3474]]]},"properties":{"GEOID":"18145","state_fips":"18","state_abbr":"IN","county_name":"Shelby County","category":"county_restriction","n_total":1,"n_live":1,"n_pending":0,"n_lapsed":0,"n_live_county_restriction":1,"n_live_town_restriction":0,"n_live_conditions":0,"action_ids":["in-shelby-county-2026"]}},{"type":"Feature","geometry":{"type":"Polygon","coordinates":[[[-86.9298,41.2344],[-86.9205,41.245],[-86.8703,41.2646],[-86.7835,41.2855],[-86.74,41.3217],[-86.7,41.4026],[-86.6425,41.4326],[-86.4666,41.433],[-86.467,41.1714],[-86.9302,41.1723],[-86.9298,41.2344]]]},"properties":{"GEOID":"18149","state_fips":"18","state_abbr":"IN","county_name":"Starke County","category":"county_restriction","n_total":1,"n_live":1,"n_pending":0,"n_lapsed":0,"n_live_county_restriction":1,"n_live_town_restriction":0,"n_live_conditions":0,"action_ids":["in-starke-county-2025"]}},{"type":"Feature","geometry":{"type":"Polygon","coordinates":[[[-94.0105,44.7175],[-94.0122,44.9787],[-93.7675,44.9776],[-93.7684,44.8909],[-93.5207,44.8915],[-93.5202,44.805],[-93.5745,44.7958],[-93.5821,44.7823],[-93.5992,44.7828],[-93.5952,44.7742],[-93.6219,44.7625],[-93.6085,44.7538],[-93.6209,44.7536],[-93.6315,44.7385],[-93.6327,44.7241],[-93.6256,44.7236],[-93.6179,44.7073],[-93.6377,44.6936],[-93.6752,44.6926],[-93.6977,44.6698],[-93.7214,44.6636],[-93.7184,44.6553],[-93.7598,44.6435],[-93.7534,44.6371],[-93.7601,44.6351],[-93.768,44.6404],[-93.7682,44.6735],[-93.8888,44.6734],[-93.8886,44.717],[-94.0105,44.7175]]]},"properties":{"GEOID":"27019","state_fips":"27","state_abbr":"MN","county_name":"Carver County","category":"town_restriction","n_total":1,"n_live":1,"n_pending":0,"n_lapsed":0,"n_live_county_restriction":0,"n_live_town_restriction":1,"n_live_conditions":0,"action_ids":["mn-carver-2026"]}},{"type":"Feature","geometry":{"type":"Polygon","coordinates":[[[-95.7418,42.4749],[-95.7416,42.5613],[-95.388,42.5617],[-95.3874,42.4748],[-95.3224,42.4747],[-95.3235,42.2109],[-95.6708,42.2114],[-95.6693,42.4746],[-95.7418,42.4749]]]},"properties":{"GEOID":"19093","state_fips":"19","state_abbr":"IA","county_name":"Ida County","category":"county_restriction","n_total":1,"n_live":1,"n_pending":0,"n_lapsed":0,"n_live_county_restriction":1,"n_live_town_restriction":0,"n_live_conditions":0,"action_ids":["ia-ida-county-2026"]}},{"type":"Feature","geometry":{"type":"Polygon","coordinates":[[[-95.5581,41.6024],[-95.5573,41.8634],[-95.0929,41.8634],[-95.0925,41.6021],[-95.0407,41.6022],[-95.0408,41.5047],[-95.498,41.5061],[-95.4978,41.6023],[-95.5581,41.6024]]]},"properties":{"GEOID":"19165","state_fips":"19","state_abbr":"IA","county_name":"Shelby County","category":"county_restriction","n_total":1,"n_live":1,"n_pending":0,"n_lapsed":0,"n_live_county_restriction":1,"n_live_town_restriction":0,"n_live_conditions":0,"action_ids":["ia-shelby-county-2026"]}},{"type":"Feature","geometry":{"type":"Polygon","coordinates":[[[-94.0251,44.2582],[-94.0084,44.2707],[-94.011,44.2768],[-93.9981,44.2788],[-93.9911,44.2955],[-93.9598,44.3073],[-93.9452,44.339],[-93.9328,44.344],[-93.954,44.357],[-93.9527,44.3656],[-93.9606,44.3633],[-93.9551,44.3757],[-93.9633,44.3832],[-93.9522,44.3857],[-93.9658,44.3906],[-93.9509,44.3928],[-93.9541,44.4096],[-93.9392,44.4139],[-93.9279,44.4454],[-93.9365,44.4541],[-93.9168,44.4632],[-93.927,44.4699],[-93.9083,44.4721],[-93.8873,44.5044],[-93.8882,44.5265],[-93.901,44.5295],[-93.9104,44.5432],[-93.5243,44.5436],[-93.5252,44.1961],[-93.768,44.1958],[-93.768,44.2394],[-94.0191,44.2395],[-94.0086,44.25],[-94.0251,44.2582]]]},"properties":{"GEOID":"27079","state_fips":"27","state_abbr":"MN","county_name":"Le Sueur County","category":"county_restriction","n_total":1,"n_live":1,"n_pending":0,"n_lapsed":0,"n_live_county_restriction":1,"n_live_town_restriction":0,"n_live_conditions":0,"action_ids":["mn-le-sueur-county-2026"]}},{"type":"Feature","geometry":{"type":"Polygon","coordinates":[[[-93.698,41.8634],[-93.6984,42.2093],[-93.2317,42.2089],[-93.2319,41.8627],[-93.698,41.8634]]]},"properties":{"GEOID":"19169","state_fips":"19","state_abbr":"IA","county_name":"Story County","category":"county_restriction","n_total":1,"n_live":1,"n_pending":0,"n_lapsed":0,"n_live_county_restriction":1,"n_live_town_restriction":0,"n_live_conditions":0,"action_ids":["ia-story-county-2025"]}},{"type":"Feature","geometry":{"type":"Polygon","coordinates":[[[-82.0494,30.1869],[-81.6796,30.1905],[-81.6905,30.1719],[-81.6921,30.1447],[-81.68,30.1191],[-81.6889,30.0286],[-81.6782,30.0122],[-81.6049,29.9635],[-81.5987,29.941],[-81.6076,29.9057],[-81.5812,29.8402],[-81.8124,29.8365],[-81.862,29.8002],[-81.9142,29.7914],[-81.9394,29.7475],[-81.9911,29.744],[-82.0071,29.7395],[-82.0289,29.7187],[-82.0492,29.7187],[-82.0494,30.1869]]]},"properties":{"GEOID":"12019","state_fips":"12","state_abbr":"FL","county_name":"Clay County","category":"county_restriction","n_total":2,"n_live":2,"n_pending":0,"n_lapsed":0,"n_live_county_restriction":2,"n_live_town_restriction":0,"n_live_conditions":0,"action_ids":["fl-clay-county-2026","dct-clay-county-fl-moratorium-2026-06-09"]}},{"type":"Feature","geometry":{"type":"Polygon","coordinates":[[[-84.6592,34.0782],[-84.654,34.3469],[-84.6447,34.3468],[-84.6443,34.3552],[-84.654,34.3552],[-84.6532,34.4126],[-84.5828,34.4122],[-84.5826,34.3815],[-84.4423,34.3804],[-84.4421,34.3882],[-84.4245,34.388],[-84.4245,34.3806],[-84.4007,34.3805],[-84.4008,34.3733],[-84.3922,34.3733],[-84.3921,34.3807],[-84.2576,34.381],[-84.259,34.1859],[-84.3285,34.186],[-84.3523,34.1767],[-84.3605,34.1623],[-84.3618,34.1242],[-84.4184,34.109],[-84.4189,34.0733],[-84.6592,34.0782]]]},"properties":{"GEOID":"13057","state_fips":"13","state_abbr":"GA","county_name":"Cherokee County","category":"county_restriction","n_total":1,"n_live":1,"n_pending":0,"n_lapsed":0,"n_live_county_restriction":1,"n_live_town_restriction":0,"n_live_conditions":0,"action_ids":["ga-cherokee-county-2026"]}},{"type":"Feature","geometry":{"type":"Polygon","coordinates":[[[-94.9285,40.7274],[-94.9285,40.9007],[-94.4708,40.8995],[-94.4712,40.5708],[-94.9149,40.5751],[-94.9131,40.7273],[-94.9285,40.7274]]]},"properties":{"GEOID":"19173","state_fips":"19","state_abbr":"IA","county_name":"Taylor County","category":"county_restriction","n_total":1,"n_live":1,"n_pending":0,"n_lapsed":0,"n_live_county_restriction":1,"n_live_town_restriction":0,"n_live_conditions":0,"action_ids":["ia-taylor-county-2026"]}},{"type":"Feature","geometry":{"type":"Polygon","coordinates":[[[-85.4219,34.0808],[-85.2581,34.0791],[-85.2576,34.1007],[-85.1574,34.0973],[-85.1575,34.0835],[-85.1225,34.0831],[-85.122,34.0967],[-85.1007,34.0967],[-85.0469,34.0964],[-85.047,34.0829],[-84.9227,34.0825],[-84.9787,33.9514],[-85.0498,33.9526],[-85.0503,33.9045],[-85.2128,33.9063],[-85.2128,33.8992],[-85.3865,33.9017],[-85.4219,34.0808]]]},"properties":{"GEOID":"13233","state_fips":"13","state_abbr":"GA","county_name":"Polk County","category":"town_restriction","n_total":2,"n_live":1,"n_pending":0,"n_lapsed":1,"n_live_county_restriction":0,"n_live_town_restriction":1,"n_live_conditions":0,"action_ids":["ga-cedartown-2026","ga-polk-county-2026"]}},{"type":"Feature","geometry":{"type":"Polygon","coordinates":[[[-84.7396,33.9476],[-84.7378,34.0794],[-84.4189,34.0733],[-84.4183,34.0527],[-84.3982,34.0219],[-84.4005,34.0079],[-84.3749,33.9871],[-84.3834,33.9633],[-84.4465,33.9119],[-84.4415,33.891],[-84.4598,33.8532],[-84.4559,33.8258],[-84.4713,33.8259],[-84.5781,33.7435],[-84.623,33.8043],[-84.7241,33.8062],[-84.7232,33.9475],[-84.7396,33.9476]]]},"properties":{"GEOID":"13067","state_fips":"13","state_abbr":"GA","county_name":"Cobb County","category":"county_restriction","n_total":2,"n_live":2,"n_pending":0,"n_lapsed":0,"n_live_county_restriction":1,"n_live_town_restriction":1,"n_live_conditions":0,"action_ids":["ga-cobb-county-2026","ga-marietta-2026"]}},{"type":"Feature","geometry":{"type":"MultiPolygon","coordinates":[[[[-84.3143,31.6912],[-84.3052,31.6911],[-84.3055,31.6832],[-84.3146,31.6832],[-84.3143,31.6912]]],[[[-84.3381,31.9162],[-83.9225,31.9097],[-83.9341,31.8814],[-83.9265,31.8633],[-83.9394,31.8479],[-83.9684,31.8335],[-83.9798,31.8124],[-83.9769,31.8033],[-84.0089,31.8006],[-84.0063,31.7907],[-83.9916,31.7849],[-83.9862,31.7664],[-84.0035,31.7546],[-84.0076,31.7355],[-84.0327,31.7163],[-84.0196,31.6925],[-84.0124,31.663],[-84.0166,31.6515],[-84.0341,31.6432],[-84.0432,31.6236],[-84.2978,31.622],[-84.2956,31.691],[-84.3052,31.6911],[-84.3049,31.6982],[-84.2954,31.6981],[-84.2865,31.7912],[-84.2585,31.7907],[-84.2645,31.8124],[-84.2596,31.8279],[-84.2931,31.8649],[-84.3382,31.8736],[-84.3381,31.9162]]]]},"properties":{"GEOID":"13177","state_fips":"13","state_abbr":"GA","county_name":"Lee County","category":"county_restriction","n_total":2,"n_live":1,"n_pending":1,"n_lapsed":0,"n_live_county_restriction":1,"n_live_town_restriction":0,"n_live_conditions":0,"action_ids":["ga-lee-county-undated","dct-lee-county-ga-moratorium-extension-2026-05-27"]}},{"type":"Feature","geometry":{"type":"Polygon","coordinates":[[[-97.3718,38.1737],[-97.3719,38.6094],[-97.1507,38.6096],[-96.9303,38.6094],[-96.93,38.5224],[-96.8195,38.5224],[-96.8195,38.3485],[-96.8377,38.3486],[-96.8408,38.0856],[-97.1529,38.0877],[-97.1531,38.1746],[-97.3718,38.1737]]]},"properties":{"GEOID":"20115","state_fips":"20","state_abbr":"KS","county_name":"Marion County","category":"county_restriction","n_total":1,"n_live":1,"n_pending":0,"n_lapsed":0,"n_live_county_restriction":1,"n_live_town_restriction":0,"n_live_conditions":0,"action_ids":["ks-marion-county-2026"]}},{"type":"Feature","geometry":{"type":"Polygon","coordinates":[[[-76.2252,36.837],[-76.1973,36.8281],[-76.1795,36.8497],[-76.1769,36.857],[-76.1933,36.8652],[-76.1884,36.8741],[-76.1985,36.8866],[-76.182,36.9067],[-76.1925,36.918],[-76.1768,36.921],[-76.1771,36.9301],[-76.0905,36.9078],[-76.0383,36.9312],[-75.9963,36.922],[-75.9496,36.7612],[-75.8909,36.6308],[-75.8676,36.5504],[-76.1223,36.5505],[-76.122,36.6658],[-76.0692,36.6775],[-76.068,36.6926],[-76.0822,36.7124],[-76.0976,36.7161],[-76.1433,36.757],[-76.2037,36.7697],[-76.2252,36.837]]]},"properties":{"GEOID":"51810","state_fips":"51","state_abbr":"VA","county_name":"Virginia Beach city","category":"pending_only","n_total":1,"n_live":0,"n_pending":1,"n_lapsed":0,"n_live_county_restriction":0,"n_live_town_restriction":0,"n_live_conditions":0,"action_ids":["dct-virginia-beach-va-citywide-ban-2026-06-02"]}},{"type":"Feature","geometry":{"type":"Polygon","coordinates":[[[-96.9635,38.9649],[-96.9617,39.2201],[-96.8499,39.219],[-96.8497,39.1393],[-96.831,39.1392],[-96.8322,39.1196],[-96.8513,39.1007],[-96.8514,39.0882],[-96.7434,39.0877],[-96.7361,39.08],[-96.7219,39.0914],[-96.7063,39.0912],[-96.7061,39.0731],[-96.501,39.0727],[-96.5016,38.8697],[-96.9267,38.8704],[-96.9262,38.9789],[-96.9476,38.9706],[-96.9501,38.9769],[-96.9635,38.9649]]]},"properties":{"GEOID":"20061","state_fips":"20","state_abbr":"KS","county_name":"Geary County","category":"county_restriction","n_total":1,"n_live":1,"n_pending":0,"n_lapsed":0,"n_live_county_restriction":1,"n_live_town_restriction":0,"n_live_conditions":0,"action_ids":["ks-geary-county-2026"]}},{"type":"Feature","geometry":{"type":"Polygon","coordinates":[[[-76.4915,36.5507],[-76.4575,36.8148],[-76.4204,36.8663],[-76.3985,36.8659],[-76.3994,36.8572],[-76.3874,36.8522],[-76.3835,36.8375],[-76.4037,36.814],[-76.3757,36.7861],[-76.2921,36.7987],[-76.29,36.822],[-76.2747,36.828],[-76.2575,36.8208],[-76.2438,36.8369],[-76.2261,36.8399],[-76.2037,36.7697],[-76.1433,36.757],[-76.0976,36.7161],[-76.0822,36.7124],[-76.0656,36.6855],[-76.0692,36.6775],[-76.122,36.6658],[-76.1223,36.5505],[-76.4915,36.5507]]]},"properties":{"GEOID":"51550","state_fips":"51","state_abbr":"VA","county_name":"Chesapeake city","category":"county_restriction","n_total":1,"n_live":1,"n_pending":0,"n_lapsed":0,"n_live_county_restriction":1,"n_live_town_restriction":0,"n_live_conditions":0,"action_ids":["va-city-of-chesapeake-2026"]}},{"type":"Feature","geometry":{"type":"Polygon","coordinates":[[[-84.5089,33.2452],[-84.4975,33.2574],[-84.433,33.2565],[-84.4191,33.2935],[-84.4085,33.2942],[-84.4024,33.3055],[-84.3972,33.3015],[-84.3933,33.3169],[-84.3842,33.32],[-84.3881,33.3525],[-84.2474,33.3526],[-84.2473,33.3358],[-84.1506,33.3356],[-84.1508,33.313],[-84.103,33.2988],[-84.089,33.2856],[-84.1226,33.2527],[-84.124,33.1786],[-84.2243,33.1794],[-84.2275,33.1889],[-84.3737,33.1896],[-84.3731,33.2004],[-84.3936,33.2003],[-84.3935,33.2083],[-84.4045,33.2085],[-84.4513,33.2089],[-84.4968,33.1839],[-84.4905,33.1976],[-84.4984,33.2016],[-84.5065,33.2261],[-84.5003,33.2333],[-84.5089,33.2452]]]},"properties":{"GEOID":"13255","state_fips":"13","state_abbr":"GA","county_name":"Spalding County","category":"lapsed_only","n_total":1,"n_live":0,"n_pending":0,"n_lapsed":1,"n_live_county_restriction":0,"n_live_town_restriction":0,"n_live_conditions":0,"action_ids":["ga-griffin-2026"]}},{"type":"Feature","geometry":{"type":"Polygon","coordinates":[[[-83.4584,34.4839],[-83.365,34.6753],[-83.3382,34.6872],[-83.3414,34.6814],[-83.3046,34.6696],[-83.2932,34.6543],[-83.2545,34.6371],[-83.2313,34.6112],[-83.16,34.6035],[-83.1703,34.5924],[-83.1546,34.5882],[-83.1587,34.579],[-83.1432,34.5734],[-83.1405,34.5624],[-83.1229,34.5601],[-83.1035,34.5386],[-83.1778,34.477],[-83.3731,34.4702],[-83.398,34.461],[-83.4584,34.4839]]]},"properties":{"GEOID":"13257","state_fips":"13","state_abbr":"GA","county_name":"Stephens County","category":"county_restriction","n_total":1,"n_live":1,"n_pending":0,"n_lapsed":0,"n_live_county_restriction":1,"n_live_town_restriction":0,"n_live_conditions":0,"action_ids":["ga-stephens-county-undated"]}},{"type":"Feature","geometry":{"type":"Polygon","coordinates":[[[-97.6375,43.1688],[-97.1605,43.17],[-97.1604,42.7997],[-97.2101,42.8093],[-97.2188,42.8458],[-97.2486,42.8554],[-97.2899,42.8555],[-97.3067,42.8676],[-97.3596,42.8548],[-97.3767,42.8652],[-97.4083,42.8683],[-97.4423,42.8462],[-97.5048,42.8585],[-97.5475,42.848],[-97.6038,42.8583],[-97.6354,42.8514],[-97.6375,43.1688]]]},"properties":{"GEOID":"46135","state_fips":"46","state_abbr":"SD","county_name":"Yankton County","category":"county_restriction","n_total":2,"n_live":1,"n_pending":1,"n_lapsed":0,"n_live_county_restriction":1,"n_live_town_restriction":0,"n_live_conditions":0,"action_ids":["sd-yankton-county-2026","dct-yankton-county-sd-moratorium-2026-06-16"]}},{"type":"Feature","geometry":{"type":"Polygon","coordinates":[[[-97.1295,43.4997],[-97.1291,43.848],[-96.4533,43.8495],[-96.4533,43.5004],[-97.1295,43.4997]]]},"properties":{"GEOID":"46099","state_fips":"46","state_abbr":"SD","county_name":"Minnehaha County","category":"town_restriction","n_total":1,"n_live":1,"n_pending":0,"n_lapsed":0,"n_live_county_restriction":0,"n_live_town_restriction":1,"n_live_conditions":0,"action_ids":["dct-sioux-falls-sd-2025-12-01"]}},{"type":"Feature","geometry":{"type":"Polygon","coordinates":[[[-91.4252,43.9843],[-91.3226,43.9845],[-91.3447,44.0158],[-91.3396,44.0351],[-91.3284,44.0366],[-91.3321,44.0435],[-91.3161,44.0602],[-91.2842,44.0604],[-91.2674,44.0723],[-91.2475,44.0575],[-91.221,44.0531],[-91.1994,44.0775],[-91.2006,44.0866],[-91.1877,44.0906],[-91.1519,44.0797],[-91.1518,44.071],[-90.9129,44.0715],[-90.9107,43.7253],[-91.2578,43.7257],[-91.2441,43.7747],[-91.2624,43.7922],[-91.2777,43.8377],[-91.311,43.8674],[-91.3206,43.8885],[-91.3574,43.9172],[-91.3666,43.9375],[-91.4252,43.9843]]]},"properties":{"GEOID":"55063","state_fips":"55","state_abbr":"WI","county_name":"La Crosse County","category":"county_restriction","n_total":1,"n_live":1,"n_pending":0,"n_lapsed":0,"n_live_county_restriction":1,"n_live_town_restriction":0,"n_live_conditions":0,"action_ids":["wi-la-crosse-county-2026"]}},{"type":"Feature","geometry":{"type":"Polygon","coordinates":[[[-86.165,40.5626],[-86.1685,40.9961],[-85.9464,40.9992],[-85.9395,40.651],[-85.8648,40.6517],[-85.8636,40.5655],[-86.165,40.5626]]]},"properties":{"GEOID":"18103","state_fips":"18","state_abbr":"IN","county_name":"Miami County","category":"county_restriction","n_total":1,"n_live":1,"n_pending":0,"n_lapsed":0,"n_live_county_restriction":1,"n_live_town_restriction":0,"n_live_conditions":0,"action_ids":["in-miami-county-2026"]}},{"type":"Feature","geometry":{"type":"Polygon","coordinates":[[[-91.6071,42.644],[-91.6053,43.0817],[-91.1772,43.0802],[-91.1747,43.0387],[-91.1454,42.9582],[-91.1456,42.908],[-91.1006,42.8831],[-91.0941,42.8308],[-91.0787,42.8277],[-91.0695,42.7696],[-91.0603,42.7618],[-91.0647,42.7509],[-90.9777,42.6968],[-90.8969,42.6753],[-90.8974,42.6457],[-91.6071,42.644]]]},"properties":{"GEOID":"19043","state_fips":"19","state_abbr":"IA","county_name":"Clayton County","category":"county_restriction","n_total":1,"n_live":1,"n_pending":0,"n_lapsed":0,"n_live_county_restriction":1,"n_live_town_restriction":0,"n_live_conditions":0,"action_ids":["ia-clayton-county-2025"]}},{"type":"Feature","geometry":{"type":"Polygon","coordinates":[[[-76.7111,39.2779],[-76.7113,39.3719],[-76.5298,39.3721],[-76.5296,39.2403],[-76.5722,39.2647],[-76.5865,39.2613],[-76.5584,39.2337],[-76.5645,39.2246],[-76.5331,39.2076],[-76.5501,39.1972],[-76.5833,39.2074],[-76.6117,39.2344],[-76.7111,39.2779]]]},"properties":{"GEOID":"24510","state_fips":"24","state_abbr":"MD","county_name":"Baltimore city","category":"pending_only","n_total":1,"n_live":0,"n_pending":1,"n_lapsed":0,"n_live_county_restriction":0,"n_live_town_restriction":0,"n_live_conditions":0,"action_ids":["md-baltimore-city-2026"]}},{"type":"Feature","geometry":{"type":"Polygon","coordinates":[[[-84.1582,42.7766],[-83.6865,42.7833],[-83.6648,42.4312],[-84.1407,42.4246],[-84.1582,42.7766]]]},"properties":{"GEOID":"26093","state_fips":"26","state_abbr":"MI","county_name":"Livingston County","category":"town_restriction","n_total":2,"n_live":1,"n_pending":0,"n_lapsed":1,"n_live_county_restriction":0,"n_live_town_restriction":1,"n_live_conditions":0,"action_ids":["mi-howell-township-2025","mi-tyrone-township-2025"]}},{"type":"Feature","geometry":{"type":"Polygon","coordinates":[[[-83.8866,44.509],[-83.8885,44.8565],[-83.3215,44.8585],[-83.2937,44.8083],[-83.2943,44.7368],[-83.2703,44.7088],[-83.2849,44.6612],[-83.3145,44.6087],[-83.307,44.5422],[-83.3186,44.5116],[-83.8866,44.509]]]},"properties":{"GEOID":"26001","state_fips":"26","state_abbr":"MI","county_name":"Alcona County","category":"town_restriction","n_total":1,"n_live":1,"n_pending":0,"n_lapsed":0,"n_live_county_restriction":0,"n_live_town_restriction":1,"n_live_conditions":0,"action_ids":["mi-caledonia-township-undated"]}},{"type":"Feature","geometry":{"type":"Polygon","coordinates":[[[-85.8625,39.9436],[-85.8623,40.3784],[-85.5786,40.3795],[-85.5762,39.9458],[-85.8625,39.9436]]]},"properties":{"GEOID":"18095","state_fips":"18","state_abbr":"IN","county_name":"Madison County","category":"county_restriction","n_total":2,"n_live":2,"n_pending":0,"n_lapsed":0,"n_live_county_restriction":2,"n_live_town_restriction":0,"n_live_conditions":0,"action_ids":["in-madison-county-2026","dct-madison-county-in-moratorium-request-2026-05-12"]}},{"type":"Feature","geometry":{"type":"Polygon","coordinates":[[[-81.7681,35.1804],[-81.7595,35.2226],[-81.7029,35.3573],[-81.6927,35.583],[-81.6706,35.5666],[-81.649,35.5616],[-81.5962,35.5713],[-81.5732,35.5587],[-81.5453,35.5647],[-81.5154,35.5583],[-81.5092,35.5504],[-81.513,35.5233],[-81.4588,35.4237],[-81.3989,35.3531],[-81.3567,35.3306],[-81.3666,35.3149],[-81.3558,35.2808],[-81.3217,35.2604],[-81.328,35.1634],[-81.7681,35.1804]]]},"properties":{"GEOID":"37045","state_fips":"37","state_abbr":"NC","county_name":"Cleveland County","category":"town_restriction","n_total":1,"n_live":1,"n_pending":0,"n_lapsed":0,"n_live_county_restriction":0,"n_live_town_restriction":1,"n_live_conditions":0,"action_ids":["nc-kings-mountain-2026"]}},{"type":"Feature","geometry":{"type":"Polygon","coordinates":[[[-117.0401,47.366],[-117.0423,47.9775],[-116.6341,47.9771],[-116.633,47.9915],[-116.5043,47.9914],[-116.5051,47.8901],[-116.3295,47.8904],[-116.3294,47.414],[-116.5865,47.4147],[-116.5865,47.4003],[-116.6291,47.4003],[-116.6291,47.3714],[-116.7354,47.3715],[-116.7352,47.3859],[-116.7682,47.3858],[-116.7682,47.3807],[-116.8108,47.3807],[-116.8108,47.3663],[-117.0401,47.366]]]},"properties":{"GEOID":"16055","state_fips":"16","state_abbr":"ID","county_name":"Kootenai County","category":"lapsed_only","n_total":1,"n_live":0,"n_pending":0,"n_lapsed":1,"n_live_county_restriction":0,"n_live_town_restriction":0,"n_live_conditions":0,"action_ids":["id-kootenai-county-2025"]}},{"type":"Feature","geometry":{"type":"Polygon","coordinates":[[[-84.132,42.0716],[-84.1311,42.4246],[-83.5519,42.4352],[-83.5394,42.0856],[-84.132,42.0716]]]},"properties":{"GEOID":"26161","state_fips":"26","state_abbr":"MI","county_name":"Washtenaw County","category":"town_restriction","n_total":12,"n_live":12,"n_pending":0,"n_lapsed":0,"n_live_county_restriction":0,"n_live_town_restriction":12,"n_live_conditions":0,"action_ids":["dct-ann-arbor-township-mi-2026-02-17","dct-augusta-charter-township-mi-2025-08-01","dct-city-of-ypsilanti-mi-2026-03-03","dct-dexter-township-mi-2026-02-01","mi-lodi-township-2026","mi-lyndon-township-2026","mi-manchester-township-2025","mi-pittsfield-township-2025","dct-saline-township-board-rezone-rescission-mi-2026-01-28","dct-sylvan-township-mi-2026-01-22","mi-york-township-2026","mi-ypsilanti-community-utilities-authority-2026"]}},{"type":"Feature","geometry":{"type":"Polygon","coordinates":[[[-76.9505,36.471],[-76.9344,36.4713],[-76.9345,36.4847],[-76.9065,36.5107],[-76.9051,36.5226],[-76.925,36.5307],[-76.9141,36.5422],[-76.9159,36.5521],[-76.5415,36.5503],[-76.4913,36.5107],[-76.4914,36.4686],[-76.4537,36.3781],[-76.5569,36.3552],[-76.5708,36.3343],[-76.5862,36.3335],[-76.5966,36.3233],[-76.64,36.3294],[-76.6516,36.3106],[-76.67,36.3152],[-76.6726,36.3033],[-76.6966,36.2961],[-76.7795,36.3625],[-76.8227,36.3644],[-76.9343,36.4025],[-76.9471,36.4154],[-76.9505,36.471]]]},"properties":{"GEOID":"37073","state_fips":"37","state_abbr":"NC","county_name":"Gates County","category":"county_restriction","n_total":1,"n_live":1,"n_pending":0,"n_lapsed":0,"n_live_county_restriction":1,"n_live_town_restriction":0,"n_live_conditions":0,"action_ids":["nc-gates-county-2025"]}},{"type":"Feature","geometry":{"type":"Polygon","coordinates":[[[-74.6146,40.1824],[-74.5704,40.1857],[-74.5433,40.2167],[-74.4815,40.2429],[-74.4874,40.2531],[-74.461,40.2511],[-74.3934,40.2796],[-74.3942,40.2884],[-74.3775,40.3054],[-74.2479,40.4066],[-74.2475,40.4315],[-74.2225,40.4519],[-74.2024,40.4394],[-74.1807,40.458],[-74.1582,40.4466],[-74.1353,40.4554],[-74.059,40.4227],[-74.0064,40.4111],[-73.9955,40.4195],[-73.9917,40.4429],[-74.0195,40.4747],[-74.0025,40.4763],[-73.9861,40.4544],[-73.9718,40.3543],[-73.9774,40.2994],[-74.0337,40.102],[-74.0457,40.1053],[-74.0724,40.0894],[-74.0942,40.1075],[-74.0959,40.1287],[-74.1077,40.137],[-74.1503,40.0989],[-74.1795,40.1109],[-74.2319,40.1098],[-74.2446,40.1181],[-74.2418,40.131],[-74.2598,40.1491],[-74.2615,40.167],[-74.4067,40.1724],[-74.5531,40.0791],[-74.6146,40.1824]]]},"properties":{"GEOID":"34025","state_fips":"34","state_abbr":"NJ","county_name":"Monmouth County","category":"town_restriction","n_total":3,"n_live":3,"n_pending":0,"n_lapsed":0,"n_live_county_restriction":0,"n_live_town_restriction":2,"n_live_conditions":1,"action_ids":["dct-red-bank-nj-ban-statewide-call-2026-06-11","dct-asbury-park-nj-ban-2026-06-10","dct-neptune-township-nj-ban-2026-07-13"]}},{"type":"Feature","geometry":{"type":"Polygon","coordinates":[[[-86.3263,39.6322],[-86.3263,39.924],[-85.9376,39.9271],[-85.9381,39.8698],[-85.954,39.8696],[-85.9521,39.6383],[-86.3263,39.6322]]]},"properties":{"GEOID":"18097","state_fips":"18","state_abbr":"IN","county_name":"Marion County","category":"county_restriction","n_total":5,"n_live":2,"n_pending":3,"n_lapsed":0,"n_live_county_restriction":2,"n_live_town_restriction":0,"n_live_conditions":0,"action_ids":["dct-indianapolis-council-dc-regulations-in-2026-01-28","in-indianapolis-marion-county-undated","dct-indianapolis-council-moratorium-resolution-in-2026-05-15","dct-indianapolis-metrobloks-martindale-brightwood-in-2026-05-04","dct-indianapolis-mdc-data-center-standards-2026-07-01"]}},{"type":"Feature","geometry":{"type":"Polygon","coordinates":[[[-85.6841,38.8239],[-85.6384,38.8242],[-85.6384,38.8176],[-85.6289,38.8176],[-85.6288,38.8241],[-85.6106,38.8242],[-85.611,38.8538],[-85.5738,38.8537],[-85.5738,38.8827],[-85.5374,38.8828],[-85.5382,38.9122],[-85.2032,38.9138],[-85.2015,38.6911],[-85.2211,38.701],[-85.2465,38.7318],[-85.2685,38.7402],[-85.3053,38.7415],[-85.3652,38.7305],[-85.4195,38.7355],[-85.4363,38.7285],[-85.4568,38.6923],[-85.4387,38.6593],[-85.4393,38.6074],[-85.4286,38.5864],[-85.4788,38.5862],[-85.4787,38.5924],[-85.4965,38.5922],[-85.4967,38.6067],[-85.57,38.6062],[-85.5709,38.6785],[-85.6082,38.6787],[-85.6087,38.7079],[-85.6458,38.708],[-85.6462,38.7299],[-85.6833,38.7367],[-85.6841,38.8239]]]},"properties":{"GEOID":"18077","state_fips":"18","state_abbr":"IN","county_name":"Jefferson County","category":"town_restriction","n_total":1,"n_live":1,"n_pending":0,"n_lapsed":0,"n_live_county_restriction":0,"n_live_town_restriction":1,"n_live_conditions":0,"action_ids":["dct-madison-in-2026-05-20"]}},{"type":"Feature","geometry":{"type":"Polygon","coordinates":[[[-85.7825,42.7682],[-85.7904,43.293],[-85.3124,43.2942],[-85.3096,42.7699],[-85.7825,42.7682]]]},"properties":{"GEOID":"26081","state_fips":"26","state_abbr":"MI","county_name":"Kent County","category":"town_restriction","n_total":5,"n_live":4,"n_pending":0,"n_lapsed":1,"n_live_county_restriction":0,"n_live_town_restriction":4,"n_live_conditions":0,"action_ids":["mi-big-rapids-charter-township-2026","dct-cascade-township-mi-2026-02-26","dct-lowell-township-mi-2025-12-18","mi-lowell-township-2026","dct-solon-township-mi-2026-02-01"]}},{"type":"Feature","geometry":{"type":"Polygon","coordinates":[[[-105.0722,38.7994],[-105.0664,38.8692],[-105.0286,38.8687],[-105.0335,39.1298],[-104.0516,39.1281],[-104.0543,38.5224],[-104.9415,38.5196],[-104.9399,38.7965],[-105.0722,38.7994]]]},"properties":{"GEOID":"08041","state_fips":"08","state_abbr":"CO","county_name":"El Paso County","category":"town_restriction","n_total":1,"n_live":1,"n_pending":0,"n_lapsed":0,"n_live_county_restriction":0,"n_live_town_restriction":1,"n_live_conditions":0,"action_ids":["co-monument-2026"]}},{"type":"Feature","geometry":{"type":"Polygon","coordinates":[[[-94.6183,36.7666],[-94.6179,37.0568],[-94.0592,37.0481],[-94.0689,36.7478],[-94.6183,36.7666]]]},"properties":{"GEOID":"29145","state_fips":"29","state_abbr":"MO","county_name":"Newton County","category":"town_restriction","n_total":1,"n_live":1,"n_pending":0,"n_lapsed":0,"n_live_county_restriction":0,"n_live_town_restriction":1,"n_live_conditions":0,"action_ids":["mo-city-of-neosho-2026"]}},{"type":"Feature","geometry":{"type":"MultiPolygon","coordinates":[[[[-74.0422,40.7],[-74.039,40.6976],[-74.0417,40.6964],[-74.0422,40.7]]],[[[-74.1661,40.7472],[-74.1475,40.7865],[-74.1272,40.7713],[-74.1009,40.7758],[-74.0903,40.7616],[-74.09,40.778],[-74.0768,40.7956],[-74.0358,40.8081],[-74.0178,40.8233],[-73.9848,40.7977],[-74.014,40.7576],[-74.0232,40.7199],[-74.0553,40.6908],[-74.065,40.696],[-74.0778,40.6746],[-74.0642,40.6689],[-74.0702,40.6608],[-74.0869,40.6668],[-74.095,40.6492],[-74.1463,40.6466],[-74.1025,40.7019],[-74.1082,40.716],[-74.1206,40.7171],[-74.1176,40.7396],[-74.1553,40.7335],[-74.1661,40.7472]]]]},"properties":{"GEOID":"34017","state_fips":"34","state_abbr":"NJ","county_name":"Hudson County","category":"pending_only","n_total":1,"n_live":0,"n_pending":1,"n_lapsed":0,"n_live_county_restriction":0,"n_live_town_restriction":0,"n_live_conditions":0,"action_ids":["dct-jersey-city-nj-data-center-ban-2026-07-15"]}},{"type":"Feature","geometry":{"type":"Polygon","coordinates":[[[-74.4599,40.6],[-74.4244,40.6196],[-74.4018,40.6643],[-74.4198,40.6577],[-74.4329,40.6645],[-74.4508,40.6541],[-74.461,40.6735],[-74.4023,40.718],[-74.3907,40.7184],[-74.3717,40.7396],[-74.3256,40.7171],[-74.3035,40.7132],[-74.2852,40.7222],[-74.2219,40.7073],[-74.2018,40.6868],[-74.165,40.6902],[-74.1388,40.6739],[-74.1493,40.66],[-74.1568,40.6628],[-74.2027,40.6338],[-74.2052,40.5939],[-74.214,40.6041],[-74.2577,40.6023],[-74.2908,40.5919],[-74.3053,40.6006],[-74.3029,40.6087],[-74.4585,40.5948],[-74.4599,40.6]]]},"properties":{"GEOID":"34039","state_fips":"34","state_abbr":"NJ","county_name":"Union County","category":"town_restriction","n_total":4,"n_live":1,"n_pending":3,"n_lapsed":0,"n_live_county_restriction":0,"n_live_town_restriction":1,"n_live_conditions":0,"action_ids":["dct-summit-nj-ban-2026-06-16","dct-cranford-nj-ban-2026-06-08","dct-roselle-park-nj-2026-05-21","dct-union-township-nj-2026-05-19"]}},{"type":"Feature","geometry":{"type":"Polygon","coordinates":[[[-83.6894,42.8713],[-83.1029,42.8886],[-83.0834,42.4472],[-83.6648,42.4312],[-83.6894,42.8713]]]},"properties":{"GEOID":"26125","state_fips":"26","state_abbr":"MI","county_name":"Oakland County","category":"town_restriction","n_total":5,"n_live":5,"n_pending":0,"n_lapsed":0,"n_live_county_restriction":0,"n_live_town_restriction":5,"n_live_conditions":0,"action_ids":["mi-lyon-township-2026","mi-orion-township-2026","mi-pontiac-2026","mi-south-lyon-undated","mi-waterford-township-2026"]}},{"type":"Feature","geometry":{"type":"Polygon","coordinates":[[[-97.6714,35.3772],[-97.674,35.726],[-97.1411,35.7244],[-97.1421,35.3769],[-97.6714,35.3772]]]},"properties":{"GEOID":"40109","state_fips":"40","state_abbr":"OK","county_name":"Oklahoma County","category":"town_restriction","n_total":4,"n_live":4,"n_pending":0,"n_lapsed":0,"n_live_county_restriction":0,"n_live_town_restriction":4,"n_live_conditions":0,"action_ids":["dct-edmond-ok-moratorium-2026-06-08","ok-edmond-2026","ok-luther-2026","ok-oklahoma-city-2026"]}},{"type":"Feature","geometry":{"type":"Polygon","coordinates":[[[-86.5267,41.6504],[-86.5242,41.7595],[-86.0626,41.7605],[-86.0595,41.4792],[-86.4671,41.4765],[-86.4666,41.433],[-86.5247,41.4329],[-86.5249,41.5197],[-86.5003,41.521],[-86.4982,41.5611],[-86.4864,41.5705],[-86.4865,41.6164],[-86.4876,41.6493],[-86.5267,41.6504]]]},"properties":{"GEOID":"18141","state_fips":"18","state_abbr":"IN","county_name":"St. Joseph County","category":"pending_only","n_total":1,"n_live":0,"n_pending":1,"n_lapsed":0,"n_live_county_restriction":0,"n_live_town_restriction":0,"n_live_conditions":0,"action_ids":["dct-st-joseph-county-in-third-new-carlisle-rezoning-2026-05-13"]}},{"type":"Feature","geometry":{"type":"Polygon","coordinates":[[[-86.2261,41.76],[-86.2229,42.0715],[-85.7629,42.0693],[-85.7602,41.7988],[-85.7859,41.7773],[-85.7903,41.7664],[-85.7846,41.7597],[-86.2261,41.76]]]},"properties":{"GEOID":"26027","state_fips":"26","state_abbr":"MI","county_name":"Cass County","category":"county_restriction","n_total":4,"n_live":4,"n_pending":0,"n_lapsed":0,"n_live_county_restriction":1,"n_live_town_restriction":3,"n_live_conditions":0,"action_ids":["dct-cass-county-dowagiac-mi-2025-12-01","mi-mason-township-2026","dct-penn-township-cass-county-mi-moratorium-2026-05-11","dct-porter-township-cass-county-mi-moratorium-2026-05-12"]}},{"type":"Feature","geometry":{"type":"Polygon","coordinates":[[[-95.1014,39.5333],[-94.6012,39.5302],[-94.6017,39.1596],[-94.6558,39.1557],[-94.6592,39.1741],[-94.6803,39.1843],[-94.7141,39.1704],[-94.7419,39.1702],[-94.7631,39.1799],[-94.7815,39.2061],[-94.8238,39.2099],[-94.8351,39.2207],[-94.8257,39.2417],[-94.8315,39.2563],[-94.8871,39.2865],[-94.9053,39.312],[-94.91,39.3525],[-94.8814,39.3704],[-94.885,39.3898],[-94.9018,39.3928],[-94.9231,39.3845],[-94.942,39.3895],[-94.9479,39.4086],[-94.973,39.4217],[-94.9821,39.4406],[-95.0375,39.4637],[-95.0522,39.5],[-95.1014,39.5333]]]},"properties":{"GEOID":"29165","state_fips":"29","state_abbr":"MO","county_name":"Platte County","category":"county_restriction","n_total":1,"n_live":1,"n_pending":0,"n_lapsed":0,"n_live_county_restriction":1,"n_live_town_restriction":0,"n_live_conditions":0,"action_ids":["dct-platte-county-mo-2025-10-01"]}},{"type":"Feature","geometry":{"type":"Polygon","coordinates":[[[-86.9871,37.8974],[-86.9702,37.9189],[-86.9788,37.9302],[-86.9179,37.9372],[-86.856,37.9873],[-86.8201,37.9994],[-86.7955,37.9895],[-86.7647,37.9324],[-86.7315,37.8943],[-86.7161,37.8941],[-86.6809,37.915],[-86.6471,37.9086],[-86.6448,37.8948],[-86.6625,37.857],[-86.6553,37.8425],[-86.6661,37.8358],[-86.6779,37.7928],[-86.6223,37.655],[-86.8234,37.7378],[-86.8171,37.7916],[-86.854,37.8408],[-86.8865,37.8363],[-86.8939,37.8287],[-86.9153,37.8396],[-86.9041,37.8572],[-86.9085,37.8693],[-86.8935,37.8817],[-86.9097,37.886],[-86.9129,37.9024],[-86.932,37.9097],[-86.9585,37.898],[-86.9871,37.8974]]]},"properties":{"GEOID":"21091","state_fips":"21","state_abbr":"KY","county_name":"Hancock County","category":"county_restriction","n_total":1,"n_live":1,"n_pending":0,"n_lapsed":0,"n_live_county_restriction":1,"n_live_town_restriction":0,"n_live_conditions":0,"action_ids":["dct-hancock-county-hawesville-ky-2026-02-02"]}},{"type":"Feature","geometry":{"type":"Polygon","coordinates":[[[-95.2023,40.5785],[-94.632,40.5712],[-94.6319,40.4725],[-94.6084,40.4724],[-94.6086,40.3868],[-94.5985,40.3867],[-94.6056,40.1263],[-95.0529,40.1328],[-95.0495,40.1379],[-95.06,40.1385],[-95.0643,40.1484],[-95.0589,40.1504],[-95.0657,40.151],[-95.0602,40.1613],[-95.0672,40.1677],[-95.0606,40.1717],[-95.0749,40.1888],[-95.0638,40.2059],[-95.0679,40.2258],[-95.0579,40.2391],[-95.0671,40.2473],[-95.0736,40.2434],[-95.0716,40.2609],[-95.1806,40.2617],[-95.1777,40.4789],[-95.202,40.4791],[-95.2023,40.5785]]]},"properties":{"GEOID":"29147","state_fips":"29","state_abbr":"MO","county_name":"Nodaway County","category":"county_restriction","n_total":1,"n_live":1,"n_pending":0,"n_lapsed":0,"n_live_county_restriction":1,"n_live_town_restriction":0,"n_live_conditions":0,"action_ids":["mo-nodaway-county-2026"]}},{"type":"Feature","geometry":{"type":"Polygon","coordinates":[[[-83.6995,43.5886],[-83.6852,43.5844],[-83.6584,43.5955],[-83.5612,43.6865],[-83.5536,43.6852],[-83.54,43.7084],[-83.5157,43.7185],[-83.5132,43.7141],[-83.5208,43.7148],[-83.5133,43.7049],[-83.5201,43.6975],[-83.4971,43.6975],[-83.4674,43.7286],[-83.4666,43.6676],[-83.1178,43.6755],[-83.1038,43.3274],[-83.3544,43.3223],[-83.3517,43.2352],[-83.4607,43.2328],[-83.4607,43.2231],[-83.6956,43.2214],[-83.6995,43.5886]]]},"properties":{"GEOID":"26157","state_fips":"26","state_abbr":"MI","county_name":"Tuscola County","category":"town_restriction","n_total":2,"n_live":2,"n_pending":0,"n_lapsed":0,"n_live_county_restriction":0,"n_live_town_restriction":2,"n_live_conditions":0,"action_ids":["dct-elmwood-township-mi-2026-02-18","mi-watertown-township-2026"]}},{"type":"Feature","geometry":{"type":"Polygon","coordinates":[[[-85.1325,38.9481],[-85.0656,39.3072],[-84.8195,39.3052],[-84.8202,39.1055],[-84.8932,39.0625],[-84.8967,39.0533],[-84.8774,39.0316],[-84.8977,39.0134],[-84.9135,39.0186],[-84.9461,39.0063],[-84.9539,38.9949],[-84.9975,38.9968],[-85.0036,38.9752],[-85.0201,38.9824],[-85.0247,38.9745],[-85.0415,38.9754],[-85.0512,38.9669],[-85.0457,38.9572],[-85.0582,38.9581],[-85.0594,38.9481],[-85.0681,38.9571],[-85.0724,38.948],[-85.0826,38.9522],[-85.0959,38.9356],[-85.1188,38.9372],[-85.1141,38.9561],[-85.1325,38.9481]]]},"properties":{"GEOID":"18029","state_fips":"18","state_abbr":"IN","county_name":"Dearborn County","category":"county_restriction","n_total":1,"n_live":1,"n_pending":0,"n_lapsed":0,"n_live_county_restriction":1,"n_live_town_restriction":0,"n_live_conditions":0,"action_ids":["in-dearborn-county-2026"]}},{"type":"Feature","geometry":{"type":"Polygon","coordinates":[[[-85.6379,38.3803],[-85.6207,38.4223],[-85.6045,38.4408],[-85.4989,38.4682],[-85.4669,38.5108],[-85.4332,38.5247],[-85.3787,38.5188],[-85.3651,38.5075],[-85.3156,38.4959],[-85.3461,38.4595],[-85.3318,38.4431],[-85.3251,38.4041],[-85.2831,38.3581],[-85.3246,38.3101],[-85.3518,38.3031],[-85.3928,38.3079],[-85.4086,38.304],[-85.4095,38.2938],[-85.4266,38.3038],[-85.428,38.2928],[-85.4502,38.2961],[-85.4481,38.304],[-85.4682,38.2853],[-85.5613,38.3371],[-85.5853,38.3394],[-85.5694,38.3418],[-85.6379,38.3803]]]},"properties":{"GEOID":"21185","state_fips":"21","state_abbr":"KY","county_name":"Oldham County","category":"county_restriction","n_total":2,"n_live":1,"n_pending":0,"n_lapsed":1,"n_live_county_restriction":1,"n_live_town_restriction":0,"n_live_conditions":0,"action_ids":["ky-la-grange-2025","ky-oldham-county-fiscal-court-2025"]}},{"type":"Feature","geometry":{"type":"Polygon","coordinates":[[[-87.8407,33.5248],[-87.6667,33.5217],[-87.6666,33.5798],[-87.6316,33.5807],[-87.6317,33.6098],[-87.3711,33.6017],[-87.371,33.5871],[-87.3185,33.5874],[-87.3182,33.5142],[-87.2669,33.5129],[-87.2605,33.5037],[-87.2683,33.4971],[-87.2874,33.5012],[-87.2885,33.4794],[-87.3035,33.4899],[-87.3303,33.492],[-87.3417,33.4705],[-87.3355,33.4704],[-87.3356,33.4563],[-87.3141,33.4557],[-87.3144,33.4417],[-87.2844,33.4406],[-87.2843,33.4257],[-87.2538,33.4178],[-87.2493,33.3956],[-87.232,33.3951],[-87.232,33.3659],[-87.1976,33.3581],[-87.1974,33.3431],[-87.18,33.343],[-87.1796,33.3211],[-87.1622,33.321],[-87.162,33.3066],[-87.1271,33.306],[-87.1268,33.2908],[-87.0875,33.2907],[-87.0875,33.2797],[-87.0658,33.2759],[-87.0657,33.2469],[-87.0766,33.2468],[-87.1041,33.2215],[-87.1215,33.2217],[-87.1219,33.2358],[-87.1433,33.2362],[-87.1992,33.1966],[-87.1993,33.1307],[-87.2819,33.1331],[-87.3116,33.0939],[-87.3185,33.0062],[-87.6254,33.0047],[-87.7157,33.0068],[-87.711,33.0177],[-87.8321,33.0176],[-87.8315,33.0939],[-87.839,33.094],[-87.8407,33.5248]]]},"properties":{"GEOID":"01125","state_fips":"01","state_abbr":"AL","county_name":"Tuscaloosa County","category":"pending_only","n_total":1,"n_live":0,"n_pending":1,"n_lapsed":0,"n_live_county_restriction":0,"n_live_town_restriction":0,"n_live_conditions":0,"action_ids":["dct-brookwood-al-rezoning-2026-08-11"]}},{"type":"Feature","geometry":{"type":"Polygon","coordinates":[[[-96.5712,43.239],[-96.553,43.2473],[-96.555,43.26],[-95.8619,43.2576],[-95.8594,42.9091],[-96.5374,42.9088],[-96.5411,42.9245],[-96.5255,42.9355],[-96.5169,42.9325],[-96.52,42.9398],[-96.5003,42.9594],[-96.5208,42.9804],[-96.4917,43.0097],[-96.511,43.0247],[-96.5091,43.0373],[-96.5184,43.0421],[-96.4608,43.064],[-96.4541,43.0842],[-96.4629,43.0914],[-96.4366,43.1208],[-96.4504,43.1422],[-96.4665,43.1503],[-96.4649,43.182],[-96.4738,43.1898],[-96.4756,43.2211],[-96.5604,43.2242],[-96.5712,43.239]]]},"properties":{"GEOID":"19167","state_fips":"19","state_abbr":"IA","county_name":"Sioux County","category":"county_restriction","n_total":1,"n_live":1,"n_pending":0,"n_lapsed":0,"n_live_county_restriction":1,"n_live_town_restriction":0,"n_live_conditions":0,"action_ids":["ia-sioux-county-2026"]}},{"type":"Feature","geometry":{"type":"Polygon","coordinates":[[[-85.7629,42.0693],[-85.7647,42.4207],[-85.2989,42.4198],[-85.2936,42.0716],[-85.7629,42.0693]]]},"properties":{"GEOID":"26077","state_fips":"26","state_abbr":"MI","county_name":"Kalamazoo County","category":"town_restriction","n_total":3,"n_live":3,"n_pending":0,"n_lapsed":0,"n_live_county_restriction":0,"n_live_town_restriction":3,"n_live_conditions":0,"action_ids":["dct-city-of-portage-mi-2026-02-25","dct-oshtemo-township-mi-2026-01-01","mi-texas-township-2026"]}},{"type":"Feature","geometry":{"type":"Polygon","coordinates":[[[-84.3679,43.1285],[-84.3698,43.4816],[-84.1706,43.482],[-84.1681,43.5689],[-84.05,43.5673],[-84.051,43.5241],[-83.8172,43.5223],[-83.8177,43.4791],[-83.6988,43.479],[-83.6956,43.2214],[-83.9321,43.2204],[-83.9291,43.1328],[-84.3679,43.1285]]]},"properties":{"GEOID":"26145","state_fips":"26","state_abbr":"MI","county_name":"Saginaw County","category":"town_restriction","n_total":2,"n_live":2,"n_pending":0,"n_lapsed":0,"n_live_county_restriction":0,"n_live_town_restriction":2,"n_live_conditions":0,"action_ids":["mi-chesaning-township-2026","mi-saginaw-2026"]}},{"type":"Feature","geometry":{"type":"Polygon","coordinates":[[[-105.3304,39.1295],[-105.0335,39.1298],[-105.0286,38.8687],[-105.0664,38.8692],[-105.0722,38.7994],[-104.9399,38.7965],[-104.9422,38.6501],[-105.2399,38.6475],[-105.237,38.6973],[-105.329,38.6976],[-105.3304,39.1295]]]},"properties":{"GEOID":"08119","state_fips":"08","state_abbr":"CO","county_name":"Teller County","category":"town_restriction","n_total":1,"n_live":1,"n_pending":0,"n_lapsed":0,"n_live_county_restriction":0,"n_live_town_restriction":1,"n_live_conditions":0,"action_ids":["co-woodland-park-2026"]}},{"type":"Feature","geometry":{"type":"Polygon","coordinates":[[[-86.0626,41.7605],[-85.6598,41.7591],[-85.6535,41.4369],[-86.0592,41.4358],[-86.0626,41.7605]]]},"properties":{"GEOID":"18039","state_fips":"18","state_abbr":"IN","county_name":"Elkhart County","category":"county_restriction","n_total":1,"n_live":1,"n_pending":0,"n_lapsed":0,"n_live_county_restriction":1,"n_live_town_restriction":0,"n_live_conditions":0,"action_ids":["dct-elkhart-county-bristol-in-2024-09-01"]}},{"type":"Feature","geometry":{"type":"Polygon","coordinates":[[[-97.9221,38.1737],[-97.9248,38.6099],[-97.3719,38.6094],[-97.3718,38.1737],[-97.9221,38.1737]]]},"properties":{"GEOID":"20113","state_fips":"20","state_abbr":"KS","county_name":"McPherson County","category":"county_restriction","n_total":1,"n_live":1,"n_pending":0,"n_lapsed":0,"n_live_county_restriction":1,"n_live_town_restriction":0,"n_live_conditions":0,"action_ids":["ks-mcpherson-county-2025"]}},{"type":"Feature","geometry":{"type":"Polygon","coordinates":[[[-89.0089,43.1977],[-89.0068,43.633],[-88.401,43.6309],[-88.4015,43.3701],[-88.4184,43.3702],[-88.418,43.1947],[-89.0089,43.1977]]]},"properties":{"GEOID":"55027","state_fips":"55","state_abbr":"WI","county_name":"Dodge County","category":"county_restriction","n_total":1,"n_live":1,"n_pending":0,"n_lapsed":0,"n_live_county_restriction":1,"n_live_town_restriction":0,"n_live_conditions":0,"action_ids":["dct-dodge-county-wi-moratorium-2026-06-22"]}},{"type":"Feature","geometry":{"type":"Polygon","coordinates":[[[-95.3881,43.2552],[-95.3878,43.5002],[-94.9146,43.5009],[-94.9137,43.2551],[-95.3881,43.2552]]]},"properties":{"GEOID":"19059","state_fips":"19","state_abbr":"IA","county_name":"Dickinson County","category":"county_restriction","n_total":1,"n_live":1,"n_pending":0,"n_lapsed":0,"n_live_county_restriction":1,"n_live_town_restriction":0,"n_live_conditions":0,"action_ids":["ia-dickinson-county-2026"]}},{"type":"Feature","geometry":{"type":"Polygon","coordinates":[[[-85.9471,38.0051],[-85.9213,38.0303],[-85.9053,38.0889],[-85.9039,38.1741],[-85.8444,38.231],[-85.8292,38.2765],[-85.781,38.2885],[-85.7451,38.2672],[-85.6836,38.2955],[-85.6514,38.3307],[-85.6379,38.3802],[-85.5694,38.3418],[-85.5853,38.3394],[-85.5747,38.334],[-85.5613,38.3371],[-85.4682,38.2853],[-85.4049,38.2637],[-85.4288,38.1184],[-85.5573,38.0738],[-85.7126,38.0873],[-85.8828,38.0405],[-85.9044,38.0288],[-85.9139,38.0108],[-85.932,37.9986],[-85.9471,38.0051]]]},"properties":{"GEOID":"21111","state_fips":"21","state_abbr":"KY","county_name":"Jefferson County","category":"pending_only","n_total":1,"n_live":0,"n_pending":1,"n_lapsed":0,"n_live_county_restriction":0,"n_live_town_restriction":0,"n_live_conditions":0,"action_ids":["dct-louisville-ky-chappell-moratorium-reintro-2026-05-11"]}},{"type":"Feature","geometry":{"type":"Polygon","coordinates":[[[-85.0397,37.5452],[-85.025,37.6789],[-84.8079,37.7046],[-84.7936,37.7172],[-84.7399,37.7135],[-84.7333,37.7094],[-84.7431,37.6974],[-84.7,37.6974],[-84.6996,37.6816],[-84.6832,37.6869],[-84.6801,37.675],[-84.7053,37.6608],[-84.6934,37.6646],[-84.6789,37.6551],[-84.694,37.6411],[-84.679,37.6368],[-84.6725,37.6406],[-84.68,37.6453],[-84.666,37.6529],[-84.6518,37.6497],[-84.6543,37.6408],[-84.6661,37.6398],[-84.6521,37.6255],[-84.6584,37.6178],[-84.6637,37.6252],[-84.6731,37.6159],[-84.6766,37.624],[-84.6898,37.6257],[-84.6964,37.6173],[-84.6883,37.6125],[-84.7237,37.5913],[-84.747,37.5856],[-84.7442,37.5974],[-84.7554,37.5961],[-84.7568,37.5884],[-84.7473,37.5855],[-84.8981,37.5321],[-85.0022,37.5336],[-85.0024,37.5485],[-85.0131,37.5513],[-85.0397,37.5452]]]},"properties":{"GEOID":"21021","state_fips":"21","state_abbr":"KY","county_name":"Boyle County","category":"county_restriction","n_total":1,"n_live":1,"n_pending":0,"n_lapsed":0,"n_live_county_restriction":1,"n_live_town_restriction":0,"n_live_conditions":0,"action_ids":["ky-boyle-county-2026"]}},{"type":"Feature","geometry":{"type":"Polygon","coordinates":[[[-89.2237,44.6814],[-89.2238,45.0292],[-88.9817,45.0289],[-88.9813,44.9427],[-88.7355,44.9432],[-88.7362,44.8564],[-88.2482,44.8527],[-88.2524,44.7668],[-88.2427,44.6796],[-88.2526,44.6798],[-88.2524,44.6602],[-88.2428,44.6608],[-88.2452,44.5847],[-88.6061,44.5905],[-88.6052,44.6783],[-89.2237,44.6814]]]},"properties":{"GEOID":"55115","state_fips":"55","state_abbr":"WI","county_name":"Shawano County","category":"county_restriction","n_total":2,"n_live":1,"n_pending":1,"n_lapsed":0,"n_live_county_restriction":1,"n_live_town_restriction":0,"n_live_conditions":0,"action_ids":["wi-shawano-county-2026","dct-shawano-county-wi-moratorium-2026-06-03"]}},{"type":"Feature","geometry":{"type":"Polygon","coordinates":[[[-98.3063,35.3772],[-98.3132,35.7247],[-97.674,35.726],[-97.6714,35.3359],[-97.7373,35.3238],[-97.7693,35.3456],[-97.7904,35.3329],[-97.8072,35.3408],[-97.8121,35.3338],[-97.8413,35.3345],[-97.8568,35.345],[-97.8628,35.3618],[-97.9012,35.3443],[-97.9031,35.3556],[-97.9208,35.3535],[-97.9323,35.3734],[-97.9431,35.3773],[-97.9468,35.3564],[-97.9601,35.3459],[-97.9739,35.3571],[-98.0108,35.3608],[-98.0193,35.3784],[-98.3063,35.3772]]]},"properties":{"GEOID":"40017","state_fips":"40","state_abbr":"OK","county_name":"Canadian County","category":"town_restriction","n_total":1,"n_live":1,"n_pending":0,"n_lapsed":0,"n_live_county_restriction":0,"n_live_town_restriction":1,"n_live_conditions":0,"action_ids":["dct-yukon-ok-2026-01-15"]}},{"type":"Feature","geometry":{"type":"Polygon","coordinates":[[[-88.3059,42.6108],[-88.3064,42.8421],[-87.8271,42.8422],[-87.794,42.8062],[-87.7579,42.7821],[-87.7782,42.7628],[-87.778,42.7189],[-87.8059,42.6679],[-88.1883,42.6697],[-88.1882,42.6115],[-88.3059,42.6108]]]},"properties":{"GEOID":"55101","state_fips":"55","state_abbr":"WI","county_name":"Racine County","category":"town_restriction","n_total":2,"n_live":2,"n_pending":0,"n_lapsed":0,"n_live_county_restriction":0,"n_live_town_restriction":2,"n_live_conditions":0,"action_ids":["dct-mount-pleasant-microsoft-1000-acre-expansion-wi-2023-11-27","dct-mount-pleasant-microsoft-15-building-approval-wi-2026-01-26"]}},{"type":"Feature","geometry":{"type":"Polygon","coordinates":[[[-89.8376,42.5055],[-89.8382,42.8574],[-89.3691,42.8565],[-89.3658,42.5003],[-89.8376,42.5055]]]},"properties":{"GEOID":"55045","state_fips":"55","state_abbr":"WI","county_name":"Green County","category":"county_restriction","n_total":1,"n_live":1,"n_pending":0,"n_lapsed":0,"n_live_county_restriction":1,"n_live_town_restriction":0,"n_live_conditions":0,"action_ids":["wi-green-county-2026"]}},{"type":"Feature","geometry":{"type":"Polygon","coordinates":[[[-83.8165,33.1307],[-83.4291,33.1854],[-83.415,33.1128],[-83.3577,32.9261],[-83.5234,32.8413],[-83.5651,32.8772],[-83.5793,32.8658],[-83.5982,32.8878],[-83.6586,32.8878],[-83.6633,32.8987],[-83.696,32.9169],[-83.7006,32.944],[-83.7107,32.9528],[-83.7061,32.9644],[-83.7229,32.9773],[-83.719,33.0011],[-83.7296,33.0136],[-83.7212,33.0234],[-83.7254,33.0327],[-83.747,33.0634],[-83.7745,33.0797],[-83.8165,33.1307]]]},"properties":{"GEOID":"13169","state_fips":"13","state_abbr":"GA","county_name":"Jones County","category":"lapsed_only","n_total":1,"n_live":0,"n_pending":0,"n_lapsed":1,"n_live_county_restriction":0,"n_live_town_restriction":0,"n_live_conditions":0,"action_ids":["ga-jones-county-2025"]}},{"type":"Feature","geometry":{"type":"Polygon","coordinates":[[[-113.3339,32.5052],[-111.1576,32.5016],[-111.1575,32.5113],[-110.4515,32.514],[-110.4523,31.7312],[-111.1642,31.7259],[-111.1637,31.5217],[-111.3669,31.5214],[-111.3664,31.4261],[-113.3338,32.0388],[-113.3339,32.5052]]]},"properties":{"GEOID":"04019","state_fips":"04","state_abbr":"AZ","county_name":"Pima County","category":"county_restriction","n_total":2,"n_live":1,"n_pending":1,"n_lapsed":0,"n_live_county_restriction":1,"n_live_town_restriction":0,"n_live_conditions":0,"action_ids":["dct-pima-county-zoning-amendment-az-2026","dct-tucson-az-zoning-2026-02"]}},{"type":"Feature","geometry":{"type":"Polygon","coordinates":[[[-73.9999,41.4597],[-73.9965,41.5226],[-73.9541,41.5833],[-73.9425,41.6841],[-73.9408,41.7543],[-73.9524,41.788],[-73.9489,41.8486],[-73.9396,41.87],[-73.9644,41.9131],[-73.9334,42.0157],[-73.9296,42.0788],[-73.9078,42.0796],[-73.7109,42.0055],[-73.5271,41.978],[-73.5214,42.05],[-73.4873,42.0496],[-73.5301,41.5272],[-73.9338,41.4883],[-73.9815,41.4389],[-73.9999,41.4597]]]},"properties":{"GEOID":"36027","state_fips":"36","state_abbr":"NY","county_name":"Dutchess County","category":"town_restriction","n_total":1,"n_live":1,"n_pending":0,"n_lapsed":0,"n_live_county_restriction":0,"n_live_town_restriction":1,"n_live_conditions":0,"action_ids":["ny-town-of-east-fishkill-2026"]}},{"type":"Feature","geometry":{"type":"Polygon","coordinates":[[[-98.8261,34.5074],[-98.826,34.8551],[-98.0896,34.8549],[-98.0891,34.6812],[-98.1418,34.6812],[-98.1421,34.507],[-98.2441,34.5071],[-98.244,34.4637],[-98.2959,34.4635],[-98.2959,34.449],[-98.505,34.4494],[-98.505,34.4205],[-98.6096,34.4206],[-98.6095,34.4061],[-98.662,34.4059],[-98.662,34.5075],[-98.8261,34.5074]]]},"properties":{"GEOID":"40031","state_fips":"40","state_abbr":"OK","county_name":"Comanche County","category":"town_restriction","n_total":1,"n_live":1,"n_pending":0,"n_lapsed":0,"n_live_county_restriction":0,"n_live_town_restriction":1,"n_live_conditions":0,"action_ids":["dct-lawton-ok-zoning-ordinance-2026-02-24"]}},{"type":"Feature","geometry":{"type":"Polygon","coordinates":[[[-85.1114,34.4634],[-85.0901,34.4635],[-85.09,34.5419],[-85.0635,34.5425],[-85.0692,34.5872],[-85.0605,34.5872],[-85.0604,34.6225],[-85.0504,34.6225],[-85.0504,34.616],[-84.9264,34.6157],[-84.9279,34.6254],[-84.9083,34.6341],[-84.9082,34.6158],[-84.7797,34.6083],[-84.7666,34.6155],[-84.7484,34.6091],[-84.7446,34.6238],[-84.7157,34.6229],[-84.7144,34.6051],[-84.7313,34.6127],[-84.7312,34.5986],[-84.7055,34.5985],[-84.7053,34.5908],[-84.682,34.5898],[-84.682,34.5833],[-84.6545,34.5832],[-84.6533,34.4632],[-84.6445,34.463],[-84.6444,34.4558],[-84.6537,34.4558],[-84.6532,34.4126],[-84.7339,34.413],[-84.7341,34.3965],[-84.9472,34.3989],[-84.9539,34.3842],[-84.9888,34.3846],[-84.9909,34.3925],[-85.0239,34.3918],[-85.0317,34.4014],[-85.1044,34.4043],[-85.1061,34.4169],[-85.0887,34.425],[-85.1114,34.4634]]]},"properties":{"GEOID":"13129","state_fips":"13","state_abbr":"GA","county_name":"Gordon County","category":"county_restriction","n_total":2,"n_live":2,"n_pending":0,"n_lapsed":0,"n_live_county_restriction":1,"n_live_town_restriction":1,"n_live_conditions":0,"action_ids":["ga-calhoun-gordon-county-undated","ga-gordon-county-undated"]}},{"type":"Feature","geometry":{"type":"Polygon","coordinates":[[[-84.1243,32.8496],[-84.1233,32.9322],[-84.0542,32.9315],[-84.0536,32.948],[-84.0441,32.9479],[-84.0415,33.2026],[-83.877,33.2024],[-83.84,33.1951],[-83.8223,33.1802],[-83.8164,33.1246],[-83.799,33.1166],[-83.7745,33.0797],[-83.747,33.0634],[-83.7254,33.0327],[-83.7212,33.0234],[-83.7296,33.0136],[-83.719,33.0011],[-83.7229,32.9773],[-83.7061,32.9644],[-83.7107,32.9528],[-83.7341,32.9524],[-83.7259,32.9449],[-83.8919,32.8484],[-83.9684,32.8489],[-83.9683,32.8571],[-83.9781,32.8571],[-83.9784,32.8489],[-84.1243,32.8496]]]},"properties":{"GEOID":"13207","state_fips":"13","state_abbr":"GA","county_name":"Monroe County","category":"lapsed_only","n_total":1,"n_live":0,"n_pending":0,"n_lapsed":1,"n_live_county_restriction":0,"n_live_town_restriction":0,"n_live_conditions":0,"action_ids":["ga-monroe-county-2025"]}},{"type":"Feature","geometry":{"type":"Polygon","coordinates":[[[-94.5522,36.1021],[-94.3911,36.0994],[-94.3898,36.1427],[-94.3362,36.142],[-94.3336,36.2147],[-94.0175,36.2081],[-94.0143,36.216],[-94.0248,36.2153],[-94.0259,36.2219],[-94.002,36.2305],[-93.997,36.2249],[-94.0084,36.2225],[-94.0088,36.2153],[-93.9828,36.2118],[-93.9767,36.2038],[-93.9728,36.2282],[-93.9576,36.222],[-93.9555,36.2327],[-93.9443,36.2361],[-93.8879,36.2351],[-93.9441,36.0911],[-93.9519,35.8331],[-93.9606,35.8333],[-93.9631,35.761],[-94.1243,35.7648],[-94.1249,35.7503],[-94.4929,35.7592],[-94.5522,36.1021]]]},"properties":{"GEOID":"05143","state_fips":"05","state_abbr":"AR","county_name":"Washington County","category":"town_restriction","n_total":1,"n_live":1,"n_pending":0,"n_lapsed":0,"n_live_county_restriction":0,"n_live_town_restriction":1,"n_live_conditions":0,"action_ids":["dct-fayetteville-ar-conditional-use-2026-06-04"]}},{"type":"Feature","geometry":{"type":"Polygon","coordinates":[[[-87.3139,30.8487],[-87.2984,30.8812],[-87.2845,30.888],[-87.2869,30.9254],[-87.2676,30.9347],[-87.256,30.9312],[-87.2412,30.9492],[-87.2418,30.9614],[-87.2314,30.9683],[-87.2276,30.9611],[-87.2132,30.962],[-87.175,30.9886],[-87.176,30.9966],[-86.7857,30.997],[-86.7995,30.3872],[-86.9189,30.3709],[-86.9189,30.3865],[-86.9727,30.3811],[-87.1531,30.3484],[-87.179,30.3359],[-87.2314,30.3433],[-87.2333,30.3703],[-87.1519,30.4126],[-87.1215,30.4974],[-87.1573,30.538],[-87.2097,30.5553],[-87.2348,30.5958],[-87.2595,30.612],[-87.2608,30.6203],[-87.2521,30.6236],[-87.2645,30.6487],[-87.2658,30.689],[-87.2734,30.6935],[-87.2694,30.7117],[-87.3027,30.7194],[-87.3124,30.7348],[-87.2996,30.7661],[-87.3106,30.7717],[-87.3052,30.7772],[-87.3127,30.7855],[-87.3023,30.7894],[-87.3055,30.7986],[-87.2928,30.8113],[-87.3014,30.8407],[-87.3139,30.8487]]]},"properties":{"GEOID":"12113","state_fips":"12","state_abbr":"FL","county_name":"Santa Rosa County","category":"county_restriction","n_total":1,"n_live":1,"n_pending":0,"n_lapsed":0,"n_live_county_restriction":1,"n_live_town_restriction":0,"n_live_conditions":0,"action_ids":["fl-santa-rosa-county-2026"]}},{"type":"Feature","geometry":{"type":"Polygon","coordinates":[[[-84.6562,34.731],[-84.6396,34.7536],[-84.6353,34.7709],[-84.6414,34.7777],[-84.6097,34.7909],[-84.5829,34.8217],[-84.5929,34.8402],[-84.6053,34.8403],[-84.6186,34.8554],[-84.4226,34.8575],[-84.3909,34.8343],[-84.3832,34.8393],[-84.3821,34.8334],[-84.3315,34.8179],[-84.3281,34.8064],[-84.3147,34.8073],[-84.2573,34.7254],[-84.2609,34.7181],[-84.2522,34.7182],[-84.2523,34.6646],[-84.2426,34.6709],[-84.2265,34.6539],[-84.1974,34.6427],[-84.1935,34.6252],[-84.2239,34.597],[-84.2547,34.5975],[-84.2551,34.5683],[-84.2927,34.5691],[-84.3073,34.5814],[-84.329,34.5834],[-84.3456,34.5627],[-84.3715,34.5629],[-84.3714,34.5485],[-84.4246,34.5493],[-84.4287,34.5575],[-84.4324,34.5494],[-84.4679,34.55],[-84.468,34.5635],[-84.4858,34.5633],[-84.4767,34.5501],[-84.5028,34.5505],[-84.5026,34.5637],[-84.5115,34.5636],[-84.5214,34.5505],[-84.6544,34.5489],[-84.6562,34.731]]]},"properties":{"GEOID":"13123","state_fips":"13","state_abbr":"GA","county_name":"Gilmer County","category":"county_restriction","n_total":1,"n_live":1,"n_pending":0,"n_lapsed":0,"n_live_county_restriction":1,"n_live_town_restriction":0,"n_live_conditions":0,"action_ids":["dct-gilmer-county-ga-2024-11-01"]}},{"type":"Feature","geometry":{"type":"Polygon","coordinates":[[[-77.6012,37.5452],[-77.5848,37.5585],[-77.5298,37.5592],[-77.5259,37.5682],[-77.5475,37.5725],[-77.5439,37.5813],[-77.532,37.5826],[-77.5326,37.5918],[-77.4824,37.5731],[-77.4725,37.5787],[-77.4781,37.5989],[-77.4476,37.6028],[-77.4376,37.5986],[-77.4393,37.5855],[-77.4133,37.58],[-77.4117,37.5523],[-77.3951,37.5494],[-77.3932,37.5373],[-77.3855,37.5352],[-77.3939,37.5261],[-77.3874,37.5171],[-77.3943,37.5149],[-77.3939,37.505],[-77.4165,37.5171],[-77.4228,37.4961],[-77.4189,37.4466],[-77.4594,37.4643],[-77.4913,37.4564],[-77.5141,37.4759],[-77.5286,37.5319],[-77.545,37.5281],[-77.5545,37.543],[-77.5924,37.5329],[-77.6012,37.5452]]]},"properties":{"GEOID":"51760","state_fips":"51","state_abbr":"VA","county_name":"Richmond city","category":"pending_only","n_total":1,"n_live":0,"n_pending":1,"n_lapsed":0,"n_live_county_restriction":0,"n_live_town_restriction":0,"n_live_conditions":0,"action_ids":["dct-henrico-county-va-2026-05-18"]}},{"type":"Feature","geometry":{"type":"Polygon","coordinates":[[[-89.6807,37.8227],[-89.6644,37.8293],[-89.6563,37.8587],[-89.5951,37.9553],[-89.1508,37.9502],[-89.1536,37.6002],[-89.4532,37.6001],[-89.448,37.5983],[-89.4538,37.5781],[-89.4705,37.5622],[-89.5021,37.5706],[-89.5024,37.578],[-89.5215,37.5722],[-89.5165,37.5845],[-89.4861,37.5809],[-89.476,37.5902],[-89.5177,37.6412],[-89.5143,37.6899],[-89.5833,37.7133],[-89.6173,37.7497],[-89.6634,37.7501],[-89.668,37.7595],[-89.6604,37.7863],[-89.6807,37.8227]]]},"properties":{"GEOID":"17077","state_fips":"17","state_abbr":"IL","county_name":"Jackson County","category":"town_restriction","n_total":1,"n_live":1,"n_pending":0,"n_lapsed":0,"n_live_county_restriction":0,"n_live_town_restriction":1,"n_live_conditions":0,"action_ids":["il-city-of-carbondale-2026"]}},{"type":"Feature","geometry":{"type":"Polygon","coordinates":[[[-78.5234,38.0234],[-78.4978,38.0333],[-78.5046,38.0428],[-78.5081,38.0358],[-78.517,38.0409],[-78.495,38.0653],[-78.4669,38.0678],[-78.4723,38.0488],[-78.4661,38.0457],[-78.4477,38.0566],[-78.461,38.0285],[-78.4522,38.0277],[-78.4547,38.0216],[-78.4695,38.0117],[-78.4914,38.0175],[-78.5192,38.0107],[-78.5234,38.0234]]]},"properties":{"GEOID":"51540","state_fips":"51","state_abbr":"VA","county_name":"Charlottesville city","category":"pending_only","n_total":1,"n_live":0,"n_pending":1,"n_lapsed":0,"n_live_county_restriction":0,"n_live_town_restriction":0,"n_live_conditions":0,"action_ids":["dct-albemarle-county-va-2025-10-01"]}},{"type":"Feature","geometry":{"type":"Polygon","coordinates":[[[-89.9945,39.9019],[-89.7692,39.9023],[-89.7691,39.9169],[-89.7019,39.9168],[-89.6983,39.9753],[-89.4838,39.9767],[-89.4835,39.9332],[-89.405,39.9327],[-89.405,39.9182],[-89.2178,39.917],[-89.2175,39.8132],[-89.2342,39.8131],[-89.2362,39.8218],[-89.2485,39.8257],[-89.2598,39.8068],[-89.297,39.7895],[-89.3031,39.7758],[-89.3279,39.7697],[-89.3292,39.7636],[-89.3541,39.7721],[-89.3629,39.7556],[-89.3739,39.7586],[-89.3971,39.7422],[-89.4102,39.744],[-89.4252,39.762],[-89.4251,39.6837],[-89.4789,39.684],[-89.4785,39.6408],[-89.535,39.6411],[-89.5335,39.5246],[-89.926,39.5221],[-89.924,39.5584],[-89.9847,39.7181],[-89.9856,39.7854],[-89.9935,39.7854],[-89.9945,39.9019]]]},"properties":{"GEOID":"17167","state_fips":"17","state_abbr":"IL","county_name":"Sangamon County","category":"county_restriction","n_total":1,"n_live":1,"n_pending":0,"n_lapsed":0,"n_live_county_restriction":1,"n_live_town_restriction":0,"n_live_conditions":0,"action_ids":["dct-sangamon-county-il-2026-02-01"]}},{"type":"Feature","geometry":{"type":"Polygon","coordinates":[[[-87.473,38.0351],[-87.4667,38.2013],[-87.317,38.2018],[-87.3169,38.2461],[-87.2982,38.2459],[-87.2984,38.2317],[-87.0731,38.2326],[-87.0731,38.2038],[-87.0175,38.2036],[-87.0175,38.1183],[-87.0723,38.1183],[-87.0752,38.0964],[-87.0979,38.0593],[-87.0885,38.0497],[-87.1243,38.0439],[-87.1334,38.0552],[-87.1531,38.0543],[-87.1546,38.0315],[-87.1664,38.0295],[-87.1536,38.0195],[-87.1832,38.0102],[-87.1759,38.0027],[-87.2257,37.9717],[-87.2319,37.9481],[-87.2409,37.9523],[-87.2679,37.9252],[-87.269,37.878],[-87.3449,37.9112],[-87.3854,37.9377],[-87.4133,37.9447],[-87.4512,37.9411],[-87.4499,38.0352],[-87.473,38.0351]]]},"properties":{"GEOID":"18173","state_fips":"18","state_abbr":"IN","county_name":"Warrick County","category":"pending_only","n_total":1,"n_live":0,"n_pending":1,"n_lapsed":0,"n_live_county_restriction":0,"n_live_town_restriction":0,"n_live_conditions":0,"action_ids":["in-warrick-county-undated"]}},{"type":"Feature","geometry":{"type":"Polygon","coordinates":[[[-86.0326,38.3308],[-86.0328,38.4179],[-85.9946,38.4183],[-85.9946,38.4109],[-85.9669,38.4109],[-85.9667,38.4036],[-85.8077,38.4043],[-85.7611,38.3504],[-85.7899,38.3399],[-85.7834,38.3318],[-85.7972,38.3325],[-85.7834,38.3216],[-85.7933,38.3153],[-85.7879,38.3082],[-85.796,38.3066],[-85.7911,38.2878],[-85.8292,38.2765],[-85.8444,38.231],[-85.8995,38.1804],[-85.9006,38.1857],[-85.958,38.186],[-85.9552,38.2578],[-85.9738,38.2581],[-85.9737,38.2728],[-85.9924,38.2728],[-85.9954,38.3018],[-86.0142,38.3018],[-86.0143,38.3307],[-86.0326,38.3308]]]},"properties":{"GEOID":"18043","state_fips":"18","state_abbr":"IN","county_name":"Floyd County","category":"town_restriction","n_total":2,"n_live":2,"n_pending":0,"n_lapsed":0,"n_live_county_restriction":0,"n_live_town_restriction":2,"n_live_conditions":0,"action_ids":["dct-new-albany-in-moratorium-2026-07-08","in-new-albany-floyd-county-2026"]}},{"type":"Feature","geometry":{"type":"Polygon","coordinates":[[[-86.3643,42.2431],[-86.3087,42.3341],[-86.2738,42.4193],[-85.7647,42.4207],[-85.7629,42.0693],[-86.2229,42.0715],[-86.2236,42.2434],[-86.3643,42.2431]]]},"properties":{"GEOID":"26159","state_fips":"26","state_abbr":"MI","county_name":"Van Buren County","category":"town_restriction","n_total":2,"n_live":2,"n_pending":0,"n_lapsed":0,"n_live_county_restriction":0,"n_live_town_restriction":2,"n_live_conditions":0,"action_ids":["mi-pine-grove-township-2026","mi-porter-township-2026"]}},{"type":"Feature","geometry":{"type":"Polygon","coordinates":[[[-87.0145,39.4736],[-87.0095,39.8667],[-86.6868,39.8648],[-86.6874,39.6304],[-86.6417,39.63],[-86.6596,39.5792],[-86.6483,39.5659],[-86.6514,39.55],[-86.6876,39.5219],[-86.6857,39.4701],[-87.0145,39.4736]]]},"properties":{"GEOID":"18133","state_fips":"18","state_abbr":"IN","county_name":"Putnam County","category":"county_restriction","n_total":1,"n_live":1,"n_pending":0,"n_lapsed":0,"n_live_county_restriction":1,"n_live_town_restriction":0,"n_live_conditions":0,"action_ids":["in-putnam-county-2025"]}},{"type":"Feature","geometry":{"type":"Polygon","coordinates":[[[-94.4708,40.8995],[-94.4706,41.1576],[-94.0142,41.1568],[-94.0148,40.897],[-94.4708,40.8995]]]},"properties":{"GEOID":"19175","state_fips":"19","state_abbr":"IA","county_name":"Union County","category":"county_restriction","n_total":1,"n_live":1,"n_pending":0,"n_lapsed":0,"n_live_county_restriction":1,"n_live_town_restriction":0,"n_live_conditions":0,"action_ids":["ia-union-county-2026"]}},{"type":"Feature","geometry":{"type":"Polygon","coordinates":[[[-91.8292,41.5115],[-91.8314,41.8619],[-91.3661,41.8601],[-91.3685,41.4232],[-91.484,41.4238],[-91.5028,41.4494],[-91.4988,41.4592],[-91.5159,41.4679],[-91.5134,41.476],[-91.5021,41.4774],[-91.5014,41.4877],[-91.5107,41.4947],[-91.5081,41.5028],[-91.5186,41.4973],[-91.5281,41.5086],[-91.5198,41.511],[-91.8292,41.5115]]]},"properties":{"GEOID":"19103","state_fips":"19","state_abbr":"IA","county_name":"Johnson County","category":"county_restriction","n_total":1,"n_live":1,"n_pending":0,"n_lapsed":0,"n_live_county_restriction":1,"n_live_town_restriction":0,"n_live_conditions":0,"action_ids":["ia-johnson-county-2025"]}},{"type":"Feature","geometry":{"type":"Polygon","coordinates":[[[-87.2226,41.6242],[-87.1587,41.6314],[-87.1581,41.6416],[-87.1474,41.6359],[-87.147,41.6462],[-87.0991,41.6518],[-86.9327,41.7095],[-86.9296,41.2488],[-86.9377,41.2302],[-86.977,41.2215],[-87.0597,41.2695],[-87.1221,41.2864],[-87.1925,41.2652],[-87.2189,41.242],[-87.2226,41.6242]]]},"properties":{"GEOID":"18127","state_fips":"18","state_abbr":"IN","county_name":"Porter County","category":"pending_only","n_total":1,"n_live":0,"n_pending":1,"n_lapsed":0,"n_live_county_restriction":0,"n_live_town_restriction":0,"n_live_conditions":0,"action_ids":["in-valparaiso-porter-county-undated"]}},{"type":"Feature","geometry":{"type":"Polygon","coordinates":[[[-95.0564,38.9808],[-95.0305,38.977],[-95.0246,38.9958],[-95.0141,39.0009],[-94.9565,38.982],[-94.9233,39.0026],[-94.9162,38.9969],[-94.9175,38.9843],[-94.8884,39.0161],[-94.8836,39.0507],[-94.8677,39.0602],[-94.8425,39.0609],[-94.8033,39.0435],[-94.6075,39.0441],[-94.6095,38.7381],[-95.0564,38.7386],[-95.0564,38.9808]]]},"properties":{"GEOID":"20091","state_fips":"20","state_abbr":"KS","county_name":"Johnson County","category":"town_restriction","n_total":1,"n_live":1,"n_pending":0,"n_lapsed":0,"n_live_county_restriction":0,"n_live_town_restriction":1,"n_live_conditions":0,"action_ids":["dct-spring-hill-ks-2026-02-26"]}},{"type":"Feature","geometry":{"type":"Polygon","coordinates":[[[-95.7889,39.653],[-95.7881,40.0005],[-95.3399,40.0],[-95.3397,39.653],[-95.7889,39.653]]]},"properties":{"GEOID":"20013","state_fips":"20","state_abbr":"KS","county_name":"Brown County","category":"county_restriction","n_total":1,"n_live":1,"n_pending":0,"n_lapsed":0,"n_live_county_restriction":1,"n_live_town_restriction":0,"n_live_conditions":0,"action_ids":["ks-brown-county-2026"]}},{"type":"Feature","geometry":{"type":"Polygon","coordinates":[[[-85.9974,35.712],[-85.9896,35.7114],[-85.9878,35.7349],[-85.9431,35.7811],[-85.9347,35.7815],[-85.9421,35.7868],[-85.9139,35.8225],[-85.8856,35.8305],[-85.8759,35.8458],[-85.8429,35.8404],[-85.8421,35.8469],[-85.7919,35.8522],[-85.7875,35.843],[-85.7473,35.8494],[-85.6417,35.8167],[-85.6222,35.8018],[-85.6085,35.8042],[-85.6001,35.7908],[-85.6119,35.7844],[-85.6019,35.7855],[-85.6079,35.7714],[-85.6021,35.7689],[-85.6013,35.7655],[-85.615,35.7602],[-85.5918,35.7543],[-85.6051,35.7085],[-85.5946,35.6179],[-85.5575,35.533],[-85.7536,35.5242],[-85.8174,35.5135],[-85.8203,35.5046],[-85.8329,35.5153],[-85.8664,35.521],[-85.874,35.529],[-85.877,35.5241],[-85.8825,35.539],[-85.9046,35.5413],[-85.9041,35.5514],[-85.9482,35.5734],[-85.9455,35.5848],[-85.956,35.5862],[-85.9469,35.5964],[-85.9502,35.6099],[-85.9694,35.6257],[-85.9781,35.6508],[-85.9904,35.6506],[-85.984,35.6552],[-85.9928,35.6941],[-85.9868,35.704],[-85.9974,35.712]]]},"properties":{"GEOID":"47177","state_fips":"47","state_abbr":"TN","county_name":"Warren County","category":"county_restriction","n_total":3,"n_live":3,"n_pending":0,"n_lapsed":0,"n_live_county_restriction":1,"n_live_town_restriction":2,"n_live_conditions":0,"action_ids":["dct-mcminnville-tn-moratorium-2026-06-03","tn-mcminnville-2026","tn-warren-county-2026"]}},{"type":"Feature","geometry":{"type":"Polygon","coordinates":[[[-91.4186,38.7098],[-91.4158,38.8453],[-91.2649,38.8438],[-91.2643,38.9928],[-91.1884,38.9918],[-91.1893,38.9322],[-91.1102,38.9319],[-91.1113,38.8727],[-90.9585,38.8709],[-90.9645,38.5475],[-91.0141,38.566],[-91.0372,38.5986],[-91.0559,38.6083],[-91.1251,38.5977],[-91.225,38.6208],[-91.233,38.6513],[-91.3131,38.7067],[-91.353,38.6956],[-91.4186,38.7098]]]},"properties":{"GEOID":"29219","state_fips":"29","state_abbr":"MO","county_name":"Warren County","category":"town_restriction","n_total":1,"n_live":1,"n_pending":0,"n_lapsed":0,"n_live_county_restriction":0,"n_live_town_restriction":1,"n_live_conditions":0,"action_ids":["dct-warrenton-mo-2026"]}},{"type":"Feature","geometry":{"type":"Polygon","coordinates":[[[-103.0997,47.6745],[-102.6427,47.674],[-102.6423,47.8237],[-102.6232,47.8055],[-102.562,47.7801],[-102.5041,47.7811],[-102.4711,47.7641],[-102.4154,47.752],[-102.3755,47.7635],[-102.3583,47.7906],[-102.3426,47.8007],[-102.261,47.7814],[-102.2627,47.7606],[-102.2913,47.7538],[-102.2821,47.7356],[-102.2616,47.7243],[-102.2654,47.6235],[-102.2053,47.5745],[-102.2056,47.3281],[-102.1445,47.3281],[-102.1448,47.0103],[-102.5255,47.0102],[-102.5254,46.9813],[-103.0327,46.9806],[-103.0324,47.3287],[-103.0992,47.3287],[-103.0997,47.6745]]]},"properties":{"GEOID":"38025","state_fips":"38","state_abbr":"ND","county_name":"Dunn County","category":"county_restriction","n_total":1,"n_live":1,"n_pending":0,"n_lapsed":0,"n_live_county_restriction":1,"n_live_town_restriction":0,"n_live_conditions":0,"action_ids":["nd-dunn-county-2026"]}},{"type":"Feature","geometry":{"type":"Polygon","coordinates":[[[-84.0537,39.8507],[-84.0361,40.0402],[-83.5126,40.01],[-83.5899,39.7688],[-83.7409,39.7815],[-83.7395,39.789],[-83.8294,39.7978],[-83.8274,39.8226],[-83.9413,39.8288],[-83.94,39.8438],[-84.0537,39.8507]]]},"properties":{"GEOID":"39023","state_fips":"39","state_abbr":"OH","county_name":"Clark County","category":"town_restriction","n_total":2,"n_live":2,"n_pending":0,"n_lapsed":0,"n_live_county_restriction":0,"n_live_town_restriction":2,"n_live_conditions":0,"action_ids":["oh-new-carlisle-2026","oh-springfield-2026"]}},{"type":"Feature","geometry":{"type":"Polygon","coordinates":[[[-85.912,35.2905],[-85.9008,35.3178],[-85.9049,35.3304],[-85.8811,35.3488],[-85.8695,35.3804],[-85.887,35.3815],[-85.8892,35.444],[-85.8856,35.4895],[-85.8762,35.5073],[-85.8855,35.517],[-85.874,35.529],[-85.8203,35.5046],[-85.8174,35.5135],[-85.7536,35.5242],[-85.6073,35.5317],[-85.5367,35.4871],[-85.5413,35.4614],[-85.5358,35.4315],[-85.5123,35.423],[-85.5129,35.4076],[-85.4856,35.4063],[-85.4959,35.3933],[-85.4892,35.3835],[-85.5057,35.369],[-85.5065,35.3575],[-85.5423,35.3415],[-85.5586,35.3193],[-85.633,35.3037],[-85.6556,35.3055],[-85.6904,35.2861],[-85.7077,35.2907],[-85.6936,35.2393],[-85.7401,35.2153],[-85.7735,35.2187],[-85.8224,35.2422],[-85.8483,35.2403],[-85.873,35.2234],[-85.912,35.2905]]]},"properties":{"GEOID":"47061","state_fips":"47","state_abbr":"TN","county_name":"Grundy County","category":"county_restriction","n_total":1,"n_live":1,"n_pending":0,"n_lapsed":0,"n_live_county_restriction":1,"n_live_town_restriction":0,"n_live_conditions":0,"action_ids":["tn-grundy-county-2026"]}},{"type":"Feature","geometry":{"type":"Polygon","coordinates":[[[-77.7499,41.9988],[-77.7206,42.5351],[-77.6613,42.5351],[-77.6599,42.5804],[-77.1438,42.5769],[-77.1495,42.5001],[-77.1389,42.4943],[-77.1076,42.5054],[-77.0997,42.2724],[-76.965,42.2785],[-76.9658,42.0013],[-77.7499,41.9988]]]},"properties":{"GEOID":"36101","state_fips":"36","state_abbr":"NY","county_name":"Steuben County","category":"town_restriction","n_total":1,"n_live":1,"n_pending":0,"n_lapsed":0,"n_live_county_restriction":0,"n_live_town_restriction":1,"n_live_conditions":0,"action_ids":["ny-town-of-thurston-2026"]}},{"type":"Feature","geometry":{"type":"Polygon","coordinates":[[[-84.4326,40.197],[-84.434,40.3782],[-84.3388,40.3787],[-84.3391,40.4811],[-84.0024,40.4831],[-84.0037,40.3129],[-84.0101,40.3176],[-84.0229,40.1839],[-84.2187,40.2],[-84.4326,40.197]]]},"properties":{"GEOID":"39149","state_fips":"39","state_abbr":"OH","county_name":"Shelby County","category":"pending_only","n_total":1,"n_live":0,"n_pending":1,"n_lapsed":0,"n_live_county_restriction":0,"n_live_town_restriction":0,"n_live_conditions":0,"action_ids":["dct-botkins-oh-ban-2026-04"]}},{"type":"Feature","geometry":{"type":"Polygon","coordinates":[[[-84.4854,39.9185],[-84.1577,39.923],[-84.1672,39.9114],[-84.1572,39.886],[-84.051,39.8798],[-84.0551,39.8362],[-84.0929,39.8383],[-84.1142,39.5782],[-84.2863,39.5896],[-84.4792,39.591],[-84.4854,39.9185]]]},"properties":{"GEOID":"39113","state_fips":"39","state_abbr":"OH","county_name":"Montgomery County","category":"town_restriction","n_total":2,"n_live":1,"n_pending":1,"n_lapsed":0,"n_live_county_restriction":0,"n_live_town_restriction":1,"n_live_conditions":0,"action_ids":["dct-dayton-oh-moratorium-recommendation-2026-04-14","dct-washington-township-montgomery-county-oh-moratorium-2026-04-21"]}},{"type":"Feature","geometry":{"type":"Polygon","coordinates":[[[-84.8035,41.2526],[-84.804,41.426],[-84.2285,41.4278],[-84.2282,41.1659],[-84.3416,41.1655],[-84.3416,41.2091],[-84.4571,41.2094],[-84.4572,41.2535],[-84.8035,41.2526]]]},"properties":{"GEOID":"39039","state_fips":"39","state_abbr":"OH","county_name":"Defiance County","category":"pending_only","n_total":1,"n_live":0,"n_pending":1,"n_lapsed":0,"n_live_county_restriction":0,"n_live_town_restriction":0,"n_live_conditions":0,"action_ids":["oh-defiance-undated"]}},{"type":"Feature","geometry":{"type":"Polygon","coordinates":[[[-83.2484,40.2445],[-83.2486,40.444],[-83.0208,40.4338],[-83.0221,40.4189],[-82.9248,40.415],[-82.9296,40.3581],[-82.7449,40.3496],[-82.7618,40.1259],[-83.1699,40.1431],[-83.1723,40.2443],[-83.2484,40.2445]]]},"properties":{"GEOID":"39041","state_fips":"39","state_abbr":"OH","county_name":"Delaware County","category":"town_restriction","n_total":2,"n_live":2,"n_pending":0,"n_lapsed":0,"n_live_county_restriction":0,"n_live_town_restriction":2,"n_live_conditions":0,"action_ids":["oh-scioto-township-2026","dct-sunbury-oh-2026-02-24"]}},{"type":"Feature","geometry":{"type":"Polygon","coordinates":[[[-81.6885,40.9886],[-81.685,41.2771],[-81.5622,41.2793],[-81.5733,41.3033],[-81.5854,41.3089],[-81.5881,41.3427],[-81.5981,41.3512],[-81.3917,41.3483],[-81.3932,40.9885],[-81.4163,40.9885],[-81.4204,40.9065],[-81.6477,40.914],[-81.6477,40.9886],[-81.6885,40.9886]]]},"properties":{"GEOID":"39153","state_fips":"39","state_abbr":"OH","county_name":"Summit County","category":"town_restriction","n_total":5,"n_live":5,"n_pending":0,"n_lapsed":0,"n_live_county_restriction":0,"n_live_town_restriction":5,"n_live_conditions":0,"action_ids":["dct-barberton-oh-2025-11-10","oh-norton-2025","oh-richfield-township-2026","oh-tallmadge-2026","dct-twinsburg-oh-moratorium-2026-05-05"]}},{"type":"Feature","geometry":{"type":"Polygon","coordinates":[[[-108.9246,46.1324],[-108.4048,46.133],[-108.4049,46.236],[-108.3629,46.2356],[-108.3629,46.25],[-108.321,46.2497],[-108.3208,46.264],[-108.0294,46.2641],[-108.0293,46.3078],[-108.0116,46.3078],[-108.0119,46.3368],[-107.9908,46.337],[-107.9911,46.3515],[-107.97,46.3515],[-107.9702,46.366],[-107.9493,46.3661],[-107.9494,46.3806],[-107.9285,46.3808],[-107.9285,46.3953],[-107.7821,46.3952],[-107.7812,46.496],[-107.7548,46.496],[-107.7548,46.4818],[-107.7385,46.4818],[-107.7384,46.4676],[-107.7175,46.4675],[-107.7173,46.4385],[-107.6963,46.4385],[-107.6961,46.4095],[-107.6752,46.4094],[-107.6751,46.3949],[-107.6542,46.3949],[-107.6542,46.366],[-107.6334,46.366],[-107.6334,46.3515],[-107.6124,46.3516],[-107.6124,46.3081],[-107.5914,46.3082],[-107.5914,46.2936],[-107.5705,46.2937],[-107.5705,46.2647],[-107.5496,46.2647],[-107.5496,46.2502],[-107.5286,46.2502],[-107.5287,46.2212],[-107.508,46.2213],[-107.5079,46.1923],[-107.487,46.1923],[-107.4871,46.1778],[-107.4661,46.1778],[-107.466,46.1608],[-107.475,46.1531],[-107.4627,46.1414],[-107.4759,46.1342],[-107.4695,46.125],[-107.4843,46.1244],[-107.4745,46.103],[-107.4866,46.0991],[-107.4845,46.0892],[-107.4971,46.0894],[-107.5006,46.0713],[-107.5173,46.0599],[-107.5115,46.0434],[-107.6745,46.0436],[-107.6745,45.9858],[-107.7988,45.9857],[-107.7988,45.9567],[-107.8404,45.9568],[-107.8404,45.928],[-107.8819,45.9281],[-107.8818,45.8992],[-108.0474,45.8993],[-108.0476,45.7835],[-108.0696,45.7835],[-108.0698,45.5185],[-108.1932,45.5185],[-108.1932,45.4895],[-108.3162,45.4895],[-108.3164,45.4605],[-108.6981,45.4641],[-108.6993,45.5226],[-108.7603,45.5228],[-108.7608,45.5518],[-108.8018,45.552],[-108.8024,45.5875],[-108.7829,45.6131],[-108.782,45.6386],[-108.843,45.611],[-108.8431,45.6395],[-108.8637,45.6394],[-108.8638,45.6537],[-108.8844,45.6538],[-108.8843,45.6829],[-108.9047,45.6828],[-108.9017,45.9594],[-108.9223,45.9594],[-108.9246,46.1324]]]},"properties":{"GEOID":"30111","state_fips":"30","state_abbr":"MT","county_name":"Yellowstone County","category":"pending_only","n_total":1,"n_live":0,"n_pending":1,"n_lapsed":0,"n_live_county_restriction":0,"n_live_town_restriction":0,"n_live_conditions":0,"action_ids":["dct-yellowstone-county-mt-ballot-initiative-2026-06-18"]}},{"type":"Feature","geometry":{"type":"Polygon","coordinates":[[[-83.5513,40.2294],[-83.5202,40.5041],[-83.2483,40.5071],[-83.2484,40.2445],[-83.1723,40.2443],[-83.1702,40.1071],[-83.5037,40.1115],[-83.4945,40.2255],[-83.5513,40.2294]]]},"properties":{"GEOID":"39159","state_fips":"39","state_abbr":"OH","county_name":"Union County","category":"town_restriction","n_total":1,"n_live":1,"n_pending":0,"n_lapsed":0,"n_live_county_restriction":0,"n_live_town_restriction":1,"n_live_conditions":0,"action_ids":["oh-jerome-township-2025"]}},{"type":"Feature","geometry":{"type":"Polygon","coordinates":[[[-84.1142,39.5782],[-84.0929,39.8383],[-84.0551,39.8362],[-84.0537,39.8507],[-83.94,39.8438],[-83.9413,39.8288],[-83.8274,39.8226],[-83.8294,39.7978],[-83.7395,39.789],[-83.7409,39.7815],[-83.6477,39.7752],[-83.6702,39.5503],[-84.1142,39.5782]]]},"properties":{"GEOID":"39057","state_fips":"39","state_abbr":"OH","county_name":"Greene County","category":"town_restriction","n_total":2,"n_live":2,"n_pending":0,"n_lapsed":0,"n_live_county_restriction":0,"n_live_town_restriction":2,"n_live_conditions":0,"action_ids":["dct-yellow-springs-oh-moratorium-2026-05-18","oh-yellow-springs-2026"]}},{"type":"Feature","geometry":{"type":"Polygon","coordinates":[[[-96.5294,32.5453],[-96.5231,32.5452],[-96.519,32.8136],[-96.2974,32.8142],[-96.2973,32.8417],[-96.0768,32.8385],[-96.0759,32.3575],[-96.4524,32.3587],[-96.4517,32.3712],[-96.4438,32.3695],[-96.4489,32.3756],[-96.4375,32.3784],[-96.4343,32.4109],[-96.4774,32.4344],[-96.4843,32.4515],[-96.4982,32.4537],[-96.4935,32.467],[-96.5104,32.4825],[-96.5019,32.4889],[-96.5067,32.4976],[-96.5005,32.4955],[-96.5133,32.5121],[-96.5015,32.5127],[-96.5076,32.5177],[-96.5033,32.5266],[-96.5117,32.536],[-96.5191,32.5315],[-96.5294,32.5453]]]},"properties":{"GEOID":"48257","state_fips":"48","state_abbr":"TX","county_name":"Kaufman County","category":"pending_only","n_total":1,"n_live":0,"n_pending":1,"n_lapsed":0,"n_live_county_restriction":0,"n_live_town_restriction":0,"n_live_conditions":0,"action_ids":["dct-forney-tx-zoning-2026-03"]}},{"type":"Feature","geometry":{"type":"MultiPolygon","coordinates":[[[[-122.3316,48.0206],[-122.3224,48.021],[-122.3035,48.0056],[-122.3261,48.0103],[-122.3316,48.0206]]],[[[-122.4055,48.252],[-122.397,48.2532],[-122.3676,48.2917],[-122.3781,48.2927],[-122.3729,48.2977],[-121.0017,48.296],[-121.0121,48.2799],[-120.9598,48.2278],[-120.9648,48.2113],[-120.9193,48.1904],[-120.9074,48.1632],[-120.9556,48.152],[-120.9652,48.134],[-120.9471,48.1133],[-120.9725,48.1085],[-120.9813,48.0944],[-121.0159,48.0748],[-121.0301,48.0781],[-121.083,48.0616],[-121.097,48.0644],[-121.1532,48.0407],[-121.1179,48.0063],[-121.1182,47.9971],[-121.1471,47.9815],[-121.1484,47.9707],[-121.1651,47.9562],[-121.1622,47.9441],[-121.1795,47.9188],[-121.1714,47.9122],[-121.1808,47.8988],[-121.1668,47.8796],[-121.1573,47.8823],[-121.1472,47.8575],[-121.1535,47.8453],[-121.1119,47.8295],[-121.0709,47.8302],[-121.0847,47.8077],[-121.1192,47.7799],[-122.3952,47.7779],[-122.3956,47.8068],[-122.3359,47.8523],[-122.3285,47.8979],[-122.3107,47.9251],[-122.307,47.9491],[-122.249,47.9595],[-122.23,47.9709],[-122.2311,48.0087],[-122.219,48.0203],[-122.2274,48.0309],[-122.2899,48.0524],[-122.2721,48.0537],[-122.3214,48.081],[-122.3261,48.0929],[-122.3432,48.0976],[-122.3616,48.1202],[-122.3703,48.1648],[-122.3575,48.1823],[-122.3703,48.1909],[-122.3712,48.2197],[-122.3947,48.2299],[-122.4055,48.252]]]]},"properties":{"GEOID":"53061","state_fips":"53","state_abbr":"WA","county_name":"Snohomish County","category":"county_restriction","n_total":2,"n_live":2,"n_pending":0,"n_lapsed":0,"n_live_county_restriction":1,"n_live_town_restriction":1,"n_live_conditions":0,"action_ids":["wa-marysville-2026","wa-snohomish-county-2026"]}},{"type":"Feature","geometry":{"type":"Polygon","coordinates":[[[-100.2513,41.3958],[-100.2512,41.7398],[-99.212,41.7406],[-99.2125,41.3942],[-99.2033,41.3941],[-99.2076,41.047],[-100.2382,41.0465],[-100.2361,41.3933],[-100.2513,41.3958]]]},"properties":{"GEOID":"31041","state_fips":"31","state_abbr":"NE","county_name":"Custer County","category":"town_restriction","n_total":1,"n_live":1,"n_pending":0,"n_lapsed":0,"n_live_county_restriction":0,"n_live_town_restriction":1,"n_live_conditions":0,"action_ids":["dct-broken-bow-ne-moratorium-2026-07-14"]}},{"type":"Feature","geometry":{"type":"Polygon","coordinates":[[[-81.6491,40.6345],[-81.6477,40.914],[-81.4204,40.9065],[-81.4163,40.9885],[-81.0863,40.988],[-81.0873,40.7278],[-81.2372,40.7235],[-81.2412,40.6505],[-81.4469,40.6536],[-81.4358,40.6614],[-81.459,40.6669],[-81.4691,40.6549],[-81.6491,40.6345]]]},"properties":{"GEOID":"39151","state_fips":"39","state_abbr":"OH","county_name":"Stark County","category":"town_restriction","n_total":4,"n_live":4,"n_pending":0,"n_lapsed":0,"n_live_county_restriction":0,"n_live_town_restriction":4,"n_live_conditions":0,"action_ids":["oh-alliance-2026","oh-canton-township-2026","oh-massillon-2026","oh-plain-township-2026"]}},{"type":"Feature","geometry":{"type":"Polygon","coordinates":[[[-98.0635,32.4996],[-98.0668,32.5588],[-97.6171,32.5555],[-97.6152,32.3187],[-97.7828,32.3165],[-97.9456,32.2335],[-98.0635,32.4996]]]},"properties":{"GEOID":"48221","state_fips":"48","state_abbr":"TX","county_name":"Hood County","category":"county_restriction","n_total":1,"n_live":1,"n_pending":0,"n_lapsed":0,"n_live_county_restriction":1,"n_live_town_restriction":0,"n_live_conditions":0,"action_ids":["dct-hood-county-tx-comanche-circle-approval-2026-06-17"]}},{"type":"Feature","geometry":{"type":"Polygon","coordinates":[[[-83.8721,39.0236],[-83.8657,39.2473],[-83.8344,39.2457],[-83.8359,39.2233],[-83.8083,39.2247],[-83.7848,39.2629],[-83.5909,39.3787],[-83.3727,39.3774],[-83.3803,39.3566],[-83.375,39.3483],[-83.387,39.322],[-83.3766,39.2909],[-83.3937,39.2678],[-83.38,39.2616],[-83.3811,39.2496],[-83.3624,39.2406],[-83.347,39.2528],[-83.3435,39.2332],[-83.3856,39.0552],[-83.6116,39.0189],[-83.8721,39.0236]]]},"properties":{"GEOID":"39071","state_fips":"39","state_abbr":"OH","county_name":"Highland County","category":"town_restriction","n_total":1,"n_live":1,"n_pending":0,"n_lapsed":0,"n_live_county_restriction":0,"n_live_town_restriction":1,"n_live_conditions":0,"action_ids":["dct-clay-township-highland-county-oh-moratorium-2026-04-20"]}},{"type":"Feature","geometry":{"type":"Polygon","coordinates":[[[-83.8811,41.1678],[-83.8832,41.4145],[-83.8543,41.4144],[-83.8456,41.425],[-83.7828,41.4487],[-83.7767,41.463],[-83.7481,41.4659],[-83.7364,41.482],[-83.7128,41.4925],[-83.7096,41.5219],[-83.6997,41.534],[-83.6127,41.5708],[-83.5699,41.6172],[-83.4159,41.6191],[-83.4211,41.1668],[-83.8811,41.1678]]]},"properties":{"GEOID":"39173","state_fips":"39","state_abbr":"OH","county_name":"Wood County","category":"county_restriction","n_total":4,"n_live":4,"n_pending":0,"n_lapsed":0,"n_live_county_restriction":1,"n_live_town_restriction":3,"n_live_conditions":0,"action_ids":["oh-lake-township-2026","dct-middleton-township-oh-2025-04-01","dct-middleton-township-oh-parcel-rezoning-2026-07-07","dct-wood-county-bowling-green-area-oh-2026-01-06"]}},{"type":"Feature","geometry":{"type":"MultiPolygon","coordinates":[[[[-83.6957,46.0549],[-83.6919,46.0619],[-83.6901,46.057],[-83.6957,46.0549]]],[[[-83.702,46.0613],[-83.7007,46.0684],[-83.6997,46.067],[-83.702,46.0613]]],[[[-83.7079,46.0489],[-83.7028,46.0535],[-83.7009,46.0498],[-83.7079,46.0489]]],[[[-83.728,46.0464],[-83.7227,46.0508],[-83.7186,46.0466],[-83.7204,46.044],[-83.728,46.0464]]],[[[-83.7284,46.038],[-83.7255,46.0406],[-83.7252,46.0374],[-83.7284,46.038]]],[[[-83.7335,46.0359],[-83.7335,46.0381],[-83.7327,46.0383],[-83.7335,46.0359]]],[[[-83.7694,45.9349],[-83.7681,45.9378],[-83.7686,45.9318],[-83.7694,45.9349]]],[[[-83.7714,46.091],[-83.7651,46.0922],[-83.7625,46.0863],[-83.7665,46.0863],[-83.7714,46.091]]],[[[-83.774,46.0515],[-83.7548,46.0661],[-83.7343,46.0507],[-83.7472,46.0348],[-83.774,46.0515]]],[[[-83.7723,46.0642],[-83.7708,46.0691],[-83.7701,46.0687],[-83.7723,46.0642]]],[[[-83.7826,46.0803],[-83.7824,46.0845],[-83.7813,46.085],[-83.7826,46.0803]]],[[[-83.792,46.0072],[-83.7904,46.0092],[-83.7897,46.0072],[-83.792,46.0072]]],[[[-83.7916,46.0344],[-83.7928,46.0375],[-83.7908,46.0384],[-83.7916,46.0344]]],[[[-83.7918,46.0626],[-83.7928,46.0638],[-83.7923,46.0639],[-83.7918,46.0626]]],[[[-83.7983,46.0561],[-83.7967,46.0604],[-83.7962,46.0565],[-83.7983,46.0561]]],[[[-83.8106,46.0741],[-83.8105,46.0781],[-83.8094,46.078],[-83.8106,46.0741]]],[[[-83.8251,46.0292],[-83.8229,46.0308],[-83.8239,46.0268],[-83.8251,46.0292]]],[[[-83.8274,46.0551],[-83.8265,46.0584],[-83.8258,46.0582],[-83.8274,46.0551]]],[[[-83.8276,46.1018],[-83.8149,46.1089],[-83.7935,46.1074],[-83.7765,46.092],[-83.8031,46.0925],[-83.8054,46.1008],[-83.8204,46.092],[-83.8276,46.1018]]],[[[-83.8276,46.0355],[-83.8286,46.039],[-83.8277,46.0397],[-83.8276,46.0355]]],[[[-83.8372,46.044],[-83.8358,46.0456],[-83.8365,46.043],[-83.8372,46.044]]],[[[-83.8446,46.0634],[-83.8476,46.0737],[-83.8414,46.0678],[-83.8446,46.0634]]],[[[-83.8562,46.0848],[-83.851,46.0817],[-83.8502,46.0787],[-83.8542,46.08],[-83.8562,46.0848]]],[[[-83.8551,46.0535],[-83.8526,46.0589],[-83.8467,46.0539],[-83.8551,46.0535]]],[[[-83.8691,46.0781],[-83.8648,46.0811],[-83.8526,46.0752],[-83.8593,46.0694],[-83.8691,46.0781]]],[[[-83.8792,46.0542],[-83.8787,46.058],[-83.8779,46.0554],[-83.8792,46.0542]]],[[[-83.8819,45.9641],[-83.8663,46.0096],[-83.8605,46.0077],[-83.8451,46.0266],[-83.8303,46.024],[-83.8251,46.0162],[-83.8346,46.0087],[-83.8242,46.0017],[-83.8301,45.9969],[-83.8171,46.003],[-83.8264,45.9939],[-83.8061,45.9839],[-83.7884,46.0018],[-83.779,45.9998],[-83.7742,46.0085],[-83.7807,46.013],[-83.7735,46.0104],[-83.7658,46.0264],[-83.7453,46.0227],[-83.7118,46.0403],[-83.6861,46.0374],[-83.6905,46.0536],[-83.6707,46.0583],[-83.6774,46.073],[-83.7322,46.0869],[-83.7198,46.101],[-83.7001,46.1039],[-83.6296,46.1036],[-83.5813,46.0896],[-83.5726,46.0699],[-83.5472,46.0479],[-83.5344,46.0077],[-83.5193,46.0087],[-83.5064,45.9952],[-83.4883,45.9995],[-83.4732,45.9844],[-83.4998,45.9599],[-83.4983,45.9496],[-83.5133,45.9368],[-83.5158,45.9236],[-83.5283,45.9178],[-83.5432,45.9287],[-83.541,45.9201],[-83.5503,45.9144],[-83.5676,45.9226],[-83.5618,45.9126],[-83.6085,45.9261],[-83.6064,45.9407],[-83.631,45.929],[-83.632,45.9374],[-83.6206,45.9446],[-83.6302,45.957],[-83.6383,45.9548],[-83.6319,45.9438],[-83.6394,45.9395],[-83.6445,45.9478],[-83.6877,45.9354],[-83.6991,45.9423],[-83.7157,45.9301],[-83.7271,45.9467],[-83.7412,45.9373],[-83.7656,45.9547],[-83.7862,45.9329],[-83.802,45.9366],[-83.8179,45.9542],[-83.8365,45.9382],[-83.8306,45.9492],[-83.8461,45.9524],[-83.8491,45.9628],[-83.8819,45.9641]]],[[[-83.8841,46.0648],[-83.8795,46.0724],[-83.8768,46.0648],[-83.8841,46.0648]]],[[[-83.8987,46.0155],[-83.8986,46.0187],[-83.8971,46.0171],[-83.8987,46.0155]]],[[[-83.9861,46.0894],[-83.9848,46.0922],[-83.9836,46.0887],[-83.9861,46.0894]]],[[[-83.9911,46.1008],[-83.9897,46.1032],[-83.9877,46.0983],[-83.9911,46.1008]]],[[[-84.0117,46.0915],[-83.9953,46.0948],[-83.9734,46.0653],[-84.0012,46.0791],[-84.0117,46.0915]]],[[[-84.0204,46.1077],[-84.0207,46.1098],[-84.0197,46.1092],[-84.0204,46.1077]]],[[[-84.1684,46.2155],[-84.1698,46.2194],[-84.166,46.2153],[-84.1684,46.2155]]],[[[-84.5167,46.4419],[-84.5154,46.4436],[-84.5141,46.4417],[-84.5167,46.4419]]],[[[-84.6819,46.491],[-84.6822,46.4935],[-84.6791,46.4934],[-84.6819,46.491]]],[[[-85.2378,46.2454],[-85.2379,46.7557],[-85.1707,46.7642],[-85.0636,46.7579],[-84.9895,46.7724],[-84.9503,46.768],[-85.0076,46.7283],[-85.0275,46.6975],[-85.0371,46.601],[-85.0255,46.5464],[-85.0561,46.5265],[-85.0498,46.504],[-85.0152,46.4797],[-84.9643,46.4768],[-84.9355,46.4891],[-84.9219,46.47],[-84.8614,46.4699],[-84.8439,46.4487],[-84.8173,46.4443],[-84.7692,46.4535],[-84.6784,46.4877],[-84.631,46.4849],[-84.5735,46.4279],[-84.5866,46.4313],[-84.5919,46.4416],[-84.6024,46.4379],[-84.5994,46.4182],[-84.5833,46.4135],[-84.5108,46.4332],[-84.5003,46.4467],[-84.4829,46.4336],[-84.4718,46.4343],[-84.4555,46.4539],[-84.4633,46.4674],[-84.4451,46.489],[-84.4203,46.5011],[-84.3414,46.5077],[-84.2758,46.4928],[-84.2544,46.5008],[-84.2261,46.5339],[-84.194,46.5401],[-84.1774,46.5269],[-84.1289,46.5301],[-84.1112,46.5041],[-84.1462,46.4185],[-84.1389,46.3722],[-84.1062,46.322],[-84.1196,46.315],[-84.1156,46.2682],[-84.0978,46.2565],[-84.1081,46.2412],[-84.1462,46.2308],[-84.153,46.2159],[-84.1518,46.2281],[-84.1759,46.246],[-84.1837,46.2451],[-84.1863,46.2343],[-84.1888,46.2437],[-84.212,46.2466],[-84.2132,46.2316],[-84.2579,46.2181],[-84.273,46.2015],[-84.2527,46.187],[-84.2432,46.1915],[-84.2514,46.1759],[-84.221,46.1631],[-84.1967,46.1662],[-84.1889,46.1789],[-84.1814,46.1738],[-84.1791,46.1857],[-84.1654,46.1736],[-84.152,46.1819],[-84.1328,46.1692],[-84.1331,46.1769],[-84.1228,46.1789],[-84.0958,46.1477],[-84.0604,46.1461],[-84.0296,46.1345],[-84.031,46.1232],[-84.0519,46.1198],[-84.0717,46.0924],[-84.0322,46.066],[-84.0199,46.048],[-83.9817,46.0307],[-83.9777,46.0194],[-83.9664,46.019],[-83.9588,46.0298],[-83.9368,46.0302],[-83.9355,46.0204],[-83.9086,46.0115],[-83.8955,45.9864],[-83.9077,45.9786],[-83.9114,45.9711],[-83.9054,45.9671],[-83.9138,45.9557],[-83.9213,45.9581],[-83.9138,45.9665],[-83.9787,45.9687],[-83.9965,45.9615],[-83.9953,45.9458],[-84.0273,45.9615],[-84.0918,45.9669],[-84.0984,45.9741],[-84.1007,45.9676],[-84.1142,45.9852],[-84.2393,45.9849],[-84.2389,46.0715],[-84.3631,46.0716],[-84.3635,46.158],[-85.1125,46.1583],[-85.1133,46.2457],[-85.2378,46.2454]]]]},"properties":{"GEOID":"26033","state_fips":"26","state_abbr":"MI","county_name":"Chippewa County","category":"town_restriction","n_total":1,"n_live":1,"n_pending":0,"n_lapsed":0,"n_live_county_restriction":0,"n_live_town_restriction":1,"n_live_conditions":0,"action_ids":["mi-sault-ste-marie-tribe-of-chippewa-indian-2026"]}},{"type":"Feature","geometry":{"type":"Polygon","coordinates":[[[-84.3995,41.7059],[-83.8804,41.7201],[-83.8829,41.4875],[-84.3419,41.4855],[-84.3421,41.5141],[-84.3807,41.5139],[-84.3813,41.6167],[-84.3984,41.617],[-84.3995,41.7059]]]},"properties":{"GEOID":"39051","state_fips":"39","state_abbr":"OH","county_name":"Fulton County","category":"town_restriction","n_total":1,"n_live":1,"n_pending":0,"n_lapsed":0,"n_live_county_restriction":0,"n_live_town_restriction":1,"n_live_conditions":0,"action_ids":["oh-archbold-2026"]}},{"type":"Feature","geometry":{"type":"Polygon","coordinates":[[[-97.3684,40.6986],[-97.3681,41.0469],[-96.9109,41.0461],[-96.9111,40.698],[-97.3684,40.6986]]]},"properties":{"GEOID":"31159","state_fips":"31","state_abbr":"NE","county_name":"Seward County","category":"county_restriction","n_total":2,"n_live":2,"n_pending":0,"n_lapsed":0,"n_live_county_restriction":2,"n_live_town_restriction":0,"n_live_conditions":0,"action_ids":["ne-seward-county-2026","dct-seward-county-ne-moratorium-2026-06-25"]}},{"type":"Feature","geometry":{"type":"Polygon","coordinates":[[[-95.1131,39.5591],[-95.0991,39.5797],[-95.0693,39.5762],[-95.0548,39.5825],[-95.0464,39.5996],[-95.0552,39.6217],[-95.0495,39.6379],[-95.0183,39.6729],[-94.9713,39.6864],[-94.9712,39.7293],[-94.9601,39.7431],[-94.9447,39.7444],[-94.9026,39.7242],[-94.8701,39.7346],[-94.8594,39.7537],[-94.8671,39.7717],[-94.9123,39.7593],[-94.9358,39.7789],[-94.9256,39.7898],[-94.8841,39.7942],[-94.8766,39.8209],[-94.6028,39.8199],[-94.6012,39.5302],[-95.1014,39.5333],[-95.1131,39.5591]]]},"properties":{"GEOID":"29021","state_fips":"29","state_abbr":"MO","county_name":"Buchanan County","category":"town_restriction","n_total":1,"n_live":1,"n_pending":0,"n_lapsed":0,"n_live_county_restriction":0,"n_live_town_restriction":1,"n_live_conditions":0,"action_ids":["mo-city-of-st-joseph-2026"]}},{"type":"Feature","geometry":{"type":"Polygon","coordinates":[[[-91.8467,39.6585],[-91.8404,39.9482],[-91.4355,39.9453],[-91.4188,39.9221],[-91.4469,39.883],[-91.4361,39.8455],[-91.368,39.8004],[-91.3616,39.7875],[-91.37,39.7325],[-91.3067,39.6849],[-91.7155,39.6865],[-91.7142,39.6575],[-91.8467,39.6585]]]},"properties":{"GEOID":"29127","state_fips":"29","state_abbr":"MO","county_name":"Marion County","category":"county_restriction","n_total":1,"n_live":1,"n_pending":0,"n_lapsed":0,"n_live_county_restriction":1,"n_live_town_restriction":0,"n_live_conditions":0,"action_ids":["mo-marion-county-2026"]}},{"type":"Feature","geometry":{"type":"Polygon","coordinates":[[[-102.085,42.7855],[-102.0825,42.9994],[-100.1984,42.9985],[-100.1986,42.781],[-100.1833,42.781],[-100.1832,42.4335],[-100.1675,42.4333],[-100.1676,42.0858],[-102.0403,42.0967],[-102.0382,42.4433],[-102.0667,42.4435],[-102.0669,42.7855],[-102.085,42.7855]]]},"properties":{"GEOID":"31031","state_fips":"31","state_abbr":"NE","county_name":"Cherry County","category":"county_restriction","n_total":1,"n_live":1,"n_pending":0,"n_lapsed":0,"n_live_county_restriction":1,"n_live_town_restriction":0,"n_live_conditions":0,"action_ids":["ne-cherry-county-2026"]}},{"type":"Feature","geometry":{"type":"Polygon","coordinates":[[[-107.1968,35.2195],[-106.6581,35.2179],[-106.6425,35.2073],[-106.6434,35.1978],[-106.6045,35.2179],[-106.2442,35.2157],[-106.2438,34.9534],[-106.1498,34.9535],[-106.1497,34.8701],[-106.4118,34.8703],[-106.4116,34.8897],[-106.4295,34.9034],[-106.6862,34.9062],[-106.7208,34.8701],[-107.0245,34.87],[-107.1968,35.2195]]]},"properties":{"GEOID":"35001","state_fips":"35","state_abbr":"NM","county_name":"Bernalillo County","category":"county_restriction","n_total":1,"n_live":1,"n_pending":0,"n_lapsed":0,"n_live_county_restriction":1,"n_live_town_restriction":0,"n_live_conditions":0,"action_ids":["dct-bernalillo-county-nm-2026-02-01"]}},{"type":"Feature","geometry":{"type":"Polygon","coordinates":[[[-107.7254,34.2598],[-107.7248,34.5781],[-106.8827,34.5795],[-106.7683,34.5313],[-106.5046,34.457],[-106.4563,34.4371],[-106.4169,34.4397],[-106.416,34.2598],[-105.926,34.26],[-105.9247,33.8256],[-106.0527,33.8256],[-106.0527,33.6503],[-106.3737,33.6605],[-106.3728,33.4799],[-107.7128,33.4768],[-107.7163,34.2599],[-107.7254,34.2598]]]},"properties":{"GEOID":"35053","state_fips":"35","state_abbr":"NM","county_name":"Socorro County","category":"county_restriction","n_total":2,"n_live":2,"n_pending":0,"n_lapsed":0,"n_live_county_restriction":2,"n_live_town_restriction":0,"n_live_conditions":0,"action_ids":["nm-socorro-county-2026","dct-socorro-county-nm-moratorium-process-2026-05-12"]}},{"type":"Feature","geometry":{"type":"Polygon","coordinates":[[[-76.4366,40.4962],[-76.3382,40.5155],[-76.256,40.5171],[-76.1716,40.5349],[-76.1347,40.5535],[-76.0796,40.5661],[-76.0653,40.5797],[-76.0509,40.5752],[-76.045,40.5838],[-76.0186,40.5738],[-75.9932,40.6397],[-75.8915,40.6773],[-75.5297,40.447],[-75.6959,40.2424],[-75.8734,40.1371],[-76.1498,40.3147],[-76.2055,40.3607],[-76.2319,40.3663],[-76.4366,40.4962]]]},"properties":{"GEOID":"42011","state_fips":"42","state_abbr":"PA","county_name":"Berks County","category":"pending_only","n_total":1,"n_live":0,"n_pending":1,"n_lapsed":0,"n_live_county_restriction":0,"n_live_town_restriction":0,"n_live_conditions":0,"action_ids":["dct-bethel-township-lebanon-pa-2026-04-21"]}},{"type":"Feature","geometry":{"type":"Polygon","coordinates":[[[-76.6967,42.5468],[-76.586,42.5499],[-76.6268,42.5739],[-76.6665,42.6235],[-76.2656,42.6236],[-76.2534,42.4076],[-76.2932,42.4064],[-76.2995,42.385],[-76.2398,42.3597],[-76.2514,42.3249],[-76.2501,42.2967],[-76.2882,42.2968],[-76.2882,42.3082],[-76.3506,42.3084],[-76.3509,42.3183],[-76.4153,42.3184],[-76.4162,42.263],[-76.4745,42.2638],[-76.474,42.2811],[-76.6914,42.2843],[-76.6857,42.3751],[-76.6967,42.5468]]]},"properties":{"GEOID":"36109","state_fips":"36","state_abbr":"NY","county_name":"Tompkins County","category":"town_restriction","n_total":3,"n_live":1,"n_pending":0,"n_lapsed":2,"n_live_county_restriction":0,"n_live_town_restriction":1,"n_live_conditions":0,"action_ids":["ny-dryden-2024","ny-lansing-2025","dct-town-of-dryden-ny-2026-02-20"]}},{"type":"Feature","geometry":{"type":"Polygon","coordinates":[[[-76.7932,40.9501],[-76.7747,41.0123],[-76.762,41.0259],[-76.7351,41.0911],[-76.7327,41.172],[-76.6788,41.1542],[-76.6408,41.1557],[-76.6154,41.0794],[-76.619,41.0638],[-76.5699,41.0538],[-76.5623,41.0339],[-76.5652,40.9998],[-76.5218,40.9671],[-76.5124,40.9461],[-76.5294,40.9401],[-76.5201,40.9266],[-76.5282,40.9191],[-76.528,40.8826],[-76.5505,40.8826],[-76.5681,40.9155],[-76.557,40.9386],[-76.6014,40.9422],[-76.632,40.9637],[-76.6613,40.968],[-76.7932,40.9501]]]},"properties":{"GEOID":"42093","state_fips":"42","state_abbr":"PA","county_name":"Montour County","category":"pending_only","n_total":2,"n_live":0,"n_pending":1,"n_lapsed":1,"n_live_county_restriction":0,"n_live_town_restriction":0,"n_live_conditions":0,"action_ids":["pa-montour-county-2025","dct-montour-county-zoning-amendment-pa-2026-04-14"]}},{"type":"Feature","geometry":{"type":"Polygon","coordinates":[[[-76.7005,40.6631],[-76.3072,40.8018],[-76.2846,40.8836],[-76.2078,40.9497],[-76.028,40.9023],[-75.9976,40.9133],[-75.886,40.8163],[-75.7578,40.7354],[-75.8083,40.7073],[-75.9932,40.6397],[-76.0186,40.5738],[-76.045,40.5838],[-76.0509,40.5752],[-76.0653,40.5797],[-76.0796,40.5661],[-76.1347,40.5535],[-76.1716,40.5349],[-76.256,40.5171],[-76.3382,40.5155],[-76.4186,40.4956],[-76.4402,40.496],[-76.7005,40.6631]]]},"properties":{"GEOID":"42107","state_fips":"42","state_abbr":"PA","county_name":"Schuylkill County","category":"town_restriction","n_total":1,"n_live":1,"n_pending":0,"n_lapsed":0,"n_live_county_restriction":0,"n_live_town_restriction":1,"n_live_conditions":0,"action_ids":["dct-new-castle-township-pa-2025-09-10"]}},{"type":"Feature","geometry":{"type":"Polygon","coordinates":[[[-119.3311,41.2351],[-119.3057,41.2345],[-119.3046,41.4147],[-119.324,41.4145],[-119.3242,41.9942],[-117.0182,41.9993],[-117.0187,40.643],[-117.2468,40.6424],[-117.3006,40.5261],[-117.3012,40.6823],[-117.6444,40.6843],[-117.6442,40.8578],[-118.7867,40.8559],[-118.7867,40.9609],[-119.3298,40.9604],[-119.3311,41.2351]]]},"properties":{"GEOID":"32013","state_fips":"32","state_abbr":"NV","county_name":"Humboldt County","category":"county_restriction","n_total":1,"n_live":1,"n_pending":0,"n_lapsed":0,"n_live_county_restriction":1,"n_live_town_restriction":0,"n_live_conditions":0,"action_ids":["nv-humboldt-county-2026"]}},{"type":"Feature","geometry":{"type":"Polygon","coordinates":[[[-79.3599,35.4775],[-79.3519,35.4775],[-79.3359,35.4978],[-79.3488,35.5196],[-79.311,35.532],[-79.3239,35.5438],[-79.2846,35.555],[-79.2901,35.5397],[-79.2676,35.5327],[-79.2452,35.553],[-79.2446,35.5693],[-79.2205,35.5674],[-79.2239,35.5508],[-79.1999,35.5586],[-79.2012,35.5762],[-79.1868,35.5799],[-79.142,35.6231],[-79.1192,35.6283],[-79.0687,35.6089],[-79.0526,35.5961],[-79.0456,35.5684],[-79.024,35.5484],[-78.9908,35.5402],[-78.9696,35.5217],[-79.1836,35.3072],[-79.2733,35.3523],[-79.2896,35.4004],[-79.3302,35.4246],[-79.3267,35.4349],[-79.3599,35.4775]]]},"properties":{"GEOID":"37105","state_fips":"37","state_abbr":"NC","county_name":"Lee County","category":"county_restriction","n_total":2,"n_live":2,"n_pending":0,"n_lapsed":0,"n_live_county_restriction":1,"n_live_town_restriction":1,"n_live_conditions":0,"action_ids":["dct-sanford-nc-udo-draft-2026-04-21","dct-lee-county-nc-2026-03-16"]}},{"type":"Feature","geometry":{"type":"Polygon","coordinates":[[[-79.2153,40.9113],[-79.2089,41.3319],[-79.1925,41.3242],[-79.1796,41.3392],[-79.1717,41.3259],[-79.1664,41.3439],[-79.1571,41.3286],[-79.1385,41.3416],[-79.1119,41.325],[-79.105,41.3415],[-79.0916,41.341],[-79.0784,41.3538],[-79.0281,41.3574],[-79.0178,41.35],[-78.9719,41.3766],[-78.9595,41.3715],[-78.9593,41.3622],[-78.7353,41.2629],[-78.7382,41.2307],[-78.7101,41.2302],[-78.7102,41.2019],[-78.7664,41.2028],[-78.8045,41.1323],[-78.8052,40.906],[-79.2153,40.9113]]]},"properties":{"GEOID":"42065","state_fips":"42","state_abbr":"PA","county_name":"Jefferson County","category":"town_restriction","n_total":1,"n_live":1,"n_pending":0,"n_lapsed":0,"n_live_county_restriction":0,"n_live_town_restriction":1,"n_live_conditions":0,"action_ids":["pa-brookville-borough-2026"]}},{"type":"Feature","geometry":{"type":"Polygon","coordinates":[[[-81.9437,34.2061],[-81.9114,34.2463],[-81.8953,34.3005],[-81.8485,34.3235],[-81.8498,34.333],[-81.8369,34.3428],[-81.7826,34.3651],[-81.7345,34.4377],[-81.7225,34.4497],[-81.7032,34.4526],[-81.6436,34.5337],[-81.6272,34.5217],[-81.6178,34.5252],[-81.6134,34.5138],[-81.5529,34.4768],[-81.5569,34.4631],[-81.5463,34.4619],[-81.5511,34.4522],[-81.541,34.445],[-81.4846,34.49],[-81.4232,34.4944],[-81.4125,34.4699],[-81.4212,34.4538],[-81.3965,34.3898],[-81.3715,34.3504],[-81.359,34.3105],[-81.3396,34.2922],[-81.3423,34.2669],[-81.3169,34.2395],[-81.3453,34.205],[-81.339,34.1976],[-81.3523,34.1967],[-81.3748,34.179],[-81.4037,34.1779],[-81.4372,34.13],[-81.3882,34.0793],[-81.4028,34.0708],[-81.4247,34.0832],[-81.4447,34.0779],[-81.4657,34.0876],[-81.472,34.0766],[-81.4851,34.0823],[-81.5025,34.0739],[-81.5139,34.0823],[-81.5389,34.0817],[-81.5896,34.1172],[-81.6005,34.1129],[-81.6076,34.1232],[-81.6227,34.1263],[-81.637,34.1462],[-81.6727,34.156],[-81.6915,34.1729],[-81.7155,34.1752],[-81.7316,34.1876],[-81.7788,34.1647],[-81.7842,34.1727],[-81.8273,34.1728],[-81.8273,34.1822],[-81.8389,34.1722],[-81.8606,34.1794],[-81.8764,34.1678],[-81.8792,34.1579],[-81.8667,34.1381],[-81.8774,34.1369],[-81.8982,34.1476],[-81.9077,34.1619],[-81.9054,34.1781],[-81.917,34.177],[-81.9205,34.192],[-81.9391,34.1955],[-81.9437,34.2061]]]},"properties":{"GEOID":"45071","state_fips":"45","state_abbr":"SC","county_name":"Newberry County","category":"county_restriction","n_total":2,"n_live":2,"n_pending":0,"n_lapsed":0,"n_live_county_restriction":2,"n_live_town_restriction":0,"n_live_conditions":0,"action_ids":["sc-newberry-county-2026","dct-newberry-county-sc-moratorium-2026-06-04"]}},{"type":"Feature","geometry":{"type":"Polygon","coordinates":[[[-78.5464,36.0218],[-78.5448,36.0807],[-78.4928,36.1839],[-78.4576,36.1637],[-78.4497,36.1691],[-78.4214,36.1645],[-78.4121,36.1696],[-78.3781,36.2351],[-78.3381,36.2344],[-78.307,36.2662],[-78.1935,36.2468],[-78.1732,36.2555],[-78.157,36.2444],[-78.1327,36.2463],[-78.1098,36.2102],[-78.0449,36.2155],[-78.0066,36.2026],[-78.256,35.8181],[-78.2544,35.8291],[-78.278,35.8673],[-78.3072,35.8966],[-78.3285,35.8967],[-78.351,35.9101],[-78.3533,35.9311],[-78.3943,35.9369],[-78.4269,35.975],[-78.5464,36.0218]]]},"properties":{"GEOID":"37069","state_fips":"37","state_abbr":"NC","county_name":"Franklin County","category":"town_restriction","n_total":1,"n_live":1,"n_pending":0,"n_lapsed":0,"n_live_county_restriction":0,"n_live_town_restriction":1,"n_live_conditions":0,"action_ids":["nc-town-of-franklin-2026"]}},{"type":"Feature","geometry":{"type":"Polygon","coordinates":[[[-75.8345,41.427],[-75.7716,41.5058],[-75.8032,41.5242],[-75.7694,41.5683],[-75.7743,41.574],[-75.7199,41.6423],[-75.4624,41.6416],[-75.4404,41.2581],[-75.4708,41.2433],[-75.4961,41.2429],[-75.5165,41.2194],[-75.5294,41.2266],[-75.5439,41.2236],[-75.5697,41.1987],[-75.5767,41.1779],[-75.5985,41.1719],[-75.5973,41.1632],[-75.6441,41.1771],[-75.6523,41.2574],[-75.6793,41.2643],[-75.6793,41.288],[-75.6897,41.2878],[-75.695,41.3176],[-75.6878,41.3178],[-75.6886,41.3394],[-75.7419,41.3483],[-75.8268,41.3917],[-75.8345,41.427]]]},"properties":{"GEOID":"42069","state_fips":"42","state_abbr":"PA","county_name":"Lackawanna County","category":"county_restriction","n_total":6,"n_live":3,"n_pending":3,"n_lapsed":0,"n_live_county_restriction":1,"n_live_town_restriction":2,"n_live_conditions":0,"action_ids":["dct-scranton-city-pa-2026-03-17","dct-covington-township-lackawanna-county-pa-2025-04-28","dct-dickson-city-pa-2026-02-13","dct-lackawanna-county-pa-2025-10-01","dct-moosic-borough-pa-ordinance-2026-06-08","dct-olyphant-borough-pa-2026-03-31"]}},{"type":"Feature","geometry":{"type":"Polygon","coordinates":[[[-77.625,40.19],[-77.6147,40.1985],[-77.6054,40.1854],[-77.5581,40.2186],[-77.5369,40.2191],[-77.4195,40.2908],[-77.3601,40.3141],[-77.3612,40.3052],[-77.4029,40.2801],[-77.4215,40.2558],[-77.3851,40.2627],[-77.3286,40.2923],[-77.3232,40.2925],[-77.3305,40.2756],[-77.3122,40.2677],[-77.2392,40.2841],[-76.9769,40.3099],[-76.915,40.3285],[-76.9221,40.2855],[-76.9046,40.2606],[-76.859,40.226],[-76.8667,40.2161],[-76.8886,40.2137],[-76.9029,40.2246],[-76.9,40.2122],[-76.906,40.2171],[-76.9105,40.2055],[-76.9185,40.2102],[-76.9315,40.1994],[-76.9084,40.1902],[-76.9142,40.1828],[-76.9283,40.1838],[-76.9057,40.1659],[-76.978,40.1648],[-76.9713,40.1576],[-76.9769,40.1523],[-77.0315,40.1466],[-77.1856,40.0295],[-77.4035,39.9945],[-77.4711,39.9441],[-77.4541,39.9724],[-77.4954,40.0051],[-77.5171,40.0444],[-77.5325,40.0487],[-77.5323,40.0672],[-77.5456,40.0784],[-77.543,40.0896],[-77.5604,40.0943],[-77.5646,40.1217],[-77.5928,40.1352],[-77.6086,40.1531],[-77.625,40.19]]]},"properties":{"GEOID":"42041","state_fips":"42","state_abbr":"PA","county_name":"Cumberland County","category":"town_restriction","n_total":1,"n_live":1,"n_pending":0,"n_lapsed":0,"n_live_county_restriction":0,"n_live_town_restriction":1,"n_live_conditions":0,"action_ids":["dct-middlesex-township-pa-2026-05-07"]}},{"type":"Feature","geometry":{"type":"Polygon","coordinates":[[[-91.8314,41.8619],[-91.8311,42.2991],[-91.3633,42.2964],[-91.3662,41.8601],[-91.8314,41.8619]]]},"properties":{"GEOID":"19113","state_fips":"19","state_abbr":"IA","county_name":"Linn County","category":"county_restriction","n_total":4,"n_live":4,"n_pending":0,"n_lapsed":0,"n_live_county_restriction":3,"n_live_town_restriction":1,"n_live_conditions":0,"action_ids":["dct-linn-county-new-ordinance-ia-2026-03-01","ia-linn-county-2026","dct-linn-county-ia-eu3-rezoning-moratorium-2026-07-01","dct-palo-google-annexation-bypass-ia-2026-03-04"]}},{"type":"Feature","geometry":{"type":"Polygon","coordinates":[[[-91.7188,40.8135],[-91.716,41.1628],[-91.3703,41.1612],[-91.3721,40.8126],[-91.7188,40.8135]]]},"properties":{"GEOID":"19087","state_fips":"19","state_abbr":"IA","county_name":"Henry County","category":"county_restriction","n_total":1,"n_live":1,"n_pending":0,"n_lapsed":0,"n_live_county_restriction":1,"n_live_town_restriction":0,"n_live_conditions":0,"action_ids":["dct-henry-county-ia-2026-05-14"]}},{"type":"Feature","geometry":{"type":"MultiPolygon","coordinates":[[[[-87.9893,44.6046],[-87.9813,44.597],[-87.9791,44.587],[-87.9813,44.5867],[-87.9893,44.6046]]],[[[-87.9914,44.6736],[-87.9879,44.6776],[-87.9802,44.654],[-87.9914,44.6736]]],[[[-88.0006,44.6107],[-88.0034,44.6171],[-87.9915,44.6049],[-88.0006,44.6107]]],[[[-88.2526,44.6798],[-88.231,44.6796],[-88.2312,44.6724],[-88.1312,44.6769],[-87.9936,44.6772],[-88.0151,44.6349],[-88.0089,44.6319],[-88.0149,44.5855],[-88.0498,44.5648],[-88.0024,44.5387],[-87.9551,44.5289],[-87.929,44.536],[-87.8989,44.5741],[-87.9129,44.578],[-87.864,44.6155],[-87.7624,44.6445],[-87.766,44.3272],[-87.8875,44.3276],[-87.8881,44.2405],[-88.1926,44.2419],[-88.1901,44.5852],[-88.2452,44.5847],[-88.2428,44.6608],[-88.2524,44.6602],[-88.2526,44.6798]]]]},"properties":{"GEOID":"55009","state_fips":"55","state_abbr":"WI","county_name":"Brown County","category":"town_restriction","n_total":4,"n_live":4,"n_pending":0,"n_lapsed":0,"n_live_county_restriction":0,"n_live_town_restriction":4,"n_live_conditions":0,"action_ids":["wi-village-of-ashwaubenon-2026","wi-village-of-hobart-2026","wi-town-of-new-denmark-2026","wi-village-of-wrightstown-2026"]}},{"type":"Feature","geometry":{"type":"Polygon","coordinates":[[[-98.465,37.3841],[-98.4648,37.7327],[-97.8078,37.7339],[-97.8071,37.3863],[-98.465,37.3841]]]},"properties":{"GEOID":"20095","state_fips":"20","state_abbr":"KS","county_name":"Kingman County","category":"county_restriction","n_total":1,"n_live":1,"n_pending":0,"n_lapsed":0,"n_live_county_restriction":1,"n_live_town_restriction":0,"n_live_conditions":0,"action_ids":["ks-kingman-county-2026"]}},{"type":"Feature","geometry":{"type":"Polygon","coordinates":[[[-90.5991,39.7901],[-90.5659,39.8307],[-90.5824,39.8546],[-90.5835,39.8768],[-89.9944,39.8729],[-89.9847,39.7181],[-89.924,39.5584],[-89.926,39.5221],[-90.3018,39.5203],[-90.3007,39.6365],[-90.3381,39.6366],[-90.3378,39.6656],[-90.373,39.6658],[-90.3713,39.7531],[-90.4833,39.7534],[-90.4831,39.7892],[-90.5991,39.7901]]]},"properties":{"GEOID":"17137","state_fips":"17","state_abbr":"IL","county_name":"Morgan County","category":"county_restriction","n_total":1,"n_live":1,"n_pending":0,"n_lapsed":0,"n_live_county_restriction":1,"n_live_town_restriction":0,"n_live_conditions":0,"action_ids":["il-morgan-county-2026"]}},{"type":"Feature","geometry":{"type":"Polygon","coordinates":[[[-86.4691,37.3211],[-86.2092,37.3329],[-86.193,37.3279],[-86.1892,37.3406],[-86.1749,37.332],[-86.1576,37.3356],[-86.0491,37.2153],[-86.0743,37.0533],[-86.1922,37.0767],[-86.2186,37.104],[-86.2818,37.0806],[-86.3992,37.1699],[-86.4691,37.3211]]]},"properties":{"GEOID":"21061","state_fips":"21","state_abbr":"KY","county_name":"Edmonson County","category":"county_restriction","n_total":1,"n_live":1,"n_pending":0,"n_lapsed":0,"n_live_county_restriction":1,"n_live_town_restriction":0,"n_live_conditions":0,"action_ids":["ky-edmonson-county-2026"]}},{"type":"Feature","geometry":{"type":"Polygon","coordinates":[[[-81.0025,41.1342],[-81.0031,41.5015],[-80.5192,41.4993],[-80.5192,41.1332],[-81.0025,41.1342]]]},"properties":{"GEOID":"39155","state_fips":"39","state_abbr":"OH","county_name":"Trumbull County","category":"town_restriction","n_total":12,"n_live":10,"n_pending":2,"n_lapsed":0,"n_live_county_restriction":0,"n_live_town_restriction":10,"n_live_conditions":0,"action_ids":["oh-braceville-township-2026","dct-hubbard-city-oh-moratorium-project-milo-2026-05-18","oh-cortland-2026","oh-girard-undated","oh-howland-township-2026","oh-city-of-hubbard-2026","dct-hubbard-township-oh-2026-02-15","dct-lordstown-oh-2025-10-01","dct-lordstown-oh-smr-bess-moratorium-2026-06-15","oh-lordstown-2026","dct-lordstown-moratorium-extension-oh-2026-05-05","dct-vienna-township-oh-2026-02-01"]}},{"type":"Feature","geometry":{"type":"Polygon","coordinates":[[[-80.519,40.4774],[-80.519,40.8513],[-80.1585,40.8551],[-80.1451,40.6134],[-80.1808,40.6091],[-80.1845,40.5968],[-80.219,40.582],[-80.3608,40.4776],[-80.519,40.4774]]]},"properties":{"GEOID":"42007","state_fips":"42","state_abbr":"PA","county_name":"Beaver County","category":"town_restriction","n_total":2,"n_live":2,"n_pending":0,"n_lapsed":0,"n_live_county_restriction":0,"n_live_town_restriction":2,"n_live_conditions":0,"action_ids":["pa-center-township-2026","dct-shippingport-pa-2026-01-01"]}},{"type":"Feature","geometry":{"type":"Polygon","coordinates":[[[-88.8867,44.2426],[-88.4041,44.2441],[-88.4032,43.893],[-88.8857,43.8952],[-88.8867,44.2426]]]},"properties":{"GEOID":"55139","state_fips":"55","state_abbr":"WI","county_name":"Winnebago County","category":"pending_only","n_total":2,"n_live":0,"n_pending":2,"n_lapsed":0,"n_live_county_restriction":0,"n_live_town_restriction":0,"n_live_conditions":0,"action_ids":["dct-oshkosh-wi-moratorium-drafting-2026-07-14","dct-winnebago-county-wi-moratorium-2026-06-16"]}},{"type":"Feature","geometry":{"type":"Polygon","coordinates":[[[-83.9916,38.5937],[-83.9039,38.7682],[-83.859,38.7568],[-83.8367,38.7179],[-83.7871,38.6995],[-83.7693,38.6552],[-83.7208,38.6467],[-83.6714,38.6274],[-83.6451,38.6365],[-83.6246,38.6114],[-83.6419,38.5254],[-83.8593,38.4563],[-83.9423,38.5045],[-83.961,38.5329],[-83.9683,38.5828],[-83.9916,38.5937]]]},"properties":{"GEOID":"21161","state_fips":"21","state_abbr":"KY","county_name":"Mason County","category":"county_restriction","n_total":1,"n_live":1,"n_pending":0,"n_lapsed":0,"n_live_county_restriction":1,"n_live_town_restriction":0,"n_live_conditions":0,"action_ids":["dct-mason-county-ky-2026-03-01"]}},{"type":"Feature","geometry":{"type":"Polygon","coordinates":[[[-88.596,41.4571],[-88.2522,41.4631],[-88.2409,41.1144],[-88.5862,41.1083],[-88.596,41.4571]]]},"properties":{"GEOID":"17063","state_fips":"17","state_abbr":"IL","county_name":"Grundy County","category":"town_restriction","n_total":1,"n_live":1,"n_pending":0,"n_lapsed":0,"n_live_county_restriction":0,"n_live_town_restriction":1,"n_live_conditions":0,"action_ids":["dct-minooka-il-2025-10-01"]}},{"type":"Feature","geometry":{"type":"Polygon","coordinates":[[[-83.7053,38.6398],[-83.673,39.0204],[-83.6116,39.0189],[-83.3856,39.0552],[-83.3146,39.0522],[-83.3081,39.0403],[-83.2708,39.0158],[-83.2671,38.6182],[-83.2865,38.5992],[-83.3114,38.6033],[-83.3276,38.6375],[-83.3667,38.6585],[-83.4681,38.6755],[-83.521,38.703],[-83.6269,38.6794],[-83.6442,38.6378],[-83.6571,38.6279],[-83.7053,38.6398]]]},"properties":{"GEOID":"39001","state_fips":"39","state_abbr":"OH","county_name":"Adams County","category":"town_restriction","n_total":2,"n_live":2,"n_pending":0,"n_lapsed":0,"n_live_county_restriction":0,"n_live_town_restriction":2,"n_live_conditions":0,"action_ids":["dct-monroe-township-adams-county-oh-2026-03-09","oh-sprigg-township-2026"]}},{"type":"Feature","geometry":{"type":"Polygon","coordinates":[[[-86.3873,44.1811],[-86.2687,44.3453],[-86.2481,44.4209],[-86.2489,44.483],[-86.2347,44.5183],[-85.8178,44.513],[-85.8212,44.1642],[-86.3873,44.1811]]]},"properties":{"GEOID":"26101","state_fips":"26","state_abbr":"MI","county_name":"Manistee County","category":"town_restriction","n_total":1,"n_live":1,"n_pending":0,"n_lapsed":0,"n_live_county_restriction":0,"n_live_town_restriction":1,"n_live_conditions":0,"action_ids":["mi-filer-township-2026"]}},{"type":"Feature","geometry":{"type":"Polygon","coordinates":[[[-93.0243,43.4997],[-92.5531,43.5002],[-92.5544,43.2128],[-93.0241,43.2128],[-93.0243,43.4997]]]},"properties":{"GEOID":"19131","state_fips":"19","state_abbr":"IA","county_name":"Mitchell County","category":"county_restriction","n_total":1,"n_live":1,"n_pending":0,"n_lapsed":0,"n_live_county_restriction":1,"n_live_town_restriction":0,"n_live_conditions":0,"action_ids":["ia-mitchell-county-2025"]}},{"type":"Feature","geometry":{"type":"Polygon","coordinates":[[[-86.5408,43.6446],[-86.5292,43.6779],[-86.4543,43.7566],[-86.4308,43.8194],[-86.0379,43.8156],[-86.0395,43.4674],[-86.4615,43.4723],[-86.4793,43.5153],[-86.5295,43.5935],[-86.5408,43.6446]]]},"properties":{"GEOID":"26127","state_fips":"26","state_abbr":"MI","county_name":"Oceana County","category":"town_restriction","n_total":1,"n_live":1,"n_pending":0,"n_lapsed":0,"n_live_county_restriction":0,"n_live_town_restriction":1,"n_live_conditions":0,"action_ids":["mi-hart-2026"]}},{"type":"Feature","geometry":{"type":"Polygon","coordinates":[[[-88.0634,43.1921],[-88.0624,43.3673],[-88.04,43.3679],[-88.0405,43.5424],[-87.7919,43.543],[-87.7917,43.4922],[-87.8125,43.4504],[-87.8696,43.3872],[-87.9118,43.2504],[-87.8921,43.192],[-88.0634,43.1921]]]},"properties":{"GEOID":"55089","state_fips":"55","state_abbr":"WI","county_name":"Ozaukee County","category":"town_restriction","n_total":5,"n_live":5,"n_pending":0,"n_lapsed":0,"n_live_county_restriction":0,"n_live_town_restriction":3,"n_live_conditions":2,"action_ids":["dct-port-washington-i3-zoning-annexation-wi-2025-05-01","dct-port-washington-tid5-creation-wi-2025-11-04","dct-port-washington-vantage-development-agreement-wi-2025-08-19","dct-port-washington-construction-hours-ordinance-wi-2026-03-25","dct-port-washington-tid5-plan-commission-wi-2025-10-16"]}},{"type":"Feature","geometry":{"type":"Polygon","coordinates":[[[-88.0418,43.8917],[-88.0432,44.241],[-87.8881,44.2405],[-87.8875,44.3276],[-87.543,44.3275],[-87.5412,44.2931],[-87.5084,44.2297],[-87.5129,44.1928],[-87.5399,44.1597],[-87.6481,44.1037],[-87.6561,44.0518],[-87.6834,44.0201],[-87.7313,43.8922],[-88.0418,43.8917]]]},"properties":{"GEOID":"55071","state_fips":"55","state_abbr":"WI","county_name":"Manitowoc County","category":"county_restriction","n_total":5,"n_live":5,"n_pending":0,"n_lapsed":0,"n_live_county_restriction":2,"n_live_town_restriction":3,"n_live_conditions":0,"action_ids":["wi-manitowoc-county-2026","dct-manitowoc-county-three-towns-resolution-wi-2026-02-20","dct-mishicot-wi-2026-02-01","dct-two-creeks-wi-2026-02-01","dct-two-rivers-wi-2026-02-01"]}},{"type":"Feature","geometry":{"type":"Polygon","coordinates":[[[-83.0569,35.0538],[-83.0439,35.0783],[-82.9765,35.1333],[-82.9966,35.1634],[-82.9812,35.1676],[-82.9886,35.1745],[-82.9869,35.1876],[-82.9706,35.193],[-82.9596,35.2155],[-82.9286,35.2346],[-82.9209,35.292],[-82.8764,35.3146],[-82.832,35.3183],[-82.8032,35.3502],[-82.7878,35.381],[-82.7456,35.4073],[-82.7451,35.423],[-82.6192,35.3037],[-82.6188,35.2884],[-82.6102,35.2882],[-82.6161,35.2601],[-82.6043,35.2589],[-82.5909,35.1624],[-82.5742,35.1437],[-82.6124,35.1382],[-82.629,35.1262],[-82.641,35.1323],[-82.6624,35.1181],[-82.6733,35.1175],[-82.6814,35.1279],[-82.6936,35.1169],[-82.6865,35.1082],[-82.6977,35.0957],[-82.7005,35.1008],[-82.727,35.0941],[-82.7384,35.0795],[-82.7518,35.0799],[-82.7542,35.0696],[-82.77,35.0655],[-82.782,35.0668],[-82.7764,35.0813],[-82.7879,35.085],[-83.0087,35.0276],[-83.0569,35.0538]]]},"properties":{"GEOID":"37175","state_fips":"37","state_abbr":"NC","county_name":"Transylvania County","category":"lapsed_only","n_total":1,"n_live":0,"n_pending":0,"n_lapsed":1,"n_live_county_restriction":0,"n_live_town_restriction":0,"n_live_conditions":0,"action_ids":["nc-brevard-2026"]}},{"type":"Feature","geometry":{"type":"Polygon","coordinates":[[[-84.4587,33.5509],[-84.4577,33.6485],[-84.453,33.6412],[-84.4483,33.6488],[-84.2817,33.6473],[-84.2721,33.6312],[-84.2626,33.631],[-84.263,33.607],[-84.2439,33.5986],[-84.2531,33.5822],[-84.2636,33.5822],[-84.2637,33.5489],[-84.2926,33.5491],[-84.293,33.533],[-84.2825,33.5329],[-84.2839,33.4843],[-84.2942,33.4843],[-84.2947,33.4357],[-84.3043,33.4356],[-84.3042,33.4274],[-84.3234,33.428],[-84.3232,33.4359],[-84.3536,33.4362],[-84.3544,33.3525],[-84.3881,33.3525],[-84.3951,33.3603],[-84.3963,33.3733],[-84.3865,33.3765],[-84.3948,33.3944],[-84.3845,33.4015],[-84.3931,33.42],[-84.4023,33.4201],[-84.4022,33.4364],[-84.3837,33.4444],[-84.3888,33.4503],[-84.3816,33.463],[-84.3962,33.4849],[-84.4206,33.494],[-84.4204,33.5096],[-84.4336,33.5244],[-84.4394,33.5507],[-84.4587,33.5509]]]},"properties":{"GEOID":"13063","state_fips":"13","state_abbr":"GA","county_name":"Clayton County","category":"county_restriction","n_total":1,"n_live":1,"n_pending":0,"n_lapsed":0,"n_live_county_restriction":1,"n_live_town_restriction":0,"n_live_conditions":0,"action_ids":["ga-clayton-county-2025"]}},{"type":"Feature","geometry":{"type":"Polygon","coordinates":[[[-84.1183,30.9692],[-84.1166,31.078],[-84.0036,31.0773],[-84.0039,31.0416],[-83.7957,31.0387],[-83.7961,31.026],[-83.7811,31.0258],[-83.7808,31.0385],[-83.7362,31.0377],[-83.7437,30.6584],[-84.0838,30.6758],[-84.0758,30.9119],[-84.1183,30.9692]]]},"properties":{"GEOID":"13275","state_fips":"13","state_abbr":"GA","county_name":"Thomas County","category":"county_restriction","n_total":1,"n_live":1,"n_pending":0,"n_lapsed":0,"n_live_county_restriction":1,"n_live_town_restriction":0,"n_live_conditions":0,"action_ids":["ga-thomas-county-2026"]}},{"type":"Feature","geometry":{"type":"Polygon","coordinates":[[[-85.8648,40.6517],[-85.4488,40.6536],[-85.4443,40.3791],[-85.8623,40.3784],[-85.8648,40.6517]]]},"properties":{"GEOID":"18053","state_fips":"18","state_abbr":"IN","county_name":"Grant County","category":"county_restriction","n_total":1,"n_live":1,"n_pending":0,"n_lapsed":0,"n_live_county_restriction":1,"n_live_town_restriction":0,"n_live_conditions":0,"action_ids":["dct-grant-county-in-moratorium-2026-02"]}},{"type":"Feature","geometry":{"type":"Polygon","coordinates":[[[-86.4671,41.4765],[-86.0595,41.4792],[-86.054,41.1731],[-86.467,41.1714],[-86.4671,41.4765]]]},"properties":{"GEOID":"18099","state_fips":"18","state_abbr":"IN","county_name":"Marshall County","category":"county_restriction","n_total":2,"n_live":1,"n_pending":0,"n_lapsed":1,"n_live_county_restriction":1,"n_live_town_restriction":0,"n_live_conditions":0,"action_ids":["dct-marshall-county-in-2025-02-01","in-marshall-county-2025"]}},{"type":"Feature","geometry":{"type":"Polygon","coordinates":[[[-86.9308,40.9124],[-86.9302,41.1723],[-86.467,41.1714],[-86.4685,40.9099],[-86.9308,40.9124]]]},"properties":{"GEOID":"18131","state_fips":"18","state_abbr":"IN","county_name":"Pulaski County","category":"county_restriction","n_total":1,"n_live":1,"n_pending":0,"n_lapsed":0,"n_live_county_restriction":1,"n_live_town_restriction":0,"n_live_conditions":0,"action_ids":["in-pulaski-county-2026"]}},{"type":"Feature","geometry":{"type":"Polygon","coordinates":[[[-94.2416,41.1571],[-94.2416,41.5037],[-93.8971,41.5031],[-93.7906,41.5119],[-93.7892,41.162],[-94.2416,41.1571]]]},"properties":{"GEOID":"19121","state_fips":"19","state_abbr":"IA","county_name":"Madison County","category":"county_restriction","n_total":1,"n_live":1,"n_pending":0,"n_lapsed":0,"n_live_county_restriction":1,"n_live_town_restriction":0,"n_live_conditions":0,"action_ids":["ia-madison-county-2026"]}},{"type":"Feature","geometry":{"type":"Polygon","coordinates":[[[-85.0498,33.9526],[-84.9787,33.9514],[-84.9227,34.0825],[-84.9143,34.0826],[-84.9144,34.0753],[-84.8968,34.0825],[-84.7378,34.0823],[-84.7396,33.9476],[-84.7232,33.9475],[-84.7241,33.7886],[-84.8792,33.7748],[-85.0379,33.8119],[-85.0367,33.9043],[-85.0503,33.9045],[-85.0498,33.9526]]]},"properties":{"GEOID":"13223","state_fips":"13","state_abbr":"GA","county_name":"Paulding County","category":"county_restriction","n_total":1,"n_live":1,"n_pending":0,"n_lapsed":0,"n_live_county_restriction":1,"n_live_town_restriction":0,"n_live_conditions":0,"action_ids":["ga-paulding-county-2026"]}},{"type":"Feature","geometry":{"type":"Polygon","coordinates":[[[-80.9736,36.4535],[-80.927,36.5011],[-80.9017,36.5617],[-80.7048,36.5623],[-80.4403,36.5506],[-80.4527,36.2417],[-80.471,36.261],[-80.5342,36.2585],[-80.537,36.28],[-80.548,36.2854],[-80.5928,36.2699],[-80.6282,36.2879],[-80.6267,36.2749],[-80.643,36.2726],[-80.6533,36.2526],[-80.6732,36.2522],[-80.6846,36.2688],[-80.734,36.2675],[-80.7373,36.2804],[-80.7523,36.2633],[-80.7765,36.2736],[-80.7784,36.2569],[-80.7972,36.248],[-80.8084,36.2543],[-80.8732,36.2363],[-80.8687,36.3264],[-80.8931,36.3409],[-80.9058,36.3611],[-80.9314,36.3669],[-80.9554,36.3845],[-80.9549,36.3937],[-80.9672,36.402],[-80.9472,36.4191],[-80.9736,36.4535]]]},"properties":{"GEOID":"37171","state_fips":"37","state_abbr":"NC","county_name":"Surry County","category":"county_restriction","n_total":2,"n_live":2,"n_pending":0,"n_lapsed":0,"n_live_county_restriction":1,"n_live_town_restriction":1,"n_live_conditions":0,"action_ids":["nc-city-of-mount-airy-2026","nc-surry-county-2026"]}},{"type":"Feature","geometry":{"type":"Polygon","coordinates":[[[-91.3692,38.6993],[-91.3491,38.6954],[-91.3131,38.7067],[-91.233,38.6513],[-91.225,38.6208],[-91.1251,38.5977],[-91.0559,38.6083],[-91.0372,38.5986],[-91.0141,38.566],[-90.9268,38.5343],[-90.896,38.5406],[-90.813,38.5856],[-90.7736,38.5946],[-90.7323,38.6393],[-90.7376,38.4159],[-90.7802,38.2041],[-91.3676,38.204],[-91.3692,38.6993]]]},"properties":{"GEOID":"29071","state_fips":"29","state_abbr":"MO","county_name":"Franklin County","category":"pending_only","n_total":3,"n_live":0,"n_pending":3,"n_lapsed":0,"n_live_county_restriction":0,"n_live_town_restriction":0,"n_live_conditions":0,"action_ids":["dct-franklin-county-regulations-mo-2026-03-17","dct-pacific-mo-2026-02-25","dct-villa-ridge-franklin-county-mo-2026-01-15"]}},{"type":"Feature","geometry":{"type":"Polygon","coordinates":[[[-69.3557,45.0735],[-68.8566,45.1428],[-68.8809,45.2249],[-68.7761,45.2403],[-68.8573,45.5273],[-68.9647,45.5124],[-68.9517,45.5822],[-68.9507,45.6384],[-68.9589,45.6622],[-68.827,45.6848],[-68.8194,46.3958],[-68.6949,46.3955],[-68.6949,46.3826],[-68.4364,46.3821],[-68.4369,46.0429],[-68.4266,45.8534],[-68.433,45.5785],[-68.4144,45.5728],[-68.3008,45.5905],[-68.2575,45.5979],[-68.2601,45.6045],[-68.048,45.6399],[-67.9579,45.3532],[-67.9669,45.3519],[-67.9398,45.2678],[-68.3037,45.2215],[-68.2705,45.1001],[-68.3969,45.0833],[-68.3759,44.9974],[-68.5011,44.9807],[-68.4452,44.763],[-68.6167,44.741],[-68.6471,44.7036],[-68.6909,44.7217],[-68.7269,44.6961],[-68.744,44.6606],[-68.7719,44.6644],[-68.7663,44.6757],[-68.7851,44.6784],[-68.786,44.6867],[-68.8158,44.6838],[-68.8356,44.6913],[-68.8375,44.7021],[-69.1837,44.644],[-69.2052,44.7296],[-69.2668,44.7219],[-69.2863,44.808],[-69.2813,44.8087],[-69.3557,45.0735]]]},"properties":{"GEOID":"23019","state_fips":"23","state_abbr":"ME","county_name":"Penobscot County","category":"town_restriction","n_total":1,"n_live":1,"n_pending":0,"n_lapsed":0,"n_live_county_restriction":0,"n_live_town_restriction":1,"n_live_conditions":0,"action_ids":["me-bangor-2026"]}},{"type":"Feature","geometry":{"type":"Polygon","coordinates":[[[-106.2505,35.7558],[-106.2082,35.7781],[-106.1719,35.8278],[-106.2254,35.8288],[-106.2483,35.8392],[-106.2456,35.9307],[-106.0543,35.9308],[-106.0542,35.9859],[-106.0659,35.9893],[-106.0713,36.002],[-105.7168,36.0023],[-105.7222,35.8121],[-105.7144,35.0416],[-106.2439,35.04],[-106.2505,35.7558]]]},"properties":{"GEOID":"35049","state_fips":"35","state_abbr":"NM","county_name":"Santa Fe County","category":"county_restriction","n_total":2,"n_live":2,"n_pending":0,"n_lapsed":0,"n_live_county_restriction":2,"n_live_town_restriction":0,"n_live_conditions":0,"action_ids":["nm-santa-fe-county-2026","dct-santa-fe-county-nm-moratorium-2026-06-16"]}},{"type":"Feature","geometry":{"type":"Polygon","coordinates":[[[-85.9957,30.2747],[-85.9927,30.3893],[-85.965,30.4107],[-85.9402,30.4086],[-85.9239,30.4164],[-85.9076,30.4058],[-85.884,30.4103],[-85.8535,30.4406],[-85.488,30.437],[-85.4864,30.5676],[-85.3839,30.5669],[-85.3887,29.9244],[-85.4204,29.9472],[-85.5023,29.9678],[-85.5956,30.0506],[-85.6997,30.0987],[-85.8112,30.1783],[-85.9957,30.2747]]]},"properties":{"GEOID":"12005","state_fips":"12","state_abbr":"FL","county_name":"Bay County","category":"town_restriction","n_total":1,"n_live":1,"n_pending":0,"n_lapsed":0,"n_live_county_restriction":0,"n_live_town_restriction":1,"n_live_conditions":0,"action_ids":["fl-lynn-haven-2026"]}},{"type":"Feature","geometry":{"type":"Polygon","coordinates":[[[-89.1672,41.6287],[-88.6022,41.6314],[-88.5862,41.1083],[-88.9309,41.1059],[-88.9314,40.9277],[-89.0477,40.9257],[-89.0474,41.1048],[-89.1622,41.104],[-89.1672,41.6287]]]},"properties":{"GEOID":"17099","state_fips":"17","state_abbr":"IL","county_name":"LaSalle County","category":"county_restriction","n_total":2,"n_live":2,"n_pending":0,"n_lapsed":0,"n_live_county_restriction":1,"n_live_town_restriction":1,"n_live_conditions":0,"action_ids":["il-la-salle-county-2026","dct-ottawa-il-moratorium-2026-03"]}},{"type":"Feature","geometry":{"type":"Polygon","coordinates":[[[-84.8712,30.7338],[-84.8499,30.7722],[-84.8139,30.7814],[-84.801,30.8014],[-84.7877,30.8004],[-84.7891,30.8165],[-84.7689,30.8371],[-84.7695,30.8764],[-84.7669,30.8853],[-84.7559,30.8853],[-84.7529,31.0412],[-84.7316,31.0501],[-84.7309,31.0692],[-84.6458,31.068],[-84.6447,31.0795],[-84.3766,31.0789],[-84.3807,30.69],[-84.8635,30.7115],[-84.8712,30.7338]]]},"properties":{"GEOID":"13087","state_fips":"13","state_abbr":"GA","county_name":"Decatur County","category":"county_restriction","n_total":1,"n_live":1,"n_pending":0,"n_lapsed":0,"n_live_county_restriction":1,"n_live_town_restriction":0,"n_live_conditions":0,"action_ids":["ga-decatur-county-2026"]}},{"type":"Feature","geometry":{"type":"Polygon","coordinates":[[[-85.3382,33.6531],[-85.2897,33.6521],[-85.139,33.7],[-85.115,33.6913],[-85.0665,33.715],[-85.0509,33.7146],[-85.049,33.8123],[-84.9712,33.7996],[-84.9017,33.7807],[-84.9023,33.7306],[-84.9109,33.731],[-84.911,33.7246],[-84.9016,33.722],[-84.9058,33.5734],[-84.8089,33.5741],[-84.8326,33.5471],[-84.8147,33.5224],[-84.8276,33.5133],[-84.8493,33.5132],[-84.8553,33.4959],[-84.9025,33.4758],[-84.9213,33.4453],[-84.9374,33.4368],[-84.9819,33.4573],[-84.9888,33.4536],[-84.9865,33.4413],[-85.0154,33.4255],[-85.2939,33.4281],[-85.3382,33.6531]]]},"properties":{"GEOID":"13045","state_fips":"13","state_abbr":"GA","county_name":"Carroll County","category":"county_restriction","n_total":1,"n_live":1,"n_pending":0,"n_lapsed":0,"n_live_county_restriction":1,"n_live_town_restriction":0,"n_live_conditions":0,"action_ids":["ga-carroll-county-2026"]}},{"type":"Feature","geometry":{"type":"Polygon","coordinates":[[[-97.5506,32.5554],[-97.5442,32.9942],[-97.031,32.9897],[-97.0387,32.5487],[-97.5506,32.5554]]]},"properties":{"GEOID":"48439","state_fips":"48","state_abbr":"TX","county_name":"Tarrant County","category":"pending_only","n_total":2,"n_live":0,"n_pending":2,"n_lapsed":0,"n_live_county_restriction":0,"n_live_town_restriction":0,"n_live_conditions":0,"action_ids":["dct-fort-worth-tx-crypto-ban-zoning-rules-2026-06-02","dct-fort-worth-southeast-tx-2025-01-01"]}},{"type":"Feature","geometry":{"type":"Polygon","coordinates":[[[-101.2676,31.5565],[-100.8653,31.5623],[-100.8611,31.7054],[-100.8254,31.6962],[-100.2358,31.693],[-100.2338,31.5822],[-100.1112,31.5803],[-100.1152,31.088],[-100.6888,31.0866],[-100.6931,31.524],[-101.2679,31.5287],[-101.2676,31.5565]]]},"properties":{"GEOID":"48451","state_fips":"48","state_abbr":"TX","county_name":"Tom Green County","category":"pending_only","n_total":1,"n_live":0,"n_pending":1,"n_lapsed":0,"n_live_county_restriction":0,"n_live_town_restriction":0,"n_live_conditions":0,"action_ids":["dct-san-angelo-tx-zoning-ordinance-2026-04-20"]}},{"type":"Feature","geometry":{"type":"Polygon","coordinates":[[[-119.7121,39.251],[-119.6473,39.2668],[-119.4788,39.3379],[-119.2573,39.6513],[-119.1893,39.6514],[-119.1907,39.6318],[-119.1793,39.6513],[-119.1129,39.6891],[-119.0634,39.7371],[-119.0586,39.7371],[-119.0586,39.7299],[-119.0771,39.7226],[-119.0771,39.6368],[-119.0891,39.6368],[-119.0905,39.5189],[-119.1176,39.5189],[-119.1177,39.3887],[-119.0997,39.3879],[-119.0995,39.3738],[-119.0812,39.3736],[-119.0809,39.3594],[-119.0623,39.3593],[-119.0623,39.3446],[-119.0443,39.3446],[-119.0442,39.3301],[-119.0255,39.3301],[-119.0255,39.3156],[-119.0068,39.3156],[-119.0068,39.3],[-118.9878,39.3],[-118.9877,39.2855],[-118.965,39.2855],[-118.965,39.2707],[-118.9464,39.2707],[-118.9463,39.2562],[-118.9278,39.2562],[-118.9277,39.2417],[-118.9091,39.2417],[-118.909,39.2272],[-118.8907,39.2272],[-118.8908,39.1982],[-118.8668,39.1982],[-118.8667,39.1853],[-118.8481,39.1853],[-118.8481,39.1712],[-118.8294,39.1711],[-118.8294,39.1563],[-118.8108,39.1563],[-118.8108,39.1418],[-118.7922,39.1418],[-118.7922,39.1129],[-118.7551,39.1128],[-118.7551,39.0747],[-118.9187,39.0752],[-119.0149,38.9441],[-119.0145,38.852],[-118.9021,38.8519],[-118.9062,38.4154],[-119.1556,38.4138],[-119.3301,38.5359],[-119.3299,38.6487],[-119.3478,38.6488],[-119.3499,38.7362],[-119.406,38.7335],[-119.403,38.8093],[-119.4122,38.8093],[-119.4123,38.8239],[-119.4216,38.8239],[-119.4218,38.8529],[-119.4401,38.853],[-119.4398,38.8821],[-119.4217,38.8822],[-119.4202,38.9547],[-119.4023,38.9547],[-119.4019,38.9837],[-119.3105,38.9909],[-119.3108,39.0847],[-119.5504,39.0863],[-119.5611,39.1364],[-119.5747,39.155],[-119.5607,39.1785],[-119.5615,39.1944],[-119.6479,39.1951],[-119.6823,39.2092],[-119.7121,39.251]]]},"properties":{"GEOID":"32019","state_fips":"32","state_abbr":"NV","county_name":"Lyon County","category":"county_restriction","n_total":3,"n_live":3,"n_pending":0,"n_lapsed":0,"n_live_county_restriction":3,"n_live_town_restriction":0,"n_live_conditions":0,"action_ids":["dct-lyon-county-monarch-nv-2025-12","dct-lyon-county-silver-springs-nv-2025-11-01","dct-yerington-lyon-county-nv-2025-08-01"]}},{"type":"Feature","geometry":{"type":"Polygon","coordinates":[[[-114.0525,37.6048],[-114.0499,38.1488],[-112.4788,38.1474],[-112.479,37.9777],[-112.467,37.9777],[-112.4683,37.8905],[-112.5885,37.8904],[-112.5886,37.8822],[-112.5785,37.8821],[-112.5786,37.8045],[-112.6893,37.8056],[-112.6838,37.5437],[-112.9012,37.5435],[-112.9009,37.5],[-113.0371,37.4997],[-113.037,37.4745],[-113.2535,37.4822],[-113.2533,37.529],[-113.474,37.5291],[-113.4745,37.6183],[-113.5878,37.6182],[-113.5878,37.6046],[-114.0525,37.6048]]]},"properties":{"GEOID":"49021","state_fips":"49","state_abbr":"UT","county_name":"Iron County","category":"county_restriction","n_total":2,"n_live":2,"n_pending":0,"n_lapsed":0,"n_live_county_restriction":2,"n_live_town_restriction":0,"n_live_conditions":0,"action_ids":["ut-iron-county-2026","dct-iron-county-ut-180-day-moratorium-2026-05-26"]}},{"type":"Feature","geometry":{"type":"Polygon","coordinates":[[[-114.0502,38.573],[-114.0477,39.5427],[-113.8158,39.5441],[-113.8157,39.5526],[-112.212,39.554],[-112.2027,39.5404],[-112.1933,39.5405],[-112.1932,39.526],[-112.212,39.526],[-112.212,39.5116],[-112.2026,39.5043],[-112.2026,39.4899],[-112.1933,39.4898],[-112.1889,39.3294],[-112.0721,39.3297],[-112.0722,39.3149],[-112.016,39.3146],[-112.0189,38.9959],[-112.0564,38.9957],[-112.0564,38.9884],[-112.0657,38.9884],[-112.0652,38.9593],[-112.1339,38.9593],[-112.134,38.9355],[-112.1519,38.9355],[-112.1508,38.9065],[-112.1694,38.9061],[-112.1716,38.8786],[-112.1885,38.8794],[-112.1885,38.8648],[-112.2245,38.8648],[-112.2284,38.764],[-112.2191,38.764],[-112.2184,38.7274],[-112.2366,38.7271],[-112.2415,38.7125],[-112.2823,38.7015],[-112.2823,38.6869],[-112.3099,38.6834],[-112.31,38.6763],[-112.3566,38.6767],[-112.3565,38.6839],[-112.366,38.6842],[-112.4475,38.6813],[-112.4477,38.6739],[-112.466,38.6739],[-112.4752,38.6447],[-112.4844,38.6446],[-112.4848,38.6006],[-112.5031,38.6006],[-112.5031,38.5714],[-114.0502,38.573]]]},"properties":{"GEOID":"49027","state_fips":"49","state_abbr":"UT","county_name":"Millard County","category":"county_restriction","n_total":2,"n_live":2,"n_pending":0,"n_lapsed":0,"n_live_county_restriction":2,"n_live_town_restriction":0,"n_live_conditions":0,"action_ids":["dct-millard-county-ut-2025-06-03","dct-millard-county-ut-solar-2026-01"]}},{"type":"Feature","geometry":{"type":"Polygon","coordinates":[[[-81.4889,41.6268],[-81.4342,41.679],[-81.2838,41.7621],[-81.2411,41.7624],[-81.1285,41.8111],[-81.0022,41.8531],[-81.0036,41.7151],[-81.1023,41.7143],[-81.1014,41.6415],[-81.2947,41.6409],[-81.2959,41.5699],[-81.4878,41.5701],[-81.4889,41.6268]]]},"properties":{"GEOID":"39085","state_fips":"39","state_abbr":"OH","county_name":"Lake County","category":"town_restriction","n_total":1,"n_live":1,"n_pending":0,"n_lapsed":0,"n_live_county_restriction":0,"n_live_town_restriction":1,"n_live_conditions":0,"action_ids":["dct-painesville-township-oh-moratorium-2026-05-21"]}},{"type":"Feature","geometry":{"type":"Polygon","coordinates":[[[-85.6001,30.8338],[-85.5756,30.8986],[-85.5477,30.9322],[-85.5303,30.9393],[-85.5305,30.9716],[-85.498,30.9969],[-85.0019,31.0007],[-85.0059,30.977],[-84.9801,30.9613],[-84.9831,30.9348],[-84.9349,30.8845],[-84.9366,30.859],[-84.9257,30.8427],[-84.9374,30.8209],[-84.9143,30.7536],[-84.8961,30.7506],[-84.8579,30.6984],[-84.8881,30.6631],[-84.9056,30.622],[-84.9325,30.6064],[-85.1677,30.608],[-85.1719,30.5643],[-85.4348,30.5676],[-85.4323,30.7855],[-85.4827,30.7859],[-85.4823,30.8295],[-85.6001,30.8338]]]},"properties":{"GEOID":"12063","state_fips":"12","state_abbr":"FL","county_name":"Jackson County","category":"county_restriction","n_total":1,"n_live":1,"n_pending":0,"n_lapsed":0,"n_live_county_restriction":1,"n_live_town_restriction":0,"n_live_conditions":0,"action_ids":["dct-jackson-county-fl-moratorium-2026-05-26"]}},{"type":"Feature","geometry":{"type":"Polygon","coordinates":[[[-79.0163,35.8632],[-78.9506,36.2393],[-78.8023,36.2358],[-78.8075,36.0873],[-78.7921,36.0853],[-78.7837,36.07],[-78.7513,36.0708],[-78.7536,36.0314],[-78.7402,36.0236],[-78.72,36.0296],[-78.7074,36.0111],[-78.6998,36.0114],[-78.717,35.9613],[-78.7591,35.9184],[-78.8048,35.9276],[-78.83,35.867],[-79.0163,35.8632]]]},"properties":{"GEOID":"37063","state_fips":"37","state_abbr":"NC","county_name":"Durham County","category":"county_restriction","n_total":3,"n_live":3,"n_pending":0,"n_lapsed":0,"n_live_county_restriction":1,"n_live_town_restriction":2,"n_live_conditions":0,"action_ids":["nc-durham-2026","dct-durham-nc-60-day-moratorium-2026-05-04","nc-durham-county-2026"]}},{"type":"Feature","geometry":{"type":"Polygon","coordinates":[[[-89.2694,40.5943],[-89.1338,40.5967],[-89.1342,40.6115],[-89.1011,40.6123],[-89.1016,40.625],[-89.0444,40.6274],[-89.0453,40.6639],[-88.9847,40.665],[-88.9869,40.7523],[-88.5843,40.7576],[-88.5745,40.6165],[-88.4595,40.6173],[-88.4604,40.2819],[-89.2626,40.2809],[-89.2694,40.5943]]]},"properties":{"GEOID":"17113","state_fips":"17","state_abbr":"IL","county_name":"McLean County","category":"town_restriction","n_total":3,"n_live":3,"n_pending":0,"n_lapsed":0,"n_live_county_restriction":0,"n_live_town_restriction":3,"n_live_conditions":0,"action_ids":["il-city-of-bloomington-2026","il-town-of-normal-2026","dct-normal-il-moratorium-2026-05-18"]}},{"type":"Feature","geometry":{"type":"Polygon","coordinates":[[[-83.9321,43.2204],[-83.4607,43.2231],[-83.4533,42.8763],[-83.6894,42.8713],[-83.6865,42.7833],[-83.9225,42.7808],[-83.9321,43.2204]]]},"properties":{"GEOID":"26049","state_fips":"26","state_abbr":"MI","county_name":"Genesee County","category":"town_restriction","n_total":3,"n_live":2,"n_pending":1,"n_lapsed":0,"n_live_county_restriction":0,"n_live_town_restriction":2,"n_live_conditions":0,"action_ids":["mi-fenton-township-2026","mi-city-of-flint-2026","mi-grand-blanc-township-2026"]}},{"type":"Feature","geometry":{"type":"Polygon","coordinates":[[[-77.3348,38.8538],[-77.3288,38.8648],[-77.3048,38.8634],[-77.2923,38.8716],[-77.2689,38.8628],[-77.2705,38.8409],[-77.3031,38.8328],[-77.3187,38.8352],[-77.3348,38.8538]],[[-77.3165,38.8461],[-77.3088,38.8428],[-77.3066,38.8463],[-77.3165,38.8461]]]},"properties":{"GEOID":"51600","state_fips":"51","state_abbr":"VA","county_name":"Fairfax city","category":"county_restriction","n_total":1,"n_live":1,"n_pending":0,"n_lapsed":0,"n_live_county_restriction":1,"n_live_town_restriction":0,"n_live_conditions":0,"action_ids":["dct-fairfax-county-va-2024-09-01"]}},{"type":"Feature","geometry":{"type":"Polygon","coordinates":[[[-102.2056,47.3281],[-102.2053,47.5745],[-102.1599,47.5653],[-102.0366,47.5727],[-102.0216,47.5596],[-102.0319,47.5438],[-102.0262,47.5379],[-101.9628,47.5379],[-101.892,47.5051],[-101.8238,47.4944],[-101.7075,47.5383],[-101.6114,47.5288],[-101.4987,47.5564],[-101.428,47.562],[-101.3693,47.5224],[-101.4242,47.4915],[-101.4401,47.4773],[-101.4415,47.4635],[-101.4123,47.4355],[-101.3945,47.3903],[-101.3603,47.3651],[-101.3457,47.2919],[-101.2608,47.2691],[-101.2576,47.2413],[-101.7646,47.2412],[-101.7644,46.9813],[-102.1449,46.9814],[-102.1445,47.3281],[-102.2056,47.3281]]]},"properties":{"GEOID":"38057","state_fips":"38","state_abbr":"ND","county_name":"Mercer County","category":"county_restriction","n_total":1,"n_live":1,"n_pending":0,"n_lapsed":0,"n_live_county_restriction":1,"n_live_town_restriction":0,"n_live_conditions":0,"action_ids":["nd-mercer-county-2026"]}},{"type":"Feature","geometry":{"type":"Polygon","coordinates":[[[-83.2609,40.0028],[-83.2517,40.0084],[-83.2551,40.0486],[-83.2122,40.0481],[-83.2063,40.1077],[-83.1702,40.1071],[-83.1699,40.1431],[-82.7618,40.1259],[-82.7825,39.9397],[-82.8108,39.9412],[-82.8131,39.9117],[-82.7944,39.9108],[-82.8025,39.823],[-82.8215,39.8243],[-82.8243,39.795],[-83.2437,39.8125],[-83.252,39.9174],[-83.2256,39.9323],[-83.2502,39.9703],[-83.2461,39.9873],[-83.2609,40.0028]]]},"properties":{"GEOID":"39049","state_fips":"39","state_abbr":"OH","county_name":"Franklin County","category":"town_restriction","n_total":4,"n_live":4,"n_pending":0,"n_lapsed":0,"n_live_county_restriction":0,"n_live_town_restriction":4,"n_live_conditions":0,"action_ids":["dct-dublin-oh-west-innovation-rezoning-2026-07-01","dct-grove-city-oh-moratorium-2026-06-01","oh-grove-city-2026","oh-washington-township-2025"]}},{"type":"Feature","geometry":{"type":"Polygon","coordinates":[[[-83.8811,41.1678],[-83.4211,41.1668],[-83.4203,40.9919],[-83.4578,40.9917],[-83.4577,40.9485],[-83.4768,40.9484],[-83.4767,40.905],[-83.5147,40.9051],[-83.5159,40.8181],[-83.8801,40.8199],[-83.8811,41.1678]]]},"properties":{"GEOID":"39063","state_fips":"39","state_abbr":"OH","county_name":"Hancock County","category":"town_restriction","n_total":1,"n_live":1,"n_pending":0,"n_lapsed":0,"n_live_county_restriction":0,"n_live_town_restriction":1,"n_live_conditions":0,"action_ids":["oh-findlay-2026"]}},{"type":"Feature","geometry":{"type":"Polygon","coordinates":[[[-78.1921,35.7305],[-77.8974,35.8439],[-77.8739,35.8497],[-77.8447,35.8376],[-77.8284,35.8672],[-77.7513,35.8278],[-77.7184,35.7288],[-77.6651,35.6749],[-77.8062,35.5835],[-77.9984,35.5856],[-78.058,35.5978],[-78.0648,35.5853],[-78.1256,35.6031],[-78.1613,35.7129],[-78.1921,35.7305]]]},"properties":{"GEOID":"37195","state_fips":"37","state_abbr":"NC","county_name":"Wilson County","category":"town_restriction","n_total":1,"n_live":1,"n_pending":0,"n_lapsed":0,"n_live_county_restriction":0,"n_live_town_restriction":1,"n_live_conditions":0,"action_ids":["nc-city-of-wilson-2026"]}},{"type":"Feature","geometry":{"type":"Polygon","coordinates":[[[-84.3652,39.5895],[-83.977,39.5694],[-84.0075,39.2551],[-84.2594,39.2709],[-84.2622,39.2883],[-84.3532,39.2923],[-84.3317,39.5492],[-84.3643,39.5438],[-84.3652,39.5895]]]},"properties":{"GEOID":"39165","state_fips":"39","state_abbr":"OH","county_name":"Warren County","category":"town_restriction","n_total":1,"n_live":1,"n_pending":0,"n_lapsed":0,"n_live_county_restriction":0,"n_live_town_restriction":1,"n_live_conditions":0,"action_ids":["oh-providence-township-2026"]}},{"type":"Feature","geometry":{"type":"Polygon","coordinates":[[[-83.2667,39.5162],[-83.2437,39.8125],[-82.8243,39.795],[-82.843,39.5615],[-82.7315,39.5544],[-82.7407,39.4684],[-82.75,39.4681],[-82.9982,39.4801],[-82.9929,39.4899],[-82.9804,39.4903],[-82.9846,39.5068],[-83.2667,39.5162]]]},"properties":{"GEOID":"39129","state_fips":"39","state_abbr":"OH","county_name":"Pickaway County","category":"town_restriction","n_total":5,"n_live":4,"n_pending":0,"n_lapsed":1,"n_live_county_restriction":0,"n_live_town_restriction":4,"n_live_conditions":0,"action_ids":["dct-ashville-pickaway-county-oh-2026-02-02","oh-ashville-2025","dct-commercial-point-scioto-township-pickaway-county-oh-2025-06-01","dct-muhlenberg-township-oh-2026-02-06","oh-south-bloomfield-2025"]}},{"type":"Feature","geometry":{"type":"Polygon","coordinates":[[[-101.7644,46.9813],[-101.7646,47.2412],[-101.7224,47.2419],[-101.2576,47.2413],[-101.257,47.2649],[-101.1973,47.2474],[-101.1806,47.2806],[-101.1064,47.2953],[-101.0604,47.2933],[-101.0028,47.2715],[-100.9776,47.25],[-100.9762,47.2343],[-100.9928,47.204],[-100.9903,47.1874],[-100.9466,47.1427],[-100.9359,47.0897],[-100.8842,47.0473],[-100.8797,47.0222],[-100.8957,47.0027],[-100.936,46.9828],[-101.7644,46.9813]]]},"properties":{"GEOID":"38065","state_fips":"38","state_abbr":"ND","county_name":"Oliver County","category":"lapsed_only","n_total":3,"n_live":0,"n_pending":0,"n_lapsed":3,"n_live_county_restriction":0,"n_live_town_restriction":0,"n_live_conditions":0,"action_ids":["nd-oliver-county-2024-p1","nd-oliver-county-2025-p2","nd-oliver-county-2026-p3"]}},{"type":"Feature","geometry":{"type":"Polygon","coordinates":[[[-83.6534,39.7177],[-83.6472,39.773],[-83.5899,39.7688],[-83.5126,40.01],[-83.5037,40.1115],[-83.2063,40.1077],[-83.2122,40.0481],[-83.2551,40.0486],[-83.2517,40.0084],[-83.2609,40.0028],[-83.2461,39.9873],[-83.2502,39.9703],[-83.2256,39.9323],[-83.252,39.9174],[-83.2437,39.8125],[-83.2524,39.6954],[-83.6534,39.7177]]]},"properties":{"GEOID":"39097","state_fips":"39","state_abbr":"OH","county_name":"Madison County","category":"pending_only","n_total":1,"n_live":0,"n_pending":1,"n_lapsed":0,"n_live_county_restriction":0,"n_live_town_restriction":0,"n_live_conditions":0,"action_ids":["oh-plain-city-undated"]}},{"type":"Feature","geometry":{"type":"Polygon","coordinates":[[[-76.32,41.2113],[-76.3108,41.3089],[-76.2828,41.3772],[-76.0051,41.3846],[-75.8345,41.427],[-75.8268,41.3917],[-75.7419,41.3483],[-75.6886,41.3394],[-75.6941,41.3041],[-75.6897,41.2878],[-75.6793,41.288],[-75.6793,41.2643],[-75.6523,41.2574],[-75.6492,41.1872],[-75.6367,41.1714],[-75.6166,41.1727],[-75.6008,41.16],[-75.6342,41.1232],[-75.6484,41.1255],[-75.656,41.116],[-75.6664,41.1336],[-75.6927,41.1313],[-75.7325,41.103],[-75.7519,41.1038],[-75.755,41.0941],[-75.7668,41.0936],[-75.7703,41.0501],[-75.7577,41.0316],[-75.7402,41.0299],[-75.7322,41.0081],[-75.8496,40.9716],[-75.848,40.9664],[-76.028,40.9023],[-76.2078,40.9497],[-76.2312,41.0503],[-76.229,41.1385],[-76.2776,41.1318],[-76.32,41.2113]]]},"properties":{"GEOID":"42079","state_fips":"42","state_abbr":"PA","county_name":"Luzerne County","category":"town_restriction","n_total":5,"n_live":3,"n_pending":2,"n_lapsed":0,"n_live_county_restriction":0,"n_live_town_restriction":3,"n_live_conditions":0,"action_ids":["dct-dorrance-township-pa-2025-08-11","dct-exeter-borough-pa-2026-05-06","pa-hazle-township-2026","dct-jenkins-township-luzerne-county-pa-2026-03-31","dct-luzerne-county-zoning-pa-2026-02-02"]}},{"type":"Feature","geometry":{"type":"Polygon","coordinates":[[[-77.5993,41.5423],[-76.9603,41.5514],[-76.9631,41.5561],[-76.9475,41.568],[-76.8747,41.5969],[-76.8137,41.59],[-76.7495,41.4056],[-76.5925,41.3043],[-76.4476,41.2756],[-76.5925,41.1578],[-76.6788,41.1542],[-76.73,41.1719],[-76.7908,41.1757],[-76.8842,41.1571],[-76.8961,41.1391],[-76.9602,41.1488],[-76.9779,41.0879],[-77.0682,41.0852],[-77.1138,41.069],[-77.1643,41.0687],[-77.2756,41.1791],[-77.2923,41.1853],[-77.2914,41.1963],[-77.3209,41.2189],[-77.3514,41.2202],[-77.3496,41.2289],[-77.3701,41.2327],[-77.4715,41.3135],[-77.477,41.339],[-77.5377,41.365],[-77.5504,41.3958],[-77.5847,41.4413],[-77.5973,41.4411],[-77.5993,41.5423]]]},"properties":{"GEOID":"42081","state_fips":"42","state_abbr":"PA","county_name":"Lycoming County","category":"county_restriction","n_total":2,"n_live":2,"n_pending":0,"n_lapsed":0,"n_live_county_restriction":1,"n_live_town_restriction":1,"n_live_conditions":0,"action_ids":["pa-lycoming-county-2026","pa-muncy-township-2026"]}},{"type":"Feature","geometry":{"type":"Polygon","coordinates":[[[-76.678,40.4747],[-76.5354,40.5552],[-76.2319,40.3663],[-76.2055,40.3607],[-76.1512,40.316],[-76.3077,40.255],[-76.4354,40.2382],[-76.5694,40.1955],[-76.678,40.4747]]]},"properties":{"GEOID":"42075","state_fips":"42","state_abbr":"PA","county_name":"Lebanon County","category":"pending_only","n_total":1,"n_live":0,"n_pending":1,"n_lapsed":0,"n_live_county_restriction":0,"n_live_town_restriction":0,"n_live_conditions":0,"action_ids":["dct-south-londonderry-township-pa-2026-05-14"]}},{"type":"Feature","geometry":{"type":"Polygon","coordinates":[[[-80.1665,41.0009],[-79.9998,41.1719],[-79.6922,41.1719],[-79.6929,40.6696],[-80.1487,40.6738],[-80.1665,41.0009]]]},"properties":{"GEOID":"42019","state_fips":"42","state_abbr":"PA","county_name":"Butler County","category":"town_restriction","n_total":1,"n_live":1,"n_pending":0,"n_lapsed":0,"n_live_county_restriction":0,"n_live_town_restriction":1,"n_live_conditions":0,"action_ids":["pa-butler-township-2026"]}},{"type":"Feature","geometry":{"type":"Polygon","coordinates":[[[-86.9327,41.7095],[-86.9091,41.7269],[-86.8248,41.7602],[-86.5242,41.7595],[-86.5267,41.6504],[-86.4876,41.6493],[-86.4864,41.5959],[-86.4864,41.5705],[-86.4982,41.5611],[-86.5003,41.521],[-86.5249,41.5197],[-86.5247,41.4329],[-86.6425,41.4326],[-86.7,41.4026],[-86.74,41.3217],[-86.7835,41.2855],[-86.8703,41.2646],[-86.9301,41.2368],[-86.9327,41.7095]]]},"properties":{"GEOID":"18091","state_fips":"18","state_abbr":"IN","county_name":"LaPorte County","category":"town_restriction","n_total":1,"n_live":1,"n_pending":0,"n_lapsed":0,"n_live_county_restriction":0,"n_live_town_restriction":1,"n_live_conditions":0,"action_ids":["dct-laporte-in-2026-05-18"]}},{"type":"Feature","geometry":{"type":"Polygon","coordinates":[[[-98.0668,32.5588],[-98.0561,33.0033],[-97.5442,32.9947],[-97.5506,32.5554],[-98.0668,32.5588]]]},"properties":{"GEOID":"48367","state_fips":"48","state_abbr":"TX","county_name":"Parker County","category":"pending_only","n_total":1,"n_live":0,"n_pending":1,"n_lapsed":0,"n_live_county_restriction":0,"n_live_town_restriction":0,"n_live_conditions":0,"action_ids":["dct-weatherford-parker-county-tx-2026-06-09"]}},{"type":"Feature","geometry":{"type":"Polygon","coordinates":[[[-74.9917,41.0923],[-74.9799,41.1104],[-74.9232,41.1381],[-74.8821,41.1808],[-74.8596,41.2191],[-74.8674,41.2278],[-74.8572,41.249],[-74.8469,41.2533],[-74.8301,41.2872],[-74.7926,41.3106],[-74.795,41.3204],[-74.7716,41.3251],[-74.7532,41.3461],[-74.6949,41.3574],[-74.3674,41.2035],[-74.6324,40.9737],[-74.6416,40.9614],[-74.6364,40.9426],[-74.6535,40.929],[-74.6532,40.9213],[-74.7113,40.8992],[-74.7319,40.9208],[-74.7694,40.9109],[-74.9675,41.0953],[-74.9917,41.0923]]]},"properties":{"GEOID":"34037","state_fips":"34","state_abbr":"NJ","county_name":"Sussex County","category":"pending_only","n_total":1,"n_live":0,"n_pending":1,"n_lapsed":0,"n_live_county_restriction":0,"n_live_town_restriction":0,"n_live_conditions":0,"action_ids":["dct-andover-township-nj-data-center-ban-announce-2026-05-10"]}},{"type":"Feature","geometry":{"type":"Polygon","coordinates":[[[-92.7681,42.2967],[-92.2988,42.2975],[-92.2982,41.8628],[-92.766,41.8624],[-92.7681,42.2967]]]},"properties":{"GEOID":"19171","state_fips":"19","state_abbr":"IA","county_name":"Tama County","category":"county_restriction","n_total":1,"n_live":1,"n_pending":0,"n_lapsed":0,"n_live_county_restriction":1,"n_live_town_restriction":0,"n_live_conditions":0,"action_ids":["ia-tama-county-2025"]}},{"type":"Feature","geometry":{"type":"Polygon","coordinates":[[[-84.0075,39.2551],[-83.977,39.5694],[-83.5763,39.5445],[-83.5909,39.3787],[-83.7848,39.2629],[-83.8083,39.2247],[-83.8359,39.2233],[-83.8344,39.2457],[-84.0075,39.2551]]]},"properties":{"GEOID":"39027","state_fips":"39","state_abbr":"OH","county_name":"Clinton County","category":"town_restriction","n_total":3,"n_live":3,"n_pending":0,"n_lapsed":0,"n_live_county_restriction":0,"n_live_town_restriction":3,"n_live_conditions":0,"action_ids":["oh-blanchester-2026","dct-wilmington-oh-2025-11-26","dct-wilmington-ardent-oh-2026-02-20"]}},{"type":"Feature","geometry":{"type":"Polygon","coordinates":[[[-86.4908,38.0457],[-86.4522,38.0505],[-86.4328,38.0672],[-86.434,38.0868],[-86.4639,38.1012],[-86.4661,38.1144],[-86.4571,38.1245],[-86.4295,38.1253],[-86.4019,38.1043],[-86.3798,38.1293],[-86.3406,38.1277],[-86.3238,38.1384],[-86.3239,38.1524],[-86.3661,38.1615],[-86.3774,38.1714],[-86.3738,38.1934],[-86.3577,38.1988],[-86.2957,38.1641],[-86.2728,38.1408],[-86.2791,38.1008],[-86.2714,38.062],[-86.2207,38.0282],[-86.1766,38.0102],[-86.1042,38.0126],[-86.0755,37.9972],[-86.0649,37.9756],[-86.0423,37.9582],[-86.0344,37.9646],[-86.0325,37.9901],[-85.999,38.0],[-85.9759,37.8758],[-86.0074,37.8185],[-86.1513,37.7989],[-86.2429,37.8771],[-86.4908,38.0457]]]},"properties":{"GEOID":"21163","state_fips":"21","state_abbr":"KY","county_name":"Meade County","category":"county_restriction","n_total":2,"n_live":2,"n_pending":0,"n_lapsed":0,"n_live_county_restriction":2,"n_live_town_restriction":0,"n_live_conditions":0,"action_ids":["dct-meade-county-ky-moratorium-2026-01","ky-meade-county-fiscal-court-2026"]}},{"type":"Feature","geometry":{"type":"Polygon","coordinates":[[[-81.9181,36.2871],[-81.9081,36.302],[-81.8794,36.3138],[-81.8573,36.3348],[-81.7936,36.3622],[-81.7894,36.3482],[-81.7649,36.3387],[-81.736,36.343],[-81.7074,36.3352],[-81.7078,36.346],[-81.7215,36.3512],[-81.7346,36.3796],[-81.7286,36.3912],[-81.6382,36.3496],[-81.5661,36.272],[-81.5522,36.2764],[-81.5217,36.2553],[-81.4775,36.2403],[-81.4558,36.2004],[-81.5004,36.1425],[-81.5455,36.1175],[-81.6748,36.1226],[-81.8115,36.1115],[-81.8294,36.169],[-81.8568,36.1937],[-81.8852,36.1894],[-81.9076,36.2141],[-81.9112,36.2293],[-81.897,36.2427],[-81.9039,36.2514],[-81.8935,36.2645],[-81.9005,36.2811],[-81.9181,36.2871]]]},"properties":{"GEOID":"37189","state_fips":"37","state_abbr":"NC","county_name":"Watauga County","category":"county_restriction","n_total":2,"n_live":2,"n_pending":0,"n_lapsed":0,"n_live_county_restriction":1,"n_live_town_restriction":1,"n_live_conditions":0,"action_ids":["nc-boone-2026","nc-watauga-county-2026"]}},{"type":"Feature","geometry":{"type":"Polygon","coordinates":[[[-83.8202,30.3035],[-83.8145,30.3176],[-83.7925,30.3192],[-83.7877,30.3284],[-83.8076,30.3487],[-83.8046,30.3769],[-83.79,30.3903],[-83.7832,30.3789],[-83.7573,30.3855],[-83.7511,30.4076],[-83.7217,30.4344],[-83.727,30.4877],[-83.7364,30.5021],[-83.73,30.5188],[-83.7044,30.523],[-83.7043,30.5381],[-83.6711,30.538],[-83.6705,30.5529],[-83.6374,30.5527],[-83.6373,30.5675],[-83.6212,30.5674],[-83.6207,30.582],[-83.6042,30.5819],[-83.6044,30.6382],[-83.6121,30.6387],[-83.6117,30.6513],[-83.272,30.6272],[-83.2566,30.5874],[-83.2627,30.581],[-83.256,30.5622],[-83.2608,30.5528],[-83.2473,30.541],[-83.2389,30.518],[-83.2461,30.5125],[-83.2406,30.5059],[-83.2436,30.473],[-83.2178,30.4642],[-83.2222,30.4235],[-83.2094,30.421],[-83.2062,30.4121],[-83.1948,30.4169],[-83.18,30.4102],[-83.171,30.3852],[-83.1929,30.374],[-83.1912,30.3512],[-83.2126,30.3459],[-83.2099,30.3119],[-83.233,30.292],[-83.2394,30.2604],[-83.4693,30.2604],[-83.4688,30.3042],[-83.8202,30.3035]]]},"properties":{"GEOID":"12079","state_fips":"12","state_abbr":"FL","county_name":"Madison County","category":"county_restriction","n_total":1,"n_live":1,"n_pending":0,"n_lapsed":0,"n_live_county_restriction":1,"n_live_town_restriction":0,"n_live_conditions":0,"action_ids":["fl-madison-county-2026"]}},{"type":"Feature","geometry":{"type":"Polygon","coordinates":[[[-77.3112,39.6397],[-77.2772,39.6313],[-77.2664,39.662],[-77.2345,39.6776],[-77.243,39.695],[-77.2163,39.6974],[-77.2266,39.7066],[-77.2154,39.713],[-77.217,39.72],[-76.7871,39.7208],[-76.8567,39.5316],[-76.867,39.4849],[-76.8766,39.483],[-76.892,39.4618],[-76.8857,39.4564],[-76.893,39.4553],[-76.8764,39.4508],[-76.8918,39.4454],[-76.8873,39.4405],[-76.8943,39.4398],[-76.8956,39.4295],[-76.8745,39.4191],[-76.8814,39.4174],[-76.8844,39.4046],[-76.8789,39.4039],[-76.8855,39.3976],[-76.8734,39.3889],[-76.8913,39.3822],[-76.8734,39.3571],[-76.8802,39.3497],[-76.9028,39.3544],[-76.9102,39.3487],[-76.969,39.3638],[-77.0254,39.3506],[-77.0491,39.3623],[-77.1014,39.3693],[-77.1515,39.3487],[-77.1681,39.354],[-77.148,39.4178],[-77.1161,39.4603],[-77.1177,39.4786],[-77.1077,39.4946],[-77.1336,39.5086],[-77.1385,39.5205],[-77.1499,39.5219],[-77.1523,39.5325],[-77.1702,39.5342],[-77.1694,39.5541],[-77.2001,39.5786],[-77.2175,39.5745],[-77.2323,39.5844],[-77.2273,39.5878],[-77.239,39.5849],[-77.2535,39.6028],[-77.2628,39.5941],[-77.2716,39.6062],[-77.2905,39.6045],[-77.3074,39.6191],[-77.2995,39.6236],[-77.3112,39.6397]]]},"properties":{"GEOID":"24013","state_fips":"24","state_abbr":"MD","county_name":"Carroll County","category":"county_restriction","n_total":1,"n_live":1,"n_pending":0,"n_lapsed":0,"n_live_county_restriction":1,"n_live_town_restriction":0,"n_live_conditions":0,"action_ids":["dct-carroll-county-md-2026-02-01"]}},{"type":"Feature","geometry":{"type":"Polygon","coordinates":[[[-85.0132,33.4298],[-84.9865,33.4413],[-84.9848,33.4572],[-84.9545,33.4393],[-84.936,33.4372],[-84.9213,33.4453],[-84.9025,33.4758],[-84.8553,33.4959],[-84.8507,33.5115],[-84.621,33.5107],[-84.6209,33.5033],[-84.6095,33.501],[-84.6268,33.4752],[-84.6201,33.4128],[-84.594,33.3816],[-84.586,33.3579],[-84.5758,33.3576],[-84.5607,33.3407],[-84.5349,33.3359],[-84.5182,33.3183],[-84.5174,33.293],[-84.5122,33.2806],[-84.5044,33.2809],[-84.497,33.2562],[-84.5089,33.2452],[-84.5003,33.2333],[-84.5024,33.2211],[-84.6527,33.2225],[-84.6546,33.2307],[-84.694,33.223],[-84.694,33.2313],[-84.7032,33.2312],[-84.7033,33.2228],[-84.8524,33.2236],[-84.8523,33.191],[-84.8624,33.1912],[-84.872,33.2074],[-84.8622,33.2075],[-84.8621,33.2239],[-84.939,33.2247],[-84.9546,33.2656],[-84.9488,33.2657],[-84.9488,33.2823],[-84.9586,33.2771],[-85.0132,33.4298]]]},"properties":{"GEOID":"13077","state_fips":"13","state_abbr":"GA","county_name":"Coweta County","category":"county_restriction","n_total":2,"n_live":1,"n_pending":0,"n_lapsed":1,"n_live_county_restriction":1,"n_live_town_restriction":0,"n_live_conditions":0,"action_ids":["dct-coweta-county-ga-2025-05-01","ga-coweta-county-2025"]}},{"type":"Feature","geometry":{"type":"Polygon","coordinates":[[[-77.5267,38.7332],[-77.4956,38.7705],[-77.4756,38.7811],[-77.4478,38.7609],[-77.4516,38.7383],[-77.4712,38.7277],[-77.4851,38.7329],[-77.4939,38.7255],[-77.5014,38.7384],[-77.515,38.7358],[-77.5025,38.7155],[-77.5062,38.7061],[-77.5239,38.7181],[-77.5267,38.7332]],[[-77.4811,38.7561],[-77.4771,38.7505],[-77.4754,38.7521],[-77.4811,38.7561]]]},"properties":{"GEOID":"51683","state_fips":"51","state_abbr":"VA","county_name":"Manassas city","category":"county_restriction","n_total":2,"n_live":1,"n_pending":1,"n_lapsed":0,"n_live_county_restriction":1,"n_live_town_restriction":0,"n_live_conditions":0,"action_ids":["dct-prince-william-ashton-amazon-va-2025-01-08","dct-prince-william-hornbaker-va-2026-03"]}},{"type":"Feature","geometry":{"type":"Polygon","coordinates":[[[-77.4318,37.2759],[-77.4123,37.283],[-77.3997,37.2719],[-77.4019,37.282],[-77.3791,37.2841],[-77.3682,37.2985],[-77.3621,37.2839],[-77.3777,37.271],[-77.3816,37.2438],[-77.4099,37.2337],[-77.4165,37.2332],[-77.4156,37.2639],[-77.4224,37.2625],[-77.4318,37.2759]]]},"properties":{"GEOID":"51570","state_fips":"51","state_abbr":"VA","county_name":"Colonial Heights city","category":"county_restriction","n_total":1,"n_live":1,"n_pending":0,"n_lapsed":0,"n_live_county_restriction":1,"n_live_town_restriction":0,"n_live_conditions":0,"action_ids":["dct-chesterfield-westdulles-va-2026-01-01"]}},{"type":"Feature","geometry":{"type":"Polygon","coordinates":[[[-89.4014,42.5004],[-88.9404,42.495],[-88.9397,42.1523],[-89.1728,42.1504],[-89.173,42.2042],[-89.3962,42.2019],[-89.4014,42.5004]]]},"properties":{"GEOID":"17201","state_fips":"17","state_abbr":"IL","county_name":"Winnebago County","category":"town_restriction","n_total":1,"n_live":1,"n_pending":0,"n_lapsed":0,"n_live_county_restriction":0,"n_live_town_restriction":1,"n_live_conditions":0,"action_ids":["dct-rockford-il-2025-11-01"]}},{"type":"Feature","geometry":{"type":"Polygon","coordinates":[[[-85.1146,31.2773],[-85.0898,31.295],[-85.0842,31.3283],[-85.0925,31.3629],[-85.0755,31.4248],[-85.0659,31.4306],[-85.0716,31.4684],[-85.0455,31.5171],[-85.0294,31.5187],[-85.0292,31.4861],[-84.9863,31.4889],[-84.9714,31.4973],[-84.9599,31.4928],[-84.9378,31.5033],[-84.8198,31.5012],[-84.8198,31.4916],[-84.7966,31.5013],[-84.7971,31.4736],[-84.8076,31.4731],[-84.7895,31.4526],[-84.789,31.4364],[-84.6376,31.4339],[-84.6383,31.3417],[-84.6277,31.3416],[-84.6276,31.3321],[-84.6381,31.3321],[-84.6417,31.2565],[-84.6727,31.2594],[-84.6833,31.2514],[-84.6942,31.2517],[-84.6942,31.2577],[-84.7096,31.2518],[-84.7374,31.2523],[-84.7372,31.2582],[-84.7482,31.2585],[-84.7483,31.2525],[-84.9174,31.256],[-84.9224,31.0726],[-85.0285,31.0755],[-85.0356,31.1082],[-85.0547,31.1208],[-85.0766,31.1569],[-85.1002,31.1655],[-85.0985,31.1802],[-85.1081,31.1956],[-85.0968,31.2257],[-85.1146,31.2773]]]},"properties":{"GEOID":"13099","state_fips":"13","state_abbr":"GA","county_name":"Early County","category":"county_restriction","n_total":1,"n_live":1,"n_pending":0,"n_lapsed":0,"n_live_county_restriction":1,"n_live_town_restriction":0,"n_live_conditions":0,"action_ids":["dct-early-county-blakely-ga-2026-03-01"]}},{"type":"Feature","geometry":{"type":"Polygon","coordinates":[[[-91.4095,40.8129],[-91.3721,40.8126],[-91.3707,41.0741],[-90.9494,41.0727],[-90.9423,41.0347],[-90.9581,40.9798],[-90.9522,40.954],[-90.9629,40.925],[-91.0095,40.9006],[-91.0564,40.8484],[-91.093,40.8211],[-91.0976,40.8056],[-91.0917,40.7797],[-91.1157,40.7252],[-91.1124,40.6963],[-91.1506,40.7062],[-91.1635,40.7227],[-91.1761,40.7214],[-91.18,40.7083],[-91.1968,40.7192],[-91.2095,40.714],[-91.2171,40.7323],[-91.2483,40.7504],[-91.2818,40.7537],[-91.2934,40.7726],[-91.3117,40.7721],[-91.4095,40.8129]]]},"properties":{"GEOID":"19057","state_fips":"19","state_abbr":"IA","county_name":"Des Moines County","category":"county_restriction","n_total":1,"n_live":1,"n_pending":0,"n_lapsed":0,"n_live_county_restriction":1,"n_live_town_restriction":0,"n_live_conditions":0,"action_ids":["ia-des-moines-county-2026"]}},{"type":"Feature","geometry":{"type":"Polygon","coordinates":[[[-96.4988,42.561],[-95.7416,42.5613],[-95.7418,42.4749],[-95.6693,42.4746],[-95.6708,42.2114],[-96.3566,42.215],[-96.3237,42.2299],[-96.3289,42.2547],[-96.3658,42.2859],[-96.3753,42.3183],[-96.408,42.3374],[-96.4182,42.3547],[-96.4084,42.3761],[-96.4136,42.4079],[-96.3807,42.4464],[-96.3854,42.4731],[-96.4094,42.4876],[-96.4754,42.4896],[-96.4733,42.5035],[-96.493,42.5173],[-96.4799,42.5242],[-96.477,42.5561],[-96.4988,42.561]]]},"properties":{"GEOID":"19193","state_fips":"19","state_abbr":"IA","county_name":"Woodbury County","category":"county_restriction","n_total":2,"n_live":2,"n_pending":0,"n_lapsed":0,"n_live_county_restriction":2,"n_live_town_restriction":0,"n_live_conditions":0,"action_ids":["ia-woodbury-county-2026","dct-woodbury-county-ia-moratorium-2026-06-23"]}},{"type":"Feature","geometry":{"type":"Polygon","coordinates":[[[-97.4971,32.1343],[-97.4692,32.1483],[-97.4565,32.1644],[-97.4761,32.1735],[-97.476,32.1817],[-97.087,32.2668],[-96.9407,32.0521],[-96.8962,32.074],[-96.7191,31.8149],[-96.9322,31.7089],[-97.0373,31.8631],[-97.2773,31.7455],[-97.3103,31.7616],[-97.3265,31.7884],[-97.282,31.8233],[-97.2795,31.8413],[-97.3037,31.8484],[-97.3291,31.8419],[-97.3828,31.8708],[-97.3818,31.8843],[-97.3603,31.8907],[-97.4125,31.9098],[-97.4395,31.9298],[-97.3778,31.9805],[-97.4059,31.9879],[-97.4218,32.0048],[-97.4264,32.0286],[-97.4477,32.0125],[-97.4749,32.0101],[-97.486,32.0176],[-97.4921,32.0597],[-97.4699,32.0916],[-97.4971,32.1343]]]},"properties":{"GEOID":"48217","state_fips":"48","state_abbr":"TX","county_name":"Hill County","category":"county_restriction","n_total":2,"n_live":1,"n_pending":0,"n_lapsed":1,"n_live_county_restriction":1,"n_live_town_restriction":0,"n_live_conditions":0,"action_ids":["tx-hill-county-2026","dct-hill-county-tx-county-moratorium-2026-05-12"]}},{"type":"Feature","geometry":{"type":"Polygon","coordinates":[[[-78.1313,38.8675],[-78.1122,38.8803],[-78.062,38.8919],[-78.0618,38.9002],[-78.0757,38.9094],[-78.064,38.9284],[-78.0416,38.9381],[-78.017,38.9712],[-77.9622,39.0137],[-77.6552,38.9427],[-77.6804,38.8932],[-77.6926,38.887],[-77.7027,38.8478],[-77.7157,38.8432],[-77.7157,38.8321],[-77.5313,38.5566],[-77.6328,38.4688],[-77.6282,38.4335],[-77.6349,38.4102],[-77.6904,38.427],[-77.7355,38.4131],[-77.7397,38.4247],[-77.76,38.4358],[-77.7613,38.4584],[-77.7767,38.4656],[-77.7819,38.4888],[-77.8011,38.5031],[-77.8137,38.5303],[-77.8389,38.5399],[-77.8772,38.5849],[-77.8624,38.5985],[-77.873,38.611],[-77.8599,38.6208],[-77.8805,38.6365],[-77.8717,38.6485],[-77.8841,38.6666],[-77.9013,38.6655],[-77.9026,38.6747],[-77.8919,38.6811],[-77.9029,38.6842],[-77.9095,38.6973],[-77.9543,38.6948],[-78.0151,38.7251],[-78.0062,38.7322],[-78.0191,38.7402],[-78.0164,38.754],[-78.0281,38.7575],[-78.0261,38.7766],[-78.0199,38.7783],[-78.0296,38.7867],[-78.0258,38.7958],[-78.0514,38.7992],[-78.055,38.8085],[-78.0997,38.8304],[-78.1313,38.8675]]]},"properties":{"GEOID":"51061","state_fips":"51","state_abbr":"VA","county_name":"Fauquier County","category":"town_restriction","n_total":2,"n_live":1,"n_pending":1,"n_lapsed":0,"n_live_county_restriction":0,"n_live_town_restriction":1,"n_live_conditions":0,"action_ids":["dct-fauquier-county-gigaland-va-2025-09-01","dct-town-of-warrenton-va-2025-07-01"]}},{"type":"Feature","geometry":{"type":"Polygon","coordinates":[[[-79.2684,35.9109],[-79.258,36.2434],[-78.9506,36.2393],[-79.0163,35.8632],[-79.0819,35.8608],[-79.2495,35.8768],[-79.2569,35.9021],[-79.2684,35.9109]]]},"properties":{"GEOID":"37135","state_fips":"37","state_abbr":"NC","county_name":"Orange County","category":"county_restriction","n_total":3,"n_live":3,"n_pending":0,"n_lapsed":0,"n_live_county_restriction":1,"n_live_town_restriction":2,"n_live_conditions":0,"action_ids":["nc-town-of-hillsborough-2026","nc-orange-county-2026","dct-hillsborough-nc-moratorium-2026-06"]}},{"type":"Feature","geometry":{"type":"Polygon","coordinates":[[[-85.334,44.5123],[-85.3328,44.8124],[-85.3165,44.8235],[-85.3276,44.8508],[-85.2917,44.8596],[-84.8473,44.858],[-84.8509,44.5111],[-85.334,44.5123]]]},"properties":{"GEOID":"26079","state_fips":"26","state_abbr":"MI","county_name":"Kalkaska County","category":"town_restriction","n_total":1,"n_live":1,"n_pending":0,"n_lapsed":0,"n_live_county_restriction":0,"n_live_town_restriction":1,"n_live_conditions":0,"action_ids":["mi-springfield-township-2025"]}},{"type":"Feature","geometry":{"type":"Polygon","coordinates":[[[-78.4908,37.7976],[-78.3068,38.0065],[-78.2302,37.9785],[-78.2051,37.9573],[-78.0625,37.9047],[-78.1593,37.7485],[-78.181,37.745],[-78.2124,37.7234],[-78.2397,37.6905],[-78.3442,37.7188],[-78.3656,37.7319],[-78.4222,37.7405],[-78.4677,37.7631],[-78.4908,37.7976]]]},"properties":{"GEOID":"51065","state_fips":"51","state_abbr":"VA","county_name":"Fluvanna County","category":"county_restriction","n_total":2,"n_live":1,"n_pending":0,"n_lapsed":1,"n_live_county_restriction":1,"n_live_town_restriction":0,"n_live_conditions":0,"action_ids":["dct-fluvanna-county-va-2025-07-01","va-fluvanna-county-2025"]}},{"type":"Feature","geometry":{"type":"Polygon","coordinates":[[[-82.7825,39.9397],[-82.7727,39.9871],[-82.7507,40.277],[-82.4761,40.2647],[-82.4773,40.2458],[-82.1828,40.2386],[-82.1987,39.9502],[-82.2317,39.9511],[-82.234,39.9133],[-82.4628,39.9304],[-82.4734,39.9251],[-82.7825,39.9397]]]},"properties":{"GEOID":"39089","state_fips":"39","state_abbr":"OH","county_name":"Licking County","category":"town_restriction","n_total":1,"n_live":1,"n_pending":0,"n_lapsed":0,"n_live_county_restriction":0,"n_live_town_restriction":1,"n_live_conditions":0,"action_ids":["dct-st-albans-township-oh-2026-03-10"]}},{"type":"Feature","geometry":{"type":"Polygon","coordinates":[[[-95.5007,38.7388],[-95.5003,39.0567],[-95.4307,39.0693],[-95.3407,39.0317],[-95.298,39.0423],[-95.2854,39.0322],[-95.2856,39.0454],[-95.2796,39.0472],[-95.1871,39.0441],[-95.1862,38.9645],[-95.1695,38.9665],[-95.1641,38.9816],[-95.1397,38.9694],[-95.1109,38.9693],[-95.1009,38.9562],[-95.0852,38.9538],[-95.0745,38.9644],[-95.0867,38.9802],[-95.0607,38.9856],[-95.0564,38.7386],[-95.5007,38.7388]]]},"properties":{"GEOID":"20045","state_fips":"20","state_abbr":"KS","county_name":"Douglas County","category":"town_restriction","n_total":1,"n_live":1,"n_pending":0,"n_lapsed":0,"n_live_county_restriction":0,"n_live_town_restriction":1,"n_live_conditions":0,"action_ids":["dct-lawrence-douglas-county-ks-moratorium-2026-07-14"]}},{"type":"Feature","geometry":{"type":"Polygon","coordinates":[[[-96.357,38.1754],[-96.3526,38.739],[-95.9459,38.7391],[-95.95,38.2597],[-95.9585,38.2597],[-95.9589,38.1709],[-96.357,38.1754]]]},"properties":{"GEOID":"20111","state_fips":"20","state_abbr":"KS","county_name":"Lyon County","category":"county_restriction","n_total":3,"n_live":3,"n_pending":0,"n_lapsed":0,"n_live_county_restriction":2,"n_live_town_restriction":0,"n_live_conditions":1,"action_ids":["dct-americus-lyon-county-ks-listening-session-2026-07-15","dct-emporia-lyon-county-ks-ordinances-2026-07-23","ks-lyon-county-2026"]}},{"type":"Feature","geometry":{"type":"Polygon","coordinates":[[[-121.1789,47.9011],[-121.1714,47.9133],[-121.1795,47.9188],[-121.1622,47.9441],[-121.1651,47.9562],[-121.1484,47.9707],[-121.1471,47.9815],[-121.1182,47.9971],[-121.1179,48.0063],[-121.1532,48.0407],[-121.097,48.0644],[-121.083,48.0616],[-121.0301,48.0781],[-121.0159,48.0748],[-120.9813,48.0944],[-120.9725,48.1085],[-120.9471,48.1133],[-120.9652,48.134],[-120.9556,48.152],[-120.9074,48.1632],[-120.9193,48.1904],[-120.9648,48.2113],[-120.9598,48.2278],[-121.0121,48.2799],[-121.0006,48.2905],[-121.0037,48.2994],[-121.0715,48.318],[-121.0692,48.339],[-121.0406,48.3479],[-121.0435,48.364],[-121.0664,48.3935],[-121.0555,48.4126],[-121.0416,48.4113],[-121.0462,48.4189],[-121.0371,48.433],[-121.041,48.4457],[-121.0632,48.4598],[-121.0565,48.4764],[-121.0362,48.4953],[-120.9511,48.4996],[-120.9505,48.5296],[-120.9046,48.5237],[-120.904,48.5334],[-120.8854,48.5382],[-120.8632,48.5301],[-120.8574,48.5477],[-120.8386,48.5508],[-120.8104,48.5306],[-120.8168,48.5196],[-120.7879,48.5071],[-120.7095,48.5233],[-120.7021,48.5316],[-120.6523,48.5369],[-120.6572,48.5073],[-120.6284,48.4974],[-120.6537,48.4818],[-120.6326,48.47],[-120.6688,48.4497],[-120.6528,48.4379],[-120.6503,48.4148],[-120.6417,48.4111],[-120.6499,48.3981],[-120.6211,48.3988],[-120.5632,48.3708],[-120.5602,48.361],[-120.5857,48.3392],[-120.5868,48.3203],[-120.5472,48.3067],[-120.5103,48.3113],[-120.4988,48.2951],[-120.4645,48.2749],[-120.4691,48.269],[-120.3923,48.2427],[-120.3829,48.2199],[-120.3555,48.2184],[-120.3463,48.2],[-120.3623,48.1648],[-120.3486,48.1443],[-120.3196,48.1244],[-120.2904,48.1291],[-120.2131,48.079],[-120.1439,48.0654],[-120.1317,48.0553],[-120.149,48.0522],[-120.1464,48.0373],[-120.0902,48.018],[-120.0811,47.993],[-120.0638,47.9815],[-120.0663,47.9664],[-120.0486,47.9606],[-119.8706,47.9605],[-119.8597,47.9419],[-119.9126,47.9045],[-119.9084,47.8794],[-119.915,47.8677],[-119.9601,47.8458],[-119.9784,47.8007],[-119.997,47.7804],[-120.0873,47.7632],[-120.1309,47.7766],[-120.2077,47.7501],[-120.2229,47.7233],[-120.199,47.6823],[-120.2369,47.6318],[-120.2336,47.5976],[-120.2583,47.5597],[-120.2859,47.5447],[-120.3029,47.5201],[-120.3181,47.4577],[-120.2928,47.4004],[-120.2531,47.3816],[-120.1296,47.3663],[-120.0896,47.3414],[-120.0833,47.3337],[-120.0945,47.2622],[-120.3892,47.2609],[-120.4062,47.2741],[-120.4268,47.2744],[-120.4599,47.3003],[-120.5153,47.3201],[-120.5247,47.3333],[-120.532,47.3292],[-120.5282,47.3167],[-120.5573,47.3066],[-120.5703,47.3108],[-120.579,47.3374],[-120.6168,47.3453],[-120.6644,47.3433],[-120.7214,47.3704],[-120.7347,47.3938],[-120.7838,47.3999],[-120.8033,47.423],[-120.8289,47.4238],[-120.8436,47.4117],[-120.918,47.4294],[-120.9306,47.4577],[-120.952,47.4618],[-120.9465,47.4725],[-120.9832,47.4929],[-120.9966,47.5185],[-121.0235,47.5238],[-121.0752,47.5511],[-121.0901,47.5698],[-121.0921,47.5852],[-121.1136,47.5973],[-121.1201,47.6116],[-121.1137,47.6216],[-121.1337,47.6456],[-121.1232,47.6633],[-121.1288,47.6762],[-121.0903,47.7028],[-121.0671,47.7063],[-121.066,47.7136],[-121.0836,47.7227],[-121.0874,47.7285],[-121.079,47.7392],[-121.094,47.7582],[-121.1109,47.7584],[-121.1077,47.7667],[-121.1207,47.7826],[-121.0847,47.8077],[-121.0709,47.8302],[-121.1119,47.8295],[-121.1535,47.8453],[-121.1472,47.8575],[-121.1573,47.8823],[-121.1754,47.8859],[-121.1789,47.9011]]]},"properties":{"GEOID":"53007","state_fips":"53","state_abbr":"WA","county_name":"Chelan County","category":"lapsed_only","n_total":1,"n_live":0,"n_pending":0,"n_lapsed":1,"n_live_county_restriction":0,"n_live_town_restriction":0,"n_live_conditions":0,"action_ids":["wa-wenatchee-2018"]}},{"type":"Feature","geometry":{"type":"Polygon","coordinates":[[[-90.3163,44.6852],[-90.315,45.0338],[-90.1975,45.0336],[-90.1978,45.1206],[-89.2242,45.1186],[-89.2237,44.6814],[-90.3163,44.6852]]]},"properties":{"GEOID":"55073","state_fips":"55","state_abbr":"WI","county_name":"Marathon County","category":"town_restriction","n_total":1,"n_live":1,"n_pending":0,"n_lapsed":0,"n_live_county_restriction":0,"n_live_town_restriction":1,"n_live_conditions":0,"action_ids":["dct-wausau-wi-zoning-ordinance-2026-07-14"]}},{"type":"Feature","geometry":{"type":"Polygon","coordinates":[[[-95.088,37.6745],[-95.0879,37.8197],[-95.0797,37.8198],[-95.0779,38.0377],[-94.614,38.0371],[-94.6177,37.6731],[-95.088,37.6745]]]},"properties":{"GEOID":"20011","state_fips":"20","state_abbr":"KS","county_name":"Bourbon County","category":"county_restriction","n_total":1,"n_live":1,"n_pending":0,"n_lapsed":0,"n_live_county_restriction":1,"n_live_town_restriction":0,"n_live_conditions":0,"action_ids":["dct-bourbon-county-ks-moratorium-2026-06"]}},{"type":"Feature","geometry":{"type":"MultiPolygon","coordinates":[[[[-105.1092,39.9566],[-105.1,39.959],[-105.091,39.9578],[-105.1092,39.9566]]],[[[-105.1657,39.9105],[-105.1471,39.9139],[-105.147,39.9289],[-105.1282,39.9396],[-105.128,39.9542],[-105.1095,39.957],[-105.1208,39.9513],[-105.1093,39.9506],[-105.1187,39.933],[-105.1094,39.9255],[-105.1092,39.9361],[-105.0766,39.9433],[-105.072,39.9577],[-105.0886,39.958],[-105.088,39.9598],[-105.08,39.9615],[-105.0681,39.9709],[-105.0528,39.9777],[-105.0528,40.0003],[-105.0079,40.0005],[-105.008,40.0076],[-104.9896,40.0077],[-104.9896,40.0149],[-104.9991,40.0149],[-104.999,40.0258],[-104.98,40.0294],[-104.98,40.0403],[-104.9792,40.0438],[-104.9612,40.0441],[-104.9614,40.0003],[-104.9809,40.0003],[-104.9878,39.9757],[-104.9971,39.974],[-104.9882,39.9685],[-104.9971,39.9685],[-104.9974,39.9812],[-105.0158,39.9812],[-105.0171,39.9528],[-104.9971,39.9432],[-105.0157,39.9431],[-105.0155,39.9214],[-105.0624,39.914],[-105.0717,39.8998],[-105.0843,39.899],[-105.0967,39.8998],[-105.1086,39.9141],[-105.1471,39.9139],[-105.1474,39.9001],[-105.1287,39.9],[-105.1349,39.8893],[-105.1656,39.8909],[-105.1657,39.9105]],[[-105.08,39.9579],[-105.0529,39.9578],[-105.0528,39.9659],[-105.0577,39.9747],[-105.08,39.9579]],[[-104.9799,40.0331],[-104.9731,40.0295],[-104.9731,40.033],[-104.9799,40.0331]]]]},"properties":{"GEOID":"08014","state_fips":"08","state_abbr":"CO","county_name":"Broomfield County","category":"town_restriction","n_total":1,"n_live":1,"n_pending":0,"n_lapsed":0,"n_live_county_restriction":0,"n_live_town_restriction":1,"n_live_conditions":0,"action_ids":["co-broomfield-2026"]}},{"type":"Feature","geometry":{"type":"Polygon","coordinates":[[[-97.9248,38.6099],[-97.9286,38.9584],[-97.3716,38.9579],[-97.3717,38.9289],[-97.3812,38.9289],[-97.3812,38.9143],[-97.3721,38.9141],[-97.3719,38.6094],[-97.9248,38.6099]]]},"properties":{"GEOID":"20169","state_fips":"20","state_abbr":"KS","county_name":"Saline County","category":"county_restriction","n_total":1,"n_live":1,"n_pending":0,"n_lapsed":0,"n_live_county_restriction":1,"n_live_town_restriction":0,"n_live_conditions":0,"action_ids":["ks-saline-county-2026"]}},{"type":"Feature","geometry":{"type":"Polygon","coordinates":[[[-95.0925,41.6021],[-95.0929,41.8634],[-94.7449,41.8624],[-94.7442,41.6022],[-94.7007,41.6022],[-94.7006,41.5041],[-95.0408,41.5047],[-95.0407,41.6022],[-95.0925,41.6021]]]},"properties":{"GEOID":"19009","state_fips":"19","state_abbr":"IA","county_name":"Audubon County","category":"county_restriction","n_total":1,"n_live":1,"n_pending":0,"n_lapsed":0,"n_live_county_restriction":1,"n_live_town_restriction":0,"n_live_conditions":0,"action_ids":["ia-audubon-county-2026"]}},{"type":"Feature","geometry":{"type":"Polygon","coordinates":[[[-75.9976,40.9133],[-75.848,40.9664],[-75.8496,40.9716],[-75.7322,41.0081],[-75.7402,41.0299],[-75.7577,41.0316],[-75.7703,41.0501],[-75.7668,41.0936],[-75.755,41.0941],[-75.7519,41.1038],[-75.7325,41.103],[-75.6965,41.1299],[-75.6664,41.1336],[-75.6573,41.1164],[-75.6494,41.1223],[-75.6464,41.1133],[-75.62,41.109],[-75.6127,41.0942],[-75.6041,41.0934],[-75.6053,41.0847],[-75.5772,41.0682],[-75.5699,41.0503],[-75.496,40.9872],[-75.5746,40.9513],[-75.4742,40.8147],[-75.5415,40.8068],[-75.6881,40.7721],[-75.7578,40.7354],[-75.886,40.8163],[-75.9976,40.9133]]]},"properties":{"GEOID":"42025","state_fips":"42","state_abbr":"PA","county_name":"Carbon County","category":"town_restriction","n_total":1,"n_live":1,"n_pending":0,"n_lapsed":0,"n_live_county_restriction":0,"n_live_town_restriction":1,"n_live_conditions":0,"action_ids":["dct-penn-forest-township-carbon-county-pa-2026-03-03"]}},{"type":"Feature","geometry":{"type":"Polygon","coordinates":[[[-79.5558,35.515],[-79.5424,35.8433],[-79.2373,35.8442],[-79.2504,35.857],[-79.2495,35.8768],[-79.0819,35.8608],[-78.9061,35.8681],[-78.9094,35.843],[-78.995,35.6102],[-78.9147,35.5837],[-78.9696,35.5217],[-78.9908,35.5402],[-79.024,35.5484],[-79.0456,35.5684],[-79.0526,35.5961],[-79.0687,35.6089],[-79.1192,35.6283],[-79.142,35.6231],[-79.1868,35.5799],[-79.2012,35.5762],[-79.1999,35.5586],[-79.2239,35.5508],[-79.2205,35.5674],[-79.2446,35.5693],[-79.2452,35.553],[-79.2676,35.5327],[-79.2901,35.5397],[-79.2821,35.5515],[-79.287,35.5551],[-79.3239,35.5438],[-79.3121,35.5305],[-79.3501,35.518],[-79.5558,35.515]]]},"properties":{"GEOID":"37037","state_fips":"37","state_abbr":"NC","county_name":"Chatham County","category":"county_restriction","n_total":1,"n_live":1,"n_pending":0,"n_lapsed":0,"n_live_county_restriction":1,"n_live_town_restriction":0,"n_live_conditions":0,"action_ids":["nc-chatham-county-2026"]}},{"type":"Feature","geometry":{"type":"Polygon","coordinates":[[[-84.2541,34.1043],[-84.2581,34.3352],[-83.9571,34.334],[-83.9451,34.3294],[-83.9533,34.318],[-83.9426,34.302],[-83.9468,34.2976],[-83.9417,34.2921],[-83.9396,34.2988],[-83.9314,34.2978],[-83.9342,34.286],[-83.9256,34.2864],[-83.9273,34.2794],[-83.9533,34.269],[-83.9498,34.2398],[-83.9712,34.2286],[-83.9667,34.2161],[-83.9778,34.2139],[-83.9899,34.1951],[-84.0487,34.1912],[-84.0622,34.1684],[-84.0751,34.1633],[-84.1099,34.0984],[-84.118,34.0667],[-84.0977,34.0507],[-84.1436,34.0554],[-84.1776,34.0699],[-84.2138,34.0991],[-84.2541,34.1043]]]},"properties":{"GEOID":"13117","state_fips":"13","state_abbr":"GA","county_name":"Forsyth County","category":"county_restriction","n_total":1,"n_live":1,"n_pending":0,"n_lapsed":0,"n_live_county_restriction":1,"n_live_town_restriction":0,"n_live_conditions":0,"action_ids":["dct-forsyth-county-ga-2025-10"]}},{"type":"Feature","geometry":{"type":"Polygon","coordinates":[[[-93.3284,44.7176],[-93.3296,44.7911],[-93.2519,44.8115],[-93.2205,44.8311],[-93.2211,44.8385],[-93.2114,44.8397],[-93.1983,44.8582],[-93.2,44.8655],[-93.1788,44.8802],[-93.1826,44.8871],[-93.1539,44.8929],[-93.1286,44.9196],[-93.0516,44.9195],[-93.02,44.8907],[-93.0091,44.8618],[-93.0119,44.8367],[-93.0047,44.8149],[-93.0204,44.7942],[-93.016,44.7756],[-92.9638,44.7701],[-92.9286,44.7814],[-92.8838,44.7744],[-92.8553,44.7477],[-92.8026,44.7458],[-92.7373,44.7172],[-92.732,44.7137],[-92.732,44.6295],[-92.7926,44.6297],[-92.7926,44.543],[-92.919,44.5433],[-92.9191,44.5176],[-92.9527,44.507],[-92.9568,44.5146],[-92.9819,44.5187],[-93.0393,44.5155],[-93.0395,44.4719],[-93.2817,44.472],[-93.2782,44.6308],[-93.3187,44.6306],[-93.3183,44.7175],[-93.3284,44.7176]]]},"properties":{"GEOID":"27037","state_fips":"27","state_abbr":"MN","county_name":"Dakota County","category":"town_restriction","n_total":5,"n_live":5,"n_pending":0,"n_lapsed":0,"n_live_county_restriction":0,"n_live_town_restriction":5,"n_live_conditions":0,"action_ids":["mn-city-of-apple-valley-2026","mn-eagan-2026","mn-inver-grove-heights-2026","dct-inver-grove-heights-mn-moratorium-2026-05-11","mn-rosemount-2026"]}},{"type":"Feature","geometry":{"type":"Polygon","coordinates":[[[-82.6989,36.4127],[-82.6762,36.4234],[-82.6807,36.4318],[-82.6629,36.4425],[-82.6018,36.4235],[-82.4384,36.4456],[-82.4358,36.4373],[-82.4216,36.4473],[-82.4219,36.4389],[-82.4035,36.4344],[-82.4079,36.4237],[-82.3977,36.4225],[-82.3917,36.432],[-82.3866,36.4204],[-82.375,36.4208],[-82.3862,36.3921],[-82.3694,36.4031],[-82.2999,36.3965],[-82.3,36.3711],[-82.3423,36.264],[-82.3405,36.2528],[-82.3577,36.2414],[-82.3563,36.2301],[-82.3706,36.2099],[-82.4144,36.1824],[-82.4174,36.1661],[-82.4359,36.1549],[-82.5276,36.149],[-82.5951,36.0962],[-82.6429,36.1421],[-82.6366,36.1435],[-82.6478,36.1464],[-82.6462,36.1766],[-82.6518,36.1768],[-82.6286,36.3593],[-82.6318,36.4188],[-82.6989,36.4127]]]},"properties":{"GEOID":"47179","state_fips":"47","state_abbr":"TN","county_name":"Washington County","category":"county_restriction","n_total":5,"n_live":2,"n_pending":1,"n_lapsed":2,"n_live_county_restriction":1,"n_live_town_restriction":1,"n_live_conditions":0,"action_ids":["dct-city-of-johnson-city-tn-2025-06-01","tn-johnson-city-2025","tn-jonesborough-2025","dct-jonesborough-tn-data-center-ordinance-2026-05-11","tn-washington-county-2026"]}},{"type":"Feature","geometry":{"type":"Polygon","coordinates":[[[-90.5497,30.0027],[-90.539,30.0022],[-90.538,30.0169],[-90.4758,30.0359],[-90.4502,30.0331],[-90.407,30.0831],[-90.3497,30.1203],[-90.3266,30.1502],[-90.2599,30.1634],[-90.2792,30.0525],[-90.2735,29.9218],[-90.2649,29.8994],[-90.2433,29.8809],[-90.2402,29.8621],[-90.1673,29.8185],[-90.2282,29.692],[-90.3528,29.6959],[-90.3618,29.7094],[-90.3608,29.7371],[-90.3748,29.7626],[-90.4299,29.7764],[-90.4699,29.8052],[-90.4799,29.8474],[-90.4989,29.8651],[-90.5157,29.8647],[-90.5296,29.885],[-90.5322,29.9679],[-90.5493,29.968],[-90.5497,30.0027]]]},"properties":{"GEOID":"22089","state_fips":"22","state_abbr":"LA","county_name":"St. Charles Parish","category":"lapsed_only","n_total":1,"n_live":0,"n_pending":0,"n_lapsed":1,"n_live_county_restriction":0,"n_live_town_restriction":0,"n_live_conditions":0,"action_ids":["la-st-charles-parish-undated"]}},{"type":"Feature","geometry":{"type":"Polygon","coordinates":[[[-97.3155,30.7524],[-97.259,30.8896],[-96.8296,31.1104],[-96.8307,31.1004],[-96.8093,31.0803],[-96.8203,31.061],[-96.7916,31.0651],[-96.7851,31.0491],[-96.769,31.0495],[-96.7671,31.0428],[-96.7797,31.0334],[-96.7703,31.0267],[-96.7715,31.0028],[-96.7471,31.001],[-96.7459,30.9929],[-96.7724,30.9691],[-96.7565,30.9468],[-96.7563,30.9272],[-96.7437,30.9157],[-96.7306,30.9161],[-96.7344,30.9045],[-96.7262,30.8985],[-96.6849,30.906],[-96.687,30.8965],[-96.6972,30.8984],[-96.6822,30.8814],[-96.695,30.8781],[-96.6944,30.8636],[-96.67,30.8417],[-96.6702,30.8339],[-96.6413,30.8181],[-96.6358,30.8005],[-96.6483,30.781],[-96.6252,30.7808],[-96.6121,30.7564],[-96.6329,30.7418],[-96.6214,30.7308],[-97.1552,30.4573],[-97.2699,30.7354],[-97.3155,30.7524]]]},"properties":{"GEOID":"48331","state_fips":"48","state_abbr":"TX","county_name":"Milam County","category":"county_restriction","n_total":1,"n_live":1,"n_pending":0,"n_lapsed":0,"n_live_county_restriction":1,"n_live_town_restriction":0,"n_live_conditions":0,"action_ids":["dct-milam-county-tx-2024-12-01"]}},{"type":"Feature","geometry":{"type":"Polygon","coordinates":[[[-84.9016,33.722],[-84.9109,33.731],[-84.9023,33.7306],[-84.9017,33.7807],[-84.8327,33.776],[-84.7241,33.7886],[-84.7241,33.8062],[-84.623,33.8043],[-84.5781,33.7458],[-84.5868,33.7291],[-84.6321,33.7003],[-84.6305,33.6903],[-84.6527,33.6836],[-84.6564,33.6594],[-84.7105,33.6464],[-84.7396,33.6233],[-84.7527,33.6302],[-84.7631,33.6142],[-84.8043,33.588],[-84.8089,33.5741],[-84.9058,33.5734],[-84.9016,33.722]]]},"properties":{"GEOID":"13097","state_fips":"13","state_abbr":"GA","county_name":"Douglas County","category":"county_restriction","n_total":2,"n_live":1,"n_pending":0,"n_lapsed":1,"n_live_county_restriction":1,"n_live_town_restriction":0,"n_live_conditions":0,"action_ids":["dct-douglas-county-ga-2025-03-01","ga-douglas-county-2025"]}},{"type":"Feature","geometry":{"type":"Polygon","coordinates":[[[-82.8177,38.3767],[-82.8085,38.3952],[-82.7739,38.4182],[-82.7703,38.4329],[-82.6655,38.5057],[-82.6138,38.4745],[-82.6041,38.4598],[-82.5935,38.4218],[-82.598,38.3449],[-82.5718,38.3172],[-82.5831,38.2968],[-82.5746,38.2747],[-82.5783,38.2548],[-82.5861,38.2456],[-82.6046,38.2473],[-82.6072,38.2615],[-82.6274,38.2689],[-82.6995,38.2619],[-82.7393,38.2369],[-82.7665,38.2352],[-82.7942,38.2438],[-82.7815,38.3454],[-82.7717,38.3626],[-82.8177,38.3767]]]},"properties":{"GEOID":"21019","state_fips":"21","state_abbr":"KY","county_name":"Boyd County","category":"county_restriction","n_total":2,"n_live":1,"n_pending":0,"n_lapsed":1,"n_live_county_restriction":1,"n_live_town_restriction":0,"n_live_conditions":0,"action_ids":["ky-ashland-2026","dct-boyd-county-ky-terawulf-2026-06-02"]}},{"type":"Feature","geometry":{"type":"Polygon","coordinates":[[[-84.0524,38.7722],[-83.9899,39.2541],[-83.8657,39.2473],[-83.8722,39.0213],[-83.673,39.0204],[-83.7053,38.6398],[-83.7693,38.6552],[-83.7871,38.6995],[-83.8367,38.7179],[-83.8487,38.7472],[-83.8665,38.7602],[-83.927,38.7716],[-83.9621,38.7874],[-84.0524,38.7722]]]},"properties":{"GEOID":"39015","state_fips":"39","state_abbr":"OH","county_name":"Brown County","category":"town_restriction","n_total":2,"n_live":2,"n_pending":0,"n_lapsed":0,"n_live_county_restriction":0,"n_live_town_restriction":2,"n_live_conditions":0,"action_ids":["oh-mount-orab-2026","dct-mt-orab-oh-2026-02-04"]}}]}
