{
"type": "FeatureCollection",
"name": "medicaid-states",
"crs": { "type": "name", "properties": { "name": "urn:ogc:def:crs:OGC:1.3:CRS84" } },
"features": [
{ "type": "Feature", "properties": { "STATEFP": "35", "STUSPS": "NM", "NAME": "New Mexico", "subject_count_strict": 231344.11714037354, "subject_count_permissive": 226717.23479756605, "loss_exposure_strict": 85447.0, "burden_index_centered": 2.9040893429011883, "subject_rate": 0.18920209410814812, "expansion": true, "partial_expansion": false, "subject_via_waiver": false, "waiver_listed": false, "loss_quantified": true, "already_work_conditional": false, "waiver_note": "", "hardship_exception_status": "adopting" }, "geometry": { "type": "Polygon", "coordinates": [ [ [ -109.050044, 31.332502 ], [ -109.045223, 36.999084 ], [ -103.002199, 37.000104 ], [ -103.002434, 36.500397 ], [ -103.041924, 36.500439 ], [ -103.064423, 32.000518 ], [ -106.618486, 32.000495 ], [ -106.635926, 31.866235 ], [ -106.528242, 31.783148 ], [ -108.208394, 31.783599 ], [ -108.208573, 31.333395 ], [ -109.050044, 31.332502 ] ] ] } },
{ "type": "Feature", "properties": { "STATEFP": "46", "STUSPS": "SD", "NAME": "South Dakota", "subject_count_strict": 27916.390311027324, "subject_count_permissive": 27358.062504806781, "loss_exposure_strict": 13611.0, "burden_index_centered": 0.50720265328902991, "subject_rate": 0.054513339746822556, "expansion": true, "partial_expansion": false, "subject_via_waiver": false, "waiver_listed": false, "loss_quantified": true, "already_work_conditional": false, "waiver_note": "", "hardship_exception_status": "no_qualifying_counties" }, "geometry": { "type": "Polygon", "coordinates": [ [ [ -104.053028, 43.000587 ], [ -104.045443, 45.94531 ], [ -96.563672, 45.935239 ], [ -96.583085, 45.820024 ], [ -96.662595, 45.738682 ], [ -96.835769, 45.649648 ], [ -96.857751, 45.605962 ], [ -96.692541, 45.417338 ], [ -96.521787, 45.375645 ], [ -96.453067, 45.298115 ], [ -96.45326, 43.50039 ], [ -96.598928, 43.500457 ], [ -96.602608, 43.449649 ], [ -96.521572, 43.38564 ], [ -96.530392, 43.300034 ], [ -96.588492, 43.296339 ], [ -96.552591, 43.257769 ], [ -96.568505, 43.231554 ], [ -96.476697, 43.222014 ], [ -96.436589, 43.120842 ], [ -96.46085, 43.064033 ], [ -96.518431, 43.042068 ], [ -96.49167, 43.009707 ], [ -96.541689, 42.922576 ], [ -96.526357, 42.891852 ], [ -96.638621, 42.734921 ], [ -96.516338, 42.630435 ], [ -96.529894, 42.610432 ], [ -96.476952, 42.556079 ], [ -96.49297, 42.517282 ], [ -96.445508, 42.49063 ], [ -96.501321, 42.482749 ], [ -96.548791, 42.520547 ], [ -96.611489, 42.506088 ], [ -96.7093, 42.603753 ], [ -96.691269, 42.6562 ], [ -96.793238, 42.666024 ], [ -96.806223, 42.704154 ], [ -96.906797, 42.7338 ], [ -96.963531, 42.720643 ], [ -96.97912, 42.76009 ], [ -97.131331, 42.771929 ], [ -97.237868, 42.853139 ], [ -97.686506, 42.842435 ], [ -97.84527, 42.867734 ], [ -97.936716, 42.775754 ], [ -98.035034, 42.764205 ], [ -98.146933, 42.839823 ], [ -98.444145, 42.929242 ], [ -98.49855, 42.99856 ], [ -104.053028, 43.000587 ] ] ] } },
{ "type": "Feature", "properties": { "STATEFP": "06", "STUSPS": "CA", "NAME": "California", "subject_count_strict": 4700448.294060031, "subject_count_permissive": 4606439.3281788286, "loss_exposure_strict": 1022390.0, "burden_index_centered": 0.3089327875584168, "subject_rate": 0.19602038968348129, "expansion": true, "partial_expansion": false, "subject_via_waiver": false, "waiver_listed": false, "loss_quantified": true, "already_work_conditional": false, "waiver_note": "", "hardship_exception_status": "adopting" }, "geometry": { "type": "MultiPolygon", "coordinates": [ [ [ [ -118.604415, 33.478552 ], [ -118.370323, 33.409285 ], [ -118.305084, 33.310323 ], [ -118.465368, 33.326056 ], [ -118.48875, 33.419826 ], [ -118.575394, 33.440179 ], [ -118.604415, 33.478552 ] ] ], [ [ [ -118.6105, 33.032941 ], [ -118.573897, 33.03055 ], [ -118.354185, 32.820919 ], [ -118.431809, 32.801462 ], [ -118.506206, 32.852985 ], [ -118.6105, 33.032941 ] ] ], [ [ [ -119.042939, 33.470552 ], [ -119.028501, 33.487425 ], [ -119.033652, 33.465753 ], [ -119.042939, 33.470552 ] ] ], [ [ [ -119.372331, 34.012088 ], [ -119.362571, 34.017148 ], [ -119.357658, 34.015985 ], [ -119.372331, 34.012088 ] ] ], [ [ [ -119.441999, 34.013551 ], [ -119.396251, 34.005918 ], [ -119.379273, 34.009566 ], [ -119.390816, 34.002863 ], [ -119.441999, 34.013551 ] ] ], [ [ [ -119.577271, 33.278582 ], [ -119.528778, 33.285417 ], [ -119.434402, 33.227021 ], [ -119.546212, 33.232561 ], [ -119.577271, 33.278582 ] ] ], [ [ [ -119.929889, 34.059734 ], [ -119.759428, 34.058835 ], [ -119.637742, 34.013178 ], [ -119.584301, 34.053643 ], [ -119.52064, 34.034262 ], [ -119.560464, 33.99553 ], [ -119.818249, 33.959858 ], [ -119.873358, 33.980375 ], [ -119.876329, 34.032087 ], [ -119.929889, 34.059734 ] ] ], [ [ [ -120.249536, 34.002477 ], [ -120.043259, 34.035806 ], [ -120.046575, 34.000002 ], [ -119.980156, 33.983653 ], [ -119.968636, 33.942878 ], [ -120.115885, 33.894361 ], [ -120.249536, 34.002477 ] ] ], [ [ [ -120.450064, 34.034194 ], [ -120.368278, 34.076465 ], [ -120.307219, 34.022375 ], [ -120.35793, 34.015029 ], [ -120.450064, 34.034194 ] ] ], [ [ [ -122.372836, 37.811068 ], [ -122.362911, 37.822696 ], [ -122.362294, 37.807016 ], [ -122.372836, 37.811068 ] ] ], [ [ [ -122.42277, 37.825256 ], [ -122.420248, 37.826513 ], [ -122.420722, 37.82525 ], [ -122.42277, 37.825256 ] ] ], [ [ [ -122.440829, 37.855399 ], [ -122.430053, 37.872106 ], [ -122.418579, 37.853322 ], [ -122.440829, 37.855399 ] ] ], [ [ [ -123.002794, 37.692736 ], [ -123.003507, 37.704396 ], [ -122.998754, 37.697438 ], [ -123.002794, 37.692736 ] ] ], [ [ [ -124.215001, 41.949734 ], [ -124.216181, 41.952212 ], [ -124.213021, 41.951023 ], [ -124.215001, 41.949734 ] ] ], [ [ [ -124.408601, 40.443201 ], [ -124.158322, 40.876069 ], [ -124.111756, 41.026883 ], [ -124.153622, 41.05355 ], [ -124.165414, 41.129822 ], [ -124.106986, 41.229678 ], [ -124.066057, 41.470258 ], [ -124.147412, 41.717955 ], [ -124.254954, 41.77817 ], [ -124.208439, 41.888192 ], [ -124.211605, 41.99846 ], [ -119.999234, 41.994944 ], [ -120.001014, 38.999574 ], [ -117.500117, 37.22038 ], [ -114.633487, 35.001857 ], [ -114.634382, 34.87289 ], [ -114.470477, 34.711368 ], [ -114.436466, 34.5954 ], [ -114.380838, 34.529724 ], [ -114.386699, 34.457911 ], [ -114.176909, 34.349306 ], [ -114.131211, 34.26273 ], [ -114.434181, 34.087379 ], [ -114.438266, 34.022609 ], [ -114.535478, 33.934651 ], [ -114.50792, 33.903807 ], [ -114.52805, 33.814963 ], [ -114.494197, 33.707922 ], [ -114.531523, 33.675108 ], [ -114.524599, 33.552231 ], [ -114.643302, 33.416745 ], [ -114.725282, 33.405048 ], [ -114.698035, 33.352442 ], [ -114.731223, 33.302434 ], [ -114.672088, 33.258499 ], [ -114.706488, 33.08816 ], [ -114.66506, 33.033908 ], [ -114.52013, 33.029984 ], [ -114.469039, 32.972295 ], [ -114.468971, 32.845155 ], [ -114.530755, 32.793485 ], [ -114.526856, 32.757094 ], [ -114.618373, 32.728245 ], [ -114.701918, 32.745548 ], [ -114.719633, 32.718763 ], [ -117.123668, 32.534435 ], [ -117.160719, 32.66568 ], [ -117.212652, 32.687887 ], [ -117.243128, 32.66454 ], [ -117.281883, 32.832839 ], [ -117.253679, 32.903835 ], [ -117.312504, 33.086973 ], [ -117.469794, 33.296417 ], [ -117.652692, 33.446154 ], [ -117.714617, 33.459914 ], [ -117.78428, 33.541843 ], [ -118.132698, 33.753217 ], [ -118.180801, 33.765054 ], [ -118.185726, 33.73296 ], [ -118.24277, 33.743355 ], [ -118.294074, 33.705149 ], [ -118.410465, 33.74104 ], [ -118.428162, 33.774345 ], [ -118.390549, 33.838779 ], [ -118.524356, 34.03068 ], [ -118.742354, 34.03294 ], [ -118.806552, 34.000448 ], [ -119.129252, 34.10084 ], [ -119.216441, 34.146105 ], [ -119.278644, 34.266902 ], [ -119.563986, 34.41532 ], [ -119.878293, 34.407289 ], [ -120.141165, 34.473405 ], [ -120.452811, 34.442442 ], [ -120.511421, 34.522953 ], [ -120.636722, 34.560967 ], [ -120.60045, 34.70464 ], [ -120.637415, 34.755895 ], [ -120.610266, 34.85818 ], [ -120.672269, 34.90254 ], [ -120.629931, 35.061515 ], [ -120.646147, 35.143943 ], [ -120.856047, 35.206487 ], [ -120.8996, 35.255337 ], [ -120.862062, 35.346995 ], [ -120.884757, 35.430196 ], [ -121.003359, 35.46071 ], [ -121.165758, 35.635283 ], [ -121.28653, 35.665524 ], [ -121.332449, 35.783106 ], [ -121.462145, 35.88613 ], [ -121.500832, 35.998099 ], [ -121.574602, 36.025156 ], [ -121.717176, 36.195146 ], [ -121.902729, 36.306379 ], [ -121.954209, 36.522231 ], [ -121.924738, 36.525599 ], [ -121.932508, 36.559935 ], [ -121.976763, 36.579435 ], [ -121.93643, 36.636746 ], [ -121.866181, 36.606562 ], [ -121.813701, 36.682355 ], [ -121.788278, 36.803994 ], [ -121.862266, 36.931552 ], [ -121.930069, 36.97815 ], [ -122.065642, 36.948466 ], [ -122.135161, 36.967774 ], [ -122.405073, 37.195791 ], [ -122.40085, 37.359225 ], [ -122.459577, 37.492731 ], [ -122.499289, 37.495341 ], [ -122.519533, 37.537302 ], [ -122.494085, 37.644035 ], [ -122.514483, 37.780829 ], [ -122.476785, 37.80944 ], [ -122.387669, 37.788809 ], [ -122.359279, 37.728593 ], [ -122.394156, 37.707636 ], [ -122.389313, 37.640193 ], [ -122.355627, 37.615293 ], [ -122.378545, 37.605592 ], [ -122.262868, 37.573914 ], [ -122.08874, 37.452267 ], [ -122.038599, 37.454622 ], [ -122.055541, 37.49523 ], [ -122.10942, 37.500254 ], [ -122.167587, 37.677178 ], [ -122.252172, 37.724952 ], [ -122.243947, 37.751779 ], [ -122.332037, 37.782035 ], [ -122.342253, 37.805558 ], [ -122.296618, 37.828465 ], [ -122.311399, 37.895794 ], [ -122.390546, 37.90911 ], [ -122.430087, 37.963115 ], [ -122.367582, 37.978168 ], [ -122.367909, 38.01253 ], [ -122.283478, 38.022674 ], [ -122.262861, 38.0446 ], [ -122.282824, 38.082889 ], [ -122.393588, 38.143449 ], [ -122.497522, 38.115134 ], [ -122.497828, 38.019402 ], [ -122.447304, 37.984387 ], [ -122.495553, 37.970523 ], [ -122.479512, 37.942526 ], [ -122.50506, 37.936414 ], [ -122.438293, 37.882368 ], [ -122.459596, 37.862703 ], [ -122.504275, 37.894116 ], [ -122.472134, 37.835084 ], [ -122.500006, 37.820911 ], [ -122.658823, 37.904738 ], [ -122.725181, 37.902691 ], [ -122.882114, 38.025273 ], [ -123.024066, 37.994878 ], [ -122.949074, 38.15406 ], [ -122.995631, 38.238626 ], [ -122.972776, 38.229645 ], [ -122.977082, 38.267902 ], [ -123.024333, 38.310573 ], [ -123.063671, 38.302178 ], [ -123.128825, 38.450418 ], [ -123.331899, 38.565542 ], [ -123.44613, 38.703693 ], [ -123.727976, 38.919429 ], [ -123.741921, 38.956228 ], [ -123.69124, 39.050795 ], [ -123.827716, 39.348433 ], [ -123.766475, 39.552803 ], [ -123.851714, 39.832041 ], [ -124.079983, 40.029773 ], [ -124.110549, 40.103765 ], [ -124.360604, 40.257206 ], [ -124.347853, 40.314634 ], [ -124.408601, 40.443201 ] ] ] ] } },
{ "type": "Feature", "properties": { "STATEFP": "21", "STUSPS": "KY", "NAME": "Kentucky", "subject_count_strict": 434069.32716096798, "subject_count_permissive": 425387.94061774859, "loss_exposure_strict": 153075.0, "burden_index_centered": 2.2076988755764724, "subject_rate": 0.16265206697608139, "expansion": true, "partial_expansion": false, "subject_via_waiver": false, "waiver_listed": false, "loss_quantified": true, "already_work_conditional": false, "waiver_note": "", "hardship_exception_status": "adopting" }, "geometry": { "type": "MultiPolygon", "coordinates": [ [ [ [ -89.417275, 36.499011 ], [ -89.365548, 36.625059 ], [ -89.326731, 36.632186 ], [ -89.236542, 36.566824 ], [ -89.15908, 36.666352 ], [ -89.199798, 36.734217 ], [ -89.119198, 36.759802 ], [ -89.178888, 36.831368 ], [ -89.137969, 36.847349 ], [ -89.099007, 36.961389 ], [ -89.181369, 37.046305 ], [ -89.086526, 37.165602 ], [ -89.000968, 37.224401 ], [ -88.934063, 37.227719 ], [ -88.566839, 37.0755 ], [ -88.460594, 37.074298 ], [ -88.424403, 37.152428 ], [ -88.515939, 37.284043 ], [ -88.476592, 37.386875 ], [ -88.413108, 37.424468 ], [ -88.365471, 37.401663 ], [ -88.281667, 37.452596 ], [ -88.067844, 37.485867 ], [ -88.159372, 37.661847 ], [ -88.02803, 37.799224 ], [ -87.95259, 37.771742 ], [ -87.90681, 37.807624 ], [ -87.941021, 37.879168 ], [ -87.904789, 37.924892 ], [ -87.829773, 37.876425 ], [ -87.679131, 37.902951 ], [ -87.679188, 37.836321 ], [ -87.645858, 37.825899 ], [ -87.583925, 37.872485 ], [ -87.627892, 37.922253 ], [ -87.596171, 37.97486 ], [ -87.511499, 37.906426 ], [ -87.413325, 37.944714 ], [ -87.162319, 37.840159 ], [ -87.111008, 37.782354 ], [ -87.069675, 37.801513 ], [ -87.034166, 37.906265 ], [ -86.820071, 37.999392 ], [ -86.73146, 37.89434 ], [ -86.647081, 37.908621 ], [ -86.661637, 37.849714 ], [ -86.638265, 37.842718 ], [ -86.598108, 37.867382 ], [ -86.588581, 37.921159 ], [ -86.50662, 37.930719 ], [ -86.521825, 38.038327 ], [ -86.430091, 38.078638 ], [ -86.463248, 38.119278 ], [ -86.401879, 38.104329 ], [ -86.323847, 38.138412 ], [ -86.377434, 38.171379 ], [ -86.357717, 38.198807 ], [ -86.272847, 38.140835 ], [ -86.267203, 38.056798 ], [ -86.176557, 38.01023 ], [ -86.104167, 38.012627 ], [ -86.03819, 37.959588 ], [ -86.029509, 37.99264 ], [ -85.925654, 38.021784 ], [ -85.903873, 38.174142 ], [ -85.829216, 38.276508 ], [ -85.745077, 38.26719 ], [ -85.683561, 38.295469 ], [ -85.604457, 38.44082 ], [ -85.498866, 38.468242 ], [ -85.422441, 38.532931 ], [ -85.456481, 38.685069 ], [ -85.436299, 38.728484 ], [ -85.268495, 38.740165 ], [ -85.173048, 38.688022 ], [ -84.991927, 38.778537 ], [ -84.812877, 38.786087 ], [ -84.829958, 38.830632 ], [ -84.785234, 38.880439 ], [ -84.877029, 38.909016 ], [ -84.829857, 38.969385 ], [ -84.896911, 39.057474 ], [ -84.750749, 39.147358 ], [ -84.620112, 39.073457 ], [ -84.449793, 39.117754 ], [ -84.42573, 39.053059 ], [ -84.304698, 39.006455 ], [ -84.212904, 38.805707 ], [ -83.873168, 38.762418 ], [ -83.769347, 38.65522 ], [ -83.671443, 38.627381 ], [ -83.626922, 38.679387 ], [ -83.520953, 38.703045 ], [ -83.356445, 38.654009 ], [ -83.294193, 38.596588 ], [ -83.245664, 38.628564 ], [ -83.153783, 38.618827 ], [ -83.027917, 38.727143 ], [ -82.879492, 38.751476 ], [ -82.844306, 38.590862 ], [ -82.700045, 38.544336 ], [ -82.604089, 38.459841 ], [ -82.574656, 38.263873 ], [ -82.61226, 38.236087 ], [ -82.611343, 38.171548 ], [ -82.644739, 38.165487 ], [ -82.519193, 38.001131 ], [ -82.464257, 37.983412 ], [ -82.502198, 37.933052 ], [ -82.419929, 37.88487 ], [ -82.401652, 37.810091 ], [ -82.312363, 37.764774 ], [ -82.334035, 37.743227 ], [ -82.303953, 37.67576 ], [ -82.213443, 37.62522 ], [ -82.175264, 37.647971 ], [ -82.133247, 37.552832 ], [ -81.964971, 37.543026 ], [ -82.350948, 37.267077 ], [ -82.722097, 37.120168 ], [ -82.722472, 37.045101 ], [ -82.867535, 36.977518 ], [ -82.878569, 36.889585 ], [ -83.07259, 36.854589 ], [ -83.136395, 36.743088 ], [ -83.529612, 36.666184 ], [ -83.690714, 36.582581 ], [ -86.507771, 36.652445 ], [ -87.853204, 36.633247 ], [ -87.849567, 36.663701 ], [ -88.070532, 36.678118 ], [ -88.032489, 36.540662 ], [ -88.053205, 36.497129 ], [ -89.417275, 36.499011 ] ] ], [ [ [ -89.571509, 36.552569 ], [ -89.500076, 36.576305 ], [ -89.465888, 36.529946 ], [ -89.485427, 36.497491 ], [ -89.539232, 36.497934 ], [ -89.571509, 36.552569 ] ] ] ] } },
{ "type": "Feature", "properties": { "STATEFP": "01", "STUSPS": "AL", "NAME": "Alabama", "subject_count_strict": 0.0, "subject_count_permissive": 0.0, "loss_exposure_strict": 0.0, "burden_index_centered": 0.0, "subject_rate": 0.0, "expansion": false, "partial_expansion": false, "subject_via_waiver": false, "waiver_listed": false, "loss_quantified": true, "already_work_conditional": false, "waiver_note": "", "hardship_exception_status": "non_expansion" }, "geometry": { "type": "MultiPolygon", "coordinates": [ [ [ [ -88.045043, 30.501189 ], [ -88.029165, 30.519648 ], [ -88.02433, 30.490774 ], [ -88.045043, 30.501189 ] ] ], [ [ [ -88.225421, 30.319893 ], [ -88.220732, 30.322114 ], [ -88.219581, 30.321414 ], [ -88.225421, 30.319893 ] ] ], [ [ [ -88.256207, 30.325115 ], [ -88.257704, 30.340859 ], [ -88.25947, 30.366778 ], [ -88.256207, 30.325115 ] ] ], [ [ [ -88.327302, 30.229882 ], [ -88.117738, 30.279124 ], [ -88.074854, 30.249119 ], [ -88.199799, 30.24779 ], [ -88.327302, 30.229882 ] ] ], [ [ [ -88.473227, 31.893856 ], [ -88.097888, 34.892202 ], [ -88.154617, 34.922392 ], [ -88.202959, 35.008028 ], [ -85.605165, 34.984678 ], [ -85.1844, 32.861317 ], [ -85.122189, 32.773353 ], [ -85.142567, 32.760682 ], [ -85.113329, 32.735751 ], [ -85.105337, 32.644835 ], [ -84.96303, 32.424244 ], [ -85.007103, 32.328362 ], [ -84.88908, 32.260911 ], [ -85.061144, 32.134065 ], [ -85.04931, 32.022694 ], [ -85.140731, 31.857461 ], [ -85.12553, 31.694965 ], [ -85.058169, 31.620227 ], [ -85.041305, 31.540987 ], [ -85.114601, 31.277333 ], [ -85.107516, 31.186451 ], [ -85.035615, 31.108192 ], [ -85.002499, 31.000682 ], [ -87.598928, 30.997457 ], [ -87.634938, 30.865886 ], [ -87.532607, 30.743489 ], [ -87.406958, 30.675165 ], [ -87.395026, 30.615281 ], [ -87.447702, 30.510458 ], [ -87.368191, 30.433407 ], [ -87.504701, 30.324039 ], [ -87.452378, 30.300201 ], [ -87.80056, 30.229365 ], [ -88.027678, 30.223645 ], [ -87.936041, 30.261469 ], [ -87.893201, 30.239237 ], [ -87.78775, 30.254244 ], [ -87.747171, 30.287768 ], [ -87.906343, 30.40938 ], [ -87.936969, 30.483105 ], [ -87.901711, 30.550879 ], [ -87.91253, 30.615795 ], [ -87.985559, 30.677509 ], [ -88.061877, 30.643586 ], [ -88.138267, 30.313257 ], [ -88.195664, 30.321242 ], [ -88.187104, 30.362699 ], [ -88.311517, 30.370206 ], [ -88.338018, 30.404753 ], [ -88.395023, 30.369425 ], [ -88.473227, 31.893856 ] ] ] ] } },
{ "type": "Feature", "properties": { "STATEFP": "13", "STUSPS": "GA", "NAME": "Georgia", "subject_count_strict": 3916.1104957440002, "subject_count_permissive": 3837.7882858291196, "loss_exposure_strict": 0.0, "burden_index_centered": 0.22620833586641623, "subject_rate": 0.00059240317249632584, "expansion": false, "partial_expansion": true, "subject_via_waiver": true, "waiver_listed": true, "loss_quantified": true, "already_work_conditional": true, "waiver_note": "Pathways to Coverage enrollees (Section 1115 waiver; already work-conditional)", "hardship_exception_status": "non_expansion" }, "geometry": { "type": "MultiPolygon", "coordinates": [ [ [ [ -81.271882, 31.304105 ], [ -81.277159, 31.311215 ], [ -81.270664, 31.310521 ], [ -81.271882, 31.304105 ] ] ], [ [ [ -85.605165, 34.984678 ], [ -83.102867, 34.997257 ], [ -83.112801, 34.934723 ], [ -83.306663, 34.81485 ], [ -83.353416, 34.728424 ], [ -83.342617, 34.682991 ], [ -83.231339, 34.611187 ], [ -83.159954, 34.603464 ], [ -83.03336, 34.48309 ], [ -82.901551, 34.486764 ], [ -82.858837, 34.45522 ], [ -82.834806, 34.366302 ], [ -82.746656, 34.266407 ], [ -82.717459, 34.150546 ], [ -82.641641, 34.09209 ], [ -82.556835, 33.945353 ], [ -82.32448, 33.820033 ], [ -82.247472, 33.752591 ], [ -82.189141, 33.623722 ], [ -82.046335, 33.56383 ], [ -81.985938, 33.486536 ], [ -81.926336, 33.462937 ], [ -81.909629, 33.412603 ], [ -81.944893, 33.407962 ], [ -81.939737, 33.344941 ], [ -81.847636, 33.307143 ], [ -81.863336, 33.289244 ], [ -81.828336, 33.263045 ], [ -81.852937, 33.248744 ], [ -81.767935, 33.216347 ], [ -81.754135, 33.15055 ], [ -81.492253, 33.009342 ], [ -81.502427, 32.935353 ], [ -81.417984, 32.818196 ], [ -81.427505, 32.702242 ], [ -81.393033, 32.651543 ], [ -81.418116, 32.628349 ], [ -81.36695, 32.577019 ], [ -81.281324, 32.556464 ], [ -81.186952, 32.463566 ], [ -81.205507, 32.423612 ], [ -81.159832, 32.339964 ], [ -81.128616, 32.338623 ], [ -81.119867, 32.286203 ], [ -81.156587, 32.24391 ], [ -81.114016, 32.195448 ], [ -81.115367, 32.114705 ], [ -81.038125, 32.083734 ], [ -81.004305, 32.102367 ], [ -80.875954, 32.016758 ], [ -80.843456, 32.023647 ], [ -80.881896, 31.956683 ], [ -80.984336, 31.940145 ], [ -80.930145, 31.90807 ], [ -80.99269, 31.857641 ], [ -81.065255, 31.877095 ], [ -81.075812, 31.829031 ], [ -81.035913, 31.810364 ], [ -81.095095, 31.749144 ], [ -81.203572, 31.719448 ], [ -81.131137, 31.695774 ], [ -81.160364, 31.570436 ], [ -81.298259, 31.533505 ], [ -81.258809, 31.52906 ], [ -81.278733, 31.497538 ], [ -81.20419, 31.536074 ], [ -81.178725, 31.518202 ], [ -81.29427, 31.368596 ], [ -81.269552, 31.258741 ], [ -81.290468, 31.217691 ], [ -81.409523, 31.120611 ], [ -81.420474, 31.016703 ], [ -81.493651, 30.977528 ], [ -81.403409, 30.957914 ], [ -81.460061, 30.769912 ], [ -81.444124, 30.709714 ], [ -81.610656, 30.716217 ], [ -81.949501, 30.827867 ], [ -81.973442, 30.778828 ], [ -82.021972, 30.788233 ], [ -82.044792, 30.728481 ], [ -82.049507, 30.655548 ], [ -82.005477, 30.563495 ], [ -82.036825, 30.377884 ], [ -82.161757, 30.357851 ], [ -82.204151, 30.40133 ], [ -82.201416, 30.485164 ], [ -82.240403, 30.53777 ], [ -82.214839, 30.568591 ], [ -84.864693, 30.711542 ], [ -84.913522, 30.752291 ], [ -84.9349, 30.884528 ], [ -85.005105, 30.974704 ], [ -85.035615, 31.108192 ], [ -85.107516, 31.186451 ], [ -85.114601, 31.277333 ], [ -85.041305, 31.540987 ], [ -85.058169, 31.620227 ], [ -85.12553, 31.694965 ], [ -85.141831, 31.839261 ], [ -85.04931, 32.022694 ], [ -85.061144, 32.134065 ], [ -84.88908, 32.260911 ], [ -85.007103, 32.328362 ], [ -84.96303, 32.424244 ], [ -85.105337, 32.644835 ], [ -85.113329, 32.735751 ], [ -85.142567, 32.760682 ], [ -85.122189, 32.773353 ], [ -85.1844, 32.861317 ], [ -85.605165, 34.984678 ] ] ] ] } },
{ "type": "Feature", "properties": { "STATEFP": "05", "STUSPS": "AR", "NAME": "Arkansas", "subject_count_strict": 218860.64601814526, "subject_count_permissive": 214483.43309778231, "loss_exposure_strict": 99469.0, "burden_index_centered": 3.2034340982527887, "subject_rate": 0.12382098343541129, "expansion": true, "partial_expansion": false, "subject_via_waiver": false, "waiver_listed": false, "loss_quantified": true, "already_work_conditional": false, "waiver_note": "", "hardship_exception_status": "adopting" }, "geometry": { "type": "Polygon", "coordinates": [ [ [ -94.617919, 36.499414 ], [ -90.152481, 36.497952 ], [ -90.138512, 36.413952 ], [ -90.064514, 36.382085 ], [ -90.06398, 36.303038 ], [ -90.319168, 36.089976 ], [ -90.37789, 35.995683 ], [ -89.733056, 36.000809 ], [ -89.642047, 35.895573 ], [ -89.669079, 35.87451 ], [ -89.743132, 35.911176 ], [ -89.773858, 35.86766 ], [ -89.696497, 35.820583 ], [ -89.781662, 35.805228 ], [ -89.825451, 35.745188 ], [ -89.911984, 35.758313 ], [ -89.958336, 35.72656 ], [ -89.92735, 35.659461 ], [ -89.851176, 35.657432 ], [ -89.956592, 35.590622 ], [ -89.908934, 35.51424 ], [ -90.028287, 35.555262 ], [ -90.047678, 35.50261 ], [ -90.003322, 35.429629 ], [ -90.054322, 35.389277 ], [ -90.067798, 35.466224 ], [ -90.10052, 35.478089 ], [ -90.16888, 35.421878 ], [ -90.165282, 35.373982 ], [ -90.13551, 35.376668 ], [ -90.129342, 35.41383 ], [ -90.078613, 35.380618 ], [ -90.109966, 35.304988 ], [ -90.168794, 35.279088 ], [ -90.092603, 35.246775 ], [ -90.075466, 35.214047 ], [ -90.116743, 35.186906 ], [ -90.065182, 35.139401 ], [ -90.167358, 35.123585 ], [ -90.207315, 35.025773 ], [ -90.296968, 35.038175 ], [ -90.307336, 34.991927 ], [ -90.241334, 34.919033 ], [ -90.317741, 34.871058 ], [ -90.307384, 34.846195 ], [ -90.438729, 34.825248 ], [ -90.436561, 34.882731 ], [ -90.481264, 34.881066 ], [ -90.448423, 34.739117 ], [ -90.524166, 34.731388 ], [ -90.492777, 34.772499 ], [ -90.544167, 34.791667 ], [ -90.571944, 34.712777 ], [ -90.462816, 34.684074 ], [ -90.532108, 34.627327 ], [ -90.570102, 34.693432 ], [ -90.591144, 34.619204 ], [ -90.539623, 34.553925 ], [ -90.592662, 34.490579 ], [ -90.586232, 34.409172 ], [ -90.658542, 34.375705 ], [ -90.669343, 34.31302 ], [ -90.693129, 34.32257 ], [ -90.676245, 34.371111 ], [ -90.764393, 34.363675 ], [ -90.738025, 34.289279 ], [ -90.831773, 34.276936 ], [ -90.847149, 34.20613 ], [ -90.935548, 34.237847 ], [ -90.914425, 34.195726 ], [ -90.807564, 34.161821 ], [ -90.847168, 34.136884 ], [ -90.91001, 34.165508 ], [ -90.958644, 34.135484 ], [ -90.871083, 34.081177 ], [ -90.896253, 34.025218 ], [ -90.988184, 34.019211 ], [ -90.966173, 33.964663 ], [ -91.086202, 34.006418 ], [ -91.087753, 33.959313 ], [ -91.010194, 33.93159 ], [ -91.070194, 33.84534 ], [ -90.988466, 33.78453 ], [ -91.01837, 33.764131 ], [ -91.134059, 33.782893 ], [ -91.148807, 33.73136 ], [ -91.060529, 33.71513 ], [ -91.030987, 33.679412 ], [ -91.091351, 33.657764 ], [ -91.160367, 33.706602 ], [ -91.230634, 33.677147 ], [ -91.12868, 33.608475 ], [ -91.164855, 33.570175 ], [ -91.233392, 33.562747 ], [ -91.1826, 33.499185 ], [ -91.235181, 33.438972 ], [ -91.176507, 33.444627 ], [ -91.168019, 33.49833 ], [ -91.117786, 33.458081 ], [ -91.208113, 33.402007 ], [ -91.141936, 33.38006 ], [ -91.087034, 33.45129 ], [ -91.058077, 33.446537 ], [ -91.142219, 33.348989 ], [ -91.106142, 33.241799 ], [ -91.07853, 33.283306 ], [ -91.043624, 33.274636 ], [ -91.10026, 33.219428 ], [ -91.085707, 33.137189 ], [ -91.201995, 33.123125 ], [ -91.121195, 33.059166 ], [ -91.166095, 33.004291 ], [ -94.042964, 33.019219 ], [ -94.04345, 33.552253 ], [ -94.082641, 33.575492 ], [ -94.128658, 33.550952 ], [ -94.183913, 33.594682 ], [ -94.217198, 33.580737 ], [ -94.194399, 33.573678 ], [ -94.196395, 33.555123 ], [ -94.250197, 33.556765 ], [ -94.242777, 33.589709 ], [ -94.381667, 33.544035 ], [ -94.382887, 33.583268 ], [ -94.412175, 33.568691 ], [ -94.471974, 33.602665 ], [ -94.448637, 33.642766 ], [ -94.485875, 33.637867 ], [ -94.430662, 35.392478 ], [ -94.617919, 36.499414 ] ] ] } },
{ "type": "Feature", "properties": { "STATEFP": "42", "STUSPS": "PA", "NAME": "Pennsylvania", "subject_count_strict": 769098.75135708589, "subject_count_permissive": 753716.77632994414, "loss_exposure_strict": 217330.0, "burden_index_centered": 0.26194005650141872, "subject_rate": 0.10066984645985565, "expansion": true, "partial_expansion": false, "subject_via_waiver": false, "waiver_listed": false, "loss_quantified": true, "already_work_conditional": false, "waiver_note": "", "hardship_exception_status": "adopting" }, "geometry": { "type": "Polygon", "coordinates": [ [ [ -80.519342, 39.721403 ], [ -80.519408, 41.977164 ], [ -80.188085, 42.094257 ], [ -80.104284, 42.170078 ], [ -80.066169, 42.171882 ], [ -80.06108, 42.144857 ], [ -79.761951, 42.26986 ], [ -79.761374, 41.999067 ], [ -75.359579, 41.999445 ], [ -75.279094, 41.938917 ], [ -75.260527, 41.8638 ], [ -75.170565, 41.871608 ], [ -75.072172, 41.813732 ], [ -75.10464, 41.774203 ], [ -75.053431, 41.752538 ], [ -75.044224, 41.617978 ], [ -75.074613, 41.605711 ], [ -74.983341, 41.480894 ], [ -74.912517, 41.475605 ], [ -74.893913, 41.43893 ], [ -74.738455, 41.430641 ], [ -74.689516, 41.363843 ], [ -74.79504, 41.320407 ], [ -74.882139, 41.180836 ], [ -74.991718, 41.092284 ], [ -74.968389, 41.087797 ], [ -75.130575, 40.991093 ], [ -75.051029, 40.865662 ], [ -75.095784, 40.847082 ], [ -75.108505, 40.791094 ], [ -75.196533, 40.751631 ], [ -75.20392, 40.691498 ], [ -75.176803, 40.675715 ], [ -75.192352, 40.574257 ], [ -75.068615, 40.542223 ], [ -75.058848, 40.418065 ], [ -74.96813, 40.399129 ], [ -74.939711, 40.338006 ], [ -74.724362, 40.146443 ], [ -74.822531, 40.126844 ], [ -75.12692, 39.961112 ], [ -75.143746, 39.884998 ], [ -75.341765, 39.846082 ], [ -75.415062, 39.801919 ], [ -75.518444, 39.836311 ], [ -75.634706, 39.830164 ], [ -75.716969, 39.791998 ], [ -75.773786, 39.7222 ], [ -80.519342, 39.721403 ] ] ] } },
{ "type": "Feature", "properties": { "STATEFP": "29", "STUSPS": "MO", "NAME": "Missouri", "subject_count_strict": 327567.40477745817, "subject_count_permissive": 321016.05668190902, "loss_exposure_strict": 164291.0, "burden_index_centered": 0.40612582941556891, "subject_rate": 0.090459970870277323, "expansion": true, "partial_expansion": false, "subject_via_waiver": false, "waiver_listed": false, "loss_quantified": true, "already_work_conditional": false, "waiver_note": "", "hardship_exception_status": "not_adopting" }, "geometry": { "type": "Polygon", "coordinates": [ [ [ -95.773549, 40.578205 ], [ -94.089194, 40.572806 ], [ -91.729115, 40.61364 ], [ -91.6887, 40.55739 ], [ -91.620071, 40.540817 ], [ -91.574746, 40.465664 ], [ -91.52509, 40.457845 ], [ -91.524612, 40.410765 ], [ -91.419422, 40.378264 ], [ -91.492727, 40.278217 ], [ -91.510322, 40.127994 ], [ -91.494878, 40.036453 ], [ -91.41936, 39.927717 ], [ -91.436051, 39.84551 ], [ -91.361571, 39.787548 ], [ -91.370009, 39.732524 ], [ -91.181936, 39.602677 ], [ -91.153628, 39.548248 ], [ -91.100307, 39.538695 ], [ -91.03827, 39.448436 ], [ -90.72996, 39.255894 ], [ -90.681086, 39.10059 ], [ -90.713629, 39.053977 ], [ -90.663466, 38.927384 ], [ -90.566557, 38.868847 ], [ -90.467784, 38.961809 ], [ -90.406367, 38.962554 ], [ -90.109407, 38.843548 ], [ -90.20991, 38.72605 ], [ -90.18451, 38.611551 ], [ -90.368219, 38.340254 ], [ -90.359559, 38.224525 ], [ -90.11052, 38.026547 ], [ -89.997103, 37.963225 ], [ -89.925085, 37.960021 ], [ -89.974918, 37.926719 ], [ -89.950594, 37.881526 ], [ -89.901832, 37.869822 ], [ -89.842649, 37.905196 ], [ -89.669644, 37.799922 ], [ -89.663352, 37.750052 ], [ -89.514255, 37.689923 ], [ -89.517718, 37.641217 ], [ -89.475932, 37.592998 ], [ -89.519808, 37.582748 ], [ -89.517051, 37.537278 ], [ -89.421054, 37.387668 ], [ -89.51834, 37.285497 ], [ -89.458827, 37.248661 ], [ -89.456105, 37.18812 ], [ -89.37871, 37.094586 ], [ -89.383937, 37.046441 ], [ -89.278628, 36.98867 ], [ -89.260003, 37.023288 ], [ -89.30829, 37.068371 ], [ -89.25493, 37.072014 ], [ -89.185491, 36.973518 ], [ -89.099594, 36.964543 ], [ -89.131944, 36.857437 ], [ -89.178888, 36.831368 ], [ -89.119198, 36.759802 ], [ -89.199798, 36.734217 ], [ -89.15908, 36.666352 ], [ -89.236542, 36.566824 ], [ -89.326731, 36.632186 ], [ -89.365548, 36.625059 ], [ -89.464153, 36.457189 ], [ -89.494074, 36.473225 ], [ -89.479093, 36.568206 ], [ -89.563185, 36.568749 ], [ -89.519501, 36.475419 ], [ -89.545255, 36.427079 ], [ -89.509722, 36.373626 ], [ -89.531822, 36.339246 ], [ -89.620255, 36.323006 ], [ -89.534745, 36.252576 ], [ -89.703511, 36.243412 ], [ -89.591605, 36.144096 ], [ -89.678821, 36.084636 ], [ -89.706932, 36.000981 ], [ -90.37789, 35.995683 ], [ -90.319168, 36.089976 ], [ -90.06398, 36.303038 ], [ -90.064514, 36.382085 ], [ -90.138512, 36.413952 ], [ -90.152481, 36.497952 ], [ -94.617919, 36.499414 ], [ -94.588413, 39.149869 ], [ -94.823791, 39.209874 ], [ -94.831471, 39.256273 ], [ -94.905329, 39.311952 ], [ -94.885026, 39.389801 ], [ -94.942039, 39.389499 ], [ -95.109304, 39.542285 ], [ -95.103228, 39.577783 ], [ -95.049277, 39.589583 ], [ -95.027644, 39.665454 ], [ -94.971317, 39.68641 ], [ -94.965318, 39.739065 ], [ -94.862943, 39.742994 ], [ -94.869644, 39.772894 ], [ -94.935302, 39.77561 ], [ -94.875944, 39.813294 ], [ -94.939767, 39.85193 ], [ -94.929574, 39.888754 ], [ -95.128166, 39.874165 ], [ -95.315271, 40.01207 ], [ -95.40726, 40.033112 ], [ -95.393347, 40.119212 ], [ -95.479193, 40.185652 ], [ -95.477501, 40.24272 ], [ -95.552473, 40.261904 ], [ -95.562157, 40.297359 ], [ -95.657328, 40.310856 ], [ -95.623728, 40.346567 ], [ -95.699969, 40.505275 ], [ -95.655848, 40.546609 ], [ -95.678718, 40.56256 ], [ -95.708591, 40.521551 ], [ -95.75711, 40.52599 ], [ -95.773549, 40.578205 ] ] ] } },
{ "type": "Feature", "properties": { "STATEFP": "08", "STUSPS": "CO", "NAME": "Colorado", "subject_count_strict": 357248.97380767955, "subject_count_permissive": 350103.99433152593, "loss_exposure_strict": 86864.0, "burden_index_centered": -2.9949560385308978, "subject_rate": 0.098121183046225732, "expansion": true, "partial_expansion": false, "subject_via_waiver": false, "waiver_listed": false, "loss_quantified": true, "already_work_conditional": false, "waiver_note": "", "hardship_exception_status": "adopting" }, "geometry": { "type": "Polygon", "coordinates": [ [ [ -109.045223, 36.999084 ], [ -109.050076, 41.000659 ], [ -102.051614, 41.002377 ], [ -102.042089, 36.993016 ], [ -109.045223, 36.999084 ] ] ] } },
{ "type": "Feature", "properties": { "STATEFP": "49", "STUSPS": "UT", "NAME": "Utah", "subject_count_strict": 77239.431289800836, "subject_count_permissive": 75694.642664004816, "loss_exposure_strict": 27676.0, "burden_index_centered": -2.8406829761256751, "subject_rate": 0.038746620513738041, "expansion": true, "partial_expansion": false, "subject_via_waiver": false, "waiver_listed": false, "loss_quantified": true, "already_work_conditional": false, "waiver_note": "", "hardship_exception_status": "undecided" }, "geometry": { "type": "Polygon", "coordinates": [ [ [ -114.0506, 37.000396 ], [ -114.041477, 41.993873 ], [ -111.046714, 42.001702 ], [ -111.046723, 40.997959 ], [ -109.050076, 41.000659 ], [ -109.045223, 36.999084 ], [ -114.0506, 37.000396 ] ] ] } },
{ "type": "Feature", "properties": { "STATEFP": "40", "STUSPS": "OK", "NAME": "Oklahoma", "subject_count_strict": 224018.67222780932, "subject_count_permissive": 219538.29878325312, "loss_exposure_strict": 126412.0, "burden_index_centered": 1.8577822107342539, "subject_rate": 0.09535198752006506, "expansion": true, "partial_expansion": false, "subject_via_waiver": false, "waiver_listed": false, "loss_quantified": true, "already_work_conditional": false, "waiver_note": "", "hardship_exception_status": "not_adopting" }, "geometry": { "type": "Polygon", "coordinates": [ [ [ -103.002434, 36.500397 ], [ -103.002199, 37.000104 ], [ -94.617964, 36.998905 ], [ -94.617919, 36.499414 ], [ -94.430662, 35.392478 ], [ -94.487514, 33.628939 ], [ -94.569523, 33.627832 ], [ -94.543332, 33.655686 ], [ -94.59083, 33.645563 ], [ -94.560339, 33.666591 ], [ -94.587072, 33.68582 ], [ -94.669311, 33.664362 ], [ -94.645535, 33.673531 ], [ -94.644322, 33.701666 ], [ -94.716188, 33.687902 ], [ -94.701729, 33.703413 ], [ -94.732309, 33.715987 ], [ -94.735856, 33.691625 ], [ -94.735178, 33.726616 ], [ -94.788251, 33.735316 ], [ -94.76444, 33.760178 ], [ -94.802252, 33.732788 ], [ -94.821783, 33.768752 ], [ -94.822473, 33.732716 ], [ -94.8693, 33.745871 ], [ -94.968895, 33.860916 ], [ -95.046568, 33.862565 ], [ -95.06569, 33.915966 ], [ -95.089607, 33.880857 ], [ -95.082387, 33.921758 ], [ -95.122038, 33.904795 ], [ -95.1247, 33.934675 ], [ -95.217633, 33.962646 ], [ -95.289302, 33.873103 ], [ -95.545197, 33.880294 ], [ -95.554478, 33.928072 ], [ -95.593827, 33.943031 ], [ -95.629055, 33.90587 ], [ -95.756367, 33.892625 ], [ -95.770556, 33.845269 ], [ -95.805149, 33.861304 ], [ -95.837516, 33.83564 ], [ -95.929561, 33.885 ], [ -95.984253, 33.852664 ], [ -96.003406, 33.872344 ], [ -96.019599, 33.840566 ], [ -96.14807, 33.837799 ], [ -96.178059, 33.760518 ], [ -96.293708, 33.769409 ], [ -96.348306, 33.686379 ], [ -96.422643, 33.776041 ], [ -96.500268, 33.772583 ], [ -96.526655, 33.820891 ], [ -96.62929, 33.845488 ], [ -96.587934, 33.894784 ], [ -96.667187, 33.91694 ], [ -96.699574, 33.839049 ], [ -96.761588, 33.824406 ], [ -96.794276, 33.868886 ], [ -96.875281, 33.860505 ], [ -96.9163, 33.957798 ], [ -96.973807, 33.935697 ], [ -96.981337, 33.956378 ], [ -96.983835, 33.890949 ], [ -97.021438, 33.846379 ], [ -97.089464, 33.849847 ], [ -97.048146, 33.817456 ], [ -97.092112, 33.804097 ], [ -97.086195, 33.743933 ], [ -97.126102, 33.716941 ], [ -97.192817, 33.761169 ], [ -97.203514, 33.821825 ], [ -97.166629, 33.847311 ], [ -97.210921, 33.916064 ], [ -97.256625, 33.863286 ], [ -97.310143, 33.888532 ], [ -97.328729, 33.855434 ], [ -97.332457, 33.884253 ], [ -97.365507, 33.823763 ], [ -97.426493, 33.819398 ], [ -97.462857, 33.841772 ], [ -97.460376, 33.903948 ], [ -97.581078, 33.899679 ], [ -97.590422, 33.954104 ], [ -97.671772, 33.99137 ], [ -97.834333, 33.857671 ], [ -97.967777, 33.88243 ], [ -97.98454, 33.900703 ], [ -97.94573, 33.989839 ], [ -98.088203, 34.005481 ], [ -98.120208, 34.072127 ], [ -98.089755, 34.128211 ], [ -98.109462, 34.154111 ], [ -98.16912, 34.114171 ], [ -98.365621, 34.156993 ], [ -98.411587, 34.088057 ], [ -98.486328, 34.062598 ], [ -98.599789, 34.160571 ], [ -98.757037, 34.124633 ], [ -98.987294, 34.221223 ], [ -99.043471, 34.198208 ], [ -99.189511, 34.214312 ], [ -99.206905, 34.338277 ], [ -99.274858, 34.384922 ], [ -99.261321, 34.403499 ], [ -99.319606, 34.408869 ], [ -99.36961, 34.458699 ], [ -99.40296, 34.373481 ], [ -99.569696, 34.418418 ], [ -99.600026, 34.374688 ], [ -99.69497, 34.378333 ], [ -99.923211, 34.574552 ], [ -100.000381, 34.560509 ], [ -100.000406, 36.499702 ], [ -103.002434, 36.500397 ] ] ] } },
{ "type": "Feature", "properties": { "STATEFP": "47", "STUSPS": "TN", "NAME": "Tennessee", "subject_count_strict": 0.0, "subject_count_permissive": 0.0, "loss_exposure_strict": 0.0, "burden_index_centered": 0.0, "subject_rate": 0.0, "expansion": false, "partial_expansion": false, "subject_via_waiver": false, "waiver_listed": true, "loss_quantified": false, "already_work_conditional": false, "waiver_note": "TennCare III Section 1115 demonstration (affected population not publicly quantified)", "hardship_exception_status": "non_expansion" }, "geometry": { "type": "Polygon", "coordinates": [ [ [ -90.310453, 35.002696 ], [ -90.292348, 35.041356 ], [ -90.207315, 35.025773 ], [ -90.154697, 35.130924 ], [ -90.065182, 35.139401 ], [ -90.116743, 35.186906 ], [ -90.075466, 35.214047 ], [ -90.092603, 35.246775 ], [ -90.168794, 35.279088 ], [ -90.109966, 35.304988 ], [ -90.080666, 35.385664 ], [ -90.129342, 35.41383 ], [ -90.13551, 35.376668 ], [ -90.179265, 35.385194 ], [ -90.107723, 35.476935 ], [ -90.067798, 35.466224 ], [ -90.054322, 35.389277 ], [ -90.003322, 35.429629 ], [ -90.047678, 35.50261 ], [ -90.034505, 35.552631 ], [ -89.904638, 35.519348 ], [ -89.957896, 35.587261 ], [ -89.851176, 35.657432 ], [ -89.92735, 35.659461 ], [ -89.958336, 35.72656 ], [ -89.911984, 35.758313 ], [ -89.825451, 35.745188 ], [ -89.781662, 35.805228 ], [ -89.696497, 35.820583 ], [ -89.773858, 35.86766 ], [ -89.743132, 35.911176 ], [ -89.669079, 35.87451 ], [ -89.643585, 35.889742 ], [ -89.733056, 36.000809 ], [ -89.592206, 36.15012 ], [ -89.705328, 36.239898 ], [ -89.534745, 36.252576 ], [ -89.620255, 36.323006 ], [ -89.513178, 36.359897 ], [ -89.539232, 36.497934 ], [ -89.485427, 36.497491 ], [ -89.471718, 36.457001 ], [ -89.417275, 36.499011 ], [ -89.300284, 36.507147 ], [ -88.053205, 36.497129 ], [ -88.032489, 36.540662 ], [ -88.070532, 36.678118 ], [ -87.849567, 36.663701 ], [ -87.853204, 36.633247 ], [ -86.507771, 36.652445 ], [ -83.690714, 36.582581 ], [ -81.6469, 36.611918 ], [ -81.707963, 36.536209 ], [ -81.695311, 36.467912 ], [ -81.741995, 36.41096 ], [ -81.707438, 36.335171 ], [ -81.793597, 36.362209 ], [ -81.908137, 36.302013 ], [ -82.033141, 36.120422 ], [ -82.127146, 36.104417 ], [ -82.147948, 36.149516 ], [ -82.213852, 36.159112 ], [ -82.355157, 36.115609 ], [ -82.557874, 35.953901 ], [ -82.610889, 35.967409 ], [ -82.590963, 36.033606 ], [ -82.637165, 36.065805 ], [ -82.776001, 36.000103 ], [ -82.804997, 35.927168 ], [ -82.874159, 35.952698 ], [ -82.92001, 35.928422 ], [ -82.897273, 35.877882 ], [ -82.992053, 35.773948 ], [ -83.07403, 35.790016 ], [ -83.159208, 35.764892 ], [ -83.251247, 35.719916 ], [ -83.297154, 35.65775 ], [ -83.35156, 35.659858 ], [ -83.498335, 35.562981 ], [ -83.771736, 35.562118 ], [ -83.880074, 35.518745 ], [ -84.023007, 35.411684 ], [ -84.02141, 35.301383 ], [ -84.052612, 35.269982 ], [ -84.188417, 35.239979 ], [ -84.223718, 35.269078 ], [ -84.29024, 35.225572 ], [ -84.321869, 34.988408 ], [ -90.310453, 35.002696 ] ] ] } },
{ "type": "Feature", "properties": { "STATEFP": "56", "STUSPS": "WY", "NAME": "Wyoming", "subject_count_strict": 0.0, "subject_count_permissive": 0.0, "loss_exposure_strict": 0.0, "burden_index_centered": 0.0, "subject_rate": 0.0, "expansion": false, "partial_expansion": false, "subject_via_waiver": false, "waiver_listed": false, "loss_quantified": true, "already_work_conditional": false, "waiver_note": "", "hardship_exception_status": "non_expansion" }, "geometry": { "type": "Polygon", "coordinates": [ [ [ -111.054556, 45.000955 ], [ -104.057879, 44.997605 ], [ -104.053249, 41.001406 ], [ -111.046723, 40.997959 ], [ -111.054556, 45.000955 ] ] ] } },
{ "type": "Feature", "properties": { "STATEFP": "18", "STUSPS": "IN", "NAME": "Indiana", "subject_count_strict": 484416.67693545815, "subject_count_permissive": 474728.343396749, "loss_exposure_strict": 229211.0, "burden_index_centered": 1.7819567987006251, "subject_rate": 0.12066763896644854, "expansion": true, "partial_expansion": false, "subject_via_waiver": false, "waiver_listed": false, "loss_quantified": true, "already_work_conditional": false, "waiver_note": "", "hardship_exception_status": "not_adopting" }, "geometry": { "type": "Polygon", "coordinates": [ [ [ -88.09776, 37.904026 ], [ -88.015155, 37.890792 ], [ -88.069613, 37.926848 ], [ -88.035345, 37.925528 ], [ -88.012929, 37.966544 ], [ -88.007631, 38.029145 ], [ -88.042132, 38.046345 ], [ -87.967226, 38.067105 ], [ -87.960463, 38.099086 ], [ -88.013118, 38.103527 ], [ -87.911428, 38.16174 ], [ -87.975819, 38.197834 ], [ -87.987618, 38.257381 ], [ -87.960225, 38.237118 ], [ -87.933556, 38.295896 ], [ -87.91111, 38.268031 ], [ -87.870537, 38.31222 ], [ -87.838979, 38.282327 ], [ -87.823411, 38.345968 ], [ -87.745254, 38.408996 ], [ -87.730369, 38.447884 ], [ -87.755355, 38.46396 ], [ -87.650092, 38.504606 ], [ -87.670071, 38.545237 ], [ -87.61196, 38.589248 ], [ -87.62012, 38.639489 ], [ -87.531231, 38.684036 ], [ -87.496076, 38.742113 ], [ -87.553394, 38.86241 ], [ -87.512187, 38.954417 ], [ -87.576531, 38.986711 ], [ -87.572588, 39.057286 ], [ -87.658745, 39.135997 ], [ -87.574558, 39.218404 ], [ -87.620485, 39.307133 ], [ -87.531646, 39.348062 ], [ -87.524165, 41.708314 ], [ -87.438033, 41.664563 ], [ -87.415816, 41.688183 ], [ -87.420765, 41.641011 ], [ -87.299023, 41.619093 ], [ -87.158673, 41.631399 ], [ -86.824828, 41.76024 ], [ -84.805883, 41.760216 ], [ -84.820157, 39.10548 ], [ -84.896911, 39.057474 ], [ -84.829857, 38.969385 ], [ -84.877029, 38.909016 ], [ -84.785234, 38.880439 ], [ -84.829958, 38.830632 ], [ -84.812877, 38.786087 ], [ -84.991927, 38.778537 ], [ -85.173048, 38.688022 ], [ -85.268495, 38.740165 ], [ -85.436299, 38.728484 ], [ -85.456481, 38.685069 ], [ -85.422441, 38.532931 ], [ -85.498866, 38.468242 ], [ -85.604457, 38.44082 ], [ -85.683561, 38.295469 ], [ -85.745077, 38.26719 ], [ -85.829216, 38.276508 ], [ -85.903873, 38.174142 ], [ -85.925654, 38.021784 ], [ -86.029509, 37.99264 ], [ -86.042307, 37.958171 ], [ -86.086341, 38.004931 ], [ -86.267203, 38.056798 ], [ -86.272847, 38.140835 ], [ -86.357717, 38.198807 ], [ -86.377434, 38.171379 ], [ -86.323847, 38.138412 ], [ -86.401879, 38.104329 ], [ -86.463248, 38.119278 ], [ -86.430091, 38.078638 ], [ -86.521825, 38.038327 ], [ -86.50662, 37.930719 ], [ -86.588581, 37.921159 ], [ -86.598108, 37.867382 ], [ -86.638265, 37.842718 ], [ -86.661637, 37.849714 ], [ -86.647081, 37.908621 ], [ -86.73146, 37.89434 ], [ -86.820071, 37.999392 ], [ -87.034166, 37.906265 ], [ -87.069675, 37.801513 ], [ -87.111008, 37.782354 ], [ -87.162319, 37.840159 ], [ -87.385434, 37.93767 ], [ -87.511499, 37.906426 ], [ -87.590023, 37.975472 ], [ -87.627892, 37.922253 ], [ -87.583737, 37.87808 ], [ -87.615399, 37.831974 ], [ -87.675538, 37.831732 ], [ -87.679131, 37.902951 ], [ -87.829773, 37.876425 ], [ -87.898062, 37.927514 ], [ -87.940839, 37.883338 ], [ -87.904595, 37.812526 ], [ -87.95259, 37.771742 ], [ -88.090039, 37.816771 ], [ -88.025921, 37.832694 ], [ -88.09776, 37.904026 ] ] ] } },
{ "type": "Feature", "properties": { "STATEFP": "25", "STUSPS": "MA", "NAME": "Massachusetts", "subject_count_strict": 321878.04761257302, "subject_count_permissive": 315440.48666032148, "loss_exposure_strict": 72142.0, "burden_index_centered": -2.8858638634975056, "subject_rate": 0.074561207277283992, "expansion": true, "partial_expansion": false, "subject_via_waiver": false, "waiver_listed": false, "loss_quantified": true, "already_work_conditional": false, "waiver_note": "", "hardship_exception_status": "no_qualifying_counties" }, "geometry": { "type": "MultiPolygon", "coordinates": [ [ [ [ -70.234054, 41.285653 ], [ -70.062565, 41.308726 ], [ -70.024421, 41.360622 ], [ -70.049053, 41.391702 ], [ -70.02038, 41.369006 ], [ -69.960181, 41.264546 ], [ -70.100495, 41.240553 ], [ -70.234054, 41.285653 ] ] ], [ [ [ -70.277262, 41.310506 ], [ -70.246552, 41.306186 ], [ -70.242739, 41.28919 ], [ -70.259665, 41.296006 ], [ -70.277262, 41.310506 ] ] ], [ [ [ -70.307001, 41.332391 ], [ -70.292027, 41.337788 ], [ -70.289325, 41.335022 ], [ -70.307001, 41.332391 ] ] ], [ [ [ -70.575648, 42.634452 ], [ -70.575088, 42.63978 ], [ -70.573377, 42.639507 ], [ -70.575648, 42.634452 ] ] ], [ [ [ -70.588037, 42.626413 ], [ -70.588245, 42.630605 ], [ -70.586819, 42.628157 ], [ -70.588037, 42.626413 ] ] ], [ [ [ -70.590001, 42.658981 ], [ -70.589252, 42.662745 ], [ -70.587568, 42.661908 ], [ -70.590001, 42.658981 ] ] ], [ [ [ -70.721656, 42.566088 ], [ -70.721223, 42.569933 ], [ -70.72064, 42.569659 ], [ -70.721656, 42.566088 ] ] ], [ [ [ -70.782303, 42.551834 ], [ -70.781606, 42.554016 ], [ -70.780695, 42.553641 ], [ -70.782303, 42.551834 ] ] ], [ [ [ -70.787708, 42.530579 ], [ -70.787031, 42.537295 ], [ -70.782252, 42.533716 ], [ -70.787708, 42.530579 ] ] ], [ [ [ -70.802091, 42.547188 ], [ -70.79503, 42.550678 ], [ -70.794397, 42.548038 ], [ -70.802091, 42.547188 ] ] ], [ [ [ -70.8071, 41.458576 ], [ -70.710222, 41.518915 ], [ -70.675188, 41.513949 ], [ -70.790395, 41.446535 ], [ -70.8071, 41.458576 ] ] ], [ [ [ -70.81407, 42.510401 ], [ -70.812062, 42.511992 ], [ -70.812146, 42.510327 ], [ -70.81407, 42.510401 ] ] ], [ [ [ -70.832039, 41.259495 ], [ -70.811965, 41.264839 ], [ -70.801561, 41.25841 ], [ -70.809245, 41.249068 ], [ -70.832039, 41.259495 ] ] ], [ [ [ -70.835355, 42.482255 ], [ -70.833705, 42.485272 ], [ -70.833465, 42.481995 ], [ -70.835355, 42.482255 ] ] ], [ [ [ -70.835132, 41.590875 ], [ -70.824036, 41.599554 ], [ -70.822066, 41.583551 ], [ -70.835132, 41.590875 ] ] ], [ [ [ -70.838777, 41.347209 ], [ -70.774974, 41.349176 ], [ -70.700964, 41.43401 ], [ -70.603555, 41.482384 ], [ -70.501306, 41.385391 ], [ -70.452497, 41.42143 ], [ -70.446233, 41.39648 ], [ -70.452244, 41.349828 ], [ -70.709826, 41.341723 ], [ -70.775665, 41.300982 ], [ -70.838777, 41.347209 ] ] ], [ [ [ -70.836868, 41.441968 ], [ -70.820595, 41.458507 ], [ -70.808051, 41.445037 ], [ -70.836868, 41.441968 ] ] ], [ [ [ -70.87605, 42.341229 ], [ -70.880207, 42.342307 ], [ -70.873953, 42.343634 ], [ -70.87605, 42.341229 ] ] ], [ [ [ -70.887529, 42.338202 ], [ -70.886251, 42.339946 ], [ -70.884777, 42.339328 ], [ -70.887529, 42.338202 ] ] ], [ [ [ -70.891952, 42.327231 ], [ -70.888954, 42.328902 ], [ -70.888775, 42.328461 ], [ -70.891952, 42.327231 ] ] ], [ [ [ -70.895156, 42.338879 ], [ -70.89721, 42.343324 ], [ -70.8956, 42.343892 ], [ -70.895156, 42.338879 ] ] ], [ [ [ -70.89608, 42.330355 ], [ -70.897063, 42.333952 ], [ -70.894065, 42.33498 ], [ -70.89608, 42.330355 ] ] ], [ [ [ -70.903598, 41.430782 ], [ -70.857103, 41.450253 ], [ -70.848563, 41.432844 ], [ -70.884405, 41.421498 ], [ -70.903598, 41.430782 ] ] ], [ [ [ -70.921186, 41.445393 ], [ -70.920666, 41.454553 ], [ -70.915165, 41.451034 ], [ -70.921186, 41.445393 ] ] ], [ [ [ -70.93076, 42.319027 ], [ -70.925969, 42.321909 ], [ -70.925308, 42.317223 ], [ -70.93076, 42.319027 ] ] ], [ [ [ -70.931414, 42.328267 ], [ -70.929717, 42.333973 ], [ -70.922598, 42.326144 ], [ -70.931414, 42.328267 ] ] ], [ [ [ -70.939854, 42.324245 ], [ -70.940749, 42.328139 ], [ -70.934947, 42.326807 ], [ -70.939854, 42.324245 ] ] ], [ [ [ -70.948996, 41.409551 ], [ -70.927475, 41.431811 ], [ -70.908587, 41.422417 ], [ -70.948996, 41.409551 ] ] ], [ [ [ -70.937332, 42.284916 ], [ -70.935272, 42.302101 ], [ -70.92638, 42.301406 ], [ -70.937332, 42.284916 ] ] ], [ [ [ -70.95434, 42.308587 ], [ -70.951492, 42.313564 ], [ -70.948515, 42.311937 ], [ -70.95434, 42.308587 ] ] ], [ [ [ -70.965732, 42.313469 ], [ -70.957268, 42.331661 ], [ -70.952805, 42.330627 ], [ -70.965732, 42.313469 ] ] ], [ [ [ -70.991621, 42.326294 ], [ -70.983078, 42.327156 ], [ -70.985667, 42.318733 ], [ -70.991621, 42.326294 ] ] ], [ [ [ -71.011487, 42.309299 ], [ -71.006364, 42.320911 ], [ -70.999534, 42.31992 ], [ -71.011487, 42.309299 ] ] ], [ [ [ -73.508142, 42.086257 ], [ -73.264957, 42.74594 ], [ -71.294205, 42.69699 ], [ -71.245504, 42.742589 ], [ -71.181803, 42.73759 ], [ -71.165603, 42.808689 ], [ -71.064201, 42.806289 ], [ -71.031201, 42.859089 ], [ -70.902768, 42.88653 ], [ -70.817296, 42.87229 ], [ -70.776083, 42.691264 ], [ -70.68463, 42.651813 ], [ -70.630077, 42.692699 ], [ -70.591469, 42.639821 ], [ -70.654727, 42.582234 ], [ -70.676733, 42.607527 ], [ -70.710349, 42.572568 ], [ -70.875195, 42.544344 ], [ -70.886366, 42.508611 ], [ -70.842091, 42.519495 ], [ -70.835991, 42.490496 ], [ -70.934993, 42.457896 ], [ -70.905692, 42.416197 ], [ -70.936393, 42.418097 ], [ -70.943664, 42.458338 ], [ -70.982994, 42.423996 ], [ -70.953022, 42.343973 ], [ -70.972828, 42.371928 ], [ -71.007807, 42.347145 ], [ -71.050598, 42.372872 ], [ -71.010177, 42.337557 ], [ -71.047648, 42.328087 ], [ -71.039306, 42.285495 ], [ -70.99047, 42.308023 ], [ -71.02231, 42.288188 ], [ -70.953186, 42.279854 ], [ -70.962127, 42.246413 ], [ -70.918236, 42.271861 ], [ -70.884269, 42.245549 ], [ -70.887317, 42.297652 ], [ -70.92392, 42.305035 ], [ -70.88268, 42.310393 ], [ -70.851093, 42.26827 ], [ -70.766338, 42.254742 ], [ -70.597892, 42.00455 ], [ -70.639137, 41.993895 ], [ -70.614223, 42.011149 ], [ -70.650874, 42.046247 ], [ -70.710034, 41.999544 ], [ -70.646785, 41.949309 ], [ -70.652507, 41.978871 ], [ -70.623945, 41.943061 ], [ -70.539189, 41.926773 ], [ -70.54103, 41.815754 ], [ -70.494048, 41.773883 ], [ -70.428309, 41.747669 ], [ -70.295561, 41.734412 ], [ -70.273879, 41.72431 ], [ -70.396384, 41.727868 ], [ -70.357309, 41.702532 ], [ -70.251195, 41.707339 ], [ -70.216073, 41.742981 ], [ -70.008462, 41.800786 ], [ -70.000188, 41.886938 ], [ -70.044995, 41.930049 ], [ -70.06901, 41.884924 ], [ -70.095595, 42.032832 ], [ -70.155415, 42.062409 ], [ -70.190834, 42.020028 ], [ -70.245385, 42.063733 ], [ -70.189305, 42.082337 ], [ -70.082624, 42.054657 ], [ -69.968598, 41.9117 ], [ -69.928393, 41.708449 ], [ -70.003861, 41.540551 ], [ -69.970489, 41.645458 ], [ -70.014211, 41.671971 ], [ -70.195193, 41.647913 ], [ -70.265424, 41.609333 ], [ -70.28132, 41.635125 ], [ -70.351634, 41.634687 ], [ -70.485571, 41.554244 ], [ -70.656625, 41.514779 ], [ -70.686981, 41.52949 ], [ -70.640948, 41.577325 ], [ -70.650724, 41.64613 ], [ -70.620533, 41.657266 ], [ -70.662036, 41.68094 ], [ -70.617572, 41.701141 ], [ -70.648805, 41.718029 ], [ -70.674064, 41.691371 ], [ -70.656596, 41.715401 ], [ -70.718739, 41.73574 ], [ -70.715593, 41.675258 ], [ -70.748868, 41.697446 ], [ -70.765463, 41.641575 ], [ -70.821598, 41.654839 ], [ -70.801063, 41.629513 ], [ -70.859654, 41.624124 ], [ -70.854804, 41.582431 ], [ -70.872665, 41.627816 ], [ -70.913202, 41.619266 ], [ -70.902051, 41.591583 ], [ -70.930456, 41.613271 ], [ -70.950245, 41.584598 ], [ -70.92852, 41.539776 ], [ -71.038362, 41.481105 ], [ -71.070687, 41.508877 ], [ -71.12057, 41.497448 ], [ -71.132888, 41.660102 ], [ -71.19569, 41.675102 ], [ -71.340697, 41.7983 ], [ -71.338698, 41.898399 ], [ -71.3817, 41.893199 ], [ -71.381401, 42.018798 ], [ -72.755838, 42.036195 ], [ -72.766739, 42.002995 ], [ -72.816741, 41.997595 ], [ -72.813541, 42.036494 ], [ -73.496879, 42.049675 ], [ -73.508142, 42.086257 ] ] ] ] } },
{ "type": "Feature", "properties": { "STATEFP": "16", "STUSPS": "ID", "NAME": "Idaho", "subject_count_strict": 83021.397195120662, "subject_count_permissive": 81360.969251218252, "loss_exposure_strict": 33487.0, "burden_index_centered": -0.10747016249758307, "subject_rate": 0.074880568941250281, "expansion": true, "partial_expansion": false, "subject_via_waiver": false, "waiver_listed": false, "loss_quantified": true, "already_work_conditional": false, "waiver_note": "", "hardship_exception_status": "adopting" }, "geometry": { "type": "Polygon", "coordinates": [ [ [ -117.242675, 44.396548 ], [ -117.215072, 44.427162 ], [ -117.225076, 44.482346 ], [ -117.149242, 44.536151 ], [ -117.062273, 44.727143 ], [ -116.9347, 44.783881 ], [ -116.852427, 44.887577 ], [ -116.826271, 44.982493 ], [ -116.856964, 44.975173 ], [ -116.847944, 45.022602 ], [ -116.729607, 45.142091 ], [ -116.673793, 45.321511 ], [ -116.554829, 45.46293 ], [ -116.528558, 45.551078 ], [ -116.463635, 45.602785 ], [ -116.546643, 45.750972 ], [ -116.665344, 45.781998 ], [ -116.711822, 45.826267 ], [ -116.782676, 45.825376 ], [ -116.859795, 45.907264 ], [ -116.981962, 46.084915 ], [ -116.92187, 46.167808 ], [ -116.965841, 46.203417 ], [ -116.986688, 46.296662 ], [ -117.06263, 46.352522 ], [ -117.034696, 46.418318 ], [ -117.032351, 48.999188 ], [ -116.049086, 49.000846 ], [ -116.049108, 47.976842 ], [ -115.852312, 47.827857 ], [ -115.831944, 47.755983 ], [ -115.722789, 47.694725 ], [ -115.736497, 47.654738 ], [ -115.68855, 47.594333 ], [ -115.755663, 47.5483 ], [ -115.698724, 47.531653 ], [ -115.686264, 47.48494 ], [ -115.629974, 47.479633 ], [ -115.759304, 47.423862 ], [ -115.577639, 47.367404 ], [ -115.483637, 47.282134 ], [ -115.320147, 47.2567 ], [ -115.300504, 47.188139 ], [ -115.144341, 47.101977 ], [ -115.048383, 46.969819 ], [ -114.925295, 46.918749 ], [ -114.948039, 46.85964 ], [ -114.895189, 46.80163 ], [ -114.784838, 46.780019 ], [ -114.767272, 46.697195 ], [ -114.664572, 46.739084 ], [ -114.621526, 46.707879 ], [ -114.642246, 46.673618 ], [ -114.605269, 46.635822 ], [ -114.467095, 46.631764 ], [ -114.358528, 46.670697 ], [ -114.321118, 46.647514 ], [ -114.342794, 46.518257 ], [ -114.40255, 46.500207 ], [ -114.368541, 46.437959 ], [ -114.422212, 46.387331 ], [ -114.425441, 46.287856 ], [ -114.47072, 46.266041 ], [ -114.444091, 46.169273 ], [ -114.527096, 46.146218 ], [ -114.460475, 46.09779 ], [ -114.507419, 46.031861 ], [ -114.480505, 46.030424 ], [ -114.479992, 45.992902 ], [ -114.411755, 45.97787 ], [ -114.431396, 45.93604 ], [ -114.3873, 45.88775 ], [ -114.410706, 45.851824 ], [ -114.509303, 45.845531 ], [ -114.566465, 45.77331 ], [ -114.495385, 45.703055 ], [ -114.509065, 45.656806 ], [ -114.563987, 45.637621 ], [ -114.538471, 45.605764 ], [ -114.564974, 45.557807 ], [ -114.457824, 45.561711 ], [ -114.329578, 45.459973 ], [ -114.270449, 45.484423 ], [ -114.248354, 45.545408 ], [ -114.192226, 45.537081 ], [ -114.086584, 45.59118 ], [ -114.018783, 45.648496 ], [ -114.015482, 45.695901 ], [ -113.93526, 45.694341 ], [ -113.903684, 45.621591 ], [ -113.807405, 45.602783 ], [ -113.834459, 45.521092 ], [ -113.766555, 45.520906 ], [ -113.776043, 45.408477 ], [ -113.734402, 45.392353 ], [ -113.738056, 45.328372 ], [ -113.692485, 45.26344 ], [ -113.591911, 45.184187 ], [ -113.569821, 45.124299 ], [ -113.510262, 45.115476 ], [ -113.522502, 45.091736 ], [ -113.452044, 45.059174 ], [ -113.444388, 44.958745 ], [ -113.498373, 44.941685 ], [ -113.455071, 44.865424 ], [ -113.377115, 44.834829 ], [ -113.341822, 44.784944 ], [ -113.247603, 44.822861 ], [ -113.131831, 44.773038 ], [ -113.067761, 44.678786 ], [ -113.049808, 44.629066 ], [ -113.087542, 44.59951 ], [ -113.007952, 44.52718 ], [ -113.005059, 44.45372 ], [ -112.889154, 44.405205 ], [ -112.855086, 44.35997 ], [ -112.813153, 44.376697 ], [ -112.839427, 44.425119 ], [ -112.779844, 44.484613 ], [ -112.71911, 44.504344 ], [ -112.387339, 44.447597 ], [ -112.35421, 44.535638 ], [ -112.286041, 44.568605 ], [ -112.106755, 44.520829 ], [ -111.868756, 44.565834 ], [ -111.82153, 44.508941 ], [ -111.701745, 44.559952 ], [ -111.468269, 44.538976 ], [ -111.522646, 44.59025 ], [ -111.516167, 44.644059 ], [ -111.472255, 44.666896 ], [ -111.488784, 44.705643 ], [ -111.414273, 44.710739 ], [ -111.385106, 44.754898 ], [ -111.220145, 44.622996 ], [ -111.227504, 44.577172 ], [ -111.048974, 44.474072 ], [ -111.046714, 42.001702 ], [ -117.026197, 41.99989 ], [ -117.032881, 43.830025 ], [ -116.958752, 43.923246 ], [ -116.97618, 43.974719 ], [ -116.935584, 43.986874 ], [ -116.977351, 44.085364 ], [ -116.894083, 44.160191 ], [ -116.971675, 44.197256 ], [ -116.975905, 44.242844 ], [ -117.05303, 44.229076 ], [ -117.104208, 44.27994 ], [ -117.198147, 44.273828 ], [ -117.222647, 44.297578 ], [ -117.189769, 44.336585 ], [ -117.242675, 44.396548 ] ] ] } },
{ "type": "Feature", "properties": { "STATEFP": "02", "STUSPS": "AK", "NAME": "Alaska", "subject_count_strict": 61244.311565635828, "subject_count_permissive": 60019.42533432311, "loss_exposure_strict": 35570.0, "burden_index_centered": -0.11305972432328701, "subject_rate": 0.13667584967972665, "expansion": true, "partial_expansion": false, "subject_via_waiver": false, "waiver_listed": false, "loss_quantified": true, "already_work_conditional": false, "waiver_note": "", "hardship_exception_status": "undecided" }, "geometry": { "type": "MultiPolygon", "coordinates": [ [ [ [ -8.148751088437258, 25.64487115 ], [ -8.15274388843725, 25.65476705 ], [ -8.134964588437249, 25.65852325 ], [ -8.148751088437258, 25.64487115 ] ] ], [ [ [ -8.163225688437251, 25.61996095 ], [ -8.164640038437248, 25.62285335 ], [ -8.161062688437248, 25.6211548 ], [ -8.163225688437251, 25.61996095 ] ] ], [ [ [ -8.169493138437254, 25.46427605 ], [ -8.169173588437253, 25.46576355 ], [ -8.16746838843725, 25.46548635 ], [ -8.169493138437254, 25.46427605 ] ] ], [ [ [ -8.176544238437252, 25.30089395 ], [ -8.174590538437251, 25.299551 ], [ -8.175154038437256, 25.29906415 ], [ -8.176544238437252, 25.30089395 ] ] ], [ [ [ -8.179467788437258, 25.29989645 ], [ -8.179142638437249, 25.30177035 ], [ -8.178506338437252, 25.29977115 ], [ -8.179467788437258, 25.29989645 ] ] ], [ [ [ -8.182877488437249, 25.30077985 ], [ -8.185252238437251, 25.3031469 ], [ -8.183248488437251, 25.302687 ], [ -8.182877488437249, 25.30077985 ] ] ], [ [ [ -8.191467538437252, 25.5813752 ], [ -8.16709353843725, 25.60019715 ], [ -8.135315638437255, 25.58082255 ], [ -8.169755638437252, 25.5695809 ], [ -8.191467538437252, 25.5813752 ] ] ], [ [ [ -8.182442088437256, 25.6258371 ], [ -8.185104188437251, 25.64069985 ], [ -8.176452538437246, 25.6421667 ], [ -8.182442088437256, 25.6258371 ] ] ], [ [ [ -8.201325638437247, 25.6166083 ], [ -8.198497288437245, 25.6258371 ], [ -8.189928938437255, 25.6195476 ], [ -8.201325638437247, 25.6166083 ] ] ], [ [ [ -8.206108738437251, 25.6033237 ], [ -8.211349288437248, 25.61683405 ], [ -8.196874688437255, 25.6046572 ], [ -8.206108738437251, 25.6033237 ] ] ], [ [ [ -8.23909273843725, 25.1274518 ], [ -8.236785888437247, 25.1290478 ], [ -8.237024588437251, 25.12642245 ], [ -8.23909273843725, 25.1274518 ] ] ], [ [ [ -8.244870888437248, 25.4854409 ], [ -8.243959488437248, 25.48720665 ], [ -8.243418738437256, 25.48613985 ], [ -8.244870888437248, 25.4854409 ] ] ], [ [ [ -8.251133788437251, 25.0903084 ], [ -8.247870388437256, 25.09221975 ], [ -8.245359488437245, 25.0881055 ], [ -8.251133788437251, 25.0903084 ] ] ], [ [ [ -8.263175538437252, 25.61823475 ], [ -8.263425088437245, 25.61984195 ], [ -8.261865138437258, 25.6189008 ], [ -8.263175538437252, 25.61823475 ] ] ], [ [ [ -8.285012388437245, 25.0684845 ], [ -8.223494988437253, 25.06391805 ], [ -8.21392808843725, 25.04166225 ], [ -8.237969588437252, 25.0418061 ], [ -8.208479288437253, 25.0143332 ], [ -8.285012388437245, 25.0684845 ] ] ], [ [ [ -8.291253588437257, 25.0827246 ], [ -8.287391688437246, 25.0842471 ], [ -8.287762688437248, 25.0831726 ], [ -8.291253588437257, 25.0827246 ] ] ], [ [ [ -8.296125238437249, 25.08155665 ], [ -8.297129388437256, 25.08778945 ], [ -8.292462838437245, 25.0818545 ], [ -8.296125238437249, 25.08155665 ] ] ], [ [ [ -8.299001188437252, 25.0783027 ], [ -8.300114888437257, 25.0806876 ], [ -8.295792038437249, 25.07900935 ], [ -8.299001188437252, 25.0783027 ] ] ], [ [ [ -8.306183538437253, 25.50525405 ], [ -8.304840938437252, 25.5067888 ], [ -8.302273688437246, 25.5030074 ], [ -8.306183538437253, 25.50525405 ] ] ], [ [ [ -8.31529333843725, 25.7567756 ], [ -8.312714538437248, 25.75813885 ], [ -8.31188258843725, 25.7565936 ], [ -8.31529333843725, 25.7567756 ] ] ], [ [ [ -8.316207888437248, 25.51259285 ], [ -8.318329238437244, 25.5171054 ], [ -8.314086538437252, 25.51620275 ], [ -8.316207888437248, 25.51259285 ] ] ], [ [ [ -8.314377738437258, 25.1114463 ], [ -8.31495978843725, 25.128261 ], [ -8.306807588437252, 25.1278802 ], [ -8.314377738437258, 25.1114463 ] ] ], [ [ [ -8.308429838437249, 25.48100955 ], [ -8.302398638437246, 25.49740145 ], [ -8.291667288437253, 25.4862515 ], [ -8.308429838437249, 25.48100955 ] ] ], [ [ [ -8.32269688843725, 25.75709375 ], [ -8.321282888437253, 25.7602742 ], [ -8.320284338437254, 25.75700275 ], [ -8.32269688843725, 25.75709375 ] ] ], [ [ [ -8.325899038437257, 25.494389 ], [ -8.325506688437251, 25.4958807 ], [ -8.324651288437252, 25.49452795 ], [ -8.325899038437257, 25.494389 ] ] ], [ [ [ -8.326606388437249, 25.50356355 ], [ -8.331888588437252, 25.51562455 ], [ -8.307140438437251, 25.50129345 ], [ -8.326606388437249, 25.50356355 ] ] ], [ [ [ -8.33309503843725, 25.5335918 ], [ -8.34353483843725, 25.5429935 ], [ -8.330848738437254, 25.54105345 ], [ -8.33309503843725, 25.5335918 ] ] ], [ [ [ -8.333344588437249, 25.51796115 ], [ -8.330848738437254, 25.53042535 ], [ -8.31495978843725, 25.51886345 ], [ -8.333344588437249, 25.51796115 ] ] ], [ [ [ -8.345157088437254, 25.5001815 ], [ -8.340581888437249, 25.50951425 ], [ -8.334426088437255, 25.49983395 ], [ -8.345157088437254, 25.5001815 ] ] ], [ [ [ -8.340831438437256, 25.1512833 ], [ -8.33991618843725, 25.15670025 ], [ -8.332678888437243, 25.15665265 ], [ -8.340831438437256, 25.1512833 ] ] ], [ [ [ -8.353443338437252, 25.52778985 ], [ -8.353117138437256, 25.5293071 ], [ -8.352247738437249, 25.52910375 ], [ -8.353443338437252, 25.52778985 ] ] ], [ [ [ -8.36919858843725, 25.57042195 ], [ -8.319369088437249, 25.60646145 ], [ -8.212306188437246, 25.58269925 ], [ -8.225366438437248, 25.5426701 ], [ -8.295161338437246, 25.52753575 ], [ -8.36919858843725, 25.57042195 ] ] ], [ [ [ -8.369405788437248, 25.62383685 ], [ -8.369023588437251, 25.6265133 ], [ -8.368110088437248, 25.62393415 ], [ -8.369405788437248, 25.62383685 ] ] ], [ [ [ -8.336579638437257, 25.47196765 ], [ -8.364515238437257, 25.48492325 ], [ -8.36537168843725, 25.4930331 ], [ -8.336579638437257, 25.47196765 ] ] ], [ [ [ -8.372151538437251, 25.46275145 ], [ -8.371028738437253, 25.46725735 ], [ -8.368699488437251, 25.4625656 ], [ -8.372151538437251, 25.46275145 ] ] ], [ [ [ -8.376889838437243, 25.6263075 ], [ -8.376052988437252, 25.62863465 ], [ -8.375806588437257, 25.6266232 ], [ -8.376889838437243, 25.6263075 ] ] ], [ [ [ -8.385118688437252, 25.24812935 ], [ -8.381309288437251, 25.24857315 ], [ -8.380461238437249, 25.24669505 ], [ -8.385118688437252, 25.24812935 ] ] ], [ [ [ -8.383881088437249, 25.6034273 ], [ -8.371402888437252, 25.6117692 ], [ -8.363957688437246, 25.6081159 ], [ -8.383881088437249, 25.6034273 ] ] ], [ [ [ -8.408172838437245, 25.2672964 ], [ -8.400311138437253, 25.26805135 ], [ -8.401766088437249, 25.26331725 ], [ -8.408172838437245, 25.2672964 ] ] ], [ [ [ -8.406679038437247, 25.28887845 ], [ -8.407875688437251, 25.29280825 ], [ -8.404143288437254, 25.29216775 ], [ -8.406679038437247, 25.28887845 ] ] ], [ [ [ -8.433767988437246, 25.1569722 ], [ -8.435386038437251, 25.1590001 ], [ -8.433186988437249, 25.1575189 ], [ -8.433767988437246, 25.1569722 ] ] ], [ [ [ -8.445399188437257, 25.90262585 ], [ -8.443984838437252, 25.9044231 ], [ -8.441988438437249, 25.9016819 ], [ -8.445399188437257, 25.90262585 ] ] ], [ [ [ -8.451726838437253, 25.60600855 ], [ -8.450874588437252, 25.608104 ], [ -8.447982188437251, 25.60700885 ], [ -8.451726838437253, 25.60600855 ] ] ], [ [ [ -8.452998388437251, 25.2993431 ], [ -8.450104938437249, 25.30024925 ], [ -8.449821788437248, 25.29797985 ], [ -8.452998388437251, 25.2993431 ] ] ], [ [ [ -8.433544338437251, 25.238105 ], [ -8.448767588437249, 25.25184215 ], [ -8.425641338437252, 25.24976595 ], [ -8.433544338437251, 25.238105 ] ] ], [ [ [ -8.467463188437257, 25.3527055 ], [ -8.465705488437244, 25.35476175 ], [ -8.463620188437247, 25.3522015 ], [ -8.467463188437257, 25.3527055 ] ] ], [ [ [ -8.48153073843725, 25.21984655 ], [ -8.481745638437246, 25.22096865 ], [ -8.480254638437252, 25.2207954 ], [ -8.48153073843725, 25.21984655 ] ] ], [ [ [ -8.489946138437254, 25.3453079 ], [ -8.485539288437245, 25.3476242 ], [ -8.485814738437249, 25.3446086 ], [ -8.489946138437254, 25.3453079 ] ] ], [ [ [ -8.501214388437255, 25.32614785 ], [ -8.498322688437256, 25.32983615 ], [ -8.496938788437255, 25.32785935 ], [ -8.501214388437255, 25.32614785 ] ] ], [ [ [ -8.504170838437247, 25.2823835 ], [ -8.45575533843725, 25.2953244 ], [ -8.442611788437247, 25.2724932 ], [ -8.470978938437256, 25.25325755 ], [ -8.504170838437247, 25.2823835 ] ] ], [ [ [ -8.506375838437251, 26.041131 ], [ -8.506042988437251, 26.04459775 ], [ -8.49930478843725, 26.04028645 ], [ -8.506375838437251, 26.041131 ] ] ], [ [ [ -8.515785938437247, 25.412566 ], [ -8.513102838437248, 25.4161892 ], [ -8.511116938437247, 25.41313335 ], [ -8.515785938437247, 25.412566 ] ] ], [ [ [ -8.516524088437244, 25.40184375 ], [ -8.521598738437248, 25.40884235 ], [ -8.514361438437255, 25.4068365 ], [ -8.516524088437244, 25.40184375 ] ] ], [ [ [ -8.529418788437248, 25.8726634 ], [ -8.530916088437252, 25.88292855 ], [ -8.523762088437245, 25.8709519 ], [ -8.529418788437248, 25.8726634 ] ] ], [ [ [ -8.536748838437255, 25.5955789 ], [ -8.536347388437257, 25.5971259 ], [ -8.53524173843725, 25.5960829 ], [ -8.536748838437255, 25.5955789 ] ] ], [ [ [ -8.536406188437255, 25.01941975 ], [ -8.531040688437251, 25.04625985 ], [ -8.522721888437246, 25.0073969 ], [ -8.536406188437255, 25.01941975 ] ] ], [ [ [ -8.543394288437248, 25.8706817 ], [ -8.541814038437252, 25.87392445 ], [ -8.539983888437256, 25.873159 ], [ -8.543394288437248, 25.8706817 ] ] ], [ [ [ -8.547304138437255, 25.97003235 ], [ -8.547387438437255, 25.9720886 ], [ -8.544475788437254, 25.97155205 ], [ -8.547304138437255, 25.97003235 ] ] ], [ [ [ -8.558063838437249, 25.33589955 ], [ -8.53506113843725, 25.33059075 ], [ -8.536075438437251, 25.32211865 ], [ -8.550355788437251, 25.3134922 ], [ -8.558063838437249, 25.33589955 ] ] ], [ [ [ -8.562152888437247, 25.2537766 ], [ -8.529127238437248, 25.2812537 ], [ -8.493689038437253, 25.258965 ], [ -8.531290238437251, 25.2459429 ], [ -8.562152888437247, 25.2537766 ] ] ], [ [ [ -8.560676938437254, 25.32109105 ], [ -8.561786088437252, 25.3246768 ], [ -8.555323688437248, 25.3227343 ], [ -8.560676938437254, 25.32109105 ] ] ], [ [ [ -8.563525588437251, 25.41460195 ], [ -8.562527038437246, 25.4175857 ], [ -8.56036438843725, 25.41404265 ], [ -8.563525588437251, 25.41460195 ] ] ], [ [ [ -8.562260688437256, 25.30087225 ], [ -8.558061388437253, 25.3069738 ], [ -8.554582738437254, 25.3049557 ], [ -8.562260688437256, 25.30087225 ] ] ], [ [ [ -8.563359688437252, 26.0598315 ], [ -8.558534588437254, 26.06231685 ], [ -8.553876088437256, 26.05858865 ], [ -8.563359688437252, 26.0598315 ] ] ], [ [ [ -8.56959598843725, 25.30829925 ], [ -8.57041498843725, 25.3132367 ], [ -8.568690888437253, 25.3128839 ], [ -8.56959598843725, 25.30829925 ] ] ], [ [ [ -8.571282988437254, 25.2429532 ], [ -8.571159088437248, 25.24939845 ], [ -8.559723888437254, 25.25041135 ], [ -8.571282988437254, 25.2429532 ] ] ], [ [ [ -8.579040038437249, 25.3241266 ], [ -8.579093588437253, 25.32784955 ], [ -8.577459438437252, 25.3250184 ], [ -8.579040038437249, 25.3241266 ] ] ], [ [ [ -8.582242538437249, 25.48023255 ], [ -8.579913288437254, 25.48412945 ], [ -8.578832138437257, 25.4835264 ], [ -8.582242538437249, 25.48023255 ] ] ], [ [ [ -8.586277338437249, 25.2036307 ], [ -8.55300213843725, 25.2466982 ], [ -8.488864288437249, 25.2429217 ], [ -8.559740338437251, 25.17856055 ], [ -8.586277338437249, 25.2036307 ] ] ], [ [ [ -8.583039838437259, 25.39422495 ], [ -8.581452938437252, 25.4019715 ], [ -8.580097738437253, 25.40158755 ], [ -8.583039838437259, 25.39422495 ] ] ], [ [ [ -8.59077588843725, 25.40374775 ], [ -8.588388888437251, 25.4083912 ], [ -8.58705993843725, 25.405062 ], [ -8.59077588843725, 25.40374775 ] ] ], [ [ [ -8.592898638437255, 25.32771935 ], [ -8.593704338437249, 25.33176605 ], [ -8.590991488437254, 25.33159245 ], [ -8.592898638437255, 25.32771935 ] ] ], [ [ [ -8.588856138437251, 25.5809377 ], [ -8.592100288437251, 25.5856802 ], [ -8.586111088437249, 25.58218125 ], [ -8.588856138437251, 25.5809377 ] ] ], [ [ [ -8.594854788437246, 25.30033815 ], [ -8.591934038437252, 25.30797095 ], [ -8.587497088437253, 25.30057965 ], [ -8.594854788437246, 25.30033815 ] ] ], [ [ [ -8.612698488437253, 25.630665 ], [ -8.614945838437244, 25.63347375 ], [ -8.611814388437253, 25.6316317 ], [ -8.612698488437253, 25.630665 ] ] ], [ [ [ -8.630491788437247, 25.43007335 ], [ -8.588897788437251, 25.47108845 ], [ -8.520184388437244, 25.4737348 ], [ -8.570430038437252, 25.48807185 ], [ -8.532080538437256, 25.5007261 ], [ -8.582492088437256, 25.5202169 ], [ -8.563358988437244, 25.57165465 ], [ -8.405290938437254, 25.5606629 ], [ -8.357926488437244, 25.5101509 ], [ -8.391576188437249, 25.4870285 ], [ -8.377392438437248, 25.46228665 ], [ -8.251487638437254, 25.4405016 ], [ -8.159107588437251, 25.3703749 ], [ -8.154199188437246, 25.31144785 ], [ -8.13103163843725, 25.3307199 ], [ -8.044801438437254, 25.26087075 ], [ -8.180136988437248, 25.30758805 ], [ -8.198783238437251, 25.2960888 ], [ -8.177069938437249, 25.2888578 ], [ -8.22819513843725, 25.25007255 ], [ -8.138643088437249, 25.2764503 ], [ -8.092889688437253, 25.25160625 ], [ -8.142012188437249, 25.24355905 ], [ -8.08760748843725, 25.24457405 ], [ -8.027836938437254, 25.19501055 ], [ -8.088522388437248, 25.16800245 ], [ -8.031663488437253, 25.1644895 ], [ -7.992024588437246, 25.1869539 ], [ -8.015275438437257, 25.1380169 ], [ -7.992274138437253, 25.1344721 ], [ -8.075170938437246, 25.09663955 ], [ -7.987657288437248, 25.1093491 ], [ -7.999802638437252, 24.9880573 ], [ -8.171377538437248, 25.0175245 ], [ -8.107489238437253, 25.03790185 ], [ -8.210392738437257, 25.0860671 ], [ -8.178282338437256, 25.13421065 ], [ -8.216964688437258, 25.11511605 ], [ -8.198829788437251, 25.1545621 ], [ -8.223785838437252, 25.1774458 ], [ -8.227030338437245, 25.14443765 ], [ -8.28617683843725, 25.1661037 ], [ -8.235764938437249, 25.1399195 ], [ -8.259140738437253, 25.09203425 ], [ -8.30755623843725, 25.10892 ], [ -8.294412688437248, 25.1278802 ], [ -8.323445188437255, 25.1697115 ], [ -8.382342138437245, 25.18740435 ], [ -8.334758588437246, 25.11726015 ], [ -8.365704538437257, 25.12235685 ], [ -8.229941988437247, 24.9821661 ], [ -8.300901338437249, 24.99279245 ], [ -8.423936138437249, 25.11583075 ], [ -8.389579438437252, 25.1319738 ], [ -8.425766288437252, 25.13939625 ], [ -8.42302088843725, 25.17939075 ], [ -8.386584838437251, 25.1902481 ], [ -8.422022688437245, 25.19162255 ], [ -8.461869838437252, 25.16705325 ], [ -8.509453388437251, 25.1864562 ], [ -8.468774288437245, 25.2173787 ], [ -8.424601488437254, 25.1929494 ], [ -8.447062388437253, 25.2197433 ], [ -8.342767988437252, 25.25434815 ], [ -8.396650488437253, 25.2584701 ], [ -8.390576938437249, 25.3059406 ], [ -8.486558488437254, 25.3118983 ], [ -8.497086488437247, 25.3221001 ], [ -8.459017338437249, 25.34503035 ], [ -8.46669458843725, 25.3601969 ], [ -8.52426083843725, 25.36674925 ], [ -8.532330088437249, 25.3385991 ], [ -8.590478388437248, 25.36908865 ], [ -8.457377588437254, 25.3810128 ], [ -8.521598738437248, 25.4280472 ], [ -8.512697538437251, 25.4557805 ], [ -8.594503388437253, 25.408961 ], [ -8.630491788437247, 25.43007335 ] ] ], [ [ [ -8.632779388437257, 25.25160625 ], [ -8.601168088437255, 25.29264305 ], [ -8.549175588437258, 25.28398405 ], [ -8.57829138843725, 25.2493883 ], [ -8.632779388437257, 25.25160625 ] ] ], [ [ [ -8.627372238437246, 25.5842991 ], [ -8.626374038437248, 25.59345825 ], [ -8.615642688437248, 25.5833324 ], [ -8.627372238437246, 25.5842991 ] ] ], [ [ [ -8.631198788437253, 25.6101494 ], [ -8.630200588437248, 25.6189694 ], [ -8.615892238437254, 25.60849495 ], [ -8.631198788437253, 25.6101494 ] ] ], [ [ [ -8.638851888437252, 25.6329225 ], [ -8.638685638437252, 25.6352157 ], [ -8.636605938437249, 25.63383985 ], [ -8.638851888437252, 25.6329225 ] ] ], [ [ [ -8.639600888437251, 25.89974535 ], [ -8.644259388437249, 25.90473355 ], [ -8.621299388437251, 25.8996554 ], [ -8.639600888437251, 25.89974535 ] ] ], [ [ [ -8.662851738437247, 25.392063 ], [ -8.648460438437255, 25.42397075 ], [ -8.63997503843725, 25.39957995 ], [ -8.662851738437247, 25.392063 ] ] ], [ [ [ -8.671960838437251, 25.7498393 ], [ -8.668383838437251, 25.7518399 ], [ -8.666220838437248, 25.749021 ], [ -8.671960838437251, 25.7498393 ] ] ], [ [ [ -8.689530838437257, 25.83890975 ], [ -8.686170838437256, 25.8421973 ], [ -8.684599688437252, 25.8419075 ], [ -8.689530838437257, 25.83890975 ] ] ], [ [ [ -8.698581138437255, 25.89498045 ], [ -8.694504688437249, 25.9006893 ], [ -8.691510088437255, 25.89637415 ], [ -8.698581138437255, 25.89498045 ] ] ], [ [ [ -8.703904988437252, 25.7708743 ], [ -8.697708588437251, 25.7704312 ], [ -8.692505488437256, 25.7662613 ], [ -8.703904988437252, 25.7708743 ] ] ], [ [ [ -8.710422338437255, 26.06698725 ], [ -8.713215338437251, 26.07174585 ], [ -8.710661388437252, 26.07217985 ], [ -8.710422338437255, 26.06698725 ] ] ], [ [ [ -8.717997738437255, 26.0774862 ], [ -8.715658338437251, 26.07962785 ], [ -8.714376988437252, 26.0774645 ], [ -8.717997738437255, 26.0774862 ] ] ], [ [ [ -8.71643953843725, 25.8854048 ], [ -8.715845588437247, 25.88891985 ], [ -8.713806138437256, 25.8883168 ], [ -8.71643953843725, 25.8854048 ] ] ], [ [ [ -8.738178388437255, 25.4208484 ], [ -8.73351988843725, 25.44133915 ], [ -8.729610038437251, 25.44054815 ], [ -8.738178388437255, 25.4208484 ] ] ], [ [ [ -8.745707588437256, 26.1785354 ], [ -8.732646988437253, 26.1810414 ], [ -8.730483988437257, 26.17677665 ], [ -8.745707588437256, 26.1785354 ] ] ], [ [ [ -8.760971788437253, 26.0881584 ], [ -8.760639288437247, 26.10714275 ], [ -8.73002583843725, 26.0683911 ], [ -8.760971788437253, 26.0881584 ] ] ], [ [ [ -8.788007888437257, 26.1054183 ], [ -8.785262838437255, 26.1090884 ], [ -8.783099838437252, 26.10488735 ], [ -8.788007888437257, 26.1054183 ] ] ], [ [ [ -8.794080738437252, 26.13082235 ], [ -8.765048238437245, 26.12490665 ], [ -8.755980788437249, 26.11426035 ], [ -8.781020138437249, 26.1141277 ], [ -8.794080738437252, 26.13082235 ] ] ], [ [ [ -8.823113238437259, 25.4147885 ], [ -8.78451418843725, 25.4071865 ], [ -8.736181988437252, 25.4158609 ], [ -8.793415038437253, 25.38402735 ], [ -8.823113238437259, 25.4147885 ] ] ], [ [ [ -8.84208008843725, 25.73910445 ], [ -8.806558938437249, 25.763609 ], [ -8.741921988437255, 25.7435176 ], [ -8.790254188437252, 25.7721 ], [ -8.744167938437251, 25.78067605 ], [ -8.659399338437254, 25.69251525 ], [ -8.656987138437252, 25.7280875 ], [ -8.631864138437244, 25.7190666 ], [ -8.597829088437251, 25.73038385 ], [ -8.648501738437247, 25.74169795 ], [ -8.712358888437244, 25.80458105 ], [ -8.698913638437254, 25.8211658 ], [ -8.381551838437254, 25.79681455 ], [ -8.184230238437245, 25.65130485 ], [ -8.265881738437251, 25.62095145 ], [ -8.392984938437259, 25.63378665 ], [ -8.411582538437251, 25.60292155 ], [ -8.497160688437255, 25.62259715 ], [ -8.572586388437244, 25.5991209 ], [ -8.582450788437249, 25.6615623 ], [ -8.603164488437251, 25.64177295 ], [ -8.622297588437249, 25.6410852 ], [ -8.660397888437245, 25.66078425 ], [ -8.639101788437245, 25.64521065 ], [ -8.670546488437246, 25.62098995 ], [ -8.636855488437249, 25.59663275 ], [ -8.669881138437248, 25.57757525 ], [ -8.635691038437251, 25.55913655 ], [ -8.689097538437252, 25.56614635 ], [ -8.653077288437245, 25.5242181 ], [ -8.692674538437245, 25.4740365 ], [ -8.709977838437247, 25.48392085 ], [ -8.703156338437253, 25.50630755 ], [ -8.71222378843725, 25.54926165 ], [ -8.722788538437257, 25.55576885 ], [ -8.729027638437252, 25.50714125 ], [ -8.764632088437253, 25.5091324 ], [ -8.731107338437255, 25.4961152 ], [ -8.742670638437254, 25.4465734 ], [ -8.791834788437249, 25.53619125 ], [ -8.75514883843725, 25.5607049 ], [ -8.799487888437248, 25.5474609 ], [ -8.780687288437257, 25.60826535 ], [ -8.742836888437253, 25.57900325 ], [ -8.738095088437248, 25.60633475 ], [ -8.806725188437248, 25.64016855 ], [ -8.792167288437248, 25.66618475 ], [ -8.84208008843725, 25.73910445 ] ] ], [ [ [ -8.924515938437253, 26.2629211 ], [ -8.927016688437256, 26.265901 ], [ -8.922975238437253, 26.2664904 ], [ -8.924515938437253, 26.2629211 ] ] ], [ [ [ -8.937871588437254, 26.26751695 ], [ -8.938370688437253, 26.27301615 ], [ -8.936373938437256, 26.2678225 ], [ -8.937871588437254, 26.26751695 ] ] ], [ [ [ -8.951305988437255, 26.2329338 ], [ -8.949808338437244, 26.24251715 ], [ -8.948477288437253, 26.2321456 ], [ -8.951305988437255, 26.2329338 ] ] ], [ [ [ -8.955923188437247, 26.2635875 ], [ -8.95068228843725, 26.26218995 ], [ -8.951264688437249, 26.2613601 ], [ -8.955923188437247, 26.2635875 ] ] ], [ [ [ -9.006843638437246, 25.94667615 ], [ -9.004046788437243, 25.94801665 ], [ -8.998454488437247, 25.94628975 ], [ -9.006843638437246, 25.94667615 ] ] ], [ [ [ -8.989739138437251, 26.27682765 ], [ -9.013326338437253, 26.3155723 ], [ -8.97774428843725, 26.2772529 ], [ -8.989739138437251, 26.27682765 ] ] ], [ [ [ -9.012782088437255, 26.3392946 ], [ -9.011284788437258, 26.3441981 ], [ -9.007998988437258, 26.3407268 ], [ -9.012782088437255, 26.3392946 ] ] ], [ [ [ -9.033744988437249, 26.27602265 ], [ -8.976012488437249, 26.2587351 ], [ -8.936415238437249, 26.20172535 ], [ -8.756230338437248, 26.2019448 ], [ -8.770954488437248, 26.1882885 ], [ -8.659648888437246, 26.0785446 ], [ -8.626041188437256, 25.9978465 ], [ -8.76271898843725, 26.14335095 ], [ -8.804479238437253, 26.15912615 ], [ -8.77719358843725, 26.1357206 ], [ -8.814045788437248, 26.1452028 ], [ -8.80231623843725, 26.0878483 ], [ -8.779855688437259, 26.101968 ], [ -8.725533938437245, 26.02355645 ], [ -8.672293688437257, 26.01108665 ], [ -8.650914288437249, 25.9192372 ], [ -8.687350688437249, 25.9026668 ], [ -8.762136588437251, 25.93238005 ], [ -8.727530338437248, 25.8943956 ], [ -8.749907938437254, 25.8681547 ], [ -8.911375538437248, 25.8015707 ], [ -8.922772238437254, 25.87698275 ], [ -8.882925438437248, 25.87603705 ], [ -8.910959738437249, 25.8913828 ], [ -8.872942738437253, 25.90706945 ], [ -8.897400038437254, 25.93619015 ], [ -8.863958588437249, 25.9264157 ], [ -8.838003988437251, 25.92847895 ], [ -8.908630488437247, 25.960638 ], [ -8.978009238437252, 26.1619881 ], [ -8.962036988437248, 26.1811254 ], [ -9.033744988437249, 26.27602265 ] ] ], [ [ [ -9.042480288437247, 26.3067222 ], [ -9.039235788437253, 26.3080711 ], [ -9.03715608843725, 26.3051556 ], [ -9.042480288437247, 26.3067222 ] ] ], [ [ [ -9.043603438437252, 26.31418315 ], [ -9.033704038437257, 26.32144355 ], [ -9.02305598843725, 26.3118343 ], [ -9.043603438437252, 26.31418315 ] ] ], [ [ [ -9.05760483843725, 26.3300847 ], [ -9.058054238437251, 26.33269815 ], [ -9.054319038437249, 26.3295751 ], [ -9.05760483843725, 26.3300847 ] ] ], [ [ [ -9.072344738437252, 26.2327406 ], [ -9.070847438437255, 26.23816805 ], [ -9.061779988437259, 26.22420095 ], [ -9.072344738437252, 26.2327406 ] ] ], [ [ [ -9.083188088437254, 26.10966485 ], [ -9.081078288437254, 26.1108797 ], [ -9.080566938437251, 26.1105689 ], [ -9.083188088437254, 26.10966485 ] ] ], [ [ [ -9.135401088437249, 26.2057444 ], [ -9.134236638437244, 26.20848595 ], [ -9.132281538437248, 26.20418655 ], [ -9.135401088437249, 26.2057444 ] ] ], [ [ [ -9.141640188437243, 26.50626 ], [ -9.131657838437249, 26.50390555 ], [ -9.131740788437249, 26.49833775 ], [ -9.141640188437243, 26.50626 ] ] ], [ [ [ -9.142721688437248, 26.5235423 ], [ -9.139810038437254, 26.5234142 ], [ -9.139310938437248, 26.52093445 ], [ -9.142721688437248, 26.5235423 ] ] ], [ [ [ -9.140808238437245, 26.5119951 ], [ -9.143636588437246, 26.51794125 ], [ -9.139643788437255, 26.51315045 ], [ -9.140808238437245, 26.5119951 ] ] ], [ [ [ -9.160076088437258, 25.8060031 ], [ -9.158310688437254, 25.80728095 ], [ -9.157684538437252, 25.8054767 ], [ -9.160076088437258, 25.8060031 ] ] ], [ [ [ -9.163016788437254, 25.8053612 ], [ -9.161253838437254, 25.8054081 ], [ -9.160704688437249, 25.80485125 ], [ -9.163016788437254, 25.8053612 ] ] ], [ [ [ -9.165275688437248, 25.80413445 ], [ -9.164030388437247, 25.80525795 ], [ -9.16411998843725, 25.80422475 ], [ -9.165275688437248, 25.80413445 ] ] ], [ [ [ -9.168260488437255, 26.50155005 ], [ -9.148544988437251, 26.4833784 ], [ -9.151705838437252, 26.46131265 ], [ -9.161272738437248, 26.47333795 ], [ -9.168260488437255, 26.50155005 ] ] ], [ [ [ -9.167512888437251, 25.81005435 ], [ -9.168405038437257, 25.8149932 ], [ -9.165020538437254, 25.81276755 ], [ -9.167512888437251, 25.81005435 ] ] ], [ [ [ -9.184901938437257, 26.5468481 ], [ -9.182456138437253, 26.5472534 ], [ -9.182569888437257, 26.5456889 ], [ -9.184901938437257, 26.5468481 ] ] ], [ [ [ -9.186705488437248, 25.7687708 ], [ -9.185903988437254, 25.77017745 ], [ -9.183992988437254, 25.76923945 ], [ -9.186705488437248, 25.7687708 ] ] ], [ [ [ -9.190414088437258, 25.82322415 ], [ -9.188425738437253, 25.82615715 ], [ -9.186068838437251, 25.82284615 ], [ -9.190414088437258, 25.82322415 ] ] ], [ [ [ -9.190499488437247, 25.73928575 ], [ -9.190622688437259, 25.74219775 ], [ -9.18952473843725, 25.7402871 ], [ -9.190499488437247, 25.73928575 ] ] ], [ [ [ -9.193761838437247, 25.7424102 ], [ -9.194822338437248, 25.7441777 ], [ -9.192413288437251, 25.74327435 ], [ -9.193761838437247, 25.7424102 ] ] ], [ [ [ -9.193680288437257, 25.84141435 ], [ -9.192474888437253, 25.84534695 ], [ -9.190841438437253, 25.84481705 ], [ -9.193680288437257, 25.84141435 ] ] ], [ [ [ -9.199194888437248, 25.75559785 ], [ -9.198477038437254, 25.7591206 ], [ -9.196124688437251, 25.75406205 ], [ -9.199194888437248, 25.75559785 ] ] ], [ [ [ -9.201566138437251, 25.9925279 ], [ -9.201700888437252, 25.99374765 ], [ -9.20032993843725, 25.99310015 ], [ -9.201566138437251, 25.9925279 ] ] ], [ [ [ -9.203720038437254, 25.7308931 ], [ -9.203361988437251, 25.73795295 ], [ -9.199574638437255, 25.73674825 ], [ -9.203720038437254, 25.7308931 ] ] ], [ [ [ -9.206050338437251, 26.25800535 ], [ -9.204865938437258, 26.26071155 ], [ -9.20220453843725, 26.2578335 ], [ -9.206050338437251, 26.25800535 ] ] ], [ [ [ -9.204479188437247, 25.8273776 ], [ -9.201252188437245, 25.83607335 ], [ -9.19779908843725, 25.8265229 ], [ -9.204479188437247, 25.8273776 ] ] ], [ [ [ -9.211669238437246, 25.8308951 ], [ -9.211317138437252, 25.83649685 ], [ -9.210371088437256, 25.83644155 ], [ -9.211669238437246, 25.8308951 ] ] ], [ [ [ -9.215012088437255, 26.2653557 ], [ -9.21317633843725, 26.2662636 ], [ -9.212710488437253, 26.2657155 ], [ -9.215012088437255, 26.2653557 ] ] ], [ [ [ -9.216527938437245, 25.8285396 ], [ -9.215071938437255, 25.83056645 ], [ -9.214610988437251, 25.82877795 ], [ -9.216527938437245, 25.8285396 ] ] ], [ [ [ -9.211044488437253, 25.733558 ], [ -9.208907388437247, 25.73897495 ], [ -9.206442338437256, 25.7379925 ], [ -9.211044488437253, 25.733558 ] ] ], [ [ [ -9.217949638437247, 26.1981585 ], [ -9.218490038437245, 26.19971705 ], [ -9.21661858843725, 26.19883925 ], [ -9.217949638437247, 26.1981585 ] ] ], [ [ [ -9.217616788437255, 26.21024715 ], [ -9.217117688437249, 26.2125932 ], [ -9.215744988437251, 26.21132165 ], [ -9.217616788437255, 26.21024715 ] ] ], [ [ [ -9.192536838437249, 25.85847965 ], [ -9.211637038437253, 25.88371115 ], [ -9.181400538437252, 25.880894 ], [ -9.192536838437249, 25.85847965 ] ] ], [ [ [ -9.233572238437247, 25.73813775 ], [ -9.237305688437253, 25.74989635 ], [ -9.220803188437259, 25.74617725 ], [ -9.233572238437247, 25.73813775 ] ] ], [ [ [ -9.287385088437247, 25.9226476 ], [ -9.215094688437254, 25.9203145 ], [ -9.265922388437254, 25.9355178 ], [ -9.230817038437252, 25.9543737 ], [ -9.237555238437245, 25.97400625 ], [ -9.193549038437247, 25.9928947 ], [ -9.146464588437254, 25.97454245 ], [ -9.190554088437253, 25.95665605 ], [ -9.186145138437247, 25.9498076 ], [ -9.122755938437258, 25.96716725 ], [ -8.986139738437252, 25.94116575 ], [ -8.97913693843725, 25.901047 ], [ -9.010535788437245, 25.9158261 ], [ -9.048635738437248, 25.9134468 ], [ -8.989322638437244, 25.8835995 ], [ -8.915285388437248, 25.69968325 ], [ -8.927763588437244, 25.504455 ], [ -9.066229888437249, 25.63106435 ], [ -9.027713788437246, 25.660807 ], [ -9.093182688437253, 25.6538014 ], [ -9.092184488437248, 25.68582325 ], [ -9.185604738437249, 25.7179046 ], [ -9.178325788437249, 25.7662543 ], [ -9.155698638437258, 25.7610085 ], [ -9.189015138437256, 25.7794171 ], [ -9.152745338437249, 25.7895524 ], [ -9.172211288437254, 25.7997248 ], [ -9.097259138437245, 25.80108385 ], [ -9.185521438437256, 25.8315055 ], [ -9.143469988437253, 25.85327725 ], [ -9.192301288437257, 25.85314215 ], [ -9.166013838437252, 25.88377975 ], [ -9.211268138437248, 25.8862994 ], [ -9.237805138437253, 25.87801805 ], [ -9.244088688437245, 25.89832575 ], [ -9.287385088437247, 25.9226476 ] ] ], [ [ [ -9.294123288437255, 25.7903567 ], [ -9.294206238437255, 25.79230585 ], [ -9.28929818843725, 25.79049285 ], [ -9.294123288437255, 25.7903567 ] ] ], [ [ [ -9.301110338437255, 26.27533035 ], [ -9.265735488437258, 26.2800655 ], [ -9.232838638437251, 26.26504945 ], [ -9.282640838437246, 26.2621154 ], [ -9.301110338437255, 26.27533035 ] ] ], [ [ [ -9.351356338437256, 25.87511375 ], [ -9.346864438437258, 25.9115834 ], [ -9.312341488437248, 25.9188557 ], [ -9.246705988437256, 25.8857821 ], [ -9.274407788437252, 25.88411715 ], [ -9.256355838437251, 25.85348025 ], [ -9.232397638437249, 25.87605945 ], [ -9.196543638437248, 25.85090915 ], [ -9.243045688437256, 25.85045765 ], [ -9.267586288437251, 25.79955505 ], [ -9.343037538437251, 25.7936201 ], [ -9.301859688437247, 25.8488333 ], [ -9.351356338437256, 25.87511375 ] ] ], [ [ [ -9.360075888437251, 25.93692935 ], [ -9.360159188437251, 25.94261965 ], [ -9.347680988437254, 25.93778055 ], [ -9.360075888437251, 25.93692935 ] ] ], [ [ [ -9.39225033843725, 26.37428025 ], [ -9.390062138437244, 26.37569215 ], [ -9.390098188437257, 26.3736842 ], [ -9.39225033843725, 26.37428025 ] ] ], [ [ [ -9.396611338437253, 26.3232149 ], [ -9.397193388437245, 26.32929755 ], [ -9.390081038437252, 26.3275381 ], [ -9.396611338437253, 26.3232149 ] ] ], [ [ [ -9.413914288437248, 26.3976382 ], [ -9.412749488437257, 26.4007049 ], [ -9.407176088437254, 26.396213 ], [ -9.413914288437248, 26.3976382 ] ] ], [ [ [ -9.417908138437255, 26.3808382 ], [ -9.416455288437248, 26.3815081 ], [ -9.415777688437252, 26.3802551 ], [ -9.417908138437255, 26.3808382 ] ] ], [ [ [ -9.422565938437252, 26.42283785 ], [ -9.418739038437252, 26.42253615 ], [ -9.41982053843725, 26.42012185 ], [ -9.422565938437252, 26.42283785 ] ] ], [ [ [ -9.431053788437247, 26.3423228 ], [ -9.432448538437249, 26.35699445 ], [ -9.425367338437248, 26.34558795 ], [ -9.431053788437247, 26.3423228 ] ] ], [ [ [ -9.422066838437246, 26.23724895 ], [ -9.435959038437247, 26.25251245 ], [ -9.407259388437247, 26.2570572 ], [ -9.422066838437246, 26.23724895 ] ] ], [ [ [ -9.458627838437252, 26.36526425 ], [ -9.457213488437255, 26.3661739 ], [ -9.456381538437256, 26.36530765 ], [ -9.458627838437252, 26.36526425 ] ] ], [ [ [ -9.479549438437253, 26.21531585 ], [ -9.478889338437249, 26.216985 ], [ -9.477887988437253, 26.21541385 ], [ -9.479549438437253, 26.21531585 ] ] ], [ [ [ -9.476263638437253, 26.37123945 ], [ -9.472187538437247, 26.38253255 ], [ -9.465615588437245, 26.36881535 ], [ -9.476263638437253, 26.37123945 ] ] ], [ [ [ -9.487062188437257, 26.0373146 ], [ -9.483069388437251, 26.05095795 ], [ -9.475332988437252, 26.0423826 ], [ -9.487062188437257, 26.0373146 ] ] ], [ [ [ -9.529145838437252, 26.07551115 ], [ -9.528151488437246, 26.07748865 ], [ -9.527386738437251, 26.0768282 ], [ -9.529145838437252, 26.07551115 ] ] ], [ [ [ -9.536283738437248, 26.24088055 ], [ -9.508142338437253, 26.2359207 ], [ -9.492668138437246, 26.2392401 ], [ -9.521309688437256, 26.22599715 ], [ -9.536283738437248, 26.24088055 ] ] ], [ [ [ -9.534453588437252, 26.21338665 ], [ -9.529378938437254, 26.21906365 ], [ -9.523888838437244, 26.2159952 ], [ -9.534453588437252, 26.21338665 ] ] ], [ [ [ -9.533330438437254, 26.20077475 ], [ -9.53528553843725, 26.20797075 ], [ -9.528671938437249, 26.2013232 ], [ -9.533330438437254, 26.20077475 ] ] ], [ [ [ -9.55534053843725, 26.41332695 ], [ -9.55452188843725, 26.4187446 ], [ -9.547870488437248, 26.412369 ], [ -9.55534053843725, 26.41332695 ] ] ], [ [ [ -9.574024938437248, 26.41580565 ], [ -9.565341788437244, 26.41606955 ], [ -9.560277288437248, 26.41189125 ], [ -9.574024938437248, 26.41580565 ] ] ], [ [ [ -9.596246438437248, 26.15728725 ], [ -9.524621738437247, 26.19848785 ], [ -9.49055623843725, 26.1818611 ], [ -9.518923388437251, 26.2240326 ], [ -9.464372388437255, 26.2006358 ], [ -9.323722788437252, 26.24690125 ], [ -9.218115888437246, 26.2060363 ], [ -9.286413138437254, 26.16078795 ], [ -9.266281488437251, 26.1415537 ], [ -9.190414438437251, 26.19653415 ], [ -9.032773038437249, 26.16215295 ], [ -9.02264928843725, 26.0931564 ], [ -9.054609888437255, 26.11071275 ], [ -9.116626738437255, 26.1233719 ], [ -9.029071438437249, 26.0812585 ], [ -9.08601328843725, 26.06831305 ], [ -9.020086938437252, 26.0611475 ], [ -8.98502323843725, 25.96395845 ], [ -9.07553183843725, 25.9587921 ], [ -9.242822738437248, 26.03073215 ], [ -9.27418448843725, 26.0159758 ], [ -9.22360633843725, 26.0043453 ], [ -9.25941868843725, 25.9928163 ], [ -9.238330488437249, 25.95447415 ], [ -9.340027888437248, 25.9327045 ], [ -9.420844638437252, 26.005928 ], [ -9.474293138437254, 26.00300795 ], [ -9.465807738437249, 26.0637879 ], [ -9.496878638437252, 26.05144655 ], [ -9.572953938437244, 26.12061145 ], [ -9.593833888437253, 26.11356385 ], [ -9.596246438437248, 26.15728725 ] ] ], [ [ [ -9.592851438437243, 26.45419925 ], [ -9.591520388437253, 26.4600453 ], [ -9.587860088437253, 26.4538986 ], [ -9.592851438437243, 26.45419925 ] ] ], [ [ [ -9.668149388437257, 26.2417811 ], [ -9.667575038437256, 26.24377435 ], [ -9.66625203843725, 26.2433687 ], [ -9.668149388437257, 26.2417811 ] ] ], [ [ [ -9.682028988437246, 26.46468525 ], [ -9.678285388437253, 26.47572005 ], [ -9.669966588437255, 26.46361145 ], [ -9.682028988437246, 26.46468525 ] ] ], [ [ [ -10.620637988437252, 26.7404961 ], [ -10.623008888437248, 26.7425107 ], [ -10.619889338437254, 26.74196505 ], [ -10.620637988437252, 26.7404961 ] ] ], [ [ [ -10.633656938437255, 26.8338264 ], [ -10.630620688437247, 26.837136 ], [ -10.630329488437248, 26.83245195 ], [ -10.633656938437255, 26.8338264 ] ] ], [ [ [ -10.63989603843725, 26.74263635 ], [ -10.642100338437253, 26.75475825 ], [ -10.62554603843725, 26.74733545 ], [ -10.63989603843725, 26.74263635 ] ] ], [ [ [ -10.670259588437254, 26.72861185 ], [ -10.67258883843725, 26.73161555 ], [ -10.66876228843725, 26.73174155 ], [ -10.670259588437254, 26.72861185 ] ] ], [ [ [ -10.673961538437247, 26.70482795 ], [ -10.67612418843725, 26.7059014 ], [ -10.675625088437258, 26.70661715 ], [ -10.673961538437247, 26.70482795 ] ] ], [ [ [ -10.675916288437257, 26.7186708 ], [ -10.674710188437246, 26.72218165 ], [ -10.673171238437256, 26.7185868 ], [ -10.675916288437257, 26.7186708 ] ] ], [ [ [ -10.675292588437252, 26.71223535 ], [ -10.67612418843725, 26.7175354 ], [ -10.66876228843725, 26.71522225 ], [ -10.675292588437252, 26.71223535 ] ] ], [ [ [ -10.72636983843725, 26.70145955 ], [ -10.699666588437246, 26.7197012 ], [ -10.694425688437249, 26.7185868 ], [ -10.706488088437254, 26.7116253 ], [ -10.700914338437251, 26.7097318 ], [ -10.696172538437253, 26.6977107 ], [ -10.72636983843725, 26.70145955 ] ] ], [ [ [ -12.332437238437251, 26.84382555 ], [ -12.326114838437249, 26.8602465 ], [ -12.323951838437246, 26.8416202 ], [ -12.332437238437251, 26.84382555 ] ] ], [ [ [ -12.346412738437252, 26.900556 ], [ -12.312472188437255, 26.8961257 ], [ -12.308479038437248, 26.88580875 ], [ -12.316797838437253, 26.87801355 ], [ -12.346412738437252, 26.900556 ] ] ], [ [ [ -12.406890288437253, 26.77334605 ], [ -12.348492438437255, 26.824256 ], [ -12.261976988437254, 26.846446 ], [ -12.339258388437251, 26.8125401 ], [ -12.406890288437253, 26.77334605 ] ] ], [ [ [ -12.56012238843725, 26.9702655 ], [ -12.568607438437247, 26.97162315 ], [ -12.558458488437246, 26.97479065 ], [ -12.56012238843725, 26.9702655 ] ] ], [ [ [ -12.764806238437252, 26.98264395 ], [ -12.76588773843725, 26.98465785 ], [ -12.75873338843725, 26.9838357 ], [ -12.764806238437252, 26.98264395 ] ] ], [ [ [ -12.799869938437247, 27.0630939 ], [ -12.798955038437249, 27.06507315 ], [ -12.797540688437252, 27.06521595 ], [ -12.799869938437247, 27.0630939 ] ] ], [ [ [ -12.80194963843725, 27.0542137 ], [ -12.804736338437252, 27.0573175 ], [ -12.800868138437245, 27.05699095 ], [ -12.80194963843725, 27.0542137 ] ] ], [ [ [ -12.815797038437246, 27.03795655 ], [ -12.814569588437251, 27.0386821 ], [ -12.814279788437247, 27.03862785 ], [ -12.815797038437246, 27.03795655 ] ] ], [ [ [ -12.825408738437254, 27.060604 ], [ -12.825616638437253, 27.0628083 ], [ -12.819502138437251, 27.06366545 ], [ -12.825408738437254, 27.060604 ] ] ], [ [ [ -12.882735238437256, 27.0837054 ], [ -12.881704838437251, 27.08556075 ], [ -12.880368188437252, 27.08469065 ], [ -12.882735238437256, 27.0837054 ] ] ], [ [ [ -12.890794338437246, 27.08121025 ], [ -12.889712838437255, 27.0835731 ], [ -12.888298838437251, 27.08286015 ], [ -12.890794338437246, 27.08121025 ] ] ], [ [ [ -12.898738638437258, 26.98478105 ], [ -12.878274488437256, 26.98884875 ], [ -12.804403838437253, 26.9797253 ], [ -12.835598988437248, 26.9687017 ], [ -12.898738638437258, 26.98478105 ] ] ], [ [ [ -12.902565538437251, 27.00654055 ], [ -12.900818338437247, 27.00982145 ], [ -12.89200043843725, 27.007894 ], [ -12.902565538437251, 27.00654055 ] ] ], [ [ [ -13.012623038437248, 27.008468 ], [ -12.996234988437251, 27.0269074 ], [ -12.810809188437254, 27.06149195 ], [ -12.930266988437253, 27.01191235 ], [ -13.012623038437248, 27.008468 ] ] ], [ [ [ -13.144358138437248, 27.14691645 ], [ -13.142939588437251, 27.14771165 ], [ -13.141647038437249, 27.14644745 ], [ -13.144358138437248, 27.14691645 ] ] ], [ [ [ -13.150798138437253, 26.97964305 ], [ -13.083415788437257, 27.01633915 ], [ -12.920949988437251, 26.97462615 ], [ -13.114611288437246, 26.92792915 ], [ -13.140150088437252, 26.943571 ], [ -13.075014038437246, 26.97203475 ], [ -13.150798138437253, 26.97964305 ] ] ], [ [ [ -13.152734338437249, 27.15304565 ], [ -13.151156538437256, 27.15348595 ], [ -13.15002848843725, 27.1521437 ], [ -13.152734338437249, 27.15304565 ] ] ], [ [ [ -13.169265888437252, 27.15520585 ], [ -13.17009783843725, 27.1611345 ], [ -13.159907238437256, 27.15613685 ], [ -13.169265888437252, 27.15520585 ] ] ], [ [ [ -13.180745888437258, 27.1323526 ], [ -13.162486038437251, 27.1546798 ], [ -13.140150088437252, 27.14301535 ], [ -13.149259188437249, 27.1300405 ], [ -13.180745888437258, 27.1323526 ] ] ], [ [ [ -13.185945138437248, 27.1419615 ], [ -13.181993638437248, 27.14536525 ], [ -13.179706038437253, 27.14500055 ], [ -13.185945138437248, 27.1419615 ] ] ], [ [ [ -13.263465588437249, 27.1814653 ], [ -13.262999738437252, 27.18845165 ], [ -13.251983838437248, 27.18904 ], [ -13.263465588437249, 27.1814653 ] ] ], [ [ [ -13.303119188437257, 27.16450115 ], [ -13.303875188437253, 27.16552595 ], [ -13.302459088437253, 27.1651833 ], [ -13.303119188437257, 27.16450115 ] ] ], [ [ [ -13.328268438437256, 30.4187826 ], [ -13.322445488437253, 30.42743915 ], [ -13.307970888437254, 30.42302075 ], [ -13.328268438437256, 30.4187826 ] ] ], [ [ [ -13.334505088437254, 27.1819413 ], [ -13.336321938437251, 27.18417955 ], [ -13.331593788437253, 27.18316175 ], [ -13.334505088437254, 27.1819413 ] ] ], [ [ [ -13.358299488437254, 27.15355245 ], [ -13.322250888437246, 27.16430095 ], [ -13.269962638437249, 27.1588609 ], [ -13.296714888437251, 27.1444073 ], [ -13.358299488437254, 27.15355245 ] ] ], [ [ [ -13.364834338437248, 27.02883415 ], [ -13.380349488437247, 27.03088165 ], [ -13.355227188437254, 27.0317157 ], [ -13.364834338437248, 27.02883415 ] ] ], [ [ [ -13.388812138437252, 26.79851315 ], [ -13.383904088437248, 26.8033988 ], [ -13.379994238437249, 26.8023131 ], [ -13.388812138437252, 26.79851315 ] ] ], [ [ [ -13.381013788437251, 27.0851992 ], [ -13.371280638437248, 27.0961507 ], [ -13.369034688437246, 27.0919178 ], [ -13.381013788437251, 27.0851992 ] ] ], [ [ [ -13.395402638437254, 27.0259771 ], [ -13.393912688437254, 27.0287582 ], [ -13.392011838437249, 27.0274688 ], [ -13.395402638437254, 27.0259771 ] ] ], [ [ [ -13.401138438437243, 27.14979415 ], [ -13.395591288437252, 27.1534408 ], [ -13.39230408843725, 27.14935 ], [ -13.401138438437243, 27.14979415 ] ] ], [ [ [ -13.40580708843725, 27.1709597 ], [ -13.404575438437256, 27.1732333 ], [ -13.404268138437253, 27.17122255 ], [ -13.40580708843725, 27.1709597 ] ] ], [ [ [ -13.405271238437244, 26.7910277 ], [ -13.405898788437256, 26.7922842 ], [ -13.404415138437251, 26.7919853 ], [ -13.405271238437244, 26.7910277 ] ] ], [ [ [ -13.407456288437253, 27.1670887 ], [ -13.406871438437257, 27.1694659 ], [ -13.40527508843725, 27.16741735 ], [ -13.407456288437253, 27.1670887 ] ] ], [ [ [ -13.408148588437257, 27.1459018 ], [ -13.407377888437253, 27.14824715 ], [ -13.405258638437246, 27.1470589 ], [ -13.408148588437257, 27.1459018 ] ] ], [ [ [ -13.413872838437257, 27.10139895 ], [ -13.386337638437254, 27.1060347 ], [ -13.378434988437249, 27.1041237 ], [ -13.388334388437251, 27.0971678 ], [ -13.413872838437257, 27.10139895 ] ] ], [ [ [ -13.410545388437249, 27.06216185 ], [ -13.401727488437253, 27.09073725 ], [ -13.37751973843725, 27.07419625 ], [ -13.350483638437254, 27.07770185 ], [ -13.410545388437249, 27.06216185 ] ] ], [ [ [ -13.411439288437251, 26.92561355 ], [ -13.381990988437252, 26.95259715 ], [ -13.363606188437252, 26.95239135 ], [ -13.411439288437251, 26.92561355 ] ] ], [ [ [ -13.438087588437249, 27.14826185 ], [ -13.439963238437244, 27.1532553 ], [ -13.43651503843725, 27.1500626 ], [ -13.438087588437249, 27.14826185 ] ] ], [ [ [ -13.448429388437248, 27.01897815 ], [ -13.445900288437251, 27.02094515 ], [ -13.44551073843725, 27.01945555 ], [ -13.448429388437248, 27.01897815 ] ] ], [ [ [ -13.450857688437253, 27.0262382 ], [ -13.448619788437256, 27.0276445 ], [ -13.44788478843725, 27.0272539 ], [ -13.450857688437253, 27.0262382 ] ] ], [ [ [ -13.45905118843725, 27.02795425 ], [ -13.457317988437246, 27.03079905 ], [ -13.456346038437246, 27.02814675 ], [ -13.45905118843725, 27.02795425 ] ] ], [ [ [ -13.452914288437249, 27.0295667 ], [ -13.442201488437256, 27.0493683 ], [ -13.437031288437247, 27.04035895 ], [ -13.452914288437249, 27.0295667 ] ] ], [ [ [ -13.480180688437251, 27.1273875 ], [ -13.477181188437257, 27.13059945 ], [ -13.47502938843725, 27.1306313 ], [ -13.480180688437251, 27.1273875 ] ] ], [ [ [ -13.498568988437249, 27.13094945 ], [ -13.494526138437251, 27.1326662 ], [ -13.492309238437251, 27.1323484 ], [ -13.498568988437249, 27.13094945 ] ] ], [ [ [ -13.497314238437248, 27.12110325 ], [ -13.494901688437253, 27.12585275 ], [ -13.492239938437258, 27.1250208 ], [ -13.497314238437248, 27.12110325 ] ] ], [ [ [ -13.51266033843725, 27.0775881 ], [ -13.507720438437254, 27.0900222 ], [ -13.50218798843725, 27.0888616 ], [ -13.51266033843725, 27.0775881 ] ] ], [ [ [ -13.526513338437248, 27.11123255 ], [ -13.527428238437253, 27.11466605 ], [ -13.524391988437252, 27.1141988 ], [ -13.526513338437248, 27.11123255 ] ] ], [ [ [ -13.542818088437258, 27.12128595 ], [ -13.54323388843725, 27.1242494 ], [ -13.537910038437253, 27.12394525 ], [ -13.542818088437258, 27.12128595 ] ] ], [ [ [ -13.569995588437244, 26.7712926 ], [ -13.31069878843725, 26.9345326 ], [ -13.318367988437252, 26.96757365 ], [ -13.24539613843725, 26.9666003 ], [ -13.283579388437246, 26.93787545 ], [ -13.215115888437253, 26.9524736 ], [ -13.369845288437247, 26.8618229 ], [ -13.36468768843725, 26.8312525 ], [ -13.418344088437244, 26.82471205 ], [ -13.396964688437251, 26.80106045 ], [ -13.569995588437244, 26.7712926 ] ] ], [ [ [ -13.573435738437254, 27.02112855 ], [ -13.574041938437247, 27.02518715 ], [ -13.571879638437252, 27.02501985 ], [ -13.573435738437254, 27.02112855 ] ] ], [ [ [ -13.583909138437257, 26.93372655 ], [ -13.504963838437249, 26.9598677 ], [ -13.561365288437251, 26.9639851 ], [ -13.46217458843725, 27.03018025 ], [ -13.459065538437251, 26.9943196 ], [ -13.487660538437247, 26.98529135 ], [ -13.460873988437257, 26.97423205 ], [ -13.510786788437251, 26.90049055 ], [ -13.583909138437257, 26.93372655 ] ] ], [ [ [ -13.588573588437256, 30.4554955 ], [ -13.59080903843725, 30.45769105 ], [ -13.581484338437249, 30.4565133 ], [ -13.588573588437256, 30.4554955 ] ] ], [ [ [ -13.602171088437252, 27.0995093 ], [ -13.58141958843725, 27.10887915 ], [ -13.540619738437258, 27.08828095 ], [ -13.572010888437255, 27.0755329 ], [ -13.602171088437252, 27.0995093 ] ] ], [ [ [ -13.604947638437245, 26.89783265 ], [ -13.603866138437255, 26.9102482 ], [ -13.595048238437251, 26.90702155 ], [ -13.604947638437245, 26.89783265 ] ] ], [ [ [ -13.614805388437247, 26.8284525 ], [ -13.552996788437248, 26.8703671 ], [ -13.530120088437251, 26.86700465 ], [ -13.559651688437249, 26.8375301 ], [ -13.614805388437247, 26.8284525 ] ] ], [ [ [ -13.623875288437247, 26.8190998 ], [ -13.622606188437246, 26.82087465 ], [ -13.621169788437257, 26.8199727 ], [ -13.623875288437247, 26.8190998 ] ] ], [ [ [ -13.649045188437256, 26.9555837 ], [ -13.614023138437254, 26.977892 ], [ -13.590314488437244, 26.97587705 ], [ -13.603707588437253, 26.9428045 ], [ -13.649045188437256, 26.9555837 ] ] ], [ [ [ -13.637099688437253, 26.84106755 ], [ -13.586604488437253, 26.90232455 ], [ -13.556407538437256, 26.8867093 ], [ -13.637099688437253, 26.84106755 ] ] ], [ [ [ -13.648603488437253, 27.06256225 ], [ -13.644473488437249, 27.0667745 ], [ -13.643121088437248, 27.066456 ], [ -13.648603488437253, 27.06256225 ] ] ], [ [ [ -13.661874788437252, 26.93922365 ], [ -13.660530788437256, 26.9403097 ], [ -13.66010553843725, 26.9394515 ], [ -13.661874788437252, 26.93922365 ] ] ], [ [ [ -13.631110138437258, 26.82882735 ], [ -13.670374888437252, 26.838529 ], [ -13.633941288437249, 26.8345264 ], [ -13.592677338437248, 26.8586561 ], [ -13.631110138437258, 26.82882735 ] ] ], [ [ [ -13.915289838437253, 30.5139609 ], [ -13.910566238437248, 30.5149619 ], [ -13.909659388437248, 30.5148016 ], [ -13.915289838437253, 30.5139609 ] ] ], [ [ [ -13.998631488437255, 30.52631415 ], [ -13.996295588437256, 30.52692455 ], [ -13.996011738437254, 30.52642055 ], [ -13.998631488437255, 30.52631415 ] ] ], [ [ [ -14.034934188437248, 30.5293861 ], [ -14.032535638437253, 30.53136815 ], [ -14.032185288437255, 30.5308554 ], [ -14.034934188437248, 30.5293861 ] ] ], [ [ [ -14.063562438437245, 26.81031725 ], [ -14.066432438437253, 26.82520275 ], [ -14.052249038437253, 26.824515 ], [ -14.063562438437245, 26.81031725 ] ] ], [ [ [ -14.076581388437255, 26.80397385 ], [ -14.075791088437249, 26.80775105 ], [ -14.071631688437243, 26.80455835 ], [ -14.076581388437255, 26.80397385 ] ] ], [ [ [ -14.078815088437253, 26.7883642 ], [ -14.078648838437246, 26.80027155 ], [ -14.072076888437245, 26.7933377 ], [ -14.073907038437248, 26.78974355 ], [ -14.078815088437253, 26.7883642 ] ] ], [ [ [ -14.12582848843725, 26.7643738 ], [ -14.120171788437247, 26.7683316 ], [ -14.12237643843725, 26.7638082 ], [ -14.12582848843725, 26.7643738 ] ] ], [ [ [ -14.14400503843725, 26.74083035 ], [ -14.138764488437246, 26.741418 ], [ -14.138514938437254, 26.7404947 ], [ -14.14400503843725, 26.74083035 ] ] ], [ [ [ -14.148326838437249, 30.5403768 ], [ -14.119003838437251, 30.54163225 ], [ -14.094064938437249, 30.5384042 ], [ -14.148326838437249, 30.5403768 ] ] ], [ [ [ -14.166040688437249, 26.7101252 ], [ -14.165933938437249, 26.71200015 ], [ -14.163950138437244, 26.71067645 ], [ -14.166040688437249, 26.7101252 ] ] ], [ [ [ -14.177693588437258, 26.72039385 ], [ -14.176689088437257, 26.7402728 ], [ -14.15266788843725, 26.7164231 ], [ -14.177693588437258, 26.72039385 ] ] ], [ [ [ -14.19487473843725, 26.72573205 ], [ -14.193585338437252, 26.72726575 ], [ -14.193917838437244, 26.72552205 ], [ -14.19487473843725, 26.72573205 ] ] ], [ [ [ -14.19528703843725, 26.8125492 ], [ -14.195575788437246, 26.8176753 ], [ -14.19450023843725, 26.81755385 ], [ -14.19528703843725, 26.8125492 ] ] ], [ [ [ -14.197578138437244, 26.73096315 ], [ -14.195706338437247, 26.73335715 ], [ -14.195747988437255, 26.73058515 ], [ -14.197578138437244, 26.73096315 ] ] ], [ [ [ -14.236717938437245, 26.7254377 ], [ -14.225030038437254, 26.72472335 ], [ -14.210929938437246, 26.708994 ], [ -14.236717938437245, 26.7254377 ] ] ], [ [ [ -14.394728938437247, 27.24056175 ], [ -14.373797538437252, 27.2549443 ], [ -14.350292238437248, 27.25615285 ], [ -14.373526638437248, 27.2404963 ], [ -14.394728938437247, 27.24056175 ] ] ], [ [ [ -14.429547638437256, 26.6157862 ], [ -14.42900688843725, 26.62693685 ], [ -14.422310338437256, 26.6299668 ], [ -14.429547638437256, 26.6157862 ] ] ], [ [ [ -14.538232788437256, 26.64311455 ], [ -14.53773368843725, 26.64413025 ], [ -14.536236038437252, 26.64364375 ], [ -14.538232788437256, 26.64311455 ] ] ], [ [ [ -14.565892588437251, 26.60772395 ], [ -14.541851438437249, 26.64209885 ], [ -14.505830838437255, 26.6307081 ], [ -14.54101948843725, 26.59918885 ], [ -14.565892588437251, 26.60772395 ] ] ], [ [ [ -14.612243438437254, 26.602335 ], [ -14.609316738437251, 26.6037224 ], [ -14.607723538437256, 26.60293245 ], [ -14.612243438437254, 26.602335 ] ] ], [ [ [ -14.81154638843725, 26.6845906 ], [ -14.809508338437254, 26.6859822 ], [ -14.809217138437255, 26.684949 ], [ -14.81154638843725, 26.6845906 ] ] ], [ [ [ -14.817161788437247, 26.67544615 ], [ -14.814998788437251, 26.68253435 ], [ -14.812835788437248, 26.6758259 ], [ -14.817161788437247, 26.67544615 ] ] ], [ [ [ -14.826894588437256, 26.5408841 ], [ -14.796364788437252, 26.5435301 ], [ -14.795574488437246, 26.5365721 ], [ -14.826894588437256, 26.5408841 ] ] ], [ [ [ -14.829612688437244, 26.6724869 ], [ -14.827629238437254, 26.67439335 ], [ -14.819696488437252, 26.673448 ], [ -14.829612688437244, 26.6724869 ] ] ], [ [ [ -14.876308288437251, 26.52960955 ], [ -14.890782888437251, 26.54169505 ], [ -14.868072788437253, 26.53689235 ], [ -14.876308288437251, 26.52960955 ] ] ], [ [ [ -14.898458388437255, 30.5248438 ], [ -14.900403338437243, 30.5273603 ], [ -14.896534788437258, 30.5263264 ], [ -14.898458388437255, 30.5248438 ] ] ], [ [ [ -14.953338038437252, 26.5507009 ], [ -14.93286023843725, 26.55835925 ], [ -14.921271388437255, 26.55483405 ], [ -14.927451688437259, 26.5434118 ], [ -14.953338038437252, 26.5507009 ] ] ], [ [ [ -14.954591738437252, 26.6248624 ], [ -14.954229138437256, 26.62627255 ], [ -14.952180238437251, 26.62519805 ], [ -14.954591738437252, 26.6248624 ] ] ], [ [ [ -14.93253648843725, 26.2089735 ], [ -14.948508738437255, 26.23508735 ], [ -14.920890238437252, 26.23394915 ], [ -14.93253648843725, 26.2089735 ] ] ], [ [ [ -14.96915803843725, 30.5483519 ], [ -14.953768188437252, 30.5477849 ], [ -14.948568938437248, 30.54619415 ], [ -14.96915803843725, 30.5483519 ] ] ], [ [ [ -14.982301588437252, 30.54793715 ], [ -14.984090088437256, 30.5497351 ], [ -14.97980608843725, 30.54890525 ], [ -14.982301588437252, 30.54793715 ] ] ], [ [ [ -15.000050438437249, 26.46388935 ], [ -14.987988038437251, 26.4700525 ], [ -14.978587738437248, 26.4670894 ], [ -15.000050438437249, 26.46388935 ] ] ], [ [ [ -15.009824888437251, 26.4554449 ], [ -15.010656838437249, 26.4579593 ], [ -15.004833538437246, 26.4576156 ], [ -15.009824888437251, 26.4554449 ] ] ], [ [ [ -15.014192188437256, 26.46449065 ], [ -15.017686238437257, 26.47666295 ], [ -14.99576608843725, 26.4755902 ], [ -15.014192188437256, 26.46449065 ] ] ], [ [ [ -15.02490953843725, 26.9666864 ], [ -14.978241238437249, 27.0253527 ], [ -14.936813488437252, 27.01523385 ], [ -14.980154688437253, 26.9753678 ], [ -15.02490953843725, 26.9666864 ] ] ], [ [ [ -15.050337388437256, 26.4846853 ], [ -15.04642753843725, 26.48562855 ], [ -15.044930238437246, 26.4847497 ], [ -15.050337388437256, 26.4846853 ] ] ], [ [ [ -15.066226338437247, 26.45909855 ], [ -15.068597238437249, 26.4618702 ], [ -15.06435453843725, 26.4621922 ], [ -15.066226338437247, 26.45909855 ] ] ], [ [ [ -15.099244988437256, 26.0571729 ], [ -15.083439338437252, 26.07287915 ], [ -15.068964738437245, 26.0731007 ], [ -15.099244988437256, 26.0571729 ] ] ], [ [ [ -15.093754538437253, 25.92400245 ], [ -15.096499938437255, 25.9343166 ], [ -15.083273088437252, 25.9314473 ], [ -15.093754538437253, 25.92400245 ] ] ], [ [ [ -15.11097173843725, 30.5565356 ], [ -15.115879788437255, 30.5594637 ], [ -15.110056488437252, 30.55852465000001 ], [ -15.11097173843725, 30.5565356 ] ] ], [ [ [ -15.120340188437254, 26.46659555 ], [ -15.105740638437247, 26.482691 ], [ -15.048133088437247, 26.4767487 ], [ -15.092555438437252, 26.4630301 ], [ -15.120340188437254, 26.46659555 ] ] ], [ [ [ -15.116880788437257, 26.06178905 ], [ -15.10956053843725, 26.0762927 ], [ -15.10257278843725, 26.0722138 ], [ -15.116880788437257, 26.06178905 ] ] ], [ [ [ -15.127750038437249, 26.07033955 ], [ -15.127860988437256, 26.0717588 ], [ -15.126858588437251, 26.07184315 ], [ -15.127750038437249, 26.07033955 ] ] ], [ [ [ -15.132521938437257, 26.066219 ], [ -15.131713088437252, 26.0673936 ], [ -15.131177938437247, 26.0667951 ], [ -15.132521938437257, 26.066219 ] ] ], [ [ [ -15.137435588437256, 26.0638054 ], [ -15.136943838437254, 26.0648743 ], [ -15.134976838437254, 26.06506155 ], [ -15.137435588437256, 26.0638054 ] ] ], [ [ [ -15.175753588437253, 26.11830705 ], [ -15.141761238437248, 26.13611785 ], [ -15.10863968843725, 26.1157328 ], [ -15.121539638437248, 26.1053385 ], [ -15.175753588437253, 26.11830705 ] ] ], [ [ [ -15.183181638437247, 26.36951255 ], [ -15.182266738437249, 26.3731487 ], [ -15.180353288437246, 26.3721099 ], [ -15.183181638437247, 26.36951255 ] ] ], [ [ [ -15.218974738437254, 26.90379315 ], [ -15.197802888437252, 26.90606815 ], [ -15.188957688437249, 26.8808755 ], [ -15.192412188437252, 26.8794034 ], [ -15.218974738437254, 26.90379315 ] ] ], [ [ [ -15.246571538437252, 26.9234446 ], [ -15.247092688437249, 26.9252562 ], [ -15.24495558843725, 26.9243651 ], [ -15.246571538437252, 26.9234446 ] ] ], [ [ [ -15.276380338437257, 26.25678035 ], [ -15.274508888437254, 26.25732075 ], [ -15.274618788437245, 26.2568794 ], [ -15.276380338437257, 26.25678035 ] ] ], [ [ [ -15.287163838437259, 30.65651835 ], [ -15.290366338437245, 30.66102495 ], [ -15.274810238437247, 30.6556738 ], [ -15.287163838437259, 30.65651835 ] ] ], [ [ [ -15.26495528843725, 26.1189528 ], [ -15.291658888437247, 26.13590575 ], [ -15.247153238437257, 26.14040535 ], [ -15.26495528843725, 26.1189528 ] ] ], [ [ [ -15.479212688437258, 26.4963018 ], [ -15.476550588437249, 26.49887185 ], [ -15.476259388437249, 26.4985936 ], [ -15.479212688437258, 26.4963018 ] ] ], [ [ [ -15.491559288437251, 26.16736725 ], [ -15.448384688437251, 26.1972569 ], [ -15.401799688437251, 26.1771333 ], [ -15.359124188437249, 26.18487005 ], [ -15.421182338437248, 26.21191175 ], [ -15.347727488437251, 26.21612085 ], [ -15.380170738437251, 26.2356127 ], [ -15.361203888437245, 26.25306335 ], [ -15.279192238437247, 26.2462898 ], [ -15.317613488437253, 26.2654698 ], [ -15.307840438437246, 26.26677565 ], [ -15.273677638437256, 26.25371995 ], [ -15.265611888437249, 26.2545974 ], [ -15.303970488437251, 26.2895043 ], [ -15.175528538437256, 26.30970735 ], [ -15.224276538437245, 26.3235782 ], [ -15.193330588437249, 26.3636231 ], [ -15.104402588437253, 26.3676943 ], [ -15.181351488437251, 26.2904192 ], [ -15.164963438437248, 26.2695732 ], [ -15.109227688437251, 26.2983474 ], [ -15.070212488437249, 26.26935515 ], [ -15.038767438437247, 26.2852329 ], [ -15.018968638437251, 26.2738936 ], [ -15.036105338437245, 26.26485835 ], [ -15.042843538437253, 26.2219935 ], [ -14.981950188437253, 26.2616268 ], [ -15.023959988437255, 26.1998028 ], [ -15.103570988437255, 26.2304033 ], [ -15.090177538437246, 26.1897032 ], [ -15.185927038437249, 26.17524225 ], [ -15.202481338437252, 26.21138535 ], [ -15.21437713843725, 26.17304285 ], [ -15.306466338437254, 26.13533245 ], [ -15.491559288437251, 26.16736725 ] ] ], [ [ [ -15.498096238437249, 26.71829105 ], [ -15.49768043843725, 26.71993115 ], [ -15.495517438437254, 26.71930045 ], [ -15.498096238437249, 26.71829105 ] ] ], [ [ [ -15.539782638437252, 26.11918415 ], [ -15.536736588437243, 26.1192776 ], [ -15.53673203843725, 26.1184943 ], [ -15.539782638437252, 26.11918415 ] ] ], [ [ [ -15.541144838437248, 26.12167685 ], [ -15.539710888437249, 26.12315385 ], [ -15.539066888437254, 26.1228448 ], [ -15.541144838437248, 26.12167685 ] ] ], [ [ [ -15.545055738437249, 26.35427915 ], [ -15.540314288437258, 26.3603898 ], [ -15.536695638437251, 26.35607815 ], [ -15.545055738437249, 26.35427915 ] ] ], [ [ [ -15.546331488437254, 26.6275434 ], [ -15.491427338437255, 26.64101175 ], [ -15.464058738437245, 26.62101555 ], [ -15.524286738437254, 26.60820415 ], [ -15.546331488437254, 26.6275434 ] ] ], [ [ [ -15.551038638437248, 25.75666675 ], [ -15.544050888437255, 25.76570725 ], [ -15.535149688437251, 25.7643447 ], [ -15.551038638437248, 25.75666675 ] ] ], [ [ [ -15.641131088437248, 25.7038906 ], [ -15.643210788437251, 25.70804195 ], [ -15.638136488437247, 25.7081788 ], [ -15.641131088437248, 25.7038906 ] ] ], [ [ [ -15.659099738437249, 25.69841415 ], [ -15.651529588437256, 25.70475755 ], [ -15.649283638437254, 25.7026131 ], [ -15.659099738437249, 25.69841415 ] ] ], [ [ [ -15.675986888437251, 25.6989619 ], [ -15.67249283843725, 25.70110705 ], [ -15.669664488437249, 25.70083335 ], [ -15.675986888437251, 25.6989619 ] ] ], [ [ [ -15.681733538437257, 26.2823713 ], [ -15.679404288437247, 26.28324315 ], [ -15.67782368843725, 26.2825673 ], [ -15.681733538437257, 26.2823713 ] ] ], [ [ [ -15.698770488437255, 26.3035855 ], [ -15.696996688437245, 26.30600715 ], [ -15.689769888437247, 26.30646775 ], [ -15.698770488437255, 26.3035855 ] ] ], [ [ [ -15.705685088437257, 25.7912499 ], [ -15.706683288437254, 25.794241 ], [ -15.704187438437245, 25.7933345 ], [ -15.705685088437257, 25.7912499 ] ] ], [ [ [ -15.715632788437247, 26.62142645 ], [ -15.715258288437248, 26.6240126 ], [ -15.704069488437256, 26.624182 ], [ -15.715632788437247, 26.62142645 ] ] ], [ [ [ -15.749525038437248, 25.685307 ], [ -15.713421488437248, 25.7022022 ], [ -15.702024788437257, 25.6972273 ], [ -15.701276138437258, 25.68654075 ], [ -15.749525038437248, 25.685307 ] ] ], [ [ [ -15.763493888437253, 26.25576815 ], [ -15.765695038437244, 26.25832105 ], [ -15.763948188437247, 26.2581758 ], [ -15.763493888437253, 26.25576815 ] ] ], [ [ [ -15.79159468843725, 26.24624045 ], [ -15.792795538437254, 26.2491836 ], [ -15.78948418843725, 26.248919 ], [ -15.79159468843725, 26.24624045 ] ] ], [ [ [ -15.821981688437248, 25.6360046 ], [ -15.728478488437254, 25.66303615 ], [ -15.64770303843725, 25.63898555 ], [ -15.775230088437254, 25.61884095 ], [ -15.821981688437248, 25.6360046 ] ] ], [ [ [ -15.848594988437249, 26.17350485 ], [ -15.84711063843725, 26.1745251 ], [ -15.844690738437251, 26.17343205 ], [ -15.848594988437249, 26.17350485 ] ] ], [ [ [ -15.843605038437246, 26.1651451 ], [ -15.846647588437257, 26.1674075 ], [ -15.84278358843725, 26.166389 ], [ -15.843605038437246, 26.1651451 ] ] ], [ [ [ -15.870070988437256, 26.1633006 ], [ -15.86957188843725, 26.1710461 ], [ -15.855180238437249, 26.16708585 ], [ -15.870070988437256, 26.1633006 ] ] ], [ [ [ -15.973050788437256, 25.5971938 ], [ -15.886036238437256, 25.65287145 ], [ -15.830383438437252, 25.64595335 ], [ -15.949508738437245, 25.58812915 ], [ -15.973050788437256, 25.5971938 ] ] ], [ [ [ -15.973466938437248, 25.91789985 ], [ -15.877384938437253, 25.99696345 ], [ -15.775978738437253, 26.02841655 ], [ -15.692541188437254, 26.0258801 ], [ -15.689297038437246, 25.986566 ], [ -15.650531388437251, 25.975177 ], [ -15.626822738437255, 26.001245 ], [ -15.648701238437255, 26.02320925 ], [ -15.57141948843725, 26.0241441 ], [ -15.668500038437251, 26.0423805 ], [ -15.641463938437255, 26.10126905 ], [ -15.561852938437248, 26.1055156 ], [ -15.527496588437245, 26.04495825 ], [ -15.497798388437253, 26.0650283 ], [ -15.512605838437253, 26.0911782 ], [ -15.437736638437251, 26.08174395 ], [ -15.520924638437251, 26.13427335 ], [ -15.375345638437253, 26.0918425 ], [ -15.442727988437255, 26.1461373 ], [ -15.276627438437245, 26.11592075 ], [ -15.314556238437255, 26.0829091 ], [ -15.297237888437245, 26.0488485 ], [ -15.285661638437247, 26.0900435 ], [ -15.159631188437253, 26.109696 ], [ -15.108424438437247, 26.08402035 ], [ -15.179767038437255, 26.04422955 ], [ -15.12428468843725, 26.0337103 ], [ -15.158641388437253, 26.0056585 ], [ -15.046254288437247, 26.0158624 ], [ -15.11347038843725, 25.94403995 ], [ -15.316531988437248, 25.971691 ], [ -15.205725488437253, 25.92211805 ], [ -15.280511388437247, 25.8890077 ], [ -15.300465588437255, 25.91939645 ], [ -15.399605188437256, 25.9215696 ], [ -15.416631988437246, 25.9030903 ], [ -15.324601238437246, 25.8859487 ], [ -15.418936388437253, 25.8725332 ], [ -15.404378488437246, 25.85143695 ], [ -15.298480038437255, 25.8489103 ], [ -15.451712138437252, 25.7931532 ], [ -15.455788588437244, 25.825244 ], [ -15.484904388437251, 25.82452055 ], [ -15.440731588437252, 25.8685691 ], [ -15.473008238437252, 25.86550485 ], [ -15.523337188437253, 25.84475825 ], [ -15.51759718843725, 25.8194109 ], [ -15.591717388437253, 25.8188229 ], [ -15.537229388437254, 25.78775935 ], [ -15.685719688437246, 25.70662795 ], [ -15.746114288437255, 25.70735805 ], [ -15.64029913843725, 25.77678335 ], [ -15.683057938437251, 25.795011 ], [ -15.606940988437252, 25.84507395 ], [ -15.62615738843725, 25.8517075 ], [ -15.803430638437248, 25.74111555 ], [ -15.807756638437255, 25.7698845 ], [ -15.87838313843725, 25.794241 ], [ -15.897765788437255, 25.8826636 ], [ -15.973466938437248, 25.91789985 ] ] ], [ [ [ -16.30804838843725, 25.38406025 ], [ -16.261047238437257, 25.4144014 ], [ -16.241581288437253, 25.41379555 ], [ -16.249817138437244, 25.3632489 ], [ -16.30804838843725, 25.38406025 ] ] ], [ [ [ -16.463450488437253, 25.93854565 ], [ -16.45796003843725, 25.94396645 ], [ -16.454965088437248, 25.94434725 ], [ -16.463450488437253, 25.93854565 ] ] ], [ [ [ -16.47929778843725, 25.9304547 ], [ -16.480836738437254, 25.93287565 ], [ -16.476427788437249, 25.9315754 ], [ -16.47929778843725, 25.9304547 ] ] ], [ [ [ -16.48678463843725, 25.92677725 ], [ -16.488656438437246, 25.9312394 ], [ -16.48291643843725, 25.9289077 ], [ -16.48678463843725, 25.92677725 ] ] ], [ [ [ -16.495477588437247, 25.91989065 ], [ -16.497723888437257, 25.92619415 ], [ -16.491983888437254, 25.92453445 ], [ -16.495477588437247, 25.91989065 ] ] ], [ [ [ -16.505140738437248, 25.9115393 ], [ -16.507074488437254, 25.91666995 ], [ -16.500644988437251, 25.91330365 ], [ -16.505140738437248, 25.9115393 ] ] ], [ [ [ -16.512468338437252, 25.9099286 ], [ -16.513175688437251, 25.9118025 ], [ -16.510971738437249, 25.9112103 ], [ -16.512468338437252, 25.9099286 ] ] ], [ [ [ -16.560401888437255, 30.8290022 ], [ -16.554388188437251, 30.83102135 ], [ -16.553941938437248, 30.83051035 ], [ -16.560401888437255, 30.8290022 ] ] ], [ [ [ -16.559449188437256, 25.7956732 ], [ -16.55886678843725, 25.7999313 ], [ -16.557036638437246, 25.79703225 ], [ -16.559449188437256, 25.7956732 ] ] ], [ [ [ -16.570263488437256, 25.8051393 ], [ -16.568017538437246, 25.8107071 ], [ -16.560696938437246, 25.80464125 ], [ -16.570263488437256, 25.8051393 ] ] ], [ [ [ -16.649812188437245, 25.7890449 ], [ -16.648189938437255, 25.7936908 ], [ -16.641992488437253, 25.7941437 ], [ -16.649812188437245, 25.7890449 ] ] ], [ [ [ -16.657437638437251, 25.45908975 ], [ -16.633729338437256, 25.48068265 ], [ -16.616592638437247, 25.4629002 ], [ -16.633313188437249, 25.4441171 ], [ -16.657437638437251, 25.45908975 ] ] ], [ [ [ -16.660543188437252, 25.7704228 ], [ -16.660172538437251, 25.7714973 ], [ -16.659420388437248, 25.7711494 ], [ -16.660543188437252, 25.7704228 ] ] ], [ [ [ -16.662372988437248, 25.77699125 ], [ -16.662586488437256, 25.77876715 ], [ -16.660199138437257, 25.7782957 ], [ -16.662372988437248, 25.77699125 ] ] ], [ [ [ -16.667784338437251, 25.7654948 ], [ -16.668383538437254, 25.76691335 ], [ -16.666906888437246, 25.76657805 ], [ -16.667784338437251, 25.7654948 ] ] ], [ [ [ -16.662345688437256, 25.49932225 ], [ -16.673160338437249, 25.52445855 ], [ -16.662345688437256, 25.5263083 ], [ -16.662345688437256, 25.49932225 ] ] ], [ [ [ -16.859917188437251, 25.63453705 ], [ -16.830385238437252, 25.65172625 ], [ -16.771654888437254, 25.6492983 ], [ -16.734802338437248, 25.6343078 ], [ -16.859917188437251, 25.63453705 ] ] ], [ [ [ -16.893178388437249, 25.66870405 ], [ -16.889351488437249, 25.6727294 ], [ -16.882488688437249, 25.66890985 ], [ -16.893178388437249, 25.66870405 ] ] ], [ [ [ -17.001156188437257, 25.614586 ], [ -17.000324238437244, 25.6248718 ], [ -16.991963788437246, 25.62074005 ], [ -17.001156188437257, 25.614586 ] ] ], [ [ [ -17.061065338437253, 25.5673542 ], [ -17.035277338437254, 25.57449805 ], [ -17.022382988437251, 25.55979175 ], [ -17.034362088437248, 25.5544861 ], [ -17.061065338437253, 25.5673542 ] ] ], [ [ [ -17.134853038437257, 25.49288015 ], [ -17.132274238437248, 25.497098 ], [ -17.125952188437246, 25.5007121 ], [ -17.134853038437257, 25.49288015 ] ] ], [ [ [ -17.278264138437251, 25.50631 ], [ -17.276759138437249, 25.5072732 ], [ -17.276021338437253, 25.5064486 ], [ -17.278264138437251, 25.50631 ] ] ], [ [ [ -17.394751838437244, 25.4204669 ], [ -17.392801988437249, 25.4220272 ], [ -17.392019038437255, 25.4208085 ], [ -17.394751838437244, 25.4204669 ] ] ], [ [ [ -17.409317788437249, 25.3852919 ], [ -17.383030338437244, 25.4091486 ], [ -17.339522888437251, 25.38720745 ], [ -17.380451538437249, 25.4000962 ], [ -17.409317788437249, 25.3852919 ] ] ], [ [ [ -17.472688088437252, 25.3963988 ], [ -17.473852888437257, 25.39870985 ], [ -17.466033188437251, 25.39838295 ], [ -17.472688088437252, 25.3963988 ] ] ], [ [ [ -17.472106038437246, 25.3902577 ], [ -17.473395438437258, 25.3916591 ], [ -17.470858288437256, 25.39060805 ], [ -17.472106038437246, 25.3902577 ] ] ], [ [ [ -17.486705588437253, 25.40482365 ], [ -17.487370938437252, 25.40713295 ], [ -17.48441763843725, 25.40603675 ], [ -17.486705588437253, 25.40482365 ] ] ], [ [ [ -17.490490488437246, 25.3851421 ], [ -17.496063888437249, 25.4034002 ], [ -17.473852888437257, 25.38822595 ], [ -17.490490488437246, 25.3851421 ] ] ], [ [ [ -17.551924238437252, 25.11376855 ], [ -17.548846338437244, 25.11724685 ], [ -17.546600038437248, 25.1148644 ], [ -17.551924238437252, 25.11376855 ] ] ], [ [ [ -17.546184238437256, 25.04809 ], [ -17.543023038437248, 25.078603 ], [ -17.514489638437254, 25.0648851 ], [ -17.546184238437256, 25.04809 ] ] ], [ [ [ -17.559370138437245, 25.37064895 ], [ -17.554586688437247, 25.3814503 ], [ -17.540319988437247, 25.36711675 ], [ -17.552548638437251, 25.3576622 ], [ -17.559370138437245, 25.37064895 ] ] ], [ [ [ -17.571889988437249, 25.3839507 ], [ -17.570517288437252, 25.38899665 ], [ -17.567356088437251, 25.38353 ], [ -17.571889988437249, 25.3839507 ] ] ], [ [ [ -17.579168938437249, 25.347662 ], [ -17.57451008843725, 25.36646155 ], [ -17.559078938437253, 25.36402835 ], [ -17.579168938437249, 25.347662 ] ] ], [ [ [ -17.58885973843725, 25.11748485 ], [ -17.588360638437244, 25.12096245 ], [ -17.584034638437245, 25.12124805 ], [ -17.58885973843725, 25.11748485 ] ] ], [ [ [ -17.58528238843725, 25.10719065 ], [ -17.605247788437246, 25.1186759 ], [ -17.58869313843725, 25.11505515 ], [ -17.565067788437254, 25.11657975 ], [ -17.583202688437247, 25.104902 ], [ -17.559660638437251, 25.08820245 ], [ -17.604582088437247, 25.0756406 ], [ -17.58528238843725, 25.10719065 ] ] ], [ [ [ -17.616145388437246, 25.12370085 ], [ -17.613192088437252, 25.12529615 ], [ -17.609822988437251, 25.1248198 ], [ -17.616145388437246, 25.12370085 ] ] ], [ [ [ -17.618641588437249, 25.39079495 ], [ -17.618474988437256, 25.395535 ], [ -17.617352188437252, 25.39098185 ], [ -17.618641588437249, 25.39079495 ] ] ], [ [ [ -17.653288788437258, 25.0111762 ], [ -17.649461888437251, 25.03755325 ], [ -17.623091488437247, 25.01640765 ], [ -17.653288788437258, 25.0111762 ] ] ], [ [ [ -17.674626538437252, 25.13943055 ], [ -17.639271638437251, 25.13138965 ], [ -17.656824138437251, 25.1561644 ], [ -17.625878188437255, 25.18445175 ], [ -17.616976988437244, 25.11281515 ], [ -17.667139338437252, 25.10866835 ], [ -17.674626538437252, 25.13943055 ] ] ], [ [ [ -17.678120238437252, 25.1579221 ], [ -17.676456338437255, 25.16262435 ], [ -17.671382038437251, 25.15597435 ], [ -17.678120238437252, 25.1579221 ] ] ], [ [ [ -17.695256938437247, 25.12877165 ], [ -17.699333038437253, 25.14071505 ], [ -17.692927688437251, 25.140049 ], [ -17.695256938437247, 25.12877165 ] ] ], [ [ [ -17.71526363843725, 25.0233156 ], [ -17.703451138437252, 25.04085865 ], [ -17.687478888437248, 25.03812795 ], [ -17.71526363843725, 25.0233156 ] ] ], [ [ [ -17.725703788437251, 25.11738965 ], [ -17.721378138437252, 25.12858125 ], [ -17.70806798843725, 25.11986695 ], [ -17.725703788437251, 25.11738965 ] ] ], [ [ [ -17.735436588437253, 25.0998942 ], [ -17.739513038437252, 25.1160558 ], [ -17.728864988437252, 25.10108665 ], [ -17.735436588437253, 25.0998942 ] ] ], [ [ [ -17.786879938437252, 26.3531798 ], [ -17.783302938437252, 26.36002755 ], [ -17.780225038437251, 26.35630075 ], [ -17.786879938437252, 26.3531798 ] ] ], [ [ [ -17.810888188437247, 25.07251055 ], [ -17.80939088843725, 25.0778862 ], [ -17.806853388437247, 25.0729883 ], [ -17.810888188437247, 25.07251055 ] ] ], [ [ [ -17.809484688437252, 25.27311865 ], [ -17.816306188437245, 25.27552105 ], [ -17.808736038437253, 25.2775934 ], [ -17.809484688437252, 25.27311865 ] ] ], [ [ [ -17.819138038437252, 25.2038358 ], [ -17.816473138437253, 25.2161607 ], [ -17.804147188437248, 25.2094981 ], [ -17.819138038437252, 25.2038358 ] ] ], [ [ [ -17.85980278843725, 25.0877009 ], [ -17.861715888437253, 25.09063705 ], [ -17.855352188437244, 25.08891855 ], [ -17.85980278843725, 25.0877009 ] ] ], [ [ [ -17.875896838437249, 26.44078655 ], [ -17.868992038437248, 26.4444227 ], [ -17.858718488437255, 26.43342395 ], [ -17.875896838437249, 26.44078655 ] ] ], [ [ [ -17.884634238437243, 25.0623504 ], [ -17.822950238437251, 25.10914505 ], [ -17.860384838437255, 25.13752795 ], [ -17.814673088437253, 25.1267721 ], [ -17.832100988437247, 25.15231545 ], [ -17.813674888437248, 25.1354822 ], [ -17.799034038437256, 25.13153245 ], [ -17.784018338437249, 25.13840785 ], [ -17.815837888437244, 25.16620905 ], [ -17.778112088437247, 25.1525293 ], [ -17.775200438437246, 25.1839775 ], [ -17.747291088437251, 25.195874 ], [ -17.764011638437253, 25.1477287 ], [ -17.734064238437256, 25.1408813 ], [ -17.884634238437243, 25.0623504 ] ] ], [ [ [ -17.891031188437253, 26.3688199 ], [ -17.89976578843725, 26.40142205 ], [ -17.880715988437252, 26.3775195 ], [ -17.891031188437253, 26.3688199 ] ] ], [ [ [ -17.90688268843725, 25.2212889 ], [ -17.90579523843725, 25.2223858 ], [ -17.905299638437249, 25.2216935 ], [ -17.90688268843725, 25.2212889 ] ] ], [ [ [ -17.91594348843725, 25.2450735 ], [ -17.885876038437253, 25.25838505 ], [ -17.842072488437253, 25.25276615 ], [ -17.846475838437257, 25.22825075 ], [ -17.91594348843725, 25.2450735 ] ] ], [ [ [ -17.926644738437254, 25.2832949 ], [ -17.929722638437248, 25.28851935 ], [ -17.920779788437244, 25.2864484 ], [ -17.926644738437254, 25.2832949 ] ] ], [ [ [ -17.929297738437249, 26.39265315 ], [ -17.942774138437251, 26.40172445 ], [ -17.93595263843725, 26.4084154 ], [ -17.929297738437249, 26.39265315 ] ] ], [ [ [ -17.977080438437255, 25.19363505 ], [ -17.976842788437246, 25.19487335 ], [ -17.97539238843725, 25.19382125 ], [ -17.977080438437255, 25.19363505 ] ] ], [ [ [ -17.979573523198901, 25.208100748510304 ], [ -17.921363938437253, 25.2228506 ], [ -17.902397088437255, 25.20221985 ], [ -17.912878538437248, 25.1810368 ], [ -17.979573523198901, 25.208100748510304 ] ] ], [ [ [ -18.011789238437252, 25.21485765 ], [ -18.010873988437254, 25.21632415 ], [ -18.010458188437248, 25.2154726 ], [ -18.011789238437252, 25.21485765 ] ] ], [ [ [ -18.078526188437245, 25.4528993 ], [ -18.076659988437257, 25.4540242 ], [ -18.075408038437253, 25.4533578 ], [ -18.078526188437245, 25.4528993 ] ] ], [ [ [ -18.097680638437254, 25.20854015 ], [ -18.050055438437248, 25.2386342 ], [ -18.021688638437254, 25.23166605 ], [ -18.027927738437249, 25.2017939 ], [ -17.981342388437248, 25.23055585 ], [ -17.993487738437253, 25.17762185 ], [ -17.954639138437251, 25.16195865 ], [ -17.982423888437253, 25.1420699 ], [ -18.059455738437251, 25.164262 ], [ -18.080918438437244, 25.13959645 ], [ -18.097680638437254, 25.20854015 ] ] ], [ [ [ -18.122049738437255, 25.41010375 ], [ -18.094431238437252, 25.41579265 ], [ -18.08103813843725, 25.42977235 ], [ -18.075031788437244, 25.41188875 ], [ -18.122049738437255, 25.41010375 ] ] ], [ [ [ -18.150169088437252, 25.4472069 ], [ -18.140909138437245, 25.4538534 ], [ -18.118264838437248, 25.4526557 ], [ -18.150169088437252, 25.4472069 ] ] ], [ [ [ -18.168866088437248, 29.018371 ], [ -18.168322888437245, 29.02081925 ], [ -18.167718088437255, 29.0193265 ], [ -18.168866088437248, 29.018371 ] ] ], [ [ [ -18.173945988437247, 26.3530398 ], [ -18.165598488437254, 26.39127415 ], [ -18.03388403843725, 26.43216185 ], [ -18.104033138437252, 26.3489959 ], [ -18.173945988437247, 26.3530398 ] ] ], [ [ [ -18.232817738437248, 25.2183412 ], [ -18.232983988437248, 25.2199022 ], [ -18.23165293843725, 25.21971285 ], [ -18.232817738437248, 25.2183412 ] ] ], [ [ [ -18.247767638437253, 28.28619585 ], [ -18.255004938437253, 28.2942007 ], [ -18.248058838437252, 28.294781 ], [ -18.247767638437253, 28.28619585 ] ] ], [ [ [ -18.299903988437251, 25.16651215 ], [ -18.260136288437252, 25.17289545 ], [ -18.25929768843725, 25.15693055 ], [ -18.265129738437246, 25.15157555 ], [ -18.299903988437251, 25.16651215 ] ] ], [ [ [ -18.348581638437253, 25.11647755 ], [ -18.357183588437252, 25.13724865 ], [ -18.335679588437245, 25.1194207 ], [ -18.348581638437253, 25.11647755 ] ] ], [ [ [ -18.372365538437244, 25.273994 ], [ -18.373405388437249, 25.27924575 ], [ -18.369661788437249, 25.27616085 ], [ -18.372365538437244, 25.273994 ] ] ], [ [ [ -18.378767738437247, 26.3412126 ], [ -18.378226988437248, 26.3422108 ], [ -18.376188938437252, 26.3411258 ], [ -18.378767738437247, 26.3412126 ] ] ], [ [ [ -18.379661988437249, 29.28079155 ], [ -18.38261493843725, 29.2839006 ], [ -18.379828238437248, 29.28380295 ], [ -18.379661988437249, 29.28079155 ] ] ], [ [ [ -18.341585838437247, 25.1677585 ], [ -18.375859238437251, 25.18132835 ], [ -18.329424738437254, 25.18388895 ], [ -18.341585838437247, 25.1677585 ] ] ], [ [ [ -18.388719288437251, 29.2892388 ], [ -18.385194088437245, 29.29245705 ], [ -18.382115838437251, 29.29006655 ], [ -18.388719288437251, 29.2892388 ] ] ], [ [ [ -18.402430538437251, 28.10781065 ], [ -18.405059038437251, 28.1104136 ], [ -18.40153208843725, 28.10965935 ], [ -18.402430538437251, 28.10781065 ] ] ], [ [ [ -18.420712088437249, 28.5065114 ], [ -18.419405538437246, 28.5085232 ], [ -18.414262988437251, 28.50804545 ], [ -18.420712088437249, 28.5065114 ] ] ], [ [ [ -18.460325088437251, 25.14623105 ], [ -18.431678288437247, 25.15982855 ], [ -18.366341338437245, 25.1333927 ], [ -18.403103238437254, 25.11465615 ], [ -18.417952338437253, 25.15270185 ], [ -18.460325088437251, 25.14623105 ] ] ], [ [ [ -18.445195288437247, 29.0381152 ], [ -18.450214638437252, 29.05688955 ], [ -18.434669388437243, 29.04036605 ], [ -18.445195288437247, 29.0381152 ] ] ], [ [ [ -18.454306838437248, 25.09007775 ], [ -18.460213088437257, 25.1046773 ], [ -18.447152838437255, 25.09360995 ], [ -18.454306838437248, 25.09007775 ] ] ], [ [ [ -18.453558188437242, 25.12600035 ], [ -18.460941788437246, 25.1370306 ], [ -18.446237588437242, 25.1314985 ], [ -18.453558188437242, 25.12600035 ] ] ], [ [ [ -18.474266638437243, 25.1090474 ], [ -18.477841188437253, 25.121912 ], [ -18.469604288437246, 25.11071375 ], [ -18.474266638437243, 25.1090474 ] ] ], [ [ [ -18.498216088437253, 28.0678214 ], [ -18.49669148843725, 28.06888015 ], [ -18.493498088437242, 28.0679166 ], [ -18.498216088437253, 28.0678214 ] ] ], [ [ [ -18.555929338437252, 25.03941875 ], [ -18.556065138437248, 25.0409073 ], [ -18.554262988437252, 25.04002215 ], [ -18.555929338437252, 25.03941875 ] ] ], [ [ [ -18.621832938437251, 24.9650231 ], [ -18.626734688437253, 24.97224115 ], [ -18.620751438437246, 24.97188415 ], [ -18.621832938437251, 24.9650231 ] ] ], [ [ [ -18.643268338437252, 25.0765625 ], [ -18.643684138437251, 25.08055145 ], [ -18.640606238437243, 25.0789033 ], [ -18.643268338437252, 25.0765625 ] ] ], [ [ [ -18.64709383843725, 25.0713363 ], [ -18.599802538437245, 25.09129505 ], [ -18.576102288437248, 25.05708535 ], [ -18.605209688437256, 25.03603355 ], [ -18.64709383843725, 25.0713363 ] ] ], [ [ [ -18.663348888437255, 24.8903625 ], [ -18.636115388437254, 24.88885295 ], [ -18.621943188437257, 24.88016805 ], [ -18.646127838437252, 24.87625225 ], [ -18.663348888437255, 24.8903625 ] ] ], [ [ [ -18.667760638437244, 24.8735072 ], [ -18.666401938437247, 24.8775483 ], [ -18.653357088437254, 24.8732524 ], [ -18.667760638437244, 24.8735072 ] ] ], [ [ [ -18.746312538437245, 28.09952965 ], [ -18.646501988437251, 28.1187527 ], [ -18.614144838437248, 28.08949375 ], [ -18.69311848843725, 28.08283465 ], [ -18.746312538437245, 28.09952965 ] ] ], [ [ [ -18.74898163843725, 25.02633225 ], [ -18.747567638437253, 25.02690765 ], [ -18.747317738437246, 25.0263081 ], [ -18.74898163843725, 25.02633225 ] ] ], [ [ [ -18.75862518843725, 29.30424015 ], [ -18.751338888437253, 29.3109346 ], [ -18.754047538437248, 29.3039857 ], [ -18.75862518843725, 29.30424015 ] ] ], [ [ [ -18.791337938437252, 25.19727435 ], [ -18.78859288843725, 25.19815075 ], [ -18.78850958843725, 25.1957585 ], [ -18.791337938437252, 25.19727435 ] ] ], [ [ [ -18.795720988437246, 24.89459785 ], [ -18.784889188437248, 24.9192368 ], [ -18.67566363843725, 24.8887665 ], [ -18.762479388437242, 24.87645595 ], [ -18.795720988437246, 24.89459785 ] ] ], [ [ [ -18.801528538437246, 25.21648165 ], [ -18.75269723843725, 25.23709105 ], [ -18.731900238437248, 25.24110555 ], [ -18.801528538437246, 25.21648165 ] ] ], [ [ [ -18.804735938437247, 25.05893195 ], [ -18.805235038437246, 25.0634284 ], [ -18.800909388437248, 25.0599844 ], [ -18.804735938437247, 25.05893195 ] ] ], [ [ [ -18.816918388437244, 25.177436 ], [ -18.814713738437248, 25.17947545 ], [ -18.81063763843725, 25.17833725 ], [ -18.816918388437244, 25.177436 ] ] ], [ [ [ -18.833971788437253, 25.18527285 ], [ -18.815088238437248, 25.2071594 ], [ -18.809098688437253, 25.20810615 ], [ -18.833971788437253, 25.18527285 ] ] ], [ [ [ -18.893149438437248, 25.2345777 ], [ -18.891563588437251, 25.2483544 ], [ -18.885747988437252, 25.2369794 ], [ -18.893149438437248, 25.2345777 ] ] ], [ [ [ -19.204296638437249, 26.7445253 ], [ -19.182616588437256, 26.7371494 ], [ -19.166603038437245, 26.73864005 ], [ -19.175356188437249, 26.73265855 ], [ -19.204296638437249, 26.7445253 ] ] ], [ [ [ -19.39832263843725, 27.9079827 ], [ -19.400693538437253, 27.9160712 ], [ -19.388090738437249, 27.91297965 ], [ -19.39832263843725, 27.9079827 ] ] ], [ [ [ -19.410509638437247, 27.9222697 ], [ -19.406267288437242, 27.9340346 ], [ -19.398572188437242, 27.9285963 ], [ -19.410509638437247, 27.9222697 ] ] ], [ [ [ -19.488551938437254, 24.80863155 ], [ -19.48684638843725, 24.812526 ], [ -19.478860438437252, 24.8114795 ], [ -19.488551938437254, 24.80863155 ] ] ], [ [ [ -19.500996888437243, 27.8249081 ], [ -19.500703938437248, 27.82926805 ], [ -19.492930088437248, 27.82648345 ], [ -19.500996888437243, 27.8249081 ] ] ], [ [ [ -19.503733538437253, 24.81576245 ], [ -19.474160288437247, 24.8265372 ], [ -19.46197328843725, 24.8242027 ], [ -19.462222838437249, 24.81953335 ], [ -19.503733538437253, 24.81576245 ] ] ], [ [ [ -19.502963538437257, 27.7810531 ], [ -19.499103738437249, 27.78692295 ], [ -19.491803088437251, 27.7827583 ], [ -19.502963538437257, 27.7810531 ] ] ], [ [ [ -19.510552238437256, 27.7928831 ], [ -19.510035988437252, 27.7946114 ], [ -19.509031488437252, 27.7931533 ], [ -19.510552238437256, 27.7928831 ] ] ], [ [ [ -19.515588038437251, 24.79479815 ], [ -19.513009238437249, 24.797868 ], [ -19.510679988437246, 24.79440825 ], [ -19.515588038437251, 24.79479815 ] ] ], [ [ [ -19.52480983843725, 27.7762049 ], [ -19.491285438437252, 27.7766823 ], [ -19.480387488437252, 27.7573315 ], [ -19.51366268843725, 27.75752295 ], [ -19.52480983843725, 27.7762049 ] ] ], [ [ [ -19.525196238437246, 24.9481706 ], [ -19.441217938437248, 24.9784183 ], [ -19.367887688437257, 25.0665525 ], [ -19.11532943843725, 25.1142624 ], [ -19.03234933843725, 25.11378605 ], [ -19.002983988437251, 25.10911495 ], [ -19.034221138437246, 25.10513405 ], [ -18.97436728843725, 25.02103115 ], [ -18.896170638437248, 25.0134498 ], [ -18.860358288437254, 24.9812806 ], [ -18.975989538437254, 25.00826525 ], [ -19.050234688437243, 24.96050845 ], [ -19.267022588437243, 24.95455775 ], [ -19.325462088437256, 24.90456515 ], [ -19.421294538437245, 24.88247035 ], [ -19.489882988437252, 24.8931226 ], [ -19.525196238437246, 24.9481706 ] ] ], [ [ [ -19.534275238437253, 27.7389271 ], [ -19.503458088437249, 27.74426005 ], [ -19.499560138437253, 27.7368453 ], [ -19.534275238437253, 27.7389271 ] ] ], [ [ [ -19.544359088437247, 27.1318773 ], [ -19.54643878843725, 27.1527884 ], [ -19.505676738437245, 27.1400274 ], [ -19.544359088437247, 27.1318773 ] ] ], [ [ [ -19.549516688437251, 27.75246895 ], [ -19.547042538437246, 27.7703718 ], [ -19.527206288437256, 27.754787 ], [ -19.549516688437251, 27.75246895 ] ] ], [ [ [ -19.56883563843725, 27.74865395 ], [ -19.561188138437245, 27.75516045 ], [ -19.552619438437254, 27.7511162 ], [ -19.56883563843725, 27.74865395 ] ] ], [ [ [ -19.621486138437248, 24.78134135 ], [ -19.545784988437248, 24.79426195 ], [ -19.51600383843725, 24.7852918 ], [ -19.558263188437252, 24.7690441 ], [ -19.621486138437248, 24.78134135 ] ] ], [ [ [ -19.713159188437245, 24.7719729 ], [ -19.639038638437249, 24.7789022 ], [ -19.626310888437253, 24.76836055 ], [ -19.645361038437251, 24.7595213 ], [ -19.713159188437245, 24.7719729 ] ] ], [ [ [ -19.739197088437251, 24.754342 ], [ -19.72513828843725, 24.7694347 ], [ -19.712909638437246, 24.76157265 ], [ -19.739197088437251, 24.754342 ] ] ], [ [ [ -19.784783888437246, 24.83183655 ], [ -19.715322188437248, 24.850053 ], [ -19.734788138437253, 24.82211145 ], [ -19.678969088437249, 24.81452135 ], [ -19.757331988437251, 24.7860233 ], [ -19.749346038437253, 24.8280443 ], [ -19.784783888437246, 24.83183655 ] ] ], [ [ [ -19.845457438437244, 26.79800985 ], [ -19.844318188437249, 26.79928945 ], [ -19.843686088437252, 26.798279 ], [ -19.845457438437244, 26.79800985 ] ] ], [ [ [ -19.911645588437246, 24.6959858 ], [ -19.909482588437243, 24.69986135 ], [ -19.908193188437245, 24.6976049 ], [ -19.911645588437246, 24.6959858 ] ] ], [ [ [ -19.933690338437245, 24.78904625 ], [ -19.872297538437252, 24.82546725 ], [ -19.774634938437245, 24.78807115 ], [ -19.853330688437254, 24.7581045 ], [ -19.933690338437245, 24.78904625 ] ] ], [ [ [ -19.940234988437254, 27.4544079 ], [ -19.939460088437251, 27.4662806 ], [ -19.934052938437254, 27.45439145 ], [ -19.940234988437254, 27.4544079 ] ] ], [ [ [ -19.955708488437253, 24.73103235 ], [ -19.951825238437245, 24.7458853 ], [ -19.920864238437247, 24.735946 ], [ -19.955708488437253, 24.73103235 ] ] ], [ [ [ -19.968925188437247, 28.4117272 ], [ -19.965972238437253, 28.41968375 ], [ -19.961905588437254, 28.4183513 ], [ -19.968925188437247, 28.4117272 ] ] ], [ [ [ -20.003318638437257, 24.6720227 ], [ -19.975492238437248, 24.6682133 ], [ -19.969710588437252, 24.68670975 ], [ -19.924331688437249, 24.69071025 ], [ -19.967298388437243, 24.6437371 ], [ -20.003318638437257, 24.6720227 ] ] ], [ [ [ -20.094409288437248, 24.70992595 ], [ -20.09353603843725, 24.71463065 ], [ -20.092287938437245, 24.71465515 ], [ -20.094409288437248, 24.70992595 ] ] ], [ [ [ -20.18352208843725, 24.62951345 ], [ -20.18245318843725, 24.63042695 ], [ -20.181802888437254, 24.6294508 ], [ -20.18352208843725, 24.62951345 ] ] ], [ [ [ -20.19099038843725, 24.63818435 ], [ -20.189409788437253, 24.64047475 ], [ -20.185749838437253, 24.638086 ], [ -20.19099038843725, 24.63818435 ] ] ], [ [ [ -20.405460588437244, 26.920177 ], [ -20.192624188437243, 26.91724225 ], [ -20.144500238437246, 26.9612243 ], [ -19.947095338437251, 26.9768413 ], [ -19.955414138437249, 26.98454935 ], [ -19.953167838437253, 26.9957833 ], [ -19.946180088437245, 27.00068855 ], [ -19.927088638437247, 26.95848555 ], [ -19.781385038437257, 26.9483072 ], [ -19.793072938437248, 26.8675398 ], [ -19.736255338437246, 26.8378171 ], [ -19.961320388437251, 26.75867125 ], [ -20.361329438437252, 26.86941825 ], [ -20.405460588437244, 26.920177 ] ] ], [ [ [ -20.542958438437246, 24.50498415 ], [ -20.269145388437252, 24.57358905 ], [ -20.302004788437252, 24.6117583 ], [ -20.243399038437246, 24.61392935 ], [ -20.257041688437248, 24.64399575 ], [ -20.171735138437256, 24.6150609 ], [ -20.186040688437245, 24.64389705 ], [ -20.13646073843725, 24.64648215 ], [ -20.297887038437253, 24.68630445 ], [ -20.248015888437251, 24.7321142 ], [ -20.113667338437253, 24.74825655 ], [ -20.107428238437251, 24.68554355 ], [ -20.026278288437254, 24.74940525 ], [ -20.025363388437256, 24.72672945 ], [ -19.966341488437251, 24.72229775 ], [ -20.106762888437245, 24.65465185 ], [ -20.086839138437256, 24.6350809 ], [ -20.01404998843725, 24.6714452 ], [ -19.990923738437253, 24.6363864 ], [ -20.085341838437245, 24.6236954 ], [ -20.096488988437251, 24.5816513 ], [ -20.127019138437248, 24.6035893 ], [ -20.126977488437248, 24.5654113 ], [ -20.174519388437247, 24.5912532 ], [ -20.156883588437246, 24.55042955 ], [ -20.262532138437244, 24.5531795 ], [ -20.474786138437253, 24.475357 ], [ -20.542958438437246, 24.50498415 ] ] ], [ [ [ -20.608031488437248, 24.72102935 ], [ -20.606700438437244, 24.7238213 ], [ -20.603872088437242, 24.7204907 ], [ -20.608031488437248, 24.72102935 ] ] ], [ [ [ -20.611691438437248, 28.58223355 ], [ -20.620842188437251, 28.5893081 ], [ -20.611192338437249, 28.58783005 ], [ -20.611691438437248, 28.58223355 ] ] ], [ [ [ -20.63674163843725, 28.8228575 ], [ -19.857869488437252, 29.05305425 ], [ -19.335033538437251, 29.1496007 ], [ -19.154676788437243, 29.15360015 ], [ -19.066260838437252, 29.14423695 ], [ -19.169323238437251, 29.14700475 ], [ -19.101102988437248, 29.11734785 ], [ -19.15028988843725, 29.08138675 ], [ -19.137920188437242, 29.03732945 ], [ -19.22516258843725, 29.0129922 ], [ -19.066547838437252, 28.96585 ], [ -18.541420088437249, 28.97250805 ], [ -18.423980038437243, 28.93406965 ], [ -18.31945428843725, 29.03651465 ], [ -18.169529338437243, 29.00930355 ], [ -18.12878408843725, 29.02335465 ], [ -18.325124988437246, 29.0850656 ], [ -18.474622588437249, 29.0590494 ], [ -18.454647388437252, 29.12734385 ], [ -18.565289038437243, 29.19055175 ], [ -18.66895378843725, 29.2027454 ], [ -18.712365338437245, 29.2458689 ], [ -18.658850338437254, 29.2787493 ], [ -18.501623688437249, 29.2193487 ], [ -18.519334388437251, 29.1729443 ], [ -18.348438488437253, 29.100096 ], [ -18.20685438843725, 29.13281645 ], [ -18.067305538437246, 29.07310505 ], [ -17.874279138437245, 29.08161145 ], [ -17.866370188437251, 29.123973 ], [ -17.929065338437248, 29.1627782 ], [ -18.12350853843725, 29.17572225 ], [ -18.247398038437254, 29.1295247 ], [ -18.33472093843725, 29.1392071 ], [ -18.453249138437251, 29.19741735 ], [ -18.391382088437254, 29.2749392 ], [ -18.311226138437249, 29.27817635 ], [ -18.386774338437249, 29.3047564 ], [ -18.646461738437253, 29.29103955 ], [ -18.649640788437246, 29.30590755 ], [ -19.090394038437246, 29.3343804 ], [ -19.147210588437247, 29.43818935 ], [ -19.248715838437249, 29.51362765 ], [ -19.977645438437257, 29.74168905 ], [ -20.187275838437252, 29.7653942 ], [ -20.009345638437246, 29.8015954 ], [ -19.963517338437249, 29.8892998 ], [ -19.970487238437251, 29.95462275 ], [ -19.302615838437248, 29.97003395 ], [ -19.083767488437246, 30.02254165 ], [ -18.917247988437254, 30.1143876 ], [ -18.848063838437248, 30.2805445 ], [ -18.51087488843725, 30.4443438 ], [ -18.075303038437248, 30.4778353 ], [ -17.671800288437254, 30.62436805 ], [ -17.517856988437252, 30.6506226 ], [ -17.387422488437252, 30.6639478 ], [ -17.368621888437247, 30.6639751 ], [ -17.362840238437251, 30.6625464 ], [ -17.552217538437247, 30.64446575 ], [ -17.484918488437252, 30.63218985 ], [ -17.565652288437249, 30.61953665 ], [ -17.039027238437249, 30.6474579 ], [ -16.593705788437248, 30.8194955 ], [ -16.422443088437255, 30.77972955 ], [ -16.424439488437258, 30.755379 ], [ -16.243297688437252, 30.75296225 ], [ -16.226166588437252, 30.72236245 ], [ -16.299366288437248, 30.69021285 ], [ -16.421224388437253, 30.6809088 ], [ -16.351566688437252, 30.6363195 ], [ -16.257481438437253, 30.63452995 ], [ -16.171714638437258, 30.69498195 ], [ -16.105871238437253, 30.6891149 ], [ -16.137274988437255, 30.7192233 ], [ -16.070766238437251, 30.72069435 ], [ -16.069940938437256, 30.74962325 ], [ -15.896702138437256, 30.6956515 ], [ -15.891877388437251, 30.63367525 ], [ -15.758330338437247, 30.6150129 ], [ -15.674944238437249, 30.65285385 ], [ -15.420222638437252, 30.66828885 ], [ -15.074493688437258, 30.6353626 ], [ -15.157224238437252, 30.5686134 ], [ -15.116753388437246, 30.55491895 ], [ -15.014348988437256, 30.5491268 ], [ -15.018757938437254, 30.54370355 ], [ -15.191331388437256, 30.54248555 ], [ -14.890420638437256, 30.5392176 ], [ -14.977975938437254, 30.50654195 ], [ -14.955847888437255, 30.49731175 ], [ -14.714639438437253, 30.4767391 ], [ -14.627412088437254, 30.5069455 ], [ -14.476306238437246, 30.51519535 ], [ -14.413729038437253, 30.489562049999989 ], [ -14.106366738437245, 30.5268577 ], [ -13.799798238437255, 30.4850712 ], [ -13.765017688437247, 30.45426525 ], [ -13.521215388437255, 30.44798065 ], [ -13.541298738437249, 30.4288178 ], [ -13.482623688437251, 30.41589475 ], [ -12.843740688437251, 30.40290625 ], [ -12.530725188437252, 30.3314009 ], [ -11.939051238437244, 30.3999134 ], [ -11.364056538437247, 30.26405355 ], [ -11.276879588437247, 30.21822 ], [ -11.144890738437255, 30.22229925 ], [ -11.145371288437254, 26.9533283 ], [ -10.97682703843725, 26.9230358 ], [ -10.95505038843725, 26.9539289 ], [ -10.788061188437254, 26.90978725 ], [ -10.687221638437251, 26.96342755 ], [ -10.470864938437245, 26.9694759 ], [ -10.514274388437251, 26.87700275 ], [ -10.342260588437256, 26.8133129 ], [ -10.31384898843725, 26.76510215 ], [ -9.957252888437253, 26.5814302 ], [ -9.928926688437251, 26.46349105 ], [ -9.683999838437245, 26.5515353 ], [ -9.598210638437251, 26.5538173 ], [ -9.558914738437252, 26.5955268 ], [ -9.561682888437254, 26.65913755 ], [ -9.47815468843725, 26.67961325 ], [ -9.518555888437255, 26.7060386 ], [ -9.21238463843725, 26.7754135 ], [ -9.12646208843725, 26.7397492 ], [ -9.054794338437254, 26.6933798 ], [ -9.080035288437251, 26.645735 ], [ -9.03064503843725, 26.59442325 ], [ -8.939928888437251, 26.583253 ], [ -8.785004188437249, 26.44746175 ], [ -8.63885573843725, 26.40140455 ], [ -8.476734338437254, 26.29679095 ], [ -8.506204688437251, 26.2818022 ], [ -8.081450638437246, 25.8700377 ], [ -8.123822338437243, 25.8281287 ], [ -8.01049513843725, 25.8118698 ], [ -8.03792708843725, 25.75187595 ], [ -7.950184888437249, 25.7281974 ], [ -7.937042738437256, 25.6558202 ], [ -7.848051738437249, 25.66038035 ], [ -7.45843278843725, 25.5311677 ], [ -7.443780388437254, 25.4956455 ], [ -7.331007588437252, 25.48907845 ], [ -7.296024738437254, 25.41364995 ], [ -7.348020388437256, 25.3642996 ], [ -7.339444688437254, 25.2994614 ], [ -7.285636738437248, 25.1947708 ], [ -7.52130608843725, 25.000245 ], [ -7.56780813843725, 25.03512705 ], [ -7.621797388437251, 25.02635465 ], [ -7.649083038437254, 25.1124277 ], [ -7.592556638437252, 25.1378783 ], [ -7.572633238437255, 25.1216943 ], [ -7.54667863843725, 25.12895575 ], [ -7.541853538437245, 25.13949565 ], [ -7.671460288437245, 25.14137445 ], [ -7.67709003843725, 25.163548 ], [ -7.593970988437249, 25.19892285 ], [ -7.617845888437252, 25.24927455 ], [ -7.577957088437252, 25.2881067 ], [ -7.625665588437244, 25.37994215 ], [ -7.71975083843725, 25.4391562 ], [ -7.686006288437248, 25.46641665 ], [ -7.769206188437252, 25.43070615 ], [ -7.733459988437247, 25.43594215 ], [ -7.630656588437247, 25.33872055 ], [ -7.634395988437248, 25.23310105 ], [ -7.656528238437254, 25.23735355 ], [ -7.666926738437255, 25.1871478 ], [ -7.71613218843725, 25.16254665 ], [ -7.759015588437244, 25.18117365 ], [ -7.710932938437253, 25.2224194 ], [ -7.72678023843725, 25.23895935 ], [ -7.767542288437255, 25.1869581 ], [ -7.813878088437249, 25.2011016 ], [ -7.780602888437244, 25.2201024 ], [ -7.833574688437253, 25.19870515 ], [ -7.86872308843725, 25.2153368 ], [ -7.889238338437252, 25.2203047 ], [ -7.859423588437252, 25.1965782 ], [ -7.910251288437252, 25.18425575 ], [ -7.893280838437256, 25.1639001 ], [ -7.897731438437248, 25.14517895 ], [ -7.91811263843725, 25.14515515 ], [ -7.952968438437253, 25.22889615 ], [ -7.893999388437251, 25.2239118 ], [ -7.93635848843725, 25.2553782 ], [ -7.895786138437252, 25.276668 ], [ -7.865288188437248, 25.3059546 ], [ -7.901371088437251, 25.35189035 ], [ -7.816207338437252, 25.37129155 ], [ -7.893655338437256, 25.38877405 ], [ -7.815209138437254, 25.39230065 ], [ -7.860546388437257, 25.42497665 ], [ -7.965779138437249, 25.3984638 ], [ -7.911416088437257, 25.380877 ], [ -7.950056788437251, 25.35444185 ], [ -7.930632488437254, 25.33112275 ], [ -7.954673638437256, 25.3063305 ], [ -7.976760038437249, 25.31232145 ], [ -7.987990488437255, 25.32521055 ], [ -8.007081938437253, 25.3334681 ], [ -7.970895438437253, 25.3003371 ], [ -7.983831088437249, 25.2700005 ], [ -8.059656838437249, 25.30181795 ], [ -8.09521963843725, 25.36270535 ], [ -8.00475268843725, 25.37528995 ], [ -8.028461338437246, 25.39379515 ], [ -7.980170788437249, 25.43659595 ], [ -7.985286738437246, 25.5066824 ], [ -7.949558738437247, 25.517258 ], [ -7.873773238437252, 25.51049075 ], [ -7.87156893843725, 25.51604525 ], [ -7.970146438437254, 25.5285343 ], [ -8.020516688437255, 25.48669635 ], [ -8.036738488437251, 25.50386875 ], [ -8.060613388437254, 25.5051886 ], [ -8.029376238437258, 25.48226675 ], [ -8.073965188437249, 25.47414535 ], [ -8.040626288437252, 25.42768775 ], [ -8.10233233843725, 25.41830075 ], [ -8.104037538437254, 25.39065425 ], [ -8.156986588437256, 25.43737575 ], [ -8.157735238437255, 25.44475165 ], [ -8.136064988437255, 25.44751945 ], [ -8.127621238437257, 25.45809715 ], [ -8.201991338437246, 25.47340265 ], [ -8.219419238437254, 25.4574696 ], [ -8.245581738437252, 25.52201345 ], [ -8.179954288437251, 25.5645934 ], [ -8.141472138437251, 25.567868 ], [ -8.133827088437251, 25.5294275 ], [ -8.10615888843725, 25.5133261 ], [ -8.07720933843725, 25.5152238 ], [ -8.122575288437254, 25.5451572 ], [ -8.130782438437251, 25.61752705 ], [ -8.054332638437252, 25.5750227 ], [ -8.121382138437248, 25.6321238 ], [ -8.106491388437256, 25.66927735 ], [ -8.192674338437257, 25.66612035 ], [ -8.180362388437253, 25.7100667 ], [ -8.328353588437253, 25.790769 ], [ -8.270454838437253, 25.7875504 ], [ -8.283349188437249, 25.83371225 ], [ -8.344415438437245, 25.80030965 ], [ -8.414286638437254, 25.8443694 ], [ -8.545723538437244, 25.86076725 ], [ -8.528309288437256, 25.86444925 ], [ -8.518770738437254, 25.87378935 ], [ -8.527588638437251, 25.90307525 ], [ -8.439575888437254, 25.8971424 ], [ -8.411292038437253, 25.9099482 ], [ -8.50787453843725, 25.92319115 ], [ -8.492400338437257, 25.94045105 ], [ -8.529252538437248, 25.9683786 ], [ -8.506459138437251, 25.99802885 ], [ -8.561225738437251, 25.99848315 ], [ -8.572926238437255, 26.0467751 ], [ -8.365455338437251, 25.9799076 ], [ -8.434501588437257, 26.02378325 ], [ -8.549383838437244, 26.0626273 ], [ -8.548801788437252, 26.1205383 ], [ -8.565688938437255, 26.07291835 ], [ -8.596384988437258, 26.0761107 ], [ -8.643219888437258, 26.1276041 ], [ -8.586735488437256, 26.12747145 ], [ -8.613937838437252, 26.16599805 ], [ -8.655365238437248, 26.13682765 ], [ -8.713097738437249, 26.16771445 ], [ -8.699371788437247, 26.2874946 ], [ -8.746289638437247, 26.21633505 ], [ -8.929303238437249, 26.2438769 ], [ -8.907590988437249, 26.2654649 ], [ -8.965878588437249, 26.2830888 ], [ -8.970231538437254, 26.3192704 ], [ -9.041353638437251, 26.38281955 ], [ -9.016858538437248, 26.38428395 ], [ -9.030916988437248, 26.43662365 ], [ -9.05292638843725, 26.40242025 ], [ -9.098410638437258, 26.4450212 ], [ -9.116850388437257, 26.52298685 ], [ -9.175280088437248, 26.58998385 ], [ -9.169009138437254, 26.6642472 ], [ -9.18506433843725, 26.59667305 ], [ -9.235226688437251, 26.6046156 ], [ -9.174538438437246, 26.56962015 ], [ -9.149970188437251, 26.52600525 ], [ -9.202146438437246, 26.57274285 ], [ -9.241798638437245, 26.58710965 ], [ -9.266588438437253, 26.5883427 ], [ -9.177577488437258, 26.5303372 ], [ -9.18506433843725, 26.4867664 ], [ -9.094223238437252, 26.3634236 ], [ -9.119595438437244, 26.36277365 ], [ -9.063610138437248, 26.26797545 ], [ -9.082373288437246, 26.23886105 ], [ -9.063693088437248, 26.21280565 ], [ -9.154700788437246, 26.23212775 ], [ -9.218838638437255, 26.32224785 ], [ -9.211018938437249, 26.277619 ], [ -9.26126458843725, 26.29505425 ], [ -9.367209938437249, 26.2798212 ], [ -9.350109288437253, 26.30815825 ], [ -9.393465188437247, 26.3103111 ], [ -9.370490138437255, 26.32702745 ], [ -9.393200588437253, 26.3534136 ], [ -9.340209888437258, 26.35579745 ], [ -9.424895188437247, 26.42981895 ], [ -9.399273088437248, 26.44544715 ], [ -9.433796038437251, 26.48775235 ], [ -9.447688588437245, 26.4100072 ], [ -9.476887338437251, 26.40888545 ], [ -9.565815338437254, 26.43948665 ], [ -9.590189338437256, 26.4820701 ], [ -9.601301838437251, 26.4637616 ], [ -9.64359618843725, 26.4967743 ], [ -9.629322488437253, 26.45872755 ], [ -9.759595638437247, 26.5189713 ], [ -9.715710888437251, 26.47347935 ], [ -9.761037988437252, 26.4664433 ], [ -9.791564988437251, 26.43936205 ], [ -9.744580988437249, 26.46209875 ], [ -9.59079203843725, 26.4370433 ], [ -9.565588888437247, 26.4241073 ], [ -9.599577388437254, 26.41304275 ], [ -9.517437988437251, 26.38682915 ], [ -9.58170358843725, 26.35610545 ], [ -9.50434133843725, 26.3809306 ], [ -9.407989138437244, 26.2798128 ], [ -9.493287288437259, 26.25631275 ], [ -9.528587938437248, 26.27685985 ], [ -9.524095688437249, 26.25207915 ], [ -9.563742288437247, 26.24524435 ], [ -9.603281088437257, 26.26989065 ], [ -9.59314263843725, 26.23176655 ], [ -9.63261528843725, 26.2194581 ], [ -9.631610088437256, 26.2500803 ], [ -9.698428938437253, 26.2546485 ], [ -9.690150388437253, 26.27496635 ], [ -9.77732068843725, 26.27959265 ], [ -9.978136338437253, 26.36118185 ], [ -10.167168538437245, 26.50507315 ], [ -10.74462968843725, 26.6832319 ], [ -10.700872688437258, 26.68736435 ], [ -10.70835953843725, 26.691011 ], [ -10.695008088437248, 26.69337105 ], [ -10.69417613843725, 26.7124667 ], [ -10.681448388437254, 26.69619415 ], [ -10.667930338437252, 26.69522535 ], [ -10.613359038437252, 26.7395098 ], [ -10.667181688437253, 26.8019085 ], [ -10.615979488437247, 26.8433366 ], [ -10.632242588437251, 26.861223 ], [ -10.717759838437253, 26.7853731 ], [ -10.904849538437247, 26.73855465 ], [ -11.100923388437252, 26.75466375 ], [ -11.292775188437254, 26.8031643 ], [ -11.304816938437249, 26.8079089 ], [ -11.313967688437252, 26.81579335 ], [ -11.245587138437251, 26.82258895 ], [ -11.259645938437245, 26.8664765 ], [ -11.199168388437251, 26.88850305 ], [ -11.194177038437253, 26.89918995 ], [ -11.203660288437248, 26.90742615 ], [ -11.265018438437252, 26.8754302 ], [ -11.336927338437249, 26.9056884 ], [ -11.27352658843725, 26.8545023 ], [ -11.353059888437244, 26.8327659 ], [ -11.73912493843725, 26.8787657 ], [ -12.284021738437254, 26.85442915 ], [ -12.209235838437252, 26.8613266 ], [ -12.30398678843725, 26.9033294 ], [ -12.276534888437254, 26.90945335 ], [ -12.519942738437251, 26.9259877 ], [ -12.450813538437252, 26.93849705 ], [ -12.533002988437254, 26.9533003 ], [ -12.477183938437257, 27.0077708 ], [ -12.62147353843725, 26.951621 ], [ -12.753076688437254, 27.0025509 ], [ -12.881893138437249, 27.00952395 ], [ -12.809559338437246, 27.0345325 ], [ -12.764348788437253, 27.0791827 ], [ -12.898197888437245, 27.06223675 ], [ -12.870038988437244, 27.09151425 ], [ -12.985111288437245, 27.06529995 ], [ -12.912215388437254, 27.12237025 ], [ -13.127463988437249, 27.08882695 ], [ -13.140025138437245, 27.10630245 ], [ -12.926856238437253, 27.13888115 ], [ -13.116940538437248, 27.1323526 ], [ -13.161861988437252, 27.1780528 ], [ -13.104421038437252, 27.16900075 ], [ -13.146722038437247, 27.18443365 ], [ -13.091110888437257, 27.20302985 ], [ -13.124635638437248, 27.21982425 ], [ -12.976568838437245, 27.22653725 ], [ -12.996259488437254, 27.2408806 ], [ -13.107041138437253, 27.24581175 ], [ -13.237105688437254, 27.1715876 ], [ -13.262704338437253, 27.1766535 ], [ -13.234194038437252, 27.18569015 ], [ -13.266387738437253, 27.23761825 ], [ -13.243718938437254, 27.24687575 ], [ -13.275080688437249, 27.2504482 ], [ -13.293174288437257, 27.17548765 ], [ -13.322414688437249, 27.1989786 ], [ -13.378774488437244, 27.1510762 ], [ -13.404354938437251, 27.1687176 ], [ -13.381644488437253, 27.18417115 ], [ -13.409922388437252, 27.18096655 ], [ -13.387634038437248, 27.20008705 ], [ -13.437879688437256, 27.16141765 ], [ -13.412923288437256, 27.22048855 ], [ -13.436590288437245, 27.2485015 ], [ -13.480305288437243, 27.1816879 ], [ -13.452811738437248, 27.18019375 ], [ -13.454808488437251, 27.14364325 ], [ -13.501351838437252, 27.17502285 ], [ -13.529344838437254, 27.14996285 ], [ -13.501060638437245, 27.1315819 ], [ -13.576805888437249, 27.1596771 ], [ -13.566512038437246, 27.1299558 ], [ -13.645202538437246, 27.1250803 ], [ -13.576841938437248, 27.22118435 ], [ -13.461876388437247, 27.2762152 ], [ -13.511873538437257, 27.2681596 ], [ -13.500392138437256, 27.29193965 ], [ -13.618280538437247, 27.19752295 ], [ -13.64405768843725, 27.24028175 ], [ -13.737810438437251, 27.21397925 ], [ -13.745879688437256, 27.186121 ], [ -13.652376488437248, 27.22066145 ], [ -13.662026338437251, 27.18531355 ], [ -13.706115838437249, 27.17982205 ], [ -13.701873488437251, 27.138346 ], [ -13.735231638437249, 27.1420343 ], [ -13.713573288437246, 27.128504 ], [ -13.774413088437257, 27.13862985 ], [ -13.846121088437258, 27.12122505 ], [ -13.75302528843725, 27.12602985 ], [ -13.829150988437256, 27.09781425 ], [ -13.835140538437251, 27.07239725 ], [ -13.721422388437247, 27.1143206 ], [ -13.74521433843725, 27.06134075 ], [ -13.689011338437247, 27.1111853 ], [ -13.630872488437248, 27.1040782 ], [ -13.638692188437254, 27.0700113 ], [ -13.680625338437252, 27.08833835 ], [ -13.661298338437255, 27.05874655 ], [ -13.708029288437253, 27.029867 ], [ -13.769172188437253, 27.0454924 ], [ -13.845247838437253, 27.00694235 ], [ -13.751367338437255, 27.03702205 ], [ -13.693471388437246, 26.9970125 ], [ -13.646220688437253, 27.04994685 ], [ -13.596058338437246, 27.0345528 ], [ -13.580418938437255, 26.99247545 ], [ -13.737269688437259, 26.94170655 ], [ -13.713478088437249, 26.92849895 ], [ -13.753907288437247, 26.9085556 ], [ -13.66992933843725, 26.937292 ], [ -13.697963638437244, 26.9190997 ], [ -13.660362438437254, 26.92089765 ], [ -13.66984603843725, 26.8973388 ], [ -13.64414098843725, 26.9299441 ], [ -13.635905488437253, 26.89197505 ], [ -13.609659688437247, 26.91500715 ], [ -13.647331938437254, 26.8584692 ], [ -13.675282938437249, 26.8504682 ], [ -13.705320638437257, 26.8559324 ], [ -13.658770288437253, 26.87076155 ], [ -13.711677688437248, 26.90770405 ], [ -13.75027673843725, 26.8260151 ], [ -13.785798238437245, 26.85732645 ], [ -13.816850238437254, 26.8166106 ], [ -13.988360738437251, 26.83376235 ], [ -13.969436588437254, 26.8654895 ], [ -14.044845138437253, 26.7996314 ], [ -14.045635438437259, 26.8505515 ], [ -14.093177338437251, 26.8890921 ], [ -14.079950488437255, 26.8404435 ], [ -14.163845488437254, 26.78245515 ], [ -14.131776388437252, 26.7682896 ], [ -14.128448938437252, 26.74288695 ], [ -14.16900308843725, 26.75437955 ], [ -14.145377738437254, 26.7616298 ], [ -14.173409238437252, 26.76693405 ], [ -14.160434738437246, 26.80363995 ], [ -14.186930088437251, 26.82932715 ], [ -14.204150088437245, 26.8277441 ], [ -14.206728888437254, 26.7843161 ], [ -14.249945138437248, 26.794828 ], [ -14.210763338437253, 26.7737111 ], [ -14.203650988437253, 26.7195948 ], [ -14.322484738437247, 26.7915898 ], [ -14.321943988437248, 26.762824 ], [ -14.26708183843725, 26.7379971 ], [ -14.306720738437249, 26.7104878 ], [ -14.341618188437252, 26.73892075 ], [ -14.329597438437254, 26.7100461 ], [ -14.334588788437259, 26.70693145 ], [ -14.343697888437248, 26.7141481 ], [ -14.352390838437252, 26.712886 ], [ -14.323857438437251, 26.69840475 ], [ -14.369153388437248, 26.6985521 ], [ -14.398060938437247, 26.6419298 ], [ -14.410539138437251, 26.6506455 ], [ -14.432168088437251, 26.63075045 ], [ -14.446518088437251, 26.6349438 ], [ -14.372896638437247, 26.75681065 ], [ -14.462237988437252, 26.65657345 ], [ -14.494475788437256, 26.6817542 ], [ -14.477089538437248, 26.7083416 ], [ -14.527210238437249, 26.6856133 ], [ -14.498091988437253, 26.6519307 ], [ -14.552956938437255, 26.64449005 ], [ -14.62793708843725, 26.60365765 ], [ -14.605968988437247, 26.58963 ], [ -14.632359688437248, 26.56493435 ], [ -14.654196538437255, 26.6097718 ], [ -14.75423003843725, 26.60470975 ], [ -14.687887538437252, 26.57013045 ], [ -14.789751188437251, 26.58657695 ], [ -14.851975938437249, 26.5528513 ], [ -14.986653838437249, 26.5855658 ], [ -14.966733588437243, 26.6222745 ], [ -14.937077038437245, 26.6199106 ], [ -14.916605188437252, 26.6078384 ], [ -14.910789238437246, 26.6095184 ], [ -14.955419838437251, 26.64477565 ], [ -14.796448088437252, 26.657453 ], [ -14.798777338437247, 26.68586635 ], [ -14.702168938437246, 26.7015537 ], [ -14.714923638437256, 26.7217389 ], [ -14.61923748843725, 26.7738 ], [ -14.816662688437255, 26.71833305 ], [ -14.78995908843725, 26.705837 ], [ -14.949680188437249, 26.7657143 ], [ -14.748365438437247, 26.98341325 ], [ -14.737051688437255, 27.0374949 ], [ -14.78792278843725, 27.09829445 ], [ -14.42668813843725, 27.20979955 ], [ -14.297569988437253, 27.14776415 ], [ -14.213175888437249, 27.1849674 ], [ -13.946392238437248, 27.13718715 ], [ -14.320779538437257, 27.25079785 ], [ -14.190513388437246, 27.32983275 ], [ -14.043633788437248, 27.36223505 ], [ -14.085061888437252, 27.3772084 ], [ -14.209765138437255, 27.35248195 ], [ -14.289734188437251, 27.2792294 ], [ -14.524256938437247, 27.29887105 ], [ -14.702320838437252, 27.21248615 ], [ -14.817411338437253, 27.19997505 ], [ -14.924765088437255, 27.14527285 ], [ -14.893333688437252, 27.0955291 ], [ -14.981725488437256, 27.0979427 ], [ -15.102870638437253, 27.02361985 ], [ -15.07743613843725, 26.98419795 ], [ -15.137476888437249, 26.94834255 ], [ -15.304434938437254, 26.93091115 ], [ -15.195231088437247, 26.87355945 ], [ -15.239257238437254, 26.81824195 ], [ -15.413743788437252, 26.79635295 ], [ -15.341661288437251, 26.77977835 ], [ -15.42172973843725, 26.7185014 ], [ -15.49389518843725, 26.7208982 ], [ -15.462450138437248, 26.74859265 ], [ -15.503295488437253, 26.7666145 ], [ -15.511739238437251, 26.72144455 ], [ -15.554580988437259, 26.74009605 ], [ -15.591100338437251, 26.71887975 ], [ -15.539191138437246, 26.7049109 ], [ -15.61327003843725, 26.6847698 ], [ -15.599319388437245, 26.64847025 ], [ -15.743958288437256, 26.6259411 ], [ -15.728402188437251, 26.61652855 ], [ -15.675286538437248, 26.62261365 ], [ -15.787673288437254, 26.54522655 ], [ -15.750987688437256, 26.50335815 ], [ -15.593221688437254, 26.52599895 ], [ -15.43254438843725, 26.44401985 ], [ -15.552116288437254, 26.3679267 ], [ -15.658682538437247, 26.3582821 ], [ -15.671270288437249, 26.31932255 ], [ -15.721912488437248, 26.312717 ], [ -15.695074488437257, 26.27785 ], [ -15.818122938437249, 26.2459923 ], [ -15.731676438437248, 26.2430761 ], [ -15.775490488437256, 26.23694025 ], [ -15.745947688437248, 26.22016055 ], [ -15.799506438437248, 26.2142501 ], [ -15.769173338437248, 26.19331975 ], [ -15.813111288437248, 26.2010978 ], [ -15.806007688437248, 26.1752027 ], [ -15.864243138437253, 26.2133828 ], [ -15.856642188437249, 26.17419155 ], [ -15.909687138437249, 26.18739215 ], [ -15.893629138437255, 26.1544162 ], [ -16.054810088437257, 26.1460911 ], [ -16.085527838437251, 26.1271834 ], [ -16.074097188437257, 26.101905 ], [ -16.163286638437249, 26.0850203 ], [ -16.150164788437252, 26.0497725 ], [ -16.253843538437245, 26.0708992 ], [ -16.250506988437259, 26.02859645 ], [ -16.316866288437254, 26.0195787 ], [ -16.300693138437254, 25.98660415 ], [ -16.406300388437252, 25.99499435 ], [ -16.402847988437259, 25.94795225 ], [ -16.463187288437254, 25.9641198 ], [ -16.581418688437253, 25.9110836 ], [ -16.509661338437247, 25.90727455 ], [ -16.535990088437252, 25.87417085 ], [ -16.505917738437248, 25.86164505 ], [ -16.608488388437252, 25.8132523 ], [ -16.589978988437245, 25.78805895 ], [ -16.665742438437256, 25.8078896 ], [ -16.676924938437253, 25.76283165 ], [ -16.717942838437246, 25.78296925 ], [ -16.814940088437254, 25.713622 ], [ -16.897604488437253, 25.74658185 ], [ -16.88523373843725, 25.7130977 ], [ -16.941302338437247, 25.693203 ], [ -16.908068788437248, 25.6640823 ], [ -17.011972588437253, 25.6838356 ], [ -17.141494288437251, 25.63519575 ], [ -17.038673738437254, 25.64441125 ], [ -17.046742988437252, 25.6115998 ], [ -17.142076338437249, 25.62884185 ], [ -17.140206988437249, 25.6074278 ], [ -17.236536438437248, 25.6048896 ], [ -17.26806443843725, 25.5631059 ], [ -17.16320618843725, 25.54619425 ], [ -17.236203588437249, 25.53080965 ], [ -17.234373438437245, 25.5174204 ], [ -17.13475608843725, 25.52986185 ], [ -17.216737638437245, 25.4896283 ], [ -17.229571438437254, 25.51188025 ], [ -17.234770688437251, 25.46776135 ], [ -17.266798138437252, 25.48574645 ], [ -17.245668638437252, 25.44356585 ], [ -17.304106738437248, 25.46318685 ], [ -17.253987088437249, 25.51264395 ], [ -17.312343638437255, 25.5167862 ], [ -17.287262288437255, 25.50616195 ], [ -17.348114338437256, 25.5006267 ], [ -17.328440488437252, 25.42885535 ], [ -17.389957888437252, 25.45147305 ], [ -17.414248588437253, 25.41648355 ], [ -17.568936688437248, 25.4029802 ], [ -17.591563838437246, 25.3714676 ], [ -17.603611188437249, 25.40978385 ], [ -17.630869888437246, 25.4064564 ], [ -17.617719688437255, 25.36412845 ], [ -17.653205838437245, 25.29378895 ], [ -17.706196538437254, 25.30678935 ], [ -17.66497703843725, 25.3091389 ], [ -17.692345988437246, 25.3267012 ], [ -17.656866138437245, 25.3797675 ], [ -17.732026538437253, 25.39576845 ], [ -17.80593883843725, 25.37163105 ], [ -17.814091388437248, 25.3398346 ], [ -17.848198538437252, 25.3546417 ], [ -17.841711988437247, 25.327859 ], [ -17.942242488437252, 25.3274754 ], [ -17.919074588437248, 25.30885715 ], [ -17.970859188437252, 25.2628248 ], [ -18.003011238437246, 25.3091508 ], [ -18.064570288437245, 25.28623665 ], [ -18.029049138437252, 25.2574019 ], [ -18.11244468843725, 25.2797634 ], [ -18.229406988437255, 25.2207534 ], [ -18.321038388437245, 25.22240855 ], [ -18.270252338437245, 25.30982035 ], [ -18.350333738437257, 25.31304525 ], [ -18.452087838437244, 25.17440745 ], [ -18.508419288437253, 25.17556525 ], [ -18.482091588437243, 25.13254535 ], [ -18.55442363843725, 25.15035685 ], [ -18.57185118843725, 25.10539235 ], [ -18.639233538437253, 25.1071567 ], [ -18.677023388437249, 25.1364951 ], [ -18.616481788437248, 25.13342595 ], [ -18.718594988437246, 25.20273155 ], [ -18.748251188437244, 25.17213245 ], [ -18.700501388437246, 25.14555555 ], [ -18.688397688437249, 25.08110095 ], [ -18.80307203843725, 25.07290675 ], [ -18.847244838437248, 25.12428605 ], [ -18.909302988437247, 25.1302966 ], [ -18.920353188437254, 25.10598875 ], [ -18.853983038437256, 25.0777448 ], [ -18.969697588437256, 25.02988685 ], [ -18.963526038437244, 25.0795417 ], [ -18.921235888437252, 25.072884 ], [ -18.949603038437253, 25.13459285 ], [ -18.977054938437249, 25.1145935 ], [ -18.991945688437248, 25.11973885 ], [ -18.845368488437245, 25.18275985 ], [ -18.874234738437252, 25.1577947 ], [ -18.798450638437245, 25.1591723 ], [ -18.809431538437245, 25.19058165 ], [ -18.75203118843725, 25.20382565 ], [ -18.719255788437252, 25.23350075 ], [ -18.677328938437249, 25.2244739 ], [ -18.671238588437248, 25.25807215 ], [ -18.701619988437251, 25.25455675 ], [ -18.514863138437249, 25.37217775 ], [ -18.425519338437248, 25.40921755 ], [ -18.206485488437252, 25.4497843 ], [ -18.178118338437244, 25.45145835 ], [ -18.244502488437249, 25.4360118 ], [ -18.098526588437245, 25.44508975 ], [ -18.093765888437247, 25.42171255 ], [ -18.152995688437251, 25.41005685 ], [ -18.034561288437253, 25.33968165 ], [ -18.072303538437254, 25.40618515 ], [ -17.88280128843725, 25.3648323 ], [ -17.906260388437246, 25.38222975 ], [ -17.879972938437248, 25.39437615 ], [ -18.000096438437247, 25.43899065 ], [ -17.917302538437255, 25.54532555 ], [ -17.406520938437247, 25.75452405 ], [ -17.427181088437251, 25.7415975 ], [ -17.407257688437248, 25.72864715 ], [ -17.321948338437245, 25.727076 ], [ -17.332513438437253, 25.7928627 ], [ -17.227530238437254, 25.88237485 ], [ -17.00945328843725, 25.98996205 ], [ -16.950389738437252, 25.96892355 ], [ -16.99118888843725, 26.04649405 ], [ -16.94789423843725, 26.18924575 ], [ -16.880595188437248, 26.2179657 ], [ -16.932337788437252, 26.2411735 ], [ -16.931797038437253, 26.2823594 ], [ -16.762800938437252, 26.3952708 ], [ -16.719917538437258, 26.48692495 ], [ -17.165679988437255, 26.361136 ], [ -17.291834338437248, 26.42771615 ], [ -17.263259288437254, 26.49590455 ], [ -17.21493618843725, 26.5123556 ], [ -17.243379288437247, 26.51949665 ], [ -17.366714038437252, 26.454068 ], [ -17.375646388437247, 26.4036925 ], [ -17.411350588437251, 26.40755055 ], [ -17.338585938437248, 26.318366 ], [ -17.406890888437246, 26.2840947 ], [ -17.466217288437257, 26.2953248 ], [ -17.602125438437248, 26.42547545 ], [ -17.672544038437252, 26.44001165 ], [ -17.660315388437255, 26.4729386 ], [ -17.763135588437251, 26.41502025 ], [ -17.79398598843725, 26.4525721 ], [ -17.909795738437246, 26.47654395 ], [ -17.883333988437244, 26.49087085 ], [ -17.910261238437251, 26.52210695 ], [ -18.082992888437253, 26.4362768 ], [ -18.132697788437248, 26.45229455 ], [ -18.414205588437255, 26.3390643 ], [ -18.432007988437249, 26.3661606 ], [ -18.555999338437253, 26.3735638 ], [ -18.455882888437252, 26.37516505 ], [ -18.410295738437249, 26.4237517 ], [ -18.432299188437248, 26.5138004 ], [ -18.51440533843725, 26.5909656 ], [ -18.390081138437253, 26.67052725 ], [ -18.625077788437245, 26.9052894 ], [ -18.666185988437256, 26.8970896 ], [ -18.689312238437246, 26.83849015 ], [ -18.969530638437249, 26.78192455 ], [ -19.176002988437247, 26.7780133 ], [ -19.244175638437255, 26.791916 ], [ -19.272168288437243, 26.8265905 ], [ -19.238726838437252, 26.84351475 ], [ -19.330566138437248, 26.87317095 ], [ -19.428811138437247, 26.9536104 ], [ -19.593897388437249, 27.00170075 ], [ -19.534626288437252, 27.03494445 ], [ -19.676960788437249, 27.0248816 ], [ -19.691102538437249, 27.04049335 ], [ -19.542903438437257, 27.0907012 ], [ -19.556629388437244, 27.1214375 ], [ -19.498647338437252, 27.13772685 ], [ -19.518861938437254, 27.1780136 ], [ -19.612021088437253, 27.184441 ], [ -19.528012688437251, 27.2203489 ], [ -19.649726238437253, 27.25948275 ], [ -19.675837638437251, 27.22477465 ], [ -19.754058088437255, 27.23439475 ], [ -19.753784738437247, 27.29756485 ], [ -19.867840638437244, 27.33252285 ], [ -19.818195588437248, 27.37585915 ], [ -19.94694693843725, 27.37525365 ], [ -19.960316238437244, 27.40340905 ], [ -19.952105238437248, 27.4342374 ], [ -19.945740838437253, 27.4433465 ], [ -19.947529338437249, 27.41754835 ], [ -19.808522288437246, 27.43242895 ], [ -19.930808438437246, 27.4802785 ], [ -19.76285218843725, 27.491727 ], [ -19.810609688437253, 27.54676625 ], [ -19.778452388437245, 27.60048705 ], [ -19.57002493843725, 27.73183365 ], [ -19.489604738437251, 27.71180805 ], [ -19.467632788437243, 27.7345388 ], [ -19.492990638437249, 27.74555435 ], [ -19.462876638437244, 27.75669975 ], [ -19.500061688437249, 27.80289765 ], [ -19.478640638437248, 27.8647934 ], [ -19.381685038437247, 27.9069264 ], [ -19.399529088437248, 27.9397333 ], [ -19.323079288437249, 27.9770629 ], [ -19.10949423843725, 27.9714132 ], [ -18.92552443843725, 27.90927455 ], [ -18.726580588437251, 27.9756111 ], [ -18.59006903843725, 28.0658327 ], [ -18.60450233843725, 28.08570045 ], [ -18.496810838437248, 28.06561045 ], [ -18.54315118843725, 28.04624215 ], [ -18.193607588437253, 28.07175855 ], [ -18.063464638437253, 28.1884685 ], [ -18.134439388437244, 28.32661035 ], [ -18.237701638437251, 28.3853785 ], [ -18.331371438437252, 28.39109225 ], [ -18.279253988437247, 28.4326579 ], [ -18.148981888437248, 28.42168785 ], [ -18.176184238437244, 28.43491085 ], [ -18.074800438437251, 28.4603359 ], [ -18.068248088437251, 28.4965252 ], [ -18.20588243843725, 28.5709345 ], [ -18.293886788437248, 28.5117362 ], [ -18.378932588437252, 28.52206995 ], [ -18.558058388437246, 28.4834471 ], [ -18.770370138437251, 28.35978055 ], [ -18.787617438437252, 28.41738915 ], [ -18.892180638437246, 28.47320435 ], [ -18.970916638437252, 28.4510504 ], [ -18.855290638437246, 28.42612305 ], [ -18.897145738437253, 28.38539775 ], [ -19.071854888437251, 28.44488655 ], [ -19.30222383843725, 28.44261995 ], [ -19.54761408843725, 28.3981787 ], [ -19.964641188437248, 28.44870505 ], [ -20.059974538437245, 28.4997046 ], [ -20.041780488437247, 28.553942 ], [ -20.227722888437256, 28.65239665 ], [ -20.210877388437247, 28.6820525 ], [ -20.189581288437246, 28.6936795 ], [ -20.216700338437249, 28.6474158 ], [ -20.142954638437253, 28.63385645 ], [ -20.085221788437252, 28.6378832 ], [ -20.115710288437249, 28.63998285 ], [ -20.020894588437244, 28.69712 ], [ -20.407438088437246, 28.74082065 ], [ -20.63674163843725, 28.8228575 ] ] ], [ [ [ -20.737285438437254, 24.3939743 ], [ -20.73566318843725, 24.39582685 ], [ -20.733833038437247, 24.3946253 ], [ -20.737285438437254, 24.3939743 ] ] ], [ [ [ -20.751427538437248, 24.41101405 ], [ -20.748640488437246, 24.4133643 ], [ -20.748390938437247, 24.41233915 ], [ -20.751427538437248, 24.41101405 ] ] ], [ [ [ -20.758747788437255, 24.38741355 ], [ -20.759163938437247, 24.3933233 ], [ -20.75022108843725, 24.3887159 ], [ -20.758747788437255, 24.38741355 ] ] ], [ [ [ -20.920235688437245, 28.85543165 ], [ -20.909504338437252, 28.86520155 ], [ -20.907923738437248, 28.8563889 ], [ -20.920235688437245, 28.85543165 ] ] ], [ [ [ -20.985227188437257, 24.33384535 ], [ -20.896049638437255, 24.37523635 ], [ -20.873547088437242, 24.45199485 ], [ -20.809700438437254, 24.49169535 ], [ -20.715823088437247, 24.48732945 ], [ -20.747351088437249, 24.51233835 ], [ -20.715240688437248, 24.5639014 ], [ -20.62406673843725, 24.59377285 ], [ -20.51949968843725, 24.574764 ], [ -20.539006938437247, 24.531266 ], [ -20.697979038437246, 24.4762285 ], [ -20.755295738437255, 24.4151395 ], [ -20.985227188437257, 24.33384535 ] ] ], [ [ [ -21.015756988437246, 24.31567475 ], [ -21.011389688437255, 24.3248066 ], [ -20.998245788437252, 24.3265419 ], [ -21.015756988437246, 24.31567475 ] ] ], [ [ [ -21.196399688437246, 24.3775047 ], [ -21.203678288437253, 24.40614905 ], [ -21.178139838437254, 24.40359755 ], [ -21.196399688437246, 24.3775047 ] ] ], [ [ [ -21.220079988437256, 25.6610856 ], [ -21.120878438437252, 25.65859045 ], [ -21.10760993843725, 25.6544692 ], [ -21.146375588437252, 25.63221515 ], [ -21.220079988437256, 25.6610856 ] ] ], [ [ [ -21.206506988437255, 24.4123017 ], [ -21.213120238437249, 24.42487405 ], [ -21.203761588437253, 24.41752685 ], [ -21.206506988437255, 24.4123017 ] ] ], [ [ [ -21.298512538437251, 24.3371504 ], [ -21.217321288437248, 24.3584451 ], [ -21.178638938437253, 24.34845435 ], [ -21.196440988437253, 24.3162281 ], [ -21.298512538437251, 24.3371504 ] ] ], [ [ [ -21.312321788437252, 24.3463449 ], [ -21.325382388437248, 24.3690312 ], [ -21.292772538437248, 24.365219 ], [ -21.312321788437252, 24.3463449 ] ] ], [ [ [ -21.358990438437253, 24.299636 ], [ -21.353999088437249, 24.321084 ], [ -21.312904188437251, 24.3152971 ], [ -21.321888338437248, 24.29837635 ], [ -21.358990438437253, 24.299636 ] ] ], [ [ [ -21.395980888437251, 25.83373465 ], [ -21.431419088437252, 25.868406 ], [ -21.328890088437248, 25.88310845 ], [ -21.395980888437251, 25.83373465 ] ] ], [ [ [ -21.589503938437247, 24.24264795 ], [ -21.548825188437249, 24.2848667 ], [ -21.490676888437257, 24.27987325 ], [ -21.507646988437251, 24.2567001 ], [ -21.589503938437247, 24.24264795 ] ] ], [ [ [ -21.70338833843725, 24.2412826 ], [ -21.693488938437248, 24.2513437 ], [ -21.684920588437251, 24.2419399 ], [ -21.70338833843725, 24.2412826 ] ] ], [ [ [ -21.754881388437248, 24.2150116 ], [ -21.733918138437254, 24.23172095 ], [ -21.713121138437245, 24.21911465 ], [ -21.727346188437252, 24.20299995 ], [ -21.754881388437248, 24.2150116 ] ] ], [ [ [ -21.941100988437249, 28.0664935 ], [ -21.880706738437247, 28.1715502 ], [ -21.859161088437247, 28.13477395 ], [ -21.62648423843725, 28.09615775 ], [ -21.395970738437256, 28.13672835 ], [ -21.297143338437252, 28.0627793 ], [ -20.835367338437244, 27.9993887 ], [ -20.895761938437253, 27.9475159 ], [ -21.077277888437251, 27.9483426 ], [ -21.169782888437254, 27.87428015 ], [ -21.494631538437247, 28.0225776 ], [ -21.670324538437249, 28.04452225 ], [ -21.806502888437251, 28.00417285 ], [ -21.901919538437248, 28.02384565 ], [ -21.941100988437249, 28.0664935 ] ] ], [ [ [ -22.215951703462181, 24.140997764300238 ], [ -22.152686138437247, 24.18260475 ], [ -22.097906938437248, 24.16086065 ], [ -22.181094588437254, 24.13261915 ], [ -22.215951703462181, 24.140997764300238 ] ] ], [ [ [ -22.332664388577349, 24.070309009294341 ], [ -22.331000489536393, 24.071791958325036 ], [ -22.329087390376301, 24.070206459473326 ], [ -22.332664388577349, 24.070309009294341 ] ] ], [ [ [ -22.367008288437248, 27.0220053 ], [ -22.314183838437245, 27.05787085 ], [ -22.266434038437247, 27.00425575 ], [ -22.071025538437247, 26.9556201 ], [ -22.204126338437248, 26.9569795 ], [ -22.367008288437248, 27.0220053 ] ] ], [ [ [ -22.371167688437247, 27.0674619 ], [ -22.370668588437248, 27.09272735 ], [ -22.359354838437248, 27.06648295 ], [ -22.371167688437247, 27.0674619 ] ] ], [ [ [ -22.713498497414044, 24.091822433838956 ], [ -22.530152491067774, 24.101879331829686 ], [ -22.328089191645361, 24.079766352929632 ], [ -22.518090093611825, 24.05357831539331 ], [ -22.713498497414044, 24.091822433838956 ] ] ], [ [ [ -22.861406319871485, 24.051581907872205 ], [ -22.867520817113679, 24.056982054011101 ], [ -22.862862319376127, 24.055446605178325 ], [ -22.861406319871485, 24.051581907872205 ] ] ], [ [ [ -22.915644745682179, 24.105042969802739 ], [ -22.917641494899236, 24.108818067157443 ], [ -22.913648346953089, 24.109226166969059 ], [ -22.915644745682179, 24.105042969802739 ] ] ], [ [ [ -23.092876606534212, 24.121438004596783 ], [ -23.088592608882159, 24.12444485261608 ], [ -23.088093509030841, 24.122559403925131 ], [ -23.092876606534212, 24.121438004596783 ] ] ], [ [ [ -23.164376666583649, 24.054346199322033 ], [ -22.793733158476478, 24.118634513364157 ], [ -22.777428418319076, 24.142219597530485 ], [ -22.855625029496686, 24.157482385108551 ], [ -22.793525263111412, 24.187454965976983 ], [ -22.690829713443101, 24.157710939068387 ], [ -22.76715452223501, 24.122482761375664 ], [ -22.724229491453777, 24.08410948887218 ], [ -22.810162848191247, 24.088707083560614 ], [ -22.839943981014187, 24.056035305321629 ], [ -22.880414811844304, 24.077261739749929 ], [ -22.865898568203441, 24.061280751091573 ], [ -22.944386377726126, 24.049200857577965 ], [ -23.164376666583649, 24.054346199322033 ] ] ], [ [ [ -23.215245989919282, 24.037137410161691 ], [ -23.202767796523844, 24.042696456579073 ], [ -23.195572150013994, 24.039699408783264 ], [ -23.215245989919282, 24.037137410161691 ] ] ], [ [ [ -23.224479688569666, 24.102415165039822 ], [ -23.223398539555291, 24.110909309210747 ], [ -23.216577042817029, 24.106854212136199 ], [ -23.224479688569666, 24.102415165039822 ] ] ], [ [ [ -23.29764364746643, 24.022217968870159 ], [ -23.301054396469851, 24.037368058379712 ], [ -23.247106823599687, 24.033447362088253 ], [ -23.29764364746643, 24.022217968870159 ] ] ], [ [ [ -23.351466270420701, 24.026423565001807 ], [ -23.32405568455605, 24.031858361752526 ], [ -23.310454340855586, 24.019550620470966 ], [ -23.321643135040524, 24.016318022492186 ], [ -23.351466270420701, 24.026423565001807 ] ] ], [ [ [ -23.353878469526862, 24.033472910106724 ], [ -23.36398576491473, 24.04446360236215 ], [ -23.327133583465802, 24.041748654888821 ], [ -23.353878469526862, 24.033472910106724 ] ] ], [ [ [ -23.395680348054682, 24.026910763893106 ], [ -23.396720197826205, 24.033524009322903 ], [ -23.391562600305754, 24.030576661440705 ], [ -23.395680348054682, 24.026910763893106 ] ] ], [ [ [ -23.403749593784418, 24.022807716578811 ], [ -23.412276289690077, 24.027808162991292 ], [ -23.405163943397852, 24.030166461489273 ], [ -23.403749593784418, 24.022807716578811 ] ] ], [ [ [ -23.429412980734305, 24.021525667026033 ], [ -23.433322828873955, 24.024244115089218 ], [ -23.427125382066457, 24.025474714346217 ], [ -23.429412980734305, 24.021525667026033 ] ] ], [ [ [ -23.435361227082709, 24.00688657700217 ], [ -23.393808898489326, 24.015535771754784 ], [ -23.377379206357723, 24.005757128769503 ], [ -23.381912753454003, 23.992272687969987 ], [ -23.435361227082709, 24.00688657700217 ] ] ], [ [ [ -23.439270726023246, 24.02793626244825 ], [ -23.42787403204094, 24.033498458810264 ], [ -23.425420183095198, 24.029217961798238 ], [ -23.439270726023246, 24.02793626244825 ] ] ], [ [ [ -23.453704018711228, 24.027910712226301 ], [ -23.450043720685343, 24.030679210380995 ], [ -23.444886123162185, 24.027551612619533 ], [ -23.453704018711228, 24.027910712226301 ] ] ], [ [ [ -23.469052212641451, 24.067675234595832 ], [ -23.414273041209533, 24.084416073980861 ], [ -23.384907704990681, 24.059413141703587 ], [ -23.41797463710563, 24.034600608218739 ], [ -23.469052212641451, 24.067675234595832 ] ] ], [ [ [ -23.476913555190905, 23.986258640514208 ], [ -23.459485664806564, 24.005192227768546 ], [ -23.443305522265888, 23.988469239544287 ], [ -23.419513934571626, 23.994944585487033 ], [ -23.404664841923157, 23.99150163810863 ], [ -23.393309447032465, 23.977490447944106 ], [ -23.476913555190905, 23.986258640514208 ] ] ], [ [ [ -23.741866568926888, 23.916339534762535 ], [ -23.689375346826395, 23.95839480652527 ], [ -23.712085436331094, 23.986335636991868 ], [ -23.66662325919291, 23.982942389944938 ], [ -23.664585212073604, 24.033895704897787 ], [ -23.592336499152253, 24.045423997997723 ], [ -23.622824981738525, 23.993865533046304 ], [ -23.48801904941854, 23.982402342988728 ], [ -23.496878593812028, 23.955098511632947 ], [ -23.542007921804313, 23.973915197979899 ], [ -23.647947616141224, 23.914686837165533 ], [ -23.677604151028433, 23.909366840412986 ], [ -23.687004447673104, 23.948477913380771 ], [ -23.722151078419003, 23.903579593795492 ], [ -23.741866568926888, 23.916339534762535 ] ] ], [ [ [ -23.903064240354006, 24.007507120099199 ], [ -23.899400442526357, 24.018499212571136 ], [ -23.891736846217164, 24.011836967243156 ], [ -23.903064240354006, 24.007507120099199 ] ] ], [ [ [ -23.991520043905147, 23.943636013140953 ], [ -23.825553628649828, 23.976564692286104 ], [ -23.808123639031855, 24.026210408318875 ], [ -23.761332862254321, 24.011198919236136 ], [ -23.795938742553481, 23.943143215642934 ], [ -23.991520043905147, 23.943636013140953 ] ] ], [ [ [ -24.174110752943072, 24.003305020470656 ], [ -24.081981699938446, 24.017373611539057 ], [ -24.044541868150404, 23.985405683886405 ], [ -23.959757561291738, 23.994663528339444 ], [ -24.031942924188932, 23.971638093480649 ], [ -24.071873002470767, 23.904910289032685 ], [ -24.136842770345908, 23.932945619194214 ], [ -24.080358049595205, 23.966440246618994 ], [ -24.174110752943072, 24.003305020470656 ] ] ], [ [ [ -24.19557343936804, 23.861300668025137 ], [ -24.193327140573764, 23.865419815209023 ], [ -24.190207592109672, 23.863787766354363 ], [ -24.19557343936804, 23.861300668025137 ] ] ], [ [ [ -24.302469686281924, 23.899767740853243 ], [ -24.322434726403479, 23.911342582772001 ], [ -24.292736891292364, 23.906744636112734 ], [ -24.302469686281924, 23.899767740853243 ] ] ], [ [ [ -24.38174779618015, 23.885287200374734 ], [ -24.361283656578564, 23.892942745214711 ], [ -24.351467561424556, 23.886218549892888 ], [ -24.38174779618015, 23.885287200374734 ] ] ], [ [ [ -24.399383588383621, 23.970982191317361 ], [ -24.380791248029475, 23.989317278786686 ], [ -24.35146756259946, 23.969772592396957 ], [ -24.377962899032489, 23.957107500975113 ], [ -24.399383588383621, 23.970982191317361 ] ] ], [ [ [ -24.441426965274893, 23.805293355099067 ], [ -24.429974621357744, 23.836120633957229 ], [ -24.412661529798861, 23.815864397961946 ], [ -24.441426965274893, 23.805293355099067 ] ] ], [ [ [ -24.465309904260963, 23.896472142300567 ], [ -24.459029157469615, 23.900891939285515 ], [ -24.45582665902581, 23.895618842926417 ], [ -24.465309904260963, 23.896472142300567 ] ] ], [ [ [ -24.489872038437248, 23.7715805 ], [ -24.47785424700276, 23.801410807618645 ], [ -24.464805038437248, 23.78453435 ], [ -24.489872038437248, 23.7715805 ] ] ], [ [ [ 101.024184203592029, 24.040093842964168 ], [ 101.081996124281034, 24.055292582384837 ], [ 101.127786250938016, 24.032877897769808 ], [ 101.070349179968673, 24.001222169647491 ], [ 101.024184203592029, 24.040093842964168 ] ] ], [ [ [ 100.724259554090906, 23.919158077446184 ], [ 100.821690404882574, 23.911321932321215 ], [ 101.018975154972509, 23.826172240196271 ], [ 100.946888141066452, 23.821292893746659 ], [ 100.724259554090906, 23.919158077446184 ] ] ], [ [ [ 100.661759387668283, 24.038479645694487 ], [ 100.698736168865494, 24.036990746480804 ], [ 100.711907712017904, 24.027011903272857 ], [ 100.681194527333673, 24.010977364508136 ], [ 100.661759387668283, 24.038479645694487 ] ] ], [ [ [ 100.588247873955481, 23.985975132375856 ], [ 100.613926310905185, 23.983099534164772 ], [ 100.638581348073529, 23.963469447502355 ], [ 100.613319060919039, 23.967597344840819 ], [ 100.588247873955481, 23.985975132375856 ] ] ], [ [ [ 100.551713493613349, 24.041545644394361 ], [ 100.554915292459569, 24.063963828925544 ], [ 100.57215908334868, 24.0473430402389 ], [ 100.551713493613349, 24.041545644394361 ] ] ], [ [ [ 100.513193912269543, 24.000950222669971 ], [ 100.51622736079625, 24.003804470678944 ], [ 100.516761460490159, 24.002198321780313 ], [ 100.513193912269543, 24.000950222669971 ] ] ], [ [ [ 100.28195253193644, 24.086939915746228 ], [ 100.284398680786836, 24.090127013522519 ], [ 100.285290480290541, 24.088718264483006 ], [ 100.28195253193644, 24.086939915746228 ] ] ], [ [ [ 100.22648525773009, 24.009898669456447 ], [ 100.329426506541338, 24.043766744959399 ], [ 100.352510746067253, 24.088787563699753 ], [ 100.391905325731017, 24.078360370478933 ], [ 100.34177730004356, 24.035626450433305 ], [ 100.365673887463657, 24.018890861707376 ], [ 100.286199077723438, 24.018017963168802 ], [ 100.264440987759059, 23.985191836016512 ], [ 100.22648525773009, 24.009898669456447 ] ] ], [ [ [ 99.774272543772256, 24.163292720519451 ], [ 99.772679345261707, 24.177579710701053 ], [ 99.793604784303085, 24.172006664173821 ], [ 99.774272543772256, 24.163292720519451 ] ] ], [ [ [ 99.143615924472414, 24.294097794010547 ], [ 99.139150277617915, 24.306321535697307 ], [ 99.161060965481681, 24.29368724384868 ], [ 99.143615924472414, 24.294097794010547 ] ] ], [ [ [ 99.09573279958741, 24.301399840217059 ], [ 99.106600644370999, 24.30660083634713 ], [ 99.112918490777474, 24.301701889560192 ], [ 99.09573279958741, 24.301399840217059 ] ] ], [ [ [ 99.068486364125761, 24.308874785782471 ], [ 99.069431014170391, 24.316224780689865 ], [ 99.084335756005473, 24.309252785102522 ], [ 99.068486364125761, 24.308874785782471 ] ] ], [ [ [ 98.879958951598979, 24.188048924243901 ], [ 98.973681906463767, 24.223533647163393 ], [ 99.025802479905963, 24.22456859502654 ], [ 98.997383192787979, 24.202179111220659 ], [ 99.00931643442793, 24.170904532432658 ], [ 98.879958951598979, 24.188048924243901 ] ] ], [ [ [ 98.566906527099803, 24.370607758120485 ], [ 98.630466146782737, 24.397844387281836 ], [ 98.792860112652249, 24.393731535072376 ], [ 98.905007400298587, 24.336868820991484 ], [ 98.721592792583223, 24.312685243113293 ], [ 98.629453244855739, 24.370006106505855 ], [ 98.566906527099803, 24.370607758120485 ] ] ], [ [ [ -7.634192288437255, 25.20668865 ], [ -7.626538838437249, 25.2299829 ], [ -7.621339588437259, 25.2126992 ], [ -7.634192288437255, 25.20668865 ] ] ], [ [ [ -7.656902388437253, 25.19579665 ], [ -7.655405088437256, 25.20278265 ], [ -7.654198988437244, 25.1968386 ], [ -7.656902388437253, 25.19579665 ] ] ], [ [ [ -7.716548338437249, 25.04911025 ], [ -7.713154388437253, 25.0519442 ], [ -7.712821538437247, 25.0510251 ], [ -7.716548338437249, 25.04911025 ] ] ], [ [ [ -7.713553738437248, 25.11120935 ], [ -7.717147188437252, 25.13589625 ], [ -7.705966788437244, 25.12645325 ], [ -7.713553738437248, 25.11120935 ] ] ], [ [ [ -7.73771948843725, 25.2209536 ], [ -7.735390238437247, 25.22345995 ], [ -7.733268888437252, 25.2193695 ], [ -7.73771948843725, 25.2209536 ] ] ], [ [ [ -7.733052938437254, 25.10045245 ], [ -7.732387238437248, 25.10895955 ], [ -7.720075638437251, 25.1088451 ], [ -7.733052938437254, 25.10045245 ] ] ], [ [ [ -7.760446738437253, 25.1602356 ], [ -7.760446738437253, 25.16204055 ], [ -7.759281938437248, 25.16082955 ], [ -7.760446738437253, 25.1602356 ] ] ], [ [ [ -7.779604688437253, 25.1829044 ], [ -7.778689788437255, 25.183995 ], [ -7.778745788437249, 25.18288445 ], [ -7.779604688437253, 25.1829044 ] ] ], [ [ [ -7.793996338437253, 25.1795612 ], [ -7.787466038437245, 25.18482485 ], [ -7.783805738437245, 25.17998785 ], [ -7.793996338437253, 25.1795612 ] ] ], [ [ [ -7.819102538437249, 25.0732564 ], [ -7.730124488437255, 25.0972468 ], [ -7.711556988437252, 25.06748175 ], [ -7.764930588437252, 25.0456246 ], [ -7.819102538437249, 25.0732564 ] ] ], [ [ [ -7.821797538437252, 25.18808825 ], [ -7.822546188437251, 25.18960515 ], [ -7.819717838437249, 25.1887046 ], [ -7.821797538437252, 25.18808825 ] ] ], [ [ [ -7.826822138437251, 25.08139775 ], [ -7.818969188437251, 25.09300935 ], [ -7.820766088437253, 25.08323175 ], [ -7.826822138437251, 25.08139775 ] ] ], [ [ [ -7.850713838437251, 25.07187985 ], [ -7.850713838437251, 25.08575315 ], [ -7.831547138437244, 25.08036595 ], [ -7.850713838437251, 25.07187985 ] ] ], [ [ [ -7.871544088437254, 25.1123724 ], [ -7.830864988437249, 25.1442679 ], [ -7.858067688437245, 25.1600459 ], [ -7.845007088437256, 25.19623905 ], [ -7.758907788437249, 25.15553265 ], [ -7.77962148843725, 25.1002141 ], [ -7.871544088437254, 25.1123724 ] ] ], [ [ [ -7.859381938437252, 25.2033507 ], [ -7.866452988437253, 25.21180005 ], [ -7.852602088437251, 25.20372975 ], [ -7.859381938437252, 25.2033507 ] ] ], [ [ [ -7.89298963843725, 25.13568975 ], [ -7.892456238437248, 25.1378006 ], [ -7.891916538437243, 25.1358112 ], [ -7.89298963843725, 25.13568975 ] ] ], [ [ [ -7.894153738437247, 25.3975678 ], [ -7.87172223843725, 25.4156152 ], [ -7.850191988437253, 25.39939095 ], [ -7.855032138437252, 25.3949708 ], [ -7.894153738437247, 25.3975678 ] ] ], [ [ [ -7.89544208843725, 25.28155435 ], [ -7.895317838437251, 25.2828959 ], [ -7.893939538437252, 25.2831206 ], [ -7.89544208843725, 25.28155435 ] ] ], [ [ [ -7.896852588437248, 25.28376425 ], [ -7.896359088437251, 25.29337665 ], [ -7.891246288437245, 25.29267595 ], [ -7.896852588437248, 25.28376425 ] ] ], [ [ [ -7.90281413843725, 25.1383816 ], [ -7.900494688437256, 25.1396822 ], [ -7.900428888437254, 25.13832 ], [ -7.90281413843725, 25.1383816 ] ] ], [ [ [ -7.903622288437248, 25.13443745 ], [ -7.902681138437252, 25.13592775 ], [ -7.902138988437251, 25.13552805 ], [ -7.903622288437248, 25.13443745 ] ] ], [ [ [ -7.926640388437256, 25.26505675 ], [ -7.926286538437253, 25.2664683 ], [ -7.925056288437254, 25.2659307 ], [ -7.926640388437256, 25.26505675 ] ] ], [ [ [ -7.935290988437252, 25.3920903 ], [ -7.934958138437253, 25.3961531 ], [ -7.929509338437256, 25.39379515 ], [ -7.935290988437252, 25.3920903 ] ] ], [ [ [ -7.932997788437248, 25.26415725 ], [ -7.92842223843725, 25.28530775 ], [ -7.908165988437254, 25.28561365 ], [ -7.932997788437248, 25.26415725 ] ] ], [ [ [ -7.980877438437247, 25.14626815 ], [ -7.983664138437256, 25.14802725 ], [ -7.980253388437255, 25.15004745 ], [ -7.980877438437247, 25.14626815 ] ] ], [ [ [ -7.993924738437251, 25.11448255 ], [ -7.99306828843725, 25.11677295 ], [ -7.991261938437255, 25.11615345 ], [ -7.993924738437251, 25.11448255 ] ] ], [ [ [ -8.000057088437252, 25.1173914 ], [ -7.99900043843725, 25.12006715 ], [ -7.997767388437254, 25.11932025 ], [ -8.000057088437252, 25.1173914 ] ] ], [ [ [ -8.011942738437256, 25.44028495 ], [ -8.010301938437244, 25.4432155 ], [ -8.010625338437244, 25.4399444 ], [ -8.011942738437256, 25.44028495 ] ] ], [ [ [ -8.006041038437253, 25.43824375 ], [ -8.005147138437252, 25.4780272 ], [ -7.988875288437249, 25.45116435 ], [ -8.006041038437253, 25.43824375 ] ] ], [ [ [ -8.021057088437253, 25.1145424 ], [ -8.019341038437254, 25.11615345 ], [ -8.019541238437249, 25.1145655 ], [ -8.021057088437253, 25.1145424 ] ] ], [ [ [ -8.020142538437248, 25.4817561 ], [ -8.021122188437253, 25.4838869 ], [ -8.018991738437251, 25.48355195 ], [ -8.020142538437248, 25.4817561 ] ] ], [ [ [ -8.020682588437253, 25.19894245 ], [ -8.023719188437255, 25.200529 ], [ -8.019892288437248, 25.20152335 ], [ -8.020682588437253, 25.19894245 ] ] ], [ [ [ -8.026750188437248, 25.47365325 ], [ -8.028140388437251, 25.47474945 ], [ -8.026694888437248, 25.47450795 ], [ -8.026750188437248, 25.47365325 ] ] ], [ [ [ -8.028086838437247, 25.4544715 ], [ -8.033702238437257, 25.46174485 ], [ -8.027795638437247, 25.4646719 ], [ -8.028086838437247, 25.4544715 ] ] ], [ [ [ -8.036508188437253, 25.1748334 ], [ -8.035117288437256, 25.1765813 ], [ -8.033983988437249, 25.1763797 ], [ -8.036508188437253, 25.1748334 ] ] ], [ [ [ -8.038864738437255, 25.42140945 ], [ -8.03906983843725, 25.42290115 ], [ -8.038021238437253, 25.4226845 ], [ -8.038864738437255, 25.42140945 ] ] ], [ [ [ -8.046093988437256, 25.4982782 ], [ -8.044654788437249, 25.49905555 ], [ -8.044393338437253, 25.49825755 ], [ -8.046093988437256, 25.4982782 ] ] ], [ [ [ -8.039187788437253, 25.24914925 ], [ -8.04236438843725, 25.25372095 ], [ -8.033194738437253, 25.25122685 ], [ -8.039187788437253, 25.24914925 ] ] ], [ [ [ -8.045422338437248, 25.4668167 ], [ -8.044792688437248, 25.46921105 ], [ -8.042914238437255, 25.4671037 ], [ -8.045422338437248, 25.4668167 ] ] ], [ [ [ -8.058926038437249, 25.4179644 ], [ -8.052944538437245, 25.419867 ], [ -8.050162738437251, 25.4191327 ], [ -8.058926038437249, 25.4179644 ] ] ], [ [ [ -8.066893788437255, 25.2352469 ], [ -8.059573188437255, 25.237916 ], [ -8.051670188437249, 25.2354359 ], [ -8.066893788437255, 25.2352469 ] ] ], [ [ [ -8.118054338437254, 25.26778115 ], [ -8.116265488437257, 25.2729643 ], [ -8.106948488437254, 25.2680874 ], [ -8.118054338437254, 25.26778115 ] ] ], [ [ [ -8.128615238437249, 25.27574785 ], [ -8.128896288437247, 25.27700015 ], [ -8.127959688437258, 25.2768255 ], [ -8.128615238437249, 25.27574785 ] ] ], [ [ [ -8.139533488437252, 25.41733615 ], [ -8.137645588437252, 25.4185573 ], [ -8.137603938437245, 25.41718215 ], [ -8.139533488437252, 25.41733615 ] ] ], [ [ [ -8.153742438437249, 25.6252862 ], [ -8.159315838437252, 25.6370315 ], [ -8.148168688437252, 25.6304263 ], [ -8.153742438437249, 25.6252862 ] ] ] ] } },
{ "type": "Feature", "properties": { "STATEFP": "32", "STUSPS": "NV", "NAME": "Nevada", "subject_count_strict": 265520.48412805522, "subject_count_permissive": 260210.07444549407, "loss_exposure_strict": 83930.0, "burden_index_centered": 1.7143727654865293, "subject_rate": 0.13852409096498988, "expansion": true, "partial_expansion": false, "subject_via_waiver": false, "waiver_listed": false, "loss_quantified": true, "already_work_conditional": false, "waiver_note": "", "hardship_exception_status": "adopting" }, "geometry": { "type": "Polygon", "coordinates": [ [ [ -120.001014, 38.999574 ], [ -119.999234, 41.994944 ], [ -114.041477, 41.993873 ], [ -114.043944, 36.19335 ], [ -114.121284, 36.109519 ], [ -114.15139, 36.023133 ], [ -114.261403, 36.025454 ], [ -114.37449, 36.143659 ], [ -114.498849, 36.126612 ], [ -114.57109, 36.151099 ], [ -114.753196, 36.089513 ], [ -114.722096, 36.028952 ], [ -114.740595, 35.975656 ], [ -114.661636, 35.871067 ], [ -114.706532, 35.849027 ], [ -114.71211, 35.806185 ], [ -114.689001, 35.65028 ], [ -114.653406, 35.610789 ], [ -114.678715, 35.49875 ], [ -114.605748, 35.358454 ], [ -114.569238, 35.18348 ], [ -114.578263, 35.12881 ], [ -114.646759, 35.101872 ], [ -114.602908, 35.068588 ], [ -114.633487, 35.001857 ], [ -117.500117, 37.22038 ], [ -120.001014, 38.999574 ] ] ] } },
{ "type": "Feature", "properties": { "STATEFP": "17", "STUSPS": "IL", "NAME": "Illinois", "subject_count_strict": 761540.38143070112, "subject_count_permissive": 746309.57380208722, "loss_exposure_strict": 211474.0, "burden_index_centered": -0.031136197632488066, "subject_rate": 0.10019200999981662, "expansion": true, "partial_expansion": false, "subject_via_waiver": false, "waiver_listed": false, "loss_quantified": true, "already_work_conditional": false, "waiver_note": "", "hardship_exception_status": "adopting" }, "geometry": { "type": "Polygon", "coordinates": [ [ [ -91.512974, 40.181062 ], [ -91.46214, 40.342414 ], [ -91.372921, 40.399108 ], [ -91.364211, 40.500043 ], [ -91.405241, 40.554641 ], [ -91.339719, 40.613488 ], [ -91.123928, 40.669152 ], [ -91.092993, 40.821079 ], [ -90.962916, 40.924957 ], [ -90.946627, 41.096632 ], [ -91.113648, 41.241401 ], [ -91.04589, 41.414085 ], [ -90.655839, 41.462132 ], [ -90.556235, 41.524232 ], [ -90.461432, 41.523533 ], [ -90.343228, 41.587833 ], [ -90.310708, 41.742214 ], [ -90.180954, 41.809354 ], [ -90.140061, 42.003252 ], [ -90.162895, 42.116718 ], [ -90.391108, 42.225473 ], [ -90.430884, 42.27823 ], [ -90.419027, 42.328505 ], [ -90.646727, 42.471904 ], [ -90.642843, 42.508481 ], [ -87.802091, 42.492576 ], [ -87.828569, 42.269922 ], [ -87.681465, 42.078441 ], [ -87.602369, 41.896335 ], [ -87.60945, 41.845233 ], [ -87.524622, 41.723522 ], [ -87.531646, 39.348062 ], [ -87.620485, 39.307133 ], [ -87.574558, 39.218404 ], [ -87.658745, 39.135997 ], [ -87.572588, 39.057286 ], [ -87.576531, 38.986711 ], [ -87.512187, 38.954417 ], [ -87.553394, 38.86241 ], [ -87.496076, 38.742113 ], [ -87.531231, 38.684036 ], [ -87.62012, 38.639489 ], [ -87.61196, 38.589248 ], [ -87.670071, 38.545237 ], [ -87.650092, 38.504606 ], [ -87.755355, 38.46396 ], [ -87.730369, 38.447884 ], [ -87.745254, 38.408996 ], [ -87.823411, 38.345968 ], [ -87.838979, 38.282327 ], [ -87.870537, 38.31222 ], [ -87.91111, 38.268031 ], [ -87.933556, 38.295896 ], [ -87.960225, 38.237118 ], [ -87.987618, 38.257381 ], [ -87.975819, 38.197834 ], [ -87.911428, 38.16174 ], [ -88.013118, 38.103527 ], [ -87.960463, 38.099086 ], [ -87.967226, 38.067105 ], [ -88.042132, 38.046345 ], [ -88.007631, 38.029145 ], [ -88.012929, 37.966544 ], [ -88.035345, 37.925528 ], [ -88.069613, 37.926848 ], [ -88.013355, 37.894854 ], [ -88.097892, 37.901517 ], [ -88.025921, 37.832694 ], [ -88.090039, 37.816771 ], [ -88.02803, 37.799224 ], [ -88.160187, 37.657592 ], [ -88.067844, 37.485867 ], [ -88.470224, 37.396255 ], [ -88.515939, 37.284043 ], [ -88.424403, 37.152428 ], [ -88.460594, 37.074298 ], [ -88.566839, 37.0755 ], [ -88.80572, 37.188595 ], [ -88.974711, 37.229708 ], [ -89.076221, 37.175125 ], [ -89.168087, 37.074218 ], [ -89.178975, 37.020928 ], [ -89.132685, 36.9822 ], [ -89.185491, 36.973518 ], [ -89.25493, 37.072014 ], [ -89.30829, 37.068371 ], [ -89.260003, 37.023288 ], [ -89.278628, 36.98867 ], [ -89.378277, 37.039605 ], [ -89.37871, 37.094586 ], [ -89.461862, 37.199517 ], [ -89.458827, 37.248661 ], [ -89.51834, 37.285497 ], [ -89.421054, 37.387668 ], [ -89.517051, 37.537278 ], [ -89.519808, 37.582748 ], [ -89.475932, 37.592998 ], [ -89.517718, 37.641217 ], [ -89.514255, 37.689923 ], [ -89.663352, 37.750052 ], [ -89.669644, 37.799922 ], [ -89.842649, 37.905196 ], [ -89.901832, 37.869822 ], [ -89.950594, 37.881526 ], [ -89.974918, 37.926719 ], [ -89.925085, 37.960021 ], [ -89.997103, 37.963225 ], [ -90.11052, 38.026547 ], [ -90.359559, 38.224525 ], [ -90.368219, 38.340254 ], [ -90.18451, 38.611551 ], [ -90.20991, 38.72605 ], [ -90.109407, 38.843548 ], [ -90.250248, 38.919344 ], [ -90.440078, 38.967364 ], [ -90.545872, 38.874008 ], [ -90.628485, 38.891617 ], [ -90.713629, 39.053977 ], [ -90.681086, 39.10059 ], [ -90.72996, 39.255894 ], [ -91.03827, 39.448436 ], [ -91.100307, 39.538695 ], [ -91.153628, 39.548248 ], [ -91.181936, 39.602677 ], [ -91.367753, 39.729029 ], [ -91.363444, 39.792804 ], [ -91.446385, 39.870394 ], [ -91.41936, 39.927717 ], [ -91.494878, 40.036453 ], [ -91.512974, 40.181062 ] ] ] } },
{ "type": "Feature", "properties": { "STATEFP": "50", "STUSPS": "VT", "NAME": "Vermont", "subject_count_strict": 57297.682516202985, "subject_count_permissive": 56151.728865878926, "loss_exposure_strict": 16492.0, "burden_index_centered": -1.8558358561028279, "subject_rate": 0.15003713769986904, "expansion": true, "partial_expansion": false, "subject_via_waiver": false, "waiver_listed": false, "loss_quantified": true, "already_work_conditional": false, "waiver_note": "", "hardship_exception_status": "no_qualifying_counties" }, "geometry": { "type": "Polygon", "coordinates": [ [ [ -73.43774, 44.045006 ], [ -73.390583, 44.190886 ], [ -73.312852, 44.265346 ], [ -73.334939, 44.364441 ], [ -73.293855, 44.437556 ], [ -73.390231, 44.618353 ], [ -73.333154, 44.788759 ], [ -73.381359, 44.845021 ], [ -73.338979, 44.917681 ], [ -73.343124, 45.01084 ], [ -71.464555, 45.013637 ], [ -71.536188, 44.994592 ], [ -71.49491, 44.904299 ], [ -71.631883, 44.752463 ], [ -71.535397, 44.587113 ], [ -71.596137, 44.560898 ], [ -71.576765, 44.502618 ], [ -71.702186, 44.413828 ], [ -71.793924, 44.399271 ], [ -71.814351, 44.354541 ], [ -72.032816, 44.320446 ], [ -72.068432, 44.271296 ], [ -72.031841, 44.078542 ], [ -72.116985, 43.99448 ], [ -72.091413, 43.965452 ], [ -72.172714, 43.884254 ], [ -72.205143, 43.771141 ], [ -72.299564, 43.706277 ], [ -72.328514, 43.600805 ], [ -72.380146, 43.573624 ], [ -72.415978, 43.376531 ], [ -72.395462, 43.312994 ], [ -72.45714, 43.148493 ], [ -72.432972, 43.119655 ], [ -72.467363, 43.052648 ], [ -72.443762, 43.006245 ], [ -72.532186, 42.954945 ], [ -72.556214, 42.86695 ], [ -72.516082, 42.765949 ], [ -72.458519, 42.726853 ], [ -73.276421, 42.746019 ], [ -73.241589, 43.534973 ], [ -73.306234, 43.628018 ], [ -73.371889, 43.624489 ], [ -73.395767, 43.568087 ], [ -73.430947, 43.587036 ], [ -73.350593, 43.771939 ], [ -73.392492, 43.820779 ], [ -73.374051, 43.875563 ], [ -73.43774, 44.045006 ] ] ] } },
{ "type": "Feature", "properties": { "STATEFP": "27", "STUSPS": "MN", "NAME": "Minnesota", "subject_count_strict": 198564.36479379248, "subject_count_permissive": 194593.07749791659, "loss_exposure_strict": 48625.0, "burden_index_centered": -1.6994384456917786, "subject_rate": 0.059063138342542156, "expansion": true, "partial_expansion": false, "subject_via_waiver": false, "waiver_listed": false, "loss_quantified": true, "already_work_conditional": false, "waiver_note": "", "hardship_exception_status": "adopting" }, "geometry": { "type": "MultiPolygon", "coordinates": [ [ [ [ -89.586394, 47.958782 ], [ -89.574896, 47.980676 ], [ -89.553486, 47.973339 ], [ -89.586394, 47.958782 ] ] ], [ [ [ -89.660115, 47.950785 ], [ -89.661743, 47.954788 ], [ -89.655105, 47.952737 ], [ -89.660115, 47.950785 ] ] ], [ [ [ -91.553193, 47.087631 ], [ -91.551738, 47.090585 ], [ -91.551579, 47.087343 ], [ -91.553193, 47.087631 ] ] ], [ [ [ -97.239209, 48.968684 ], [ -97.228439, 49.000674 ], [ -95.153711, 48.998903 ], [ -95.153314, 49.384358 ], [ -95.058404, 49.35317 ], [ -94.957465, 49.370186 ], [ -94.816222, 49.320987 ], [ -94.684347, 48.883958 ], [ -94.694347, 48.782184 ], [ -94.645387, 48.744079 ], [ -94.452332, 48.692444 ], [ -94.290737, 48.707747 ], [ -94.224276, 48.649527 ], [ -93.844351, 48.630222 ], [ -93.794454, 48.516021 ], [ -93.467504, 48.545664 ], [ -93.464308, 48.591792 ], [ -93.254854, 48.642784 ], [ -92.954876, 48.631493 ], [ -92.728046, 48.53929 ], [ -92.634931, 48.542873 ], [ -92.627237, 48.503383 ], [ -92.698824, 48.494892 ], [ -92.712562, 48.463013 ], [ -92.656027, 48.436709 ], [ -92.507285, 48.447875 ], [ -92.456325, 48.414204 ], [ -92.469948, 48.351836 ], [ -92.369174, 48.220268 ], [ -92.269742, 48.248241 ], [ -92.306309, 48.316442 ], [ -92.26228, 48.354933 ], [ -92.055228, 48.359213 ], [ -92.000133, 48.321355 ], [ -92.006577, 48.265421 ], [ -91.957798, 48.232989 ], [ -91.714931, 48.19913 ], [ -91.711986, 48.114713 ], [ -91.559272, 48.108268 ], [ -91.567254, 48.043719 ], [ -91.26638, 48.078713 ], [ -90.88548, 48.245784 ], [ -90.839176, 48.239511 ], [ -90.836313, 48.176963 ], [ -90.777917, 48.163801 ], [ -90.79797, 48.136894 ], [ -90.751608, 48.090968 ], [ -90.579897, 48.123922 ], [ -90.556838, 48.096008 ], [ -90.374542, 48.090942 ], [ -90.136191, 48.112136 ], [ -90.023595, 48.084708 ], [ -89.99305, 48.028404 ], [ -89.897414, 47.987599 ], [ -89.763967, 48.022969 ], [ -89.493977, 48.00471 ], [ -89.624529, 47.99466 ], [ -89.638285, 47.954275 ], [ -89.681371, 47.963642 ], [ -89.838767, 47.876396 ], [ -90.52678, 47.706479 ], [ -90.777003, 47.60623 ], [ -91.045646, 47.456525 ], [ -91.461481, 47.135178 ], [ -91.573817, 47.089917 ], [ -91.780665, 46.943314 ], [ -92.09429, 46.788416 ], [ -92.01529, 46.706469 ], [ -92.11659, 46.74864 ], [ -92.204691, 46.704041 ], [ -92.176091, 46.686341 ], [ -92.207092, 46.651941 ], [ -92.291292, 46.668142 ], [ -92.294033, 46.074377 ], [ -92.35176, 46.015685 ], [ -92.428555, 46.024241 ], [ -92.469354, 45.973811 ], [ -92.527052, 45.983245 ], [ -92.707702, 45.894901 ], [ -92.784621, 45.764196 ], [ -92.869193, 45.717568 ], [ -92.883749, 45.575483 ], [ -92.770223, 45.566939 ], [ -92.646602, 45.441635 ], [ -92.650422, 45.398507 ], [ -92.761868, 45.287013 ], [ -92.739584, 45.115598 ], [ -92.803079, 45.060978 ], [ -92.76206, 45.02432 ], [ -92.750645, 44.937299 ], [ -92.807317, 44.750364 ], [ -92.54806, 44.567792 ], [ -92.336114, 44.554004 ], [ -92.232472, 44.445434 ], [ -91.970266, 44.365842 ], [ -91.918625, 44.322671 ], [ -91.875158, 44.200575 ], [ -91.59207, 44.031372 ], [ -91.432522, 43.996827 ], [ -91.244135, 43.774667 ], [ -91.268748, 43.615348 ], [ -91.231865, 43.581822 ], [ -91.217706, 43.50055 ], [ -96.45326, 43.50039 ], [ -96.453067, 45.298115 ], [ -96.521787, 45.375645 ], [ -96.692541, 45.417338 ], [ -96.857751, 45.605962 ], [ -96.835769, 45.649648 ], [ -96.662595, 45.738682 ], [ -96.583085, 45.820024 ], [ -96.554507, 46.083978 ], [ -96.592682, 46.175211 ], [ -96.599761, 46.330386 ], [ -96.721897, 46.440077 ], [ -96.741887, 46.56423 ], [ -96.797941, 46.629113 ], [ -96.775686, 46.766043 ], [ -96.802544, 46.811521 ], [ -96.753257, 46.924563 ], [ -96.791758, 46.928465 ], [ -96.839548, 47.006728 ], [ -96.812726, 47.038271 ], [ -96.841101, 47.151401 ], [ -96.821555, 47.184314 ], [ -96.844711, 47.192902 ], [ -96.8288, 47.328138 ], [ -96.858211, 47.367602 ], [ -96.837444, 47.389274 ], [ -96.871663, 47.419392 ], [ -96.851051, 47.59794 ], [ -96.935174, 47.767466 ], [ -96.991007, 47.807672 ], [ -96.974184, 47.822978 ], [ -97.023156, 47.873978 ], [ -97.072257, 48.048068 ], [ -97.146667, 48.143203 ], [ -97.12102, 48.159086 ], [ -97.146331, 48.168583 ], [ -97.138953, 48.217075 ], [ -97.117838, 48.209764 ], [ -97.135056, 48.220648 ], [ -97.151746, 48.218932 ], [ -97.120749, 48.225826 ], [ -97.145112, 48.267743 ], [ -97.112231, 48.296472 ], [ -97.156276, 48.366198 ], [ -97.133377, 48.382026 ], [ -97.16329, 48.391987 ], [ -97.122453, 48.418276 ], [ -97.150542, 48.441203 ], [ -97.128115, 48.473596 ], [ -97.162668, 48.477783 ], [ -97.126864, 48.519758 ], [ -97.175329, 48.562461 ], [ -97.090328, 48.684512 ], [ -97.18123, 48.79789 ], [ -97.157546, 48.808704 ], [ -97.190313, 48.815714 ], [ -97.17779, 48.875312 ], [ -97.239209, 48.968684 ] ] ] ] } },
{ "type": "Feature", "properties": { "STATEFP": "38", "STUSPS": "ND", "NAME": "North Dakota", "subject_count_strict": 23560.973185130359, "subject_count_permissive": 23089.753721427747, "loss_exposure_strict": 10994.0, "burden_index_centered": -0.0019984537900467189, "subject_rate": 0.051432111620383733, "expansion": true, "partial_expansion": false, "subject_via_waiver": false, "waiver_listed": false, "loss_quantified": true, "already_work_conditional": false, "waiver_note": "", "hardship_exception_status": "no_qualifying_counties" }, "geometry": { "type": "Polygon", "coordinates": [ [ [ -104.045443, 45.94531 ], [ -104.048736, 48.999877 ], [ -97.228722, 49.000562 ], [ -97.234054, 48.947611 ], [ -97.17779, 48.875312 ], [ -97.190313, 48.815714 ], [ -97.15876, 48.810931 ], [ -97.18123, 48.79789 ], [ -97.090328, 48.684512 ], [ -97.175329, 48.562461 ], [ -97.126864, 48.519758 ], [ -97.162668, 48.477783 ], [ -97.128115, 48.473596 ], [ -97.150542, 48.441203 ], [ -97.122453, 48.418276 ], [ -97.16329, 48.391987 ], [ -97.133377, 48.382026 ], [ -97.156276, 48.366198 ], [ -97.112231, 48.296472 ], [ -97.145112, 48.267743 ], [ -97.120749, 48.225826 ], [ -97.137191, 48.226951 ], [ -97.151746, 48.218932 ], [ -97.135056, 48.220648 ], [ -97.117838, 48.209764 ], [ -97.138953, 48.217075 ], [ -97.146331, 48.168583 ], [ -97.12102, 48.159086 ], [ -97.146667, 48.143203 ], [ -97.072257, 48.048068 ], [ -97.023156, 47.873978 ], [ -96.974184, 47.822978 ], [ -96.991007, 47.807672 ], [ -96.935174, 47.767466 ], [ -96.851051, 47.59794 ], [ -96.871663, 47.419392 ], [ -96.837444, 47.389274 ], [ -96.858211, 47.367602 ], [ -96.8288, 47.328138 ], [ -96.844711, 47.192902 ], [ -96.821555, 47.184314 ], [ -96.841101, 47.151401 ], [ -96.812726, 47.038271 ], [ -96.839548, 47.006728 ], [ -96.791758, 46.928465 ], [ -96.753257, 46.924563 ], [ -96.802544, 46.811521 ], [ -96.775686, 46.766043 ], [ -96.797941, 46.629113 ], [ -96.741887, 46.56423 ], [ -96.721897, 46.440077 ], [ -96.599761, 46.330386 ], [ -96.592682, 46.175211 ], [ -96.554507, 46.083978 ], [ -96.57794, 46.026874 ], [ -96.562525, 45.937087 ], [ -104.045443, 45.94531 ] ] ] } },
{ "type": "Feature", "properties": { "STATEFP": "19", "STUSPS": "IA", "NAME": "Iowa", "subject_count_strict": 167799.55413303224, "subject_count_permissive": 164443.56305037159, "loss_exposure_strict": 74447.0, "burden_index_centered": 0.86067642370758879, "subject_rate": 0.090881990468756932, "expansion": true, "partial_expansion": false, "subject_via_waiver": false, "waiver_listed": false, "loss_quantified": true, "already_work_conditional": false, "waiver_note": "", "hardship_exception_status": "not_adopting" }, "geometry": { "type": "Polygon", "coordinates": [ [ [ -96.638358957189595, 42.735496024783998 ], [ -96.526357, 42.891852 ], [ -96.541689, 42.922576 ], [ -96.49167, 43.009707 ], [ -96.518431, 43.042068 ], [ -96.46085, 43.064033 ], [ -96.436589, 43.120842 ], [ -96.475571, 43.221054 ], [ -96.56044, 43.224219 ], [ -96.553217, 43.259141 ], [ -96.58522, 43.268878 ], [ -96.588492, 43.296339 ], [ -96.530392, 43.300034 ], [ -96.521572, 43.38564 ], [ -96.594254, 43.434153 ], [ -96.598928, 43.500457 ], [ -91.217706, 43.50055 ], [ -91.20662, 43.352524 ], [ -91.107237, 43.313645 ], [ -91.057918, 43.255366 ], [ -91.175253, 43.134665 ], [ -91.179457, 43.067427 ], [ -91.14556, 42.90798 ], [ -91.100565, 42.883078 ], [ -91.06468, 42.750914 ], [ -90.949213, 42.685573 ], [ -90.706303, 42.634169 ], [ -90.635983, 42.518712 ], [ -90.654027, 42.478503 ], [ -90.443874, 42.355218 ], [ -90.391108, 42.225473 ], [ -90.167533, 42.122475 ], [ -90.140613, 41.995999 ], [ -90.181973, 41.80707 ], [ -90.310708, 41.742214 ], [ -90.343228, 41.587833 ], [ -90.461432, 41.523533 ], [ -90.591037, 41.512832 ], [ -90.655839, 41.462132 ], [ -91.04589, 41.414085 ], [ -91.113648, 41.241401 ], [ -90.946627, 41.096632 ], [ -90.952233, 40.954047 ], [ -91.092993, 40.821079 ], [ -91.123928, 40.669152 ], [ -91.339719, 40.613488 ], [ -91.405241, 40.554641 ], [ -91.364211, 40.500043 ], [ -91.38836, 40.384929 ], [ -91.482322, 40.382057 ], [ -91.526425, 40.413404 ], [ -91.52509, 40.457845 ], [ -91.574746, 40.465664 ], [ -91.620071, 40.540817 ], [ -91.6887, 40.55739 ], [ -91.729115, 40.61364 ], [ -94.294813, 40.571341 ], [ -95.765645, 40.585208 ], [ -95.776251, 40.647463 ], [ -95.888907, 40.731855 ], [ -95.835232, 40.779151 ], [ -95.84859, 40.861061 ], [ -95.809474, 40.891228 ], [ -95.882415, 41.060411 ], [ -95.862587, 41.088399 ], [ -95.883489, 41.154898 ], [ -95.841288, 41.174998 ], [ -95.92599, 41.195698 ], [ -95.927491, 41.298397 ], [ -95.90249, 41.273398 ], [ -95.871489, 41.295797 ], [ -95.956691, 41.345496 ], [ -95.922529, 41.455766 ], [ -96.011757, 41.476212 ], [ -96.005112, 41.54325 ], [ -96.040701, 41.507076 ], [ -96.096586, 41.545397 ], [ -96.081152, 41.577289 ], [ -96.117558, 41.609999 ], [ -96.095046, 41.647365 ], [ -96.121401, 41.688522 ], [ -96.073063, 41.705004 ], [ -96.106425, 41.73789 ], [ -96.064537, 41.793002 ], [ -96.161756, 41.90182 ], [ -96.129505, 41.971673 ], [ -96.186265, 41.977417 ], [ -96.194556, 42.008662 ], [ -96.236487, 41.996428 ], [ -96.223822, 42.033346 ], [ -96.271427, 42.044988 ], [ -96.2689, 42.11359 ], [ -96.349688, 42.172043 ], [ -96.328905, 42.254734 ], [ -96.417786, 42.351449 ], [ -96.386007, 42.474495 ], [ -96.477185, 42.491046 ], [ -96.516338, 42.630435 ], [ -96.638358957189595, 42.735496024783998 ] ] ] } },
{ "type": "Feature", "properties": { "STATEFP": "33", "STUSPS": "NH", "NAME": "New Hampshire", "subject_count_strict": 56968.406994657511, "subject_count_permissive": 55829.038854764352, "loss_exposure_strict": 19301.0, "burden_index_centered": -2.8485203684270601, "subject_rate": 0.067741750091302913, "expansion": true, "partial_expansion": false, "subject_via_waiver": false, "waiver_listed": false, "loss_quantified": true, "already_work_conditional": false, "waiver_note": "", "hardship_exception_status": "adopting" }, "geometry": { "type": "MultiPolygon", "coordinates": [ [ [ [ -70.613986, 42.973349 ], [ -70.614566, 42.978599 ], [ -70.610621, 42.976407 ], [ -70.613986, 42.973349 ] ] ], [ [ [ -70.626131, 42.967704 ], [ -70.62248, 42.968207 ], [ -70.622459, 42.967479 ], [ -70.626131, 42.967704 ] ] ], [ [ [ -70.627759, 42.975383 ], [ -70.626852, 42.978155 ], [ -70.624278, 42.976661 ], [ -70.627759, 42.975383 ] ] ], [ [ [ -72.557247, 42.853019 ], [ -72.532186, 42.954945 ], [ -72.443762, 43.006245 ], [ -72.467363, 43.052648 ], [ -72.432972, 43.119655 ], [ -72.45714, 43.148493 ], [ -72.395462, 43.312994 ], [ -72.415978, 43.376531 ], [ -72.380146, 43.573624 ], [ -72.328514, 43.600805 ], [ -72.299564, 43.706277 ], [ -72.205143, 43.771141 ], [ -72.172714, 43.884254 ], [ -72.091413, 43.965452 ], [ -72.116985, 43.99448 ], [ -72.031841, 44.078542 ], [ -72.065434, 44.277235 ], [ -71.98112, 44.3375 ], [ -71.814351, 44.354541 ], [ -71.793924, 44.399271 ], [ -71.702186, 44.413828 ], [ -71.576765, 44.502618 ], [ -71.596137, 44.560898 ], [ -71.535397, 44.587113 ], [ -71.631883, 44.752463 ], [ -71.49491, 44.904299 ], [ -71.541324, 44.985071 ], [ -71.464555, 45.013637 ], [ -71.501088, 45.013349 ], [ -71.505091, 45.051465 ], [ -71.428828, 45.123881 ], [ -71.39781, 45.203553 ], [ -71.443365, 45.237724 ], [ -71.384917, 45.233351 ], [ -71.284396, 45.302434 ], [ -71.231122, 45.249712 ], [ -71.147906, 45.23928 ], [ -71.083924, 45.305451 ], [ -70.972716, 43.570255 ], [ -70.950838, 43.551026 ], [ -70.987649, 43.389521 ], [ -70.967229, 43.343777 ], [ -70.817865, 43.237911 ], [ -70.8281, 43.129086 ], [ -70.706503, 43.075329 ], [ -70.712085, 43.043725 ], [ -70.817296, 42.87229 ], [ -70.914899, 42.886589 ], [ -71.031201, 42.859089 ], [ -71.064201, 42.806289 ], [ -71.165603, 42.808689 ], [ -71.181803, 42.73759 ], [ -71.245504, 42.742589 ], [ -71.294205, 42.69699 ], [ -72.458519, 42.726853 ], [ -72.516082, 42.765949 ], [ -72.557247, 42.853019 ] ] ] ] } },
{ "type": "Feature", "properties": { "STATEFP": "10", "STUSPS": "DE", "NAME": "Delaware", "subject_count_strict": 63962.705502031138, "subject_count_permissive": 62683.451391990515, "loss_exposure_strict": 19735.0, "burden_index_centered": -1.3381089478635078, "subject_rate": 0.10914420383990324, "expansion": true, "partial_expansion": false, "subject_via_waiver": false, "waiver_listed": false, "loss_quantified": true, "already_work_conditional": false, "waiver_note": "", "hardship_exception_status": "no_qualifying_counties" }, "geometry": { "type": "MultiPolygon", "coordinates": [ [ [ [ -75.565454, 39.509407 ], [ -75.564766, 39.515949 ], [ -75.561325, 39.519471 ], [ -75.565454, 39.509407 ] ] ], [ [ [ -75.562005, 39.605745 ], [ -75.559446, 39.629812 ], [ -75.55617, 39.606386 ], [ -75.562005, 39.605745 ] ] ], [ [ [ -75.572118, 39.58586 ], [ -75.570774, 39.594091 ], [ -75.564883, 39.588983 ], [ -75.572118, 39.58586 ] ] ], [ [ [ -75.69367, 38.46008 ], [ -75.788596, 39.722199 ], [ -75.662822, 39.82115 ], [ -75.539346, 39.838211 ], [ -75.423416, 39.806615 ], [ -75.613153, 39.62096 ], [ -75.563034, 39.56224 ], [ -75.592329, 39.467578 ], [ -75.408996, 39.264133 ], [ -75.402035, 39.066885 ], [ -75.318354, 38.988191 ], [ -75.304078, 38.91316 ], [ -75.159022, 38.790193 ], [ -75.092014, 38.803902 ], [ -75.048939, 38.451263 ], [ -75.69367, 38.46008 ] ] ] ] } },
{ "type": "Feature", "properties": { "STATEFP": "11", "STUSPS": "DC", "NAME": "District of Columbia", "subject_count_strict": 111318.51232793496, "subject_count_permissive": 109092.14208137625, "loss_exposure_strict": 30319.0, "burden_index_centered": -6.4096183663852369, "subject_rate": 0.24351050131838015, "expansion": true, "partial_expansion": false, "subject_via_waiver": false, "waiver_listed": false, "loss_quantified": true, "already_work_conditional": false, "waiver_note": "", "hardship_exception_status": "no_qualifying_counties" }, "geometry": { "type": "Polygon", "coordinates": [ [ [ -77.119759, 38.934343 ], [ -77.040999, 38.99511 ], [ -76.909395, 38.892812 ], [ -77.039006, 38.791645 ], [ -77.040599, 38.871212 ], [ -77.119759, 38.934343 ] ] ] } },
{ "type": "Feature", "properties": { "STATEFP": "09", "STUSPS": "CT", "NAME": "Connecticut", "subject_count_strict": 294652.94880842662, "subject_count_permissive": 288759.88983225805, "loss_exposure_strict": 65488.0, "burden_index_centered": -2.1927574441911073, "subject_rate": 0.13563541381894298, "expansion": true, "partial_expansion": false, "subject_via_waiver": false, "waiver_listed": false, "loss_quantified": true, "already_work_conditional": false, "waiver_note": "", "hardship_exception_status": "adopting" }, "geometry": { "type": "MultiPolygon", "coordinates": [ [ [ [ -72.223899, 41.293464 ], [ -72.225226, 41.295258 ], [ -72.223756, 41.294857 ], [ -72.223899, 41.293464 ] ] ], [ [ [ -72.741058, 41.252691 ], [ -72.75886, 41.253843 ], [ -72.740299, 41.256454 ], [ -72.741058, 41.252691 ] ] ], [ [ [ -72.763115, 41.258037 ], [ -72.762344, 41.260356 ], [ -72.761187, 41.258996 ], [ -72.763115, 41.258037 ] ] ], [ [ [ -73.217629, 41.142354 ], [ -73.214987, 41.144473 ], [ -73.215269, 41.142644 ], [ -73.217629, 41.142354 ] ] ], [ [ [ -73.369775, 41.088802 ], [ -73.353754, 41.087508 ], [ -73.355089, 41.083483 ], [ -73.369775, 41.088802 ] ] ], [ [ [ -73.386178, 41.058391 ], [ -73.388181, 41.073275 ], [ -73.381314, 41.070686 ], [ -73.386178, 41.058391 ] ] ], [ [ [ -73.422165, 41.047562 ], [ -73.404774, 41.06213 ], [ -73.399148, 41.06098 ], [ -73.422165, 41.047562 ] ] ], [ [ [ -73.612528, 40.987474 ], [ -73.609727, 40.990786 ], [ -73.607569, 40.990397 ], [ -73.612528, 40.987474 ] ] ], [ [ [ -73.630081, 40.980144 ], [ -73.62948, 40.983646 ], [ -73.621865, 40.98247 ], [ -73.630081, 40.980144 ] ] ], [ [ [ -73.640819, 40.989236 ], [ -73.638435, 40.994092 ], [ -73.639147, 40.989542 ], [ -73.640819, 40.989236 ] ] ], [ [ [ -73.727775, 41.100696 ], [ -73.482709, 41.21276 ], [ -73.550961, 41.295422 ], [ -73.487314, 42.049638 ], [ -72.813541, 42.036494 ], [ -72.816741, 41.997595 ], [ -72.766739, 42.002995 ], [ -72.755838, 42.036195 ], [ -71.80065, 42.023569 ], [ -71.797683, 41.416709 ], [ -71.842563, 41.409855 ], [ -71.829384, 41.342413 ], [ -71.857458, 41.320789 ], [ -71.945652, 41.337799 ], [ -72.11182, 41.299098 ], [ -72.184122, 41.323997 ], [ -72.205788, 41.285883 ], [ -72.223828, 41.301981 ], [ -72.31776, 41.277782 ], [ -72.350504, 41.31175 ], [ -72.34261, 41.268846 ], [ -72.367617, 41.263529 ], [ -72.665667, 41.270139 ], [ -72.706139, 41.243851 ], [ -72.762057, 41.267686 ], [ -72.894578, 41.242509 ], [ -72.913087, 41.296737 ], [ -73.01455, 41.204735 ], [ -73.082045, 41.192964 ], [ -73.10302, 41.151412 ], [ -73.177774, 41.166697 ], [ -73.65676, 40.987666 ], [ -73.727775, 41.100696 ] ] ] ] } },
{ "type": "Feature", "properties": { "STATEFP": "30", "STUSPS": "MT", "NAME": "Montana", "subject_count_strict": 70455.60719250598, "subject_count_permissive": 69046.495048655866, "loss_exposure_strict": 32016.0, "burden_index_centered": 0.12401711378531478, "subject_rate": 0.1093963219559437, "expansion": true, "partial_expansion": false, "subject_via_waiver": false, "waiver_listed": false, "loss_quantified": true, "already_work_conditional": false, "waiver_note": "", "hardship_exception_status": "adopting" }, "geometry": { "type": "Polygon", "coordinates": [ [ [ -116.049108, 47.976842 ], [ -116.049086, 49.000846 ], [ -104.048736, 48.999877 ], [ -104.039694, 44.99807 ], [ -111.054556, 45.000955 ], [ -111.055782, 44.476798 ], [ -111.227504, 44.577172 ], [ -111.220145, 44.622996 ], [ -111.385106, 44.754898 ], [ -111.414273, 44.710739 ], [ -111.488784, 44.705643 ], [ -111.472255, 44.666896 ], [ -111.516167, 44.644059 ], [ -111.522646, 44.59025 ], [ -111.468269, 44.538976 ], [ -111.701745, 44.559952 ], [ -111.82153, 44.508941 ], [ -111.868756, 44.565834 ], [ -112.106755, 44.520829 ], [ -112.286041, 44.568605 ], [ -112.35421, 44.535638 ], [ -112.387339, 44.447597 ], [ -112.71911, 44.504344 ], [ -112.779844, 44.484613 ], [ -112.839427, 44.425119 ], [ -112.813153, 44.376697 ], [ -112.855086, 44.35997 ], [ -112.889154, 44.405205 ], [ -113.005059, 44.45372 ], [ -113.007952, 44.52718 ], [ -113.087542, 44.59951 ], [ -113.049808, 44.629066 ], [ -113.067761, 44.678786 ], [ -113.131831, 44.773038 ], [ -113.247603, 44.822861 ], [ -113.341822, 44.784944 ], [ -113.377115, 44.834829 ], [ -113.455071, 44.865424 ], [ -113.498373, 44.941685 ], [ -113.444388, 44.958745 ], [ -113.452044, 45.059174 ], [ -113.522502, 45.091736 ], [ -113.510262, 45.115476 ], [ -113.569821, 45.124299 ], [ -113.591911, 45.184187 ], [ -113.692485, 45.26344 ], [ -113.738056, 45.328372 ], [ -113.734402, 45.392353 ], [ -113.776043, 45.408477 ], [ -113.766555, 45.520906 ], [ -113.834459, 45.521092 ], [ -113.807405, 45.602783 ], [ -113.903684, 45.621591 ], [ -113.93526, 45.694341 ], [ -114.015482, 45.695901 ], [ -114.018783, 45.648496 ], [ -114.086584, 45.59118 ], [ -114.192226, 45.537081 ], [ -114.248354, 45.545408 ], [ -114.270449, 45.484423 ], [ -114.329578, 45.459973 ], [ -114.457824, 45.561711 ], [ -114.564974, 45.557807 ], [ -114.538471, 45.605764 ], [ -114.563987, 45.637621 ], [ -114.509065, 45.656806 ], [ -114.495385, 45.703055 ], [ -114.566465, 45.77331 ], [ -114.509303, 45.845531 ], [ -114.410706, 45.851824 ], [ -114.3873, 45.88775 ], [ -114.431396, 45.93604 ], [ -114.411755, 45.97787 ], [ -114.479992, 45.992902 ], [ -114.480505, 46.030424 ], [ -114.507419, 46.031861 ], [ -114.460475, 46.09779 ], [ -114.527096, 46.146218 ], [ -114.444091, 46.169273 ], [ -114.47072, 46.266041 ], [ -114.425441, 46.287856 ], [ -114.422212, 46.387331 ], [ -114.368541, 46.437959 ], [ -114.40255, 46.500207 ], [ -114.342794, 46.518257 ], [ -114.321118, 46.647514 ], [ -114.358528, 46.670697 ], [ -114.467095, 46.631764 ], [ -114.605269, 46.635822 ], [ -114.642246, 46.673618 ], [ -114.621526, 46.707879 ], [ -114.664572, 46.739084 ], [ -114.767272, 46.697195 ], [ -114.784838, 46.780019 ], [ -114.895189, 46.80163 ], [ -114.948039, 46.85964 ], [ -114.925295, 46.918749 ], [ -115.048383, 46.969819 ], [ -115.144341, 47.101977 ], [ -115.300504, 47.188139 ], [ -115.320147, 47.2567 ], [ -115.483637, 47.282134 ], [ -115.577639, 47.367404 ], [ -115.759304, 47.423862 ], [ -115.629974, 47.479633 ], [ -115.686264, 47.48494 ], [ -115.698724, 47.531653 ], [ -115.755663, 47.5483 ], [ -115.68855, 47.594333 ], [ -115.736497, 47.654738 ], [ -115.723803, 47.696096 ], [ -115.831944, 47.755983 ], [ -115.852312, 47.827857 ], [ -116.049108, 47.976842 ] ] ] } },
{ "type": "Feature", "properties": { "STATEFP": "04", "STUSPS": "AZ", "NAME": "Arizona", "subject_count_strict": 476311.0735428686, "subject_count_permissive": 466784.85207201121, "loss_exposure_strict": 156088.0, "burden_index_centered": -0.4098277869513926, "subject_rate": 0.11106747128889104, "expansion": true, "partial_expansion": false, "subject_via_waiver": false, "waiver_listed": false, "loss_quantified": true, "already_work_conditional": false, "waiver_note": "", "hardship_exception_status": "undecided" }, "geometry": { "type": "Polygon", "coordinates": [ [ [ -114.816294, 32.508038 ], [ -114.791551, 32.557023 ], [ -114.813617, 32.561331 ], [ -114.80739, 32.621332 ], [ -114.701918, 32.745548 ], [ -114.539224, 32.749812 ], [ -114.468971, 32.845155 ], [ -114.467664, 32.966861 ], [ -114.511343, 33.023455 ], [ -114.662317, 33.032671 ], [ -114.706488, 33.08816 ], [ -114.672088, 33.258499 ], [ -114.731223, 33.302434 ], [ -114.698035, 33.352442 ], [ -114.725282, 33.405048 ], [ -114.643302, 33.416745 ], [ -114.524599, 33.552231 ], [ -114.531523, 33.675108 ], [ -114.494197, 33.707922 ], [ -114.52805, 33.814963 ], [ -114.50792, 33.903807 ], [ -114.535478, 33.934651 ], [ -114.438266, 34.022609 ], [ -114.415908, 34.107636 ], [ -114.131211, 34.26273 ], [ -114.176909, 34.349306 ], [ -114.386699, 34.457911 ], [ -114.380838, 34.529724 ], [ -114.436466, 34.5954 ], [ -114.470477, 34.711368 ], [ -114.635176, 34.875003 ], [ -114.636893, 35.028367 ], [ -114.602908, 35.068588 ], [ -114.646759, 35.101872 ], [ -114.578263, 35.12881 ], [ -114.569238, 35.18348 ], [ -114.605748, 35.358454 ], [ -114.678715, 35.49875 ], [ -114.653406, 35.610789 ], [ -114.689001, 35.65028 ], [ -114.71211, 35.806185 ], [ -114.706532, 35.849027 ], [ -114.661636, 35.871067 ], [ -114.740595, 35.975656 ], [ -114.722096, 36.028952 ], [ -114.754798, 36.084704 ], [ -114.630474, 36.142218 ], [ -114.443736, 36.125593 ], [ -114.40914, 36.147 ], [ -114.370181, 36.142624 ], [ -114.242139, 36.015187 ], [ -114.145907, 36.027229 ], [ -114.121284, 36.109519 ], [ -114.043944, 36.19335 ], [ -114.0506, 37.000396 ], [ -109.045223, 36.999084 ], [ -109.050044, 31.332502 ], [ -111.074825, 31.332239 ], [ -114.816294, 32.508038 ] ] ] } },
{ "type": "Feature", "properties": { "STATEFP": "31", "STUSPS": "NE", "NAME": "Nebraska", "subject_count_strict": 65179.715313197798, "subject_count_permissive": 63876.121006933849, "loss_exposure_strict": 27375.0, "burden_index_centered": 0.12112902611282654, "subject_rate": 0.057378252520167025, "expansion": true, "partial_expansion": false, "subject_via_waiver": false, "waiver_listed": false, "loss_quantified": true, "already_work_conditional": false, "waiver_note": "", "hardship_exception_status": "adopting" }, "geometry": { "type": "Polygon", "coordinates": [ [ [ -104.053249, 41.001406 ], [ -104.053028, 43.000587 ], [ -98.49855, 42.99856 ], [ -98.444145, 42.929242 ], [ -98.146933, 42.839823 ], [ -98.013046, 42.762299 ], [ -97.936716, 42.775754 ], [ -97.84527, 42.867734 ], [ -97.686506, 42.842435 ], [ -97.306677, 42.867604 ], [ -97.218825, 42.845848 ], [ -97.210126, 42.809296 ], [ -97.131331, 42.771929 ], [ -96.97912, 42.76009 ], [ -96.963531, 42.720643 ], [ -96.906797, 42.7338 ], [ -96.806223, 42.704154 ], [ -96.793238, 42.666024 ], [ -96.691269, 42.6562 ], [ -96.7093, 42.603753 ], [ -96.611489, 42.506088 ], [ -96.548791, 42.520547 ], [ -96.501321, 42.482749 ], [ -96.386007, 42.474495 ], [ -96.417786, 42.351449 ], [ -96.328905, 42.254734 ], [ -96.35987, 42.210545 ], [ -96.347752, 42.166806 ], [ -96.2689, 42.11359 ], [ -96.275548, 42.051976 ], [ -96.221901, 42.029558 ], [ -96.240713, 41.999351 ], [ -96.194556, 42.008662 ], [ -96.186265, 41.977417 ], [ -96.129505, 41.971673 ], [ -96.161756, 41.90182 ], [ -96.064879, 41.79623 ], [ -96.106425, 41.73789 ], [ -96.073063, 41.705004 ], [ -96.121401, 41.688522 ], [ -96.092008, 41.53391 ], [ -96.040701, 41.507076 ], [ -95.999966, 41.53948 ], [ -96.011757, 41.476212 ], [ -95.920281, 41.451566 ], [ -95.956691, 41.345496 ], [ -95.874689, 41.307097 ], [ -95.90249, 41.273398 ], [ -95.927491, 41.298397 ], [ -95.927491, 41.202198 ], [ -95.841288, 41.174998 ], [ -95.883489, 41.154898 ], [ -95.862587, 41.088399 ], [ -95.882415, 41.060411 ], [ -95.809474, 40.891228 ], [ -95.847785, 40.864328 ], [ -95.834156, 40.783016 ], [ -95.885349, 40.721093 ], [ -95.749685, 40.606842 ], [ -95.762857, 40.528371 ], [ -95.655848, 40.546609 ], [ -95.699969, 40.505275 ], [ -95.623728, 40.346567 ], [ -95.657328, 40.310856 ], [ -95.562157, 40.297359 ], [ -95.552473, 40.261904 ], [ -95.477501, 40.24272 ], [ -95.479193, 40.185652 ], [ -95.393347, 40.119212 ], [ -95.413588, 40.038424 ], [ -95.30829, 39.999998 ], [ -102.051744, 40.003078 ], [ -102.051614, 41.002377 ], [ -104.053249, 41.001406 ] ] ] } },
{ "type": "Feature", "properties": { "STATEFP": "53", "STUSPS": "WA", "NAME": "Washington", "subject_count_strict": 559112.64190968475, "subject_count_permissive": 547930.38907149108, "loss_exposure_strict": 138481.0, "burden_index_centered": -1.7082444317217962, "subject_rate": 0.11754773797931466, "expansion": true, "partial_expansion": false, "subject_via_waiver": false, "waiver_listed": false, "loss_quantified": true, "already_work_conditional": false, "waiver_note": "", "hardship_exception_status": "adopting" }, "geometry": { "type": "MultiPolygon", "coordinates": [ [ [ [ -122.326115, 48.010295 ], [ -122.322362, 48.021037 ], [ -122.303455, 48.005603 ], [ -122.326115, 48.010295 ] ] ], [ [ [ -122.489149, 47.529477 ], [ -122.491425, 47.545433 ], [ -122.479523, 47.541862 ], [ -122.489149, 47.529477 ] ] ], [ [ [ -122.526031, 47.358906 ], [ -122.508963, 47.461112 ], [ -122.457246, 47.505848 ], [ -122.437653, 47.407425 ], [ -122.373627, 47.388718 ], [ -122.457497, 47.342567 ], [ -122.4745, 47.359134 ], [ -122.433143, 47.388107 ], [ -122.460001, 47.401622 ], [ -122.493126, 47.330254 ], [ -122.526031, 47.358906 ] ] ], [ [ [ -122.527478, 48.359724 ], [ -122.530215, 48.365745 ], [ -122.524454, 48.362367 ], [ -122.527478, 48.359724 ] ] ], [ [ [ -122.550663, 48.521488 ], [ -122.544893, 48.525889 ], [ -122.545369, 48.520623 ], [ -122.550663, 48.521488 ] ] ], [ [ [ -122.555001, 48.534704 ], [ -122.5581, 48.537101 ], [ -122.554403, 48.536904 ], [ -122.555001, 48.534704 ] ] ], [ [ [ -122.570167, 48.535842 ], [ -122.568628, 48.537964 ], [ -122.566789, 48.536058 ], [ -122.570167, 48.535842 ] ] ], [ [ [ -122.56229, 48.397925 ], [ -122.575339, 48.400973 ], [ -122.560128, 48.402709 ], [ -122.56229, 48.397925 ] ] ], [ [ [ -122.579484, 48.411785 ], [ -122.577929, 48.415203 ], [ -122.576927, 48.414871 ], [ -122.579484, 48.411785 ] ] ], [ [ [ -122.590841, 47.663261 ], [ -122.552848, 47.720757 ], [ -122.511196, 47.708715 ], [ -122.51828, 47.652053 ], [ -122.489131, 47.633184 ], [ -122.525852, 47.619213 ], [ -122.480278, 47.583268 ], [ -122.573312, 47.594583 ], [ -122.590841, 47.663261 ] ] ], [ [ [ -122.583824, 48.645237 ], [ -122.583824, 48.659988 ], [ -122.577637, 48.647617 ], [ -122.583824, 48.645237 ] ] ], [ [ [ -122.606115, 48.605885 ], [ -122.601722, 48.614027 ], [ -122.59848, 48.607674 ], [ -122.606115, 48.605885 ] ] ], [ [ [ -122.613368, 48.57913 ], [ -122.612893, 48.582747 ], [ -122.609328, 48.58086 ], [ -122.613368, 48.57913 ] ] ], [ [ [ -122.630388, 47.153543 ], [ -122.635884, 47.163959 ], [ -122.63113, 47.167675 ], [ -122.630388, 47.153543 ] ] ], [ [ [ -122.650446, 48.712299 ], [ -122.614125, 48.715105 ], [ -122.605906, 48.699732 ], [ -122.6224, 48.693946 ], [ -122.650446, 48.712299 ] ] ], [ [ [ -122.640414, 48.52586 ], [ -122.642597, 48.588339 ], [ -122.572967, 48.529028 ], [ -122.640414, 48.52586 ] ] ], [ [ [ -122.669635, 47.276474 ], [ -122.62812, 47.267475 ], [ -122.590487, 47.227752 ], [ -122.614236, 47.220872 ], [ -122.669635, 47.276474 ] ] ], [ [ [ -122.699266, 48.621115 ], [ -122.674173, 48.629944 ], [ -122.657016, 48.609891 ], [ -122.676796, 48.610055 ], [ -122.699266, 48.621115 ] ] ], [ [ [ -122.70569, 48.459176 ], [ -122.699646, 48.469727 ], [ -122.694874, 48.462436 ], [ -122.70569, 48.459176 ] ] ], [ [ [ -122.690941, 48.472776 ], [ -122.709153, 48.484065 ], [ -122.686098, 48.486901 ], [ -122.690941, 48.472776 ] ] ], [ [ [ -122.718833, 48.716818 ], [ -122.687524, 48.734721 ], [ -122.608572, 48.640448 ], [ -122.718833, 48.716818 ] ] ], [ [ [ -122.726868, 47.207394 ], [ -122.685226, 47.232376 ], [ -122.6418, 47.205013 ], [ -122.677716, 47.1911 ], [ -122.726868, 47.207394 ] ] ], [ [ [ -122.740482, 48.584986 ], [ -122.711054, 48.609313 ], [ -122.66823, 48.566434 ], [ -122.722407, 48.540606 ], [ -122.740482, 48.584986 ] ] ], [ [ [ -122.741737, 47.155045 ], [ -122.706713, 47.187385 ], [ -122.673927, 47.174675 ], [ -122.694748, 47.125896 ], [ -122.741737, 47.155045 ] ] ], [ [ [ -122.764344, 48.695658 ], [ -122.759597, 48.695669 ], [ -122.760764, 48.694282 ], [ -122.764344, 48.695658 ] ] ], [ [ [ -122.769939, 48.227548 ], [ -122.664659, 48.401508 ], [ -122.596732, 48.405626 ], [ -122.597119, 48.355661 ], [ -122.505828, 48.297677 ], [ -122.558436, 48.272166 ], [ -122.618466, 48.294159 ], [ -122.631107, 48.267138 ], [ -122.642991, 48.288809 ], [ -122.658678, 48.244509 ], [ -122.732358, 48.226144 ], [ -122.606406, 48.208262 ], [ -122.541525, 48.017745 ], [ -122.509652, 48.039756 ], [ -122.525422, 48.096537 ], [ -122.376259, 48.034457 ], [ -122.349597, 47.958796 ], [ -122.3773, 47.905941 ], [ -122.431035, 47.914732 ], [ -122.47266, 47.988449 ], [ -122.546824, 47.967215 ], [ -122.542924, 47.996404 ], [ -122.607342, 48.030992 ], [ -122.612713, 48.155903 ], [ -122.679556, 48.155113 ], [ -122.769939, 48.227548 ] ] ], [ [ [ -122.774811, 48.696424 ], [ -122.775931, 48.702619 ], [ -122.774511, 48.703022 ], [ -122.774811, 48.696424 ] ] ], [ [ [ -122.815406, 48.589938 ], [ -122.814835, 48.600028 ], [ -122.804573, 48.597782 ], [ -122.815406, 48.589938 ] ] ], [ [ [ -122.831083, 48.572526 ], [ -122.81088, 48.588879 ], [ -122.76902, 48.55928 ], [ -122.807686, 48.531322 ], [ -122.831083, 48.572526 ] ] ], [ [ [ -122.834109, 47.256797 ], [ -122.840051, 47.268088 ], [ -122.825315, 47.270507 ], [ -122.834109, 47.256797 ] ] ], [ [ [ -122.842016, 48.316905 ], [ -122.842532, 48.321315 ], [ -122.83818, 48.319671 ], [ -122.842016, 48.316905 ] ] ], [ [ [ -122.834351, 48.743516 ], [ -122.840666, 48.749522 ], [ -122.828128, 48.745278 ], [ -122.834351, 48.743516 ] ] ], [ [ [ -122.918449, 48.766968 ], [ -122.898695, 48.76992 ], [ -122.889414, 48.767295 ], [ -122.912271, 48.762356 ], [ -122.883391, 48.752118 ], [ -122.912161, 48.750582 ], [ -122.918449, 48.766968 ] ] ], [ [ [ -122.935287, 48.121304 ], [ -122.927773, 48.132773 ], [ -122.909602, 48.126554 ], [ -122.935287, 48.121304 ] ] ], [ [ [ -122.945733, 48.477767 ], [ -122.884679, 48.573155 ], [ -122.841774, 48.539955 ], [ -122.873271, 48.505959 ], [ -122.849265, 48.447187 ], [ -122.837013, 48.516758 ], [ -122.769405, 48.5121 ], [ -122.816197, 48.487785 ], [ -122.812622, 48.420982 ], [ -122.895309, 48.420982 ], [ -122.8621, 48.439619 ], [ -122.926247, 48.437046 ], [ -122.945733, 48.477767 ] ] ], [ [ [ -122.970363, 48.786363 ], [ -122.944623, 48.786731 ], [ -122.941597, 48.784175 ], [ -122.948013, 48.781059 ], [ -122.970363, 48.786363 ] ] ], [ [ [ -123.017432, 48.590141 ], [ -122.966576, 48.594673 ], [ -122.902802, 48.578502 ], [ -122.948259, 48.546885 ], [ -123.017432, 48.590141 ] ] ], [ [ [ -123.015554, 48.602809 ], [ -123.017182, 48.606287 ], [ -123.015053, 48.606825 ], [ -123.015554, 48.602809 ] ] ], [ [ [ -123.025006, 48.594074 ], [ -123.019185, 48.597428 ], [ -123.018371, 48.59482 ], [ -123.025006, 48.594074 ] ] ], [ [ [ -123.030342, 48.62989 ], [ -122.95182, 48.712219 ], [ -122.741478, 48.660347 ], [ -122.829784, 48.601202 ], [ -122.885036, 48.690024 ], [ -122.918073, 48.689553 ], [ -122.861877, 48.612282 ], [ -122.884155, 48.588721 ], [ -122.947546, 48.59721 ], [ -122.983911, 48.642147 ], [ -122.971228, 48.603816 ], [ -123.003876, 48.592966 ], [ -123.030342, 48.62989 ] ] ], [ [ [ -123.033332, 48.590803 ], [ -123.032143, 48.593164 ], [ -123.028637, 48.592956 ], [ -123.033332, 48.590803 ] ] ], [ [ [ -123.038416, 48.731574 ], [ -123.032104, 48.733098 ], [ -123.031804, 48.732124 ], [ -123.038416, 48.731574 ] ] ], [ [ [ -123.050439, 48.611927 ], [ -123.042471, 48.618693 ], [ -123.038623, 48.610489 ], [ -123.050439, 48.611927 ] ] ], [ [ [ -123.067931, 48.7003 ], [ -123.009787, 48.722291 ], [ -123.004708, 48.69779 ], [ -123.042337, 48.675663 ], [ -123.067931, 48.7003 ] ] ], [ [ [ -123.086878, 48.645237 ], [ -123.078388, 48.649606 ], [ -123.076962, 48.647722 ], [ -123.086878, 48.645237 ] ] ], [ [ [ -123.090546, 49.001976 ], [ -123.035393, 49.002154 ], [ -123.021459, 48.977299 ], [ -123.084006, 48.971455 ], [ -123.090546, 49.001976 ] ] ], [ [ [ -123.131391, 48.648507 ], [ -123.128043, 48.650745 ], [ -123.123548, 48.647722 ], [ -123.131391, 48.648507 ] ] ], [ [ [ -123.151831, 48.63877 ], [ -123.14993, 48.64144 ], [ -123.147316, 48.638456 ], [ -123.151831, 48.63877 ] ] ], [ [ [ -123.163582, 48.649189 ], [ -123.127831, 48.643688 ], [ -123.105148, 48.633377 ], [ -123.138145, 48.638535 ], [ -123.163582, 48.649189 ] ] ], [ [ [ -123.203309, 48.595549 ], [ -123.105301, 48.622643 ], [ -122.969769, 48.536106 ], [ -123.020632, 48.500998 ], [ -122.960975, 48.451207 ], [ -123.13298, 48.498309 ], [ -123.203309, 48.595549 ] ] ], [ [ [ -123.236061, 48.684988 ], [ -123.183205, 48.684297 ], [ -123.127487, 48.65675 ], [ -123.182823, 48.657436 ], [ -123.236061, 48.684988 ] ] ], [ [ [ -123.860529, 46.95606 ], [ -123.864807, 46.965144 ], [ -123.853398, 46.958656 ], [ -123.860529, 46.95606 ] ] ], [ [ [ -124.483785, 47.672079 ], [ -124.485092, 47.67752 ], [ -124.480653, 47.679802 ], [ -124.483785, 47.672079 ] ] ], [ [ [ -124.508051, 47.797461 ], [ -124.507153, 47.799173 ], [ -124.504365, 47.796941 ], [ -124.508051, 47.797461 ] ] ], [ [ [ -124.599356, 48.376827 ], [ -124.599356, 48.38551 ], [ -124.592939, 48.377933 ], [ -124.599356, 48.376827 ] ] ], [ [ [ -124.65164, 47.905282 ], [ -124.645704, 47.907375 ], [ -124.645942, 47.904189 ], [ -124.65164, 47.905282 ] ] ], [ [ [ -124.732755385025001, 48.165328947686803 ], [ -124.65894, 48.331057 ], [ -124.731828, 48.381157 ], [ -124.676262, 48.391371 ], [ -123.981032, 48.164761 ], [ -123.709459, 48.167581 ], [ -123.332699, 48.11297 ], [ -123.239129, 48.118217 ], [ -123.144783, 48.175943 ], [ -123.101892, 48.184952 ], [ -123.142142, 48.157068 ], [ -123.058922, 48.113976 ], [ -123.020631, 48.032712 ], [ -122.997082, 48.023962 ], [ -123.021548, 48.084075 ], [ -122.916303, 48.09542 ], [ -122.927353, 48.064529 ], [ -122.858429, 48.017675 ], [ -122.884588, 47.989746 ], [ -122.839457, 48.001768 ], [ -122.826878, 48.046138 ], [ -122.88919, 48.077073 ], [ -122.884935, 48.105114 ], [ -122.754509, 48.144344 ], [ -122.748911, 48.117026 ], [ -122.801399, 48.087561 ], [ -122.739869, 48.031181 ], [ -122.748345, 48.072097 ], [ -122.68756, 48.101272 ], [ -122.670562, 48.017619 ], [ -122.730967, 48.021308 ], [ -122.6788, 47.96793 ], [ -122.69922, 47.918703 ], [ -122.657722, 47.931156 ], [ -122.610341, 47.887343 ], [ -122.69376, 47.868002 ], [ -122.687342, 47.831003 ], [ -122.748815, 47.801697 ], [ -122.784885, 47.687334 ], [ -122.833277, 47.692481 ], [ -122.797625, 47.825897 ], [ -122.82068, 47.838023 ], [ -122.841808, 47.779035 ], [ -122.864651, 47.804669 ], [ -122.851137, 47.738545 ], [ -122.882714, 47.731183 ], [ -122.904106, 47.645584 ], [ -122.981589, 47.613068 ], [ -123.114356, 47.463311 ], [ -123.15958, 47.354391 ], [ -123.030266, 47.350949 ], [ -122.874586, 47.413874 ], [ -123.029553, 47.358839 ], [ -123.119681, 47.385532 ], [ -122.965118, 47.585245 ], [ -122.752471, 47.667811 ], [ -122.714786, 47.767512 ], [ -122.573672, 47.857582 ], [ -122.617022, 47.938987 ], [ -122.525329, 47.912336 ], [ -122.471844, 47.749819 ], [ -122.554454, 47.745704 ], [ -122.587847, 47.69119 ], [ -122.612713, 47.711872 ], [ -122.631103, 47.707339 ], [ -122.59171, 47.594591 ], [ -122.69845, 47.52669 ], [ -122.554985, 47.589969 ], [ -122.547269, 47.523562 ], [ -122.495315, 47.51102 ], [ -122.575985, 47.32642 ], [ -122.547521, 47.285344 ], [ -122.585826, 47.253852 ], [ -122.592436, 47.272023 ], [ -122.695827, 47.281376 ], [ -122.626187, 47.375618 ], [ -122.683943, 47.365155 ], [ -122.752044, 47.290617 ], [ -122.718882, 47.226525 ], [ -122.771619, 47.167109 ], [ -122.832799, 47.243412 ], [ -122.769063, 47.340535 ], [ -122.82666, 47.405807 ], [ -122.819781, 47.327801 ], [ -122.871472, 47.276861 ], [ -122.839243, 47.209698 ], [ -122.847803, 47.130605 ], [ -122.829878, 47.116816 ], [ -122.815187, 47.179102 ], [ -122.78626, 47.127074 ], [ -122.713173, 47.093479 ], [ -122.590829, 47.178107 ], [ -122.529689, 47.283311 ], [ -122.547408, 47.317734 ], [ -122.436756, 47.261862 ], [ -122.409199, 47.288556 ], [ -122.444635, 47.300421 ], [ -122.429972, 47.319658 ], [ -122.324833, 47.348521 ], [ -122.421139, 47.57602 ], [ -122.339513, 47.599113 ], [ -122.436941, 47.661719 ], [ -122.37644, 47.716519 ], [ -122.395637, 47.806808 ], [ -122.33595, 47.852306 ], [ -122.307048, 47.949117 ], [ -122.230046, 47.970917 ], [ -122.218982, 48.020276 ], [ -122.361649, 48.120176 ], [ -122.383911, 48.227486 ], [ -122.449605, 48.232598 ], [ -122.479008, 48.175703 ], [ -122.358963, 48.054851 ], [ -122.510562, 48.132207 ], [ -122.530996, 48.249821 ], [ -122.397028, 48.253178 ], [ -122.37174, 48.299251 ], [ -122.533954, 48.375812 ], [ -122.571534, 48.418758 ], [ -122.550383, 48.448448 ], [ -122.618597, 48.412649 ], [ -122.674158, 48.424726 ], [ -122.654444, 48.457558 ], [ -122.668272, 48.486271 ], [ -122.702919, 48.492011 ], [ -122.684521, 48.509123 ], [ -122.599951, 48.520946 ], [ -122.580568, 48.463738 ], [ -122.558702, 48.499817 ], [ -122.524969, 48.458311 ], [ -122.470224, 48.468775 ], [ -122.504428, 48.564775 ], [ -122.560841, 48.581646 ], [ -122.468859, 48.557269 ], [ -122.425271, 48.599522 ], [ -122.509935, 48.664369 ], [ -122.491201, 48.683591 ], [ -122.519247, 48.71716 ], [ -122.490401, 48.751128 ], [ -122.535803, 48.776128 ], [ -122.608139, 48.762773 ], [ -122.651872, 48.715906 ], [ -122.673472, 48.733082 ], [ -122.646777, 48.785011 ], [ -122.710273, 48.787018 ], [ -122.717073, 48.84719 ], [ -122.793175, 48.892927 ], [ -122.749202, 48.934818 ], [ -122.821631, 48.941369 ], [ -122.75802, 49.002357 ], [ -117.032351, 48.999188 ], [ -117.034696, 46.418318 ], [ -117.062748, 46.353624 ], [ -116.986688, 46.296662 ], [ -116.965841, 46.203417 ], [ -116.92187, 46.167808 ], [ -116.982479, 46.089389 ], [ -116.915989, 45.995413 ], [ -118.987129, 45.999855 ], [ -119.12612, 45.932859 ], [ -119.600549, 45.919581 ], [ -119.669877, 45.856867 ], [ -119.965744, 45.824365 ], [ -120.210754, 45.725951 ], [ -120.482362, 45.694449 ], [ -120.634968, 45.745847 ], [ -120.895575, 45.642945 ], [ -121.06437, 45.652549 ], [ -121.145534, 45.607886 ], [ -121.196556, 45.616689 ], [ -121.215779, 45.671238 ], [ -121.533106, 45.726541 ], [ -121.867167, 45.693277 ], [ -121.983038, 45.622812 ], [ -122.266701, 45.543841 ], [ -122.675008, 45.618039 ], [ -122.774511, 45.680437 ], [ -122.761451, 45.759163 ], [ -122.795605, 45.81 ], [ -122.813998, 45.960984 ], [ -122.904119, 46.083734 ], [ -123.004233, 46.133823 ], [ -123.166414, 46.188973 ], [ -123.280166, 46.144843 ], [ -123.371433, 46.146372 ], [ -123.430987, 46.181571 ], [ -123.427629, 46.229348 ], [ -123.474844, 46.267831 ], [ -123.669501, 46.266832 ], [ -123.700729, 46.304603 ], [ -123.875525, 46.239787 ], [ -124.001264, 46.31326 ], [ -124.077768, 46.272324 ], [ -124.064341, 46.641256 ], [ -124.035307, 46.635951 ], [ -124.052367, 46.620025 ], [ -124.023566, 46.582559 ], [ -124.015258, 46.378681 ], [ -123.953699, 46.378845 ], [ -123.99268, 46.488617 ], [ -123.942528, 46.46519 ], [ -123.893292, 46.53961 ], [ -123.960642, 46.636364 ], [ -123.936111, 46.627025 ], [ -123.923269, 46.672708 ], [ -123.829356, 46.713356 ], [ -123.88876, 46.750383 ], [ -123.974994, 46.733391 ], [ -123.973663, 46.703353 ], [ -124.092176, 46.741624 ], [ -124.138225, 46.905534 ], [ -124.092961, 46.901655 ], [ -124.073113, 46.861493 ], [ -123.985082, 46.921916 ], [ -123.8389, 46.953951 ], [ -123.859103, 46.967577 ], [ -124.012218, 46.985176 ], [ -124.026345, 47.030187 ], [ -124.122057, 47.04165 ], [ -124.151288, 47.021112 ], [ -124.106243, 46.937551 ], [ -124.173877, 46.927235 ], [ -124.209017, 47.218151 ], [ -124.236349, 47.287287 ], [ -124.319379, 47.355559 ], [ -124.425195, 47.738434 ], [ -124.480041, 47.7673 ], [ -124.489737, 47.816988 ], [ -124.641426, 47.907853 ], [ -124.676178, 47.967032 ], [ -124.687101, 48.098657 ], [ -124.732755385025001, 48.165328947686803 ] ] ], [ [ [ -124.74648, 48.39135 ], [ -124.737211, 48.395611 ], [ -124.732219, 48.390876 ], [ -124.74648, 48.39135 ] ] ], [ [ [ -124.748621, 48.154882 ], [ -124.751412, 48.160563 ], [ -124.745468, 48.155539 ], [ -124.748621, 48.154882 ] ] ], [ [ [ -124.76235, 48.175598 ], [ -124.755674, 48.175564 ], [ -124.755212, 48.174194 ], [ -124.76235, 48.175598 ] ] ] ] } },
{ "type": "Feature", "properties": { "STATEFP": "48", "STUSPS": "TX", "NAME": "Texas", "subject_count_strict": 0.0, "subject_count_permissive": 0.0, "loss_exposure_strict": 0.0, "burden_index_centered": 0.0, "subject_rate": 0.0, "expansion": false, "partial_expansion": false, "subject_via_waiver": false, "waiver_listed": false, "loss_quantified": true, "already_work_conditional": false, "waiver_note": "", "hardship_exception_status": "non_expansion" }, "geometry": { "type": "MultiPolygon", "coordinates": [ [ [ [ -94.716185, 29.727775 ], [ -94.716514, 29.733515 ], [ -94.714443, 29.732992 ], [ -94.716185, 29.727775 ] ] ], [ [ [ -94.823264, 29.323918 ], [ -94.810522, 29.352129 ], [ -94.781204, 29.332472 ], [ -94.798427, 29.312416 ], [ -94.823264, 29.323918 ] ] ], [ [ [ -94.824248, 29.348919 ], [ -94.82097, 29.352668 ], [ -94.819946, 29.350169 ], [ -94.824248, 29.348919 ] ] ], [ [ [ -94.91382, 29.269922 ], [ -94.909186, 29.273964 ], [ -94.909186, 29.269818 ], [ -94.91382, 29.269922 ] ] ], [ [ [ -94.916827, 29.567643 ], [ -94.91956, 29.588313 ], [ -94.907439, 29.571364 ], [ -94.916827, 29.567643 ] ] ], [ [ [ -94.924391, 29.281615 ], [ -94.922707, 29.28844 ], [ -94.919664, 29.286816 ], [ -94.924391, 29.281615 ] ] ], [ [ [ -94.978386, 29.683654 ], [ -94.947725, 29.670231 ], [ -94.944754, 29.613009 ], [ -94.953344, 29.618709 ], [ -94.978386, 29.683654 ] ] ], [ [ [ -94.979574, 29.688299 ], [ -94.975177, 29.693977 ], [ -94.973751, 29.689125 ], [ -94.979574, 29.688299 ] ] ], [ [ [ -95.110619, 29.086682 ], [ -94.874366, 29.289927 ], [ -94.726172, 29.332517 ], [ -95.110619, 29.086682 ] ] ], [ [ [ -97.108982, 27.892017 ], [ -97.102921, 27.90336 ], [ -97.097217, 27.903465 ], [ -97.108982, 27.892017 ] ] ], [ [ [ -97.125738, 27.907456 ], [ -97.125025, 27.912917 ], [ -97.122054, 27.911341 ], [ -97.125738, 27.907456 ] ] ], [ [ [ -97.127046, 27.841063 ], [ -97.078917, 27.917014 ], [ -97.056336, 27.905565 ], [ -97.060971, 27.846317 ], [ -97.127046, 27.841063 ] ] ], [ [ [ -97.118287, 27.88562 ], [ -97.113415, 27.892132 ], [ -97.110206, 27.889191 ], [ -97.118287, 27.88562 ] ] ], [ [ [ -97.129696, 27.897489 ], [ -97.128864, 27.905051 ], [ -97.127081, 27.904 ], [ -97.129696, 27.897489 ] ] ], [ [ [ -97.143362, 27.84948 ], [ -97.138728, 27.855784 ], [ -97.13742, 27.849375 ], [ -97.143362, 27.84948 ] ] ], [ [ [ -97.145383, 27.876586 ], [ -97.14467, 27.880893 ], [ -97.142055, 27.881103 ], [ -97.145383, 27.876586 ] ] ], [ [ [ -97.147657, 27.8161 ], [ -97.153359, 27.821892 ], [ -97.142876, 27.820424 ], [ -97.147657, 27.8161 ] ] ], [ [ [ -97.168421, 27.754425 ], [ -97.172699, 27.76084 ], [ -97.164855, 27.763994 ], [ -97.168421, 27.754425 ] ] ], [ [ [ -97.187808, 27.812802 ], [ -97.178539, 27.818373 ], [ -97.177469, 27.814589 ], [ -97.187808, 27.812802 ] ] ], [ [ [ -97.207298, 27.807336 ], [ -97.204089, 27.813853 ], [ -97.196365, 27.813959 ], [ -97.207298, 27.807336 ] ] ], [ [ [ -97.233879, 27.828914 ], [ -97.2343, 27.835824 ], [ -97.229997, 27.830039 ], [ -97.233879, 27.828914 ] ] ], [ [ [ -97.231522, 27.640894 ], [ -97.237366, 27.686951 ], [ -97.215538, 27.682827 ], [ -97.231522, 27.640894 ] ] ], [ [ [ -97.254893, 26.415222 ], [ -97.252398, 26.426503 ], [ -97.251685, 26.415222 ], [ -97.254893, 26.415222 ] ] ], [ [ [ -97.245089, 27.840968 ], [ -97.252213, 27.871223 ], [ -97.238995, 27.839804 ], [ -97.245089, 27.840968 ] ] ], [ [ [ -97.313999, 27.497514 ], [ -97.313881, 27.50542 ], [ -97.311266, 27.507001 ], [ -97.313999, 27.497514 ] ] ], [ [ [ -97.316733, 27.477905 ], [ -97.313524, 27.490451 ], [ -97.304492, 27.495511 ], [ -97.316733, 27.477905 ] ] ], [ [ [ -97.325911, 26.560805 ], [ -97.27188, 26.559943 ], [ -97.192867, 26.29 ], [ -97.153712, 26.067582 ], [ -97.257144, 26.500287 ], [ -97.325911, 26.560805 ] ] ], [ [ [ -97.398388, 26.867894 ], [ -97.361821, 27.35906 ], [ -97.240081, 27.633309 ], [ -97.210728, 27.624149 ], [ -97.121479, 27.785129 ], [ -97.135383, 27.824549 ], [ -97.05683, 27.841994 ], [ -97.275067, 27.475417 ], [ -97.365386, 27.199887 ], [ -97.370855, 26.910857 ], [ -97.278769, 26.564641 ], [ -97.310048, 26.566509 ], [ -97.287489, 26.583434 ], [ -97.398388, 26.867894 ] ] ], [ [ [ -97.404335, 27.290205 ], [ -97.402077, 27.310481 ], [ -97.400532, 27.310903 ], [ -97.404335, 27.290205 ] ] ], [ [ [ -97.403859, 27.314916 ], [ -97.402909, 27.323151 ], [ -97.400651, 27.325474 ], [ -97.403859, 27.314916 ] ] ], [ [ [ -97.423106, 26.740715 ], [ -97.412648, 26.751858 ], [ -97.415382, 26.740715 ], [ -97.423106, 26.740715 ] ] ], [ [ [ -106.645479, 31.89867 ], [ -106.611846, 31.920003 ], [ -106.639529, 31.980348 ], [ -106.618486, 32.000495 ], [ -103.064423, 32.000518 ], [ -103.041924, 36.500439 ], [ -100.000406, 36.499702 ], [ -100.000381, 34.560509 ], [ -99.923211, 34.574552 ], [ -99.69497, 34.378333 ], [ -99.600026, 34.374688 ], [ -99.569696, 34.418418 ], [ -99.40296, 34.373481 ], [ -99.36961, 34.458699 ], [ -99.319606, 34.408869 ], [ -99.261321, 34.403499 ], [ -99.274858, 34.384922 ], [ -99.206905, 34.338277 ], [ -99.189511, 34.214312 ], [ -99.043471, 34.198208 ], [ -98.987294, 34.221223 ], [ -98.757037, 34.124633 ], [ -98.599789, 34.160571 ], [ -98.486328, 34.062598 ], [ -98.411587, 34.088057 ], [ -98.365621, 34.156993 ], [ -98.16912, 34.114171 ], [ -98.109462, 34.154111 ], [ -98.089755, 34.128211 ], [ -98.120208, 34.072127 ], [ -98.088203, 34.005481 ], [ -97.94573, 33.989839 ], [ -97.98454, 33.900703 ], [ -97.967777, 33.88243 ], [ -97.834333, 33.857671 ], [ -97.671772, 33.99137 ], [ -97.590422, 33.954104 ], [ -97.581078, 33.899679 ], [ -97.460376, 33.903948 ], [ -97.462857, 33.841772 ], [ -97.426493, 33.819398 ], [ -97.365507, 33.823763 ], [ -97.332457, 33.884253 ], [ -97.328729, 33.855434 ], [ -97.310143, 33.888532 ], [ -97.256625, 33.863286 ], [ -97.210921, 33.916064 ], [ -97.166629, 33.847311 ], [ -97.203514, 33.821825 ], [ -97.192817, 33.761169 ], [ -97.126102, 33.716941 ], [ -97.086195, 33.743933 ], [ -97.092112, 33.804097 ], [ -97.048146, 33.817456 ], [ -97.089464, 33.849847 ], [ -97.021438, 33.846379 ], [ -96.983835, 33.890949 ], [ -96.981337, 33.956378 ], [ -96.973807, 33.935697 ], [ -96.9163, 33.957798 ], [ -96.875281, 33.860505 ], [ -96.794276, 33.868886 ], [ -96.761588, 33.824406 ], [ -96.699574, 33.839049 ], [ -96.667187, 33.91694 ], [ -96.587934, 33.894784 ], [ -96.62929, 33.845488 ], [ -96.526655, 33.820891 ], [ -96.500268, 33.772583 ], [ -96.422643, 33.776041 ], [ -96.348306, 33.686379 ], [ -96.293708, 33.769409 ], [ -96.178059, 33.760518 ], [ -96.14807, 33.837799 ], [ -96.019599, 33.840566 ], [ -96.003406, 33.872344 ], [ -95.984253, 33.852664 ], [ -95.929561, 33.885 ], [ -95.837516, 33.83564 ], [ -95.805149, 33.861304 ], [ -95.770556, 33.845269 ], [ -95.756367, 33.892625 ], [ -95.629055, 33.90587 ], [ -95.593827, 33.943031 ], [ -95.554478, 33.928072 ], [ -95.545197, 33.880294 ], [ -95.289302, 33.873103 ], [ -95.217633, 33.962646 ], [ -95.1247, 33.934675 ], [ -95.122038, 33.904795 ], [ -95.082387, 33.921758 ], [ -95.089607, 33.880857 ], [ -95.06569, 33.915966 ], [ -95.046568, 33.862565 ], [ -94.968895, 33.860916 ], [ -94.860687, 33.741945 ], [ -94.76444, 33.760178 ], [ -94.788251, 33.735316 ], [ -94.735178, 33.726616 ], [ -94.735856, 33.691625 ], [ -94.732309, 33.715987 ], [ -94.701729, 33.703413 ], [ -94.716188, 33.687902 ], [ -94.644322, 33.701666 ], [ -94.655891, 33.660166 ], [ -94.587072, 33.68582 ], [ -94.560339, 33.666591 ], [ -94.59083, 33.645563 ], [ -94.546366, 33.659161 ], [ -94.569523, 33.627832 ], [ -94.521837, 33.640728 ], [ -94.527376, 33.615833 ], [ -94.448637, 33.642766 ], [ -94.471974, 33.602665 ], [ -94.412175, 33.568691 ], [ -94.382887, 33.583268 ], [ -94.386086, 33.544923 ], [ -94.309582, 33.551673 ], [ -94.287025, 33.58241 ], [ -94.275601, 33.557964 ], [ -94.242777, 33.589709 ], [ -94.250197, 33.556765 ], [ -94.196395, 33.555123 ], [ -94.217198, 33.580737 ], [ -94.183913, 33.594682 ], [ -94.128658, 33.550952 ], [ -94.056598, 33.567825 ], [ -94.041833, 31.992402 ], [ -93.926654, 31.888255 ], [ -93.897412, 31.894436 ], [ -93.873253, 31.814886 ], [ -93.823443, 31.775098 ], [ -93.836103, 31.748521 ], [ -93.794548, 31.702076 ], [ -93.834924, 31.586211 ], [ -93.787687, 31.527344 ], [ -93.711581, 31.512789 ], [ -93.749476, 31.46869 ], [ -93.703934, 31.455493 ], [ -93.670108, 31.3657 ], [ -93.639257, 31.371535 ], [ -93.68688, 31.305166 ], [ -93.620343, 31.271025 ], [ -93.588503, 31.165581 ], [ -93.533307, 31.184463 ], [ -93.563472, 31.093989 ], [ -93.50846, 31.029441 ], [ -93.578207, 30.999995 ], [ -93.526013, 30.937535 ], [ -93.57408, 30.884529 ], [ -93.554645, 30.823249 ], [ -93.614448, 30.75987 ], [ -93.629904, 30.67994 ], [ -93.6831, 30.640763 ], [ -93.678662, 30.594097 ], [ -93.740253, 30.539569 ], [ -93.6978, 30.440583 ], [ -93.757654, 30.390423 ], [ -93.765822, 30.333318 ], [ -93.704584, 30.289949 ], [ -93.717839, 30.193999 ], [ -93.688552, 30.140374 ], [ -93.734085, 30.08613 ], [ -93.699396, 30.05925 ], [ -93.927992, 29.80964 ], [ -93.837725, 29.679024 ], [ -94.095762, 29.660524 ], [ -94.596186, 29.467912 ], [ -94.778691, 29.361483 ], [ -94.774338, 29.399226 ], [ -94.676654, 29.473479 ], [ -94.606562, 29.482786 ], [ -94.568973, 29.53018 ], [ -94.493282, 29.513569 ], [ -94.470702, 29.556582 ], [ -94.521532, 29.540816 ], [ -94.560965, 29.574434 ], [ -94.778992, 29.530157 ], [ -94.689367, 29.693255 ], [ -94.726247, 29.795108 ], [ -94.815219, 29.758478 ], [ -94.901037, 29.657589 ], [ -94.942681, 29.697778 ], [ -95.016505, 29.706873 ], [ -94.982783, 29.681898 ], [ -95.015636, 29.639457 ], [ -94.982706, 29.601344 ], [ -95.02099, 29.551527 ], [ -94.909465, 29.496838 ], [ -94.951849, 29.467527 ], [ -94.892027, 29.433681 ], [ -94.889815, 29.378196 ], [ -94.864366, 29.370511 ], [ -94.906596, 29.35598 ], [ -94.900035, 29.302364 ], [ -94.941977, 29.313478 ], [ -95.042163, 29.206874 ], [ -95.103762, 29.175409 ], [ -95.156967, 29.195046 ], [ -95.167068, 29.113057 ], [ -95.123837, 29.07064 ], [ -95.383683, 28.87 ], [ -96.342483, 28.418716 ], [ -96.442849, 28.317666 ], [ -96.812889, 28.094381 ], [ -97.04608, 27.839539 ], [ -97.045723, 27.889969 ], [ -96.997028, 27.940376 ], [ -97.035748, 27.940428 ], [ -96.989982, 27.949134 ], [ -96.880061, 28.131072 ], [ -96.825585, 28.112161 ], [ -96.816957, 28.17508 ], [ -96.720379, 28.186001 ], [ -96.603639, 28.292554 ], [ -96.440591, 28.34298 ], [ -96.438689, 28.368812 ], [ -96.471252, 28.367557 ], [ -96.416348, 28.413871 ], [ -96.573097, 28.358773 ], [ -96.620396, 28.30396 ], [ -96.665198, 28.30961 ], [ -96.705247, 28.348811 ], [ -96.706171, 28.404596 ], [ -96.815055, 28.475209 ], [ -96.828722, 28.459956 ], [ -96.764786, 28.412826 ], [ -96.85962, 28.413348 ], [ -96.791881, 28.360341 ], [ -96.809573, 28.290287 ], [ -96.785226, 28.22954 ], [ -96.913051, 28.120445 ], [ -96.90718, 28.146917 ], [ -96.931554, 28.123893 ], [ -96.967384, 28.123249 ], [ -96.918006, 28.269373 ], [ -96.968513, 28.21996 ], [ -96.945934, 28.196501 ], [ -96.979684, 28.125361 ], [ -97.025384, 28.14963 ], [ -97.016731, 28.203332 ], [ -97.22283, 28.077348 ], [ -97.121935, 28.020922 ], [ -97.105892, 28.038021 ], [ -97.135246, 28.04788 ], [ -97.024962, 28.113307 ], [ -97.0252, 28.032147 ], [ -97.075077, 27.919354 ], [ -97.07964, 27.975539 ], [ -97.201044, 27.821279 ], [ -97.224886, 27.826676 ], [ -97.22085, 27.850262 ], [ -97.263566, 27.880815 ], [ -97.354949, 27.851081 ], [ -97.337784, 27.883624 ], [ -97.516622, 27.871425 ], [ -97.472073, 27.824154 ], [ -97.378864, 27.835919 ], [ -97.393291, 27.782905 ], [ -97.368355, 27.741683 ], [ -97.343679, 27.724023 ], [ -97.253051, 27.69754 ], [ -97.243544, 27.689227 ], [ -97.322191, 27.569058 ], [ -97.414436, 27.321568 ], [ -97.508304, 27.275014 ], [ -97.544437, 27.284175 ], [ -97.481462, 27.340465 ], [ -97.493583, 27.390597 ], [ -97.613017, 27.285241 ], [ -97.708802, 27.385638 ], [ -97.654877, 27.305103 ], [ -97.740114, 27.267542 ], [ -97.647343, 27.276359 ], [ -97.631123, 27.24223 ], [ -97.54291, 27.229213 ], [ -97.422593, 27.262045 ], [ -97.441565, 27.163833 ], [ -97.417925, 27.070913 ], [ -97.439163, 27.070705 ], [ -97.4569, 26.882577 ], [ -97.410223, 26.874354 ], [ -97.4576, 26.872897 ], [ -97.460284, 26.847287 ], [ -97.412674, 26.817402 ], [ -97.478605, 26.806675 ], [ -97.445708, 26.609362 ], [ -97.413112, 26.481197 ], [ -97.38055, 26.480559 ], [ -97.2812, 26.280513 ], [ -97.324339, 26.277316 ], [ -97.299858, 26.267406 ], [ -97.316733, 26.224025 ], [ -97.282753, 26.11909 ], [ -97.312538, 26.120344 ], [ -97.189693, 26.071582 ], [ -97.195675, 26.046559 ], [ -97.149662, 26.064136 ], [ -97.149372, 25.953359 ], [ -97.284446, 25.959156 ], [ -97.277163, 25.935438 ], [ -97.348274, 25.931143 ], [ -97.375118, 25.907196 ], [ -97.3641, 25.850034 ], [ -97.40525, 25.837728 ], [ -97.582338, 25.932683 ], [ -97.567646, 25.95183 ], [ -97.662728, 26.038078 ], [ -97.738217, 26.021982 ], [ -97.861273, 26.069927 ], [ -98.028759, 26.06647 ], [ -98.073242, 26.036481 ], [ -98.080495, 26.070932 ], [ -98.193985, 26.053324 ], [ -98.286476, 26.102292 ], [ -98.266258, 26.120722 ], [ -98.306515, 26.10429 ], [ -98.334725, 26.165559 ], [ -98.387206, 26.15832 ], [ -98.443406, 26.223653 ], [ -98.48274, 26.201644 ], [ -98.587545, 26.257816 ], [ -98.669397, 26.23632 ], [ -98.807348, 26.369421 ], [ -98.896734, 26.35333 ], [ -98.926863, 26.394471 ], [ -98.942152, 26.369687 ], [ -99.03172, 26.412964 ], [ -99.085126, 26.398782 ], [ -99.113546, 26.43253 ], [ -99.105031, 26.500335 ], [ -99.170704, 26.540316 ], [ -99.208907, 26.724761 ], [ -99.268613, 26.843213 ], [ -99.446086, 27.023338 ], [ -99.441549, 27.24992 ], [ -99.537771, 27.316073 ], [ -99.504837, 27.338289 ], [ -99.479251, 27.478635 ], [ -99.52832, 27.498896 ], [ -99.512219, 27.568094 ], [ -99.596231, 27.639858 ], [ -99.711511, 27.658365 ], [ -99.813086, 27.773952 ], [ -99.876553, 27.797359 ], [ -99.931812, 27.980967 ], [ -99.991447, 27.99456 ], [ -100.083393, 28.144035 ], [ -100.208059, 28.190383 ], [ -100.220284, 28.23221 ], [ -100.291397, 28.275397 ], [ -100.368288, 28.477196 ], [ -100.333814, 28.499252 ], [ -100.38886, 28.515748 ], [ -100.398385, 28.584884 ], [ -100.500354, 28.66196 ], [ -100.53583, 28.805888 ], [ -100.640568, 28.914212 ], [ -100.674656, 29.099777 ], [ -100.772649, 29.168492 ], [ -100.81478, 29.263724 ], [ -101.010614, 29.368669 ], [ -101.060151, 29.458661 ], [ -101.254895, 29.520342 ], [ -101.250383, 29.624171 ], [ -101.305533, 29.577925 ], [ -101.302371, 29.649994 ], [ -101.361312, 29.650063 ], [ -101.415584, 29.746534 ], [ -101.400884, 29.770069 ], [ -101.445477, 29.749397 ], [ -101.461639, 29.789834 ], [ -101.535847, 29.758934 ], [ -101.544392, 29.811856 ], [ -101.574945, 29.769854 ], [ -101.646418, 29.754304 ], [ -101.807536, 29.781373 ], [ -101.818275, 29.811621 ], [ -101.824101, 29.787152 ], [ -101.850958, 29.807881 ], [ -101.929323, 29.782576 ], [ -101.976632, 29.815992 ], [ -102.073646, 29.786926 ], [ -102.315389, 29.87992 ], [ -102.364542, 29.845387 ], [ -102.388323, 29.761266 ], [ -102.487252, 29.786585 ], [ -102.548261, 29.744596 ], [ -102.567663, 29.771463 ], [ -102.630151, 29.734315 ], [ -102.673997, 29.744574 ], [ -102.808692, 29.522319 ], [ -102.833261, 29.410976 ], [ -102.812666, 29.400173 ], [ -102.884364, 29.347729 ], [ -102.906296, 29.260011 ], [ -102.868468, 29.222879 ], [ -102.996319, 29.178265 ], [ -103.03603, 29.098736 ], [ -103.100134, 29.060675 ], [ -103.115328, 28.98527 ], [ -103.283457, 28.976945 ], [ -103.330871, 29.042959 ], [ -103.386505, 29.021648 ], [ -103.470107, 29.066194 ], [ -103.552572, 29.157335 ], [ -103.717757, 29.180563 ], [ -103.758549, 29.232939 ], [ -103.776698, 29.220054 ], [ -103.784047, 29.265467 ], [ -104.038282, 29.320156 ], [ -104.167443, 29.394744 ], [ -104.212997, 29.48413 ], [ -104.338113, 29.519967 ], [ -104.509025, 29.633282 ], [ -104.565688, 29.770462 ], [ -104.683245, 29.929451 ], [ -104.705967, 30.235001 ], [ -104.859521, 30.390413 ], [ -104.866758, 30.495036 ], [ -104.922935, 30.603848 ], [ -104.972071, 30.61026 ], [ -105.006222, 30.685599 ], [ -105.061577, 30.685743 ], [ -105.215017, 30.805893 ], [ -105.257941, 30.794708 ], [ -105.400462, 30.852617 ], [ -105.399866, 30.889074 ], [ -105.55743, 30.990229 ], [ -105.604467, 31.083744 ], [ -105.773257, 31.166897 ], [ -105.953786, 31.364749 ], [ -106.206544, 31.466199 ], [ -106.381039, 31.73211 ], [ -106.51006, 31.761258 ], [ -106.602727, 31.825024 ], [ -106.645479, 31.89867 ] ] ] ] } },
{ "type": "Feature", "properties": { "STATEFP": "39", "STUSPS": "OH", "NAME": "Ohio", "subject_count_strict": 659491.16212263587, "subject_count_permissive": 646301.33888018306, "loss_exposure_strict": 224750.0, "burden_index_centered": 0.54772419585533505, "subject_rate": 0.095521082034827037, "expansion": true, "partial_expansion": false, "subject_via_waiver": false, "waiver_listed": false, "loss_quantified": true, "already_work_conditional": false, "waiver_note": "", "hardship_exception_status": "adopting" }, "geometry": { "type": "MultiPolygon", "coordinates": [ [ [ [ -82.734466, 41.60351 ], [ -82.718025, 41.619418 ], [ -82.673579, 41.62322 ], [ -82.688695, 41.586538 ], [ -82.734466, 41.60351 ] ] ], [ [ [ -82.734841, 41.490552 ], [ -82.73218, 41.502857 ], [ -82.727337, 41.502115 ], [ -82.734841, 41.490552 ] ] ], [ [ [ -82.785513, 41.677017 ], [ -82.785454, 41.679015 ], [ -82.78387, 41.678605 ], [ -82.785513, 41.677017 ] ] ], [ [ [ -82.789847, 41.693116 ], [ -82.783958, 41.697292 ], [ -82.780404, 41.696776 ], [ -82.789847, 41.693116 ] ] ], [ [ [ -82.822281, 41.657208 ], [ -82.821533, 41.659324 ], [ -82.819527, 41.658545 ], [ -82.822281, 41.657208 ] ] ], [ [ [ -82.813661, 41.67135 ], [ -82.803337, 41.689244 ], [ -82.805511, 41.672337 ], [ -82.813661, 41.67135 ] ] ], [ [ [ -82.829721, 41.69088 ], [ -82.826111, 41.693487 ], [ -82.822779, 41.691863 ], [ -82.829721, 41.69088 ] ] ], [ [ [ -82.834135, 41.590248 ], [ -82.830852, 41.592134 ], [ -82.830317, 41.591232 ], [ -82.834135, 41.590248 ] ] ], [ [ [ -82.82321, 41.707758 ], [ -82.820409, 41.724549 ], [ -82.809316, 41.70884 ], [ -82.82321, 41.707758 ] ] ], [ [ [ -82.835026, 41.629815 ], [ -82.834092, 41.657121 ], [ -82.814387, 41.65423 ], [ -82.793708, 41.664798 ], [ -82.835026, 41.629815 ] ] ], [ [ [ -82.848819, 41.677115 ], [ -82.854679, 41.682179 ], [ -82.844473, 41.678829 ], [ -82.848819, 41.677115 ] ] ], [ [ [ -82.868085, 41.644963 ], [ -82.863588, 41.646893 ], [ -82.862832, 41.64554 ], [ -82.868085, 41.644963 ] ] ], [ [ [ -83.106084, 41.736861 ], [ -83.105569, 41.74251 ], [ -83.102088, 41.741803 ], [ -83.106084, 41.736861 ] ] ], [ [ [ -83.438416, 41.694319 ], [ -83.427607, 41.711745 ], [ -83.42128, 41.703376 ], [ -83.438416, 41.694319 ] ] ], [ [ [ -83.460788, 41.701259 ], [ -83.449343, 41.710499 ], [ -83.446868, 41.706991 ], [ -83.460788, 41.701259 ] ] ], [ [ [ -84.820149014293705, 39.112006932724903 ], [ -84.805972, 41.696118 ], [ -83.455401, 41.732843 ], [ -83.480213, 41.682079 ], [ -83.335869, 41.705491 ], [ -83.086046, 41.606425 ], [ -82.957009, 41.520321 ], [ -82.877224, 41.527598 ], [ -82.839622, 41.586658 ], [ -82.785496, 41.540675 ], [ -82.711584, 41.536317 ], [ -82.715518, 41.498819 ], [ -82.723574, 41.51428 ], [ -82.806027, 41.506566 ], [ -83.039776, 41.464058 ], [ -83.009432, 41.428481 ], [ -82.976617, 41.453612 ], [ -82.922813, 41.418849 ], [ -82.811714, 41.475339 ], [ -82.766317, 41.445771 ], [ -82.673781, 41.45347 ], [ -82.686934, 41.491398 ], [ -82.625488, 41.423068 ], [ -82.481214, 41.381342 ], [ -82.012398, 41.515513 ], [ -81.738755, 41.48855 ], [ -81.283818, 41.76205 ], [ -80.519408, 41.977164 ], [ -80.518991, 40.638801 ], [ -80.627171, 40.619936 ], [ -80.667957, 40.582496 ], [ -80.595494, 40.475266 ], [ -80.633596, 40.390467 ], [ -80.599895, 40.317669 ], [ -80.738604, 40.075672 ], [ -80.756432, 39.91393 ], [ -80.806018, 39.91713 ], [ -80.790761, 39.86728 ], [ -80.869092, 39.766364 ], [ -80.831871, 39.705655 ], [ -80.863698, 39.691724 ], [ -80.88036, 39.620706 ], [ -80.970436, 39.590127 ], [ -81.217315, 39.38759 ], [ -81.375961, 39.341697 ], [ -81.456143, 39.409274 ], [ -81.557547, 39.338774 ], [ -81.570247, 39.267675 ], [ -81.689483, 39.266043 ], [ -81.692395, 39.226443 ], [ -81.755754, 39.180976 ], [ -81.745453, 39.098078 ], [ -81.813855, 39.079278 ], [ -81.764253, 39.015279 ], [ -81.762659, 38.924121 ], [ -81.827354, 38.945898 ], [ -81.898541, 38.874582 ], [ -81.928, 38.893492 ], [ -81.89847, 38.929603 ], [ -81.933186, 38.987659 ], [ -82.037749, 39.023865 ], [ -82.143167, 38.898079 ], [ -82.144867, 38.84048 ], [ -82.221566, 38.787187 ], [ -82.177267, 38.603784 ], [ -82.291271, 38.578983 ], [ -82.330335, 38.4445 ], [ -82.578999, 38.407783 ], [ -82.696621, 38.542112 ], [ -82.844306, 38.590862 ], [ -82.889193, 38.756076 ], [ -83.030702, 38.72572 ], [ -83.153783, 38.618827 ], [ -83.245664, 38.628564 ], [ -83.301951, 38.598178 ], [ -83.356445, 38.654009 ], [ -83.520953, 38.703045 ], [ -83.626922, 38.679387 ], [ -83.671443, 38.627381 ], [ -83.769347, 38.65522 ], [ -83.873168, 38.762418 ], [ -84.212904, 38.805707 ], [ -84.304698, 39.006455 ], [ -84.42573, 39.053059 ], [ -84.455342, 39.12036 ], [ -84.607928, 39.073238 ], [ -84.744149, 39.147458 ], [ -84.820149014293705, 39.112006932724903 ] ] ] ] } },
{ "type": "Feature", "properties": { "STATEFP": "55", "STUSPS": "WI", "NAME": "Wisconsin", "subject_count_strict": 121154.66846207998, "subject_count_permissive": 118731.57509283838, "loss_exposure_strict": 43256.0, "burden_index_centered": 0.41569877393710514, "subject_rate": 0.034853564847810284, "expansion": false, "partial_expansion": false, "subject_via_waiver": true, "waiver_listed": true, "loss_quantified": true, "already_work_conditional": false, "waiver_note": "BadgerCare Plus childless adults (Section 1115 waiver, ≤100% FPL)", "hardship_exception_status": "non_expansion" }, "geometry": { "type": "MultiPolygon", "coordinates": [ [ [ [ -86.829559, 45.40592 ], [ -86.810055, 45.422619 ], [ -86.805415, 45.407324 ], [ -86.829559, 45.40592 ] ] ], [ [ [ -86.956198, 45.352006 ], [ -86.937393, 45.420966 ], [ -86.837854, 45.393715 ], [ -86.869041, 45.333223 ], [ -86.903169, 45.333112 ], [ -86.897074, 45.296061 ], [ -86.956198, 45.352006 ] ] ], [ [ [ -86.957222, 45.304756 ], [ -86.947601, 45.312321 ], [ -86.94416, 45.300632 ], [ -86.957222, 45.304756 ] ] ], [ [ [ -87.212057, 45.176991 ], [ -87.207121, 45.179995 ], [ -87.207244, 45.177638 ], [ -87.212057, 45.176991 ] ] ], [ [ [ -87.263652, 45.157083 ], [ -87.264726, 45.161297 ], [ -87.262224, 45.160801 ], [ -87.263652, 45.157083 ] ] ], [ [ [ -87.332633, 45.160916 ], [ -87.375199, 45.198193 ], [ -87.335066, 45.211254 ], [ -87.332633, 45.160916 ] ] ], [ [ [ -87.49283, 45.055732 ], [ -87.497154, 45.061136 ], [ -87.491799, 45.056571 ], [ -87.49283, 45.055732 ] ] ], [ [ [ -87.981261, 44.586669 ], [ -87.981321, 44.596952 ], [ -87.979122, 44.587008 ], [ -87.981261, 44.586669 ] ] ], [ [ [ -88.000592, 44.610748 ], [ -88.003369, 44.617111 ], [ -87.991538, 44.604907 ], [ -88.000592, 44.610748 ] ] ], [ [ [ -90.465320607664097, 47.0027766442714 ], [ -90.448278, 47.065312 ], [ -90.395067, 47.076957 ], [ -90.410415, 47.016878 ], [ -90.465320607664097, 47.0027766442714 ] ] ], [ [ [ -90.514493, 46.877529 ], [ -90.458535, 46.897322 ], [ -90.448949, 46.896462 ], [ -90.47556, 46.875091 ], [ -90.514493, 46.877529 ] ] ], [ [ [ -90.575506, 47.033864 ], [ -90.546485, 47.017712 ], [ -90.552901, 46.999678 ], [ -90.56357, 46.997156 ], [ -90.575506, 47.033864 ] ] ], [ [ [ -90.584732, 47.062592 ], [ -90.58958, 47.072401 ], [ -90.586517, 47.07568 ], [ -90.584732, 47.062592 ] ] ], [ [ [ -90.617447, 46.989426 ], [ -90.605972, 47.007042 ], [ -90.603172, 46.995373 ], [ -90.617447, 46.989426 ] ] ], [ [ [ -90.641247, 47.025563 ], [ -90.644956, 47.040182 ], [ -90.637101, 47.0364 ], [ -90.641247, 47.025563 ] ] ], [ [ [ -90.654263, 46.92234 ], [ -90.576465, 46.958464 ], [ -90.50863, 46.957688 ], [ -90.539734, 46.910175 ], [ -90.654263, 46.92234 ] ] ], [ [ [ -90.661202, 46.953241 ], [ -90.654922, 46.976933 ], [ -90.634122, 46.979629 ], [ -90.661202, 46.953241 ] ] ], [ [ [ -90.680302, 47.018945 ], [ -90.688679, 47.043222 ], [ -90.648665, 47.053127 ], [ -90.680302, 47.018945 ] ] ], [ [ [ -90.689674, 46.878967 ], [ -90.677906, 46.895858 ], [ -90.667441, 46.891355 ], [ -90.689674, 46.878967 ] ] ], [ [ [ -90.694778, 46.98288 ], [ -90.696564, 47.008461 ], [ -90.669205, 47.00013 ], [ -90.694778, 46.98288 ] ] ], [ [ [ -90.730039, 47.065614 ], [ -90.720772, 47.07329 ], [ -90.721973, 47.063209 ], [ -90.730039, 47.065614 ] ] ], [ [ [ -90.744044, 46.837647 ], [ -90.740499, 46.870075 ], [ -90.72051, 46.865677 ], [ -90.744044, 46.837647 ] ] ], [ [ [ -90.765289, 46.947021 ], [ -90.715645, 46.958363 ], [ -90.688988, 46.917461 ], [ -90.736696, 46.913442 ], [ -90.765289, 46.947021 ] ] ], [ [ [ -90.765908, 47.002076 ], [ -90.75891, 47.034719 ], [ -90.740153, 47.009957 ], [ -90.765908, 47.002076 ] ] ], [ [ [ -90.791562, 46.784983 ], [ -90.616452, 46.874466 ], [ -90.568874, 46.847252 ], [ -90.673847, 46.81967 ], [ -90.657179, 46.7888 ], [ -90.763647, 46.754927 ], [ -90.791562, 46.784983 ] ] ], [ [ [ -90.790781, 46.970426 ], [ -90.79532, 46.980453 ], [ -90.787356, 46.979462 ], [ -90.790781, 46.970426 ] ] ], [ [ [ -90.806147, 46.730252 ], [ -90.784425, 46.729375 ], [ -90.773665, 46.723 ], [ -90.766023, 46.712851 ], [ -90.806147, 46.730252 ] ] ], [ [ [ -90.878591, 46.991318 ], [ -90.851267, 46.985388 ], [ -90.85102, 46.983049 ], [ -90.85968, 46.976395 ], [ -90.878591, 46.991318 ] ] ], [ [ [ -90.983106713136607, 46.982171139227297 ], [ -90.937485, 47.003105 ], [ -90.923793, 46.987911 ], [ -90.931956, 46.963117 ], [ -90.983106713136607, 46.982171139227297 ] ] ], [ [ [ -91.038007, 46.941858 ], [ -91.034224, 46.945249 ], [ -91.036829, 46.940823 ], [ -91.038007, 46.941858 ] ] ], [ [ [ -92.881136, 45.573409 ], [ -92.869193, 45.717568 ], [ -92.784621, 45.764196 ], [ -92.712503, 45.891705 ], [ -92.527052, 45.983245 ], [ -92.469354, 45.973811 ], [ -92.428555, 46.024241 ], [ -92.35176, 46.015685 ], [ -92.294033, 46.074377 ], [ -92.291292, 46.668142 ], [ -92.207092, 46.651941 ], [ -92.176091, 46.686341 ], [ -92.204691, 46.704041 ], [ -92.10819, 46.74914 ], [ -91.952588, 46.680871 ], [ -91.790132, 46.694675 ], [ -91.3726, 46.792719 ], [ -91.186561, 46.885732 ], [ -91.204439, 46.858816 ], [ -91.178292, 46.844259 ], [ -91.140165, 46.873201 ], [ -91.10549, 46.85762 ], [ -90.968419, 46.94391 ], [ -90.855874, 46.962232 ], [ -90.751031, 46.887963 ], [ -90.885021, 46.756341 ], [ -90.853829, 46.693457 ], [ -90.911562, 46.663394 ], [ -90.944485, 46.587663 ], [ -90.794775, 46.624941 ], [ -90.74809, 46.669817 ], [ -90.693197, 46.659989 ], [ -90.753426, 46.703825 ], [ -90.558141, 46.586384 ], [ -90.418136, 46.566094 ], [ -90.39332, 46.532615 ], [ -90.331887, 46.553278 ], [ -90.316983, 46.517319 ], [ -90.216594, 46.501759 ], [ -90.120489, 46.336852 ], [ -89.09163, 46.138505 ], [ -88.816026, 46.020586 ], [ -88.679132, 46.013538 ], [ -88.670827, 45.988547 ], [ -88.514601, 46.019926 ], [ -88.326953, 45.955071 ], [ -88.189789, 45.952208 ], [ -88.102908, 45.921869 ], [ -88.101814, 45.883504 ], [ -88.070001, 45.87381 ], [ -88.135067, 45.821694 ], [ -88.103247, 45.791361 ], [ -87.991447, 45.795393 ], [ -87.963452, 45.75822 ], [ -87.877583, 45.754488 ], [ -87.805867, 45.706841 ], [ -87.781007, 45.673934 ], [ -87.824102, 45.647138 ], [ -87.777199, 45.588499 ], [ -87.833591, 45.562529 ], [ -87.792769, 45.499967 ], [ -87.861697, 45.434473 ], [ -87.849322, 45.403872 ], [ -87.888052, 45.354697 ], [ -87.754104, 45.349442 ], [ -87.693956, 45.389893 ], [ -87.657349, 45.368752 ], [ -87.736509, 45.173389 ], [ -87.587389, 45.087084 ], [ -87.63118, 44.984401 ], [ -87.839261, 44.932763 ], [ -87.830968, 44.892567 ], [ -87.982627, 44.721755 ], [ -87.978706, 44.655075 ], [ -87.993898, 44.677201 ], [ -88.014923, 44.585531 ], [ -88.049549, 44.565596 ], [ -88.002431, 44.538662 ], [ -87.929001, 44.535993 ], [ -87.863996, 44.615485 ], [ -87.754229, 44.650583 ], [ -87.610063, 44.838384 ], [ -87.551987, 44.852056 ], [ -87.553743, 44.824498 ], [ -87.503803, 44.854669 ], [ -87.518944, 44.872552 ], [ -87.48561, 44.854562 ], [ -87.433128, 44.892741 ], [ -87.38426, 44.831236 ], [ -87.405005, 44.911806 ], [ -87.321351, 45.038215 ], [ -87.284058, 45.04649 ], [ -87.237678, 45.16817 ], [ -87.178618, 45.148371 ], [ -87.167179, 45.183594 ], [ -87.119972, 45.191103 ], [ -87.067443, 45.29582 ], [ -86.983355, 45.295368 ], [ -86.985406, 45.215792 ], [ -87.039454, 45.227358 ], [ -87.029891, 45.145364 ], [ -87.085017, 45.14495 ], [ -87.048027, 45.087758 ], [ -87.09385, 45.093355 ], [ -87.087188, 45.056055 ], [ -87.123549, 45.067077 ], [ -87.189407, 44.968632 ], [ -87.1717, 44.931476 ], [ -87.215977, 44.906597 ], [ -87.204545, 44.875593 ], [ -87.318539, 44.788504 ], [ -87.468093, 44.551925 ], [ -87.545382, 44.321385 ], [ -87.512903, 44.192808 ], [ -87.648059, 44.103689 ], [ -87.736259, 43.881017 ], [ -87.702685, 43.687596 ], [ -87.790135, 43.563054 ], [ -87.79169, 43.492244 ], [ -87.869599, 43.387191 ], [ -87.911787, 43.250406 ], [ -87.881085, 43.170609 ], [ -87.900485, 43.12591 ], [ -87.863806, 43.070622 ], [ -87.89748, 43.020091 ], [ -87.845018, 42.961132 ], [ -87.824481, 42.834744 ], [ -87.757913, 42.782136 ], [ -87.817125, 42.635452 ], [ -87.802091, 42.492576 ], [ -90.642843, 42.508481 ], [ -90.709204, 42.636078 ], [ -90.949213, 42.685573 ], [ -91.053733, 42.738238 ], [ -91.100565, 42.883078 ], [ -91.14556, 42.90798 ], [ -91.179457, 43.067427 ], [ -91.175253, 43.134665 ], [ -91.057918, 43.255366 ], [ -91.21477, 43.365874 ], [ -91.217353, 43.512474 ], [ -91.273252, 43.666623 ], [ -91.244135, 43.774667 ], [ -91.284138, 43.847065 ], [ -91.43738, 43.999962 ], [ -91.59207, 44.031372 ], [ -91.875158, 44.200575 ], [ -91.918625, 44.322671 ], [ -91.9636, 44.362112 ], [ -92.232472, 44.445434 ], [ -92.336114, 44.554004 ], [ -92.54806, 44.567792 ], [ -92.807317, 44.750364 ], [ -92.750645, 44.937299 ], [ -92.76206, 45.02432 ], [ -92.803079, 45.060978 ], [ -92.739584, 45.115598 ], [ -92.761868, 45.287013 ], [ -92.650422, 45.398507 ], [ -92.646602, 45.441635 ], [ -92.770223, 45.566939 ], [ -92.881136, 45.573409 ] ] ] ] } },
{ "type": "Feature", "properties": { "STATEFP": "41", "STUSPS": "OR", "NAME": "Oregon", "subject_count_strict": 644844.01406479767, "subject_count_permissive": 631947.13378350157, "loss_exposure_strict": 192397.0, "burden_index_centered": -1.1246603995189846, "subject_rate": 0.25331322079242097, "expansion": true, "partial_expansion": false, "subject_via_waiver": false, "waiver_listed": false, "loss_quantified": true, "already_work_conditional": false, "waiver_note": "", "hardship_exception_status": "adopting" }, "geometry": { "type": "MultiPolygon", "coordinates": [ [ [ [ -123.650637, 46.244072 ], [ -123.648969, 46.248461 ], [ -123.64134, 46.247981 ], [ -123.650637, 46.244072 ] ] ], [ [ [ -124.028331, 46.273967 ], [ -124.02402, 46.290834 ], [ -124.008929, 46.26557 ], [ -124.028331, 46.273967 ] ] ], [ [ [ -124.323287, 42.064124 ], [ -124.321769, 42.067305 ], [ -124.321095, 42.065034 ], [ -124.323287, 42.064124 ] ] ], [ [ [ -124.42693, 42.312846 ], [ -124.425349, 42.315299 ], [ -124.425038, 42.312826 ], [ -124.42693, 42.312846 ] ] ], [ [ [ -124.475862, 42.665495 ], [ -124.475545, 42.668554 ], [ -124.474793, 42.666384 ], [ -124.475862, 42.665495 ] ] ], [ [ [ -124.564595, 42.840876 ], [ -124.446875, 43.031808 ], [ -124.38246, 43.270167 ], [ -124.402814, 43.305872 ], [ -124.315012, 43.388389 ], [ -124.232025, 43.562393 ], [ -124.150267, 43.91085 ], [ -124.058281, 44.658866 ], [ -124.074066, 44.798107 ], [ -123.958061, 45.278013 ], [ -123.972899, 45.33689 ], [ -124.007756, 45.336813 ], [ -123.965728, 45.386242 ], [ -123.97865, 45.486854 ], [ -123.937272, 45.656384 ], [ -123.943121, 45.727031 ], [ -123.983029, 45.768044 ], [ -123.962736, 45.869974 ], [ -123.993703, 45.946431 ], [ -123.937471, 45.977306 ], [ -123.92933, 46.041978 ], [ -124.012634, 46.23685 ], [ -123.854801, 46.157342 ], [ -123.864209, 46.189527 ], [ -123.757589, 46.213001 ], [ -123.69343, 46.189812 ], [ -123.501245, 46.271004 ], [ -123.447592, 46.249832 ], [ -123.430987, 46.181571 ], [ -123.371433, 46.146372 ], [ -123.115904, 46.185268 ], [ -122.904119, 46.083734 ], [ -122.813998, 45.960984 ], [ -122.76381, 45.657138 ], [ -122.294901, 45.543541 ], [ -121.983038, 45.622812 ], [ -121.811304, 45.706761 ], [ -121.533106, 45.726541 ], [ -121.423592, 45.69399 ], [ -121.33777, 45.704949 ], [ -121.215779, 45.671238 ], [ -121.167852, 45.606098 ], [ -121.06437, 45.652549 ], [ -120.895575, 45.642945 ], [ -120.634968, 45.745847 ], [ -120.482362, 45.694449 ], [ -120.40396, 45.699249 ], [ -120.210754, 45.725951 ], [ -119.965744, 45.824365 ], [ -119.669877, 45.856867 ], [ -119.600549, 45.919581 ], [ -119.12612, 45.932859 ], [ -118.941242, 46.000574 ], [ -116.915989, 45.995413 ], [ -116.782676, 45.825376 ], [ -116.711822, 45.826267 ], [ -116.665344, 45.781998 ], [ -116.546643, 45.750972 ], [ -116.535396, 45.691734 ], [ -116.463504, 45.615785 ], [ -116.673793, 45.321511 ], [ -116.729607, 45.142091 ], [ -116.847944, 45.022602 ], [ -116.856964, 44.975173 ], [ -116.826271, 44.982493 ], [ -116.852427, 44.887577 ], [ -116.9347, 44.783881 ], [ -117.062273, 44.727143 ], [ -117.149242, 44.536151 ], [ -117.225076, 44.482346 ], [ -117.215072, 44.427162 ], [ -117.242675, 44.396548 ], [ -117.189769, 44.336585 ], [ -117.222647, 44.297578 ], [ -117.198147, 44.273828 ], [ -117.104208, 44.27994 ], [ -117.05303, 44.229076 ], [ -116.975905, 44.242844 ], [ -116.971675, 44.197256 ], [ -116.894083, 44.160191 ], [ -116.977351, 44.085364 ], [ -116.935584, 43.986874 ], [ -116.97618, 43.974719 ], [ -116.958752, 43.923246 ], [ -117.032881, 43.830025 ], [ -117.026197, 41.99989 ], [ -124.211605, 41.99846 ], [ -124.354027, 42.103539 ], [ -124.361009, 42.180752 ], [ -124.414149, 42.252164 ], [ -124.411815, 42.307393 ], [ -124.433063, 42.323976 ], [ -124.401177, 42.627192 ], [ -124.473864, 42.732671 ], [ -124.513663, 42.732949 ], [ -124.564595, 42.840876 ] ] ] ] } },
{ "type": "Feature", "properties": { "STATEFP": "28", "STUSPS": "MS", "NAME": "Mississippi", "subject_count_strict": 0.0, "subject_count_permissive": 0.0, "loss_exposure_strict": 0.0, "burden_index_centered": 0.0, "subject_rate": 0.0, "expansion": false, "partial_expansion": false, "subject_via_waiver": false, "waiver_listed": false, "loss_quantified": true, "already_work_conditional": false, "waiver_note": "", "hardship_exception_status": "non_expansion" }, "geometry": { "type": "MultiPolygon", "coordinates": [ [ [ [ -88.505022, 30.215741 ], [ -88.453444, 30.201236 ], [ -88.413087, 30.206344 ], [ -88.453654, 30.196584 ], [ -88.505022, 30.215741 ] ] ], [ [ [ -88.579509, 30.329866 ], [ -88.570992, 30.341033 ], [ -88.568226, 30.332199 ], [ -88.579509, 30.329866 ] ] ], [ [ [ -88.764524, 30.243752 ], [ -88.715302, 30.252263 ], [ -88.595502, 30.224173 ], [ -88.714941, 30.243721 ], [ -88.764524, 30.243752 ] ] ], [ [ [ -88.866391, 30.381493 ], [ -88.829913, 30.371642 ], [ -88.818817, 30.360924 ], [ -88.866391, 30.381493 ] ] ], [ [ [ -88.897986, 30.229879 ], [ -88.881433, 30.243869 ], [ -88.872771, 30.247767 ], [ -88.897986, 30.229879 ] ] ], [ [ [ -88.959507, 30.208452 ], [ -88.971535, 30.212968 ], [ -88.951881, 30.212781 ], [ -88.959507, 30.208452 ] ] ], [ [ [ -89.131124, 30.23104 ], [ -89.077995, 30.22945 ], [ -89.065713, 30.24569 ], [ -89.085071, 30.213222 ], [ -89.131124, 30.23104 ] ] ], [ [ [ -91.655009, 31.251815 ], [ -91.512085, 31.284177 ], [ -91.578334, 31.399067 ], [ -91.565179, 31.423447 ], [ -91.540647, 31.430758 ], [ -91.515978, 31.370286 ], [ -91.472465, 31.371326 ], [ -91.522536, 31.522078 ], [ -91.443916, 31.542466 ], [ -91.403915, 31.589766 ], [ -91.488618, 31.587466 ], [ -91.512336, 31.634722 ], [ -91.401015, 31.620365 ], [ -91.371804, 31.742948 ], [ -91.263406, 31.754468 ], [ -91.365529, 31.761628 ], [ -91.345714, 31.842861 ], [ -91.293413, 31.86016 ], [ -91.255611, 31.812662 ], [ -91.267712, 31.86266 ], [ -91.18061, 31.917959 ], [ -91.18481, 31.965557 ], [ -91.075908, 32.016828 ], [ -91.16031, 32.070354 ], [ -91.080208, 32.048355 ], [ -91.005006, 32.142852 ], [ -91.058307, 32.180951 ], [ -91.053175, 32.124237 ], [ -91.162822, 32.132694 ], [ -91.164171, 32.196888 ], [ -91.039007, 32.242349 ], [ -90.995159, 32.19212 ], [ -90.979475, 32.293702 ], [ -90.922231, 32.298639 ], [ -90.875631, 32.372434 ], [ -90.912363, 32.339454 ], [ -90.993625, 32.354047 ], [ -90.96959, 32.43949 ], [ -91.052907, 32.438442 ], [ -91.116008, 32.48314 ], [ -91.093741, 32.549128 ], [ -91.038106, 32.49044 ], [ -90.987202, 32.495663 ], [ -91.080398, 32.556442 ], [ -91.010228, 32.601927 ], [ -91.014286, 32.640482 ], [ -91.119854, 32.584795 ], [ -91.153556, 32.626181 ], [ -91.054749, 32.719229 ], [ -91.165328, 32.751301 ], [ -91.145002, 32.84287 ], [ -91.064449, 32.901064 ], [ -91.086802, 32.976266 ], [ -91.135517, 32.979657 ], [ -91.15169, 32.901935 ], [ -91.213972, 32.927198 ], [ -91.120379, 33.05453 ], [ -91.199662, 33.128527 ], [ -91.087651, 33.135398 ], [ -91.10026, 33.219428 ], [ -91.045191, 33.265404 ], [ -91.07853, 33.283306 ], [ -91.100818, 33.238273 ], [ -91.141615, 33.299539 ], [ -91.141793, 33.350076 ], [ -91.058077, 33.446537 ], [ -91.087034, 33.45129 ], [ -91.148816, 33.378765 ], [ -91.20922, 33.40629 ], [ -91.131885, 33.430063 ], [ -91.132152, 33.481558 ], [ -91.171674, 33.496997 ], [ -91.176507, 33.444627 ], [ -91.235181, 33.438972 ], [ -91.1826, 33.499185 ], [ -91.233392, 33.562747 ], [ -91.164855, 33.570175 ], [ -91.12868, 33.608475 ], [ -91.229912, 33.684346 ], [ -91.160367, 33.706602 ], [ -91.091351, 33.657764 ], [ -91.033917, 33.673558 ], [ -91.060529, 33.71513 ], [ -91.148807, 33.73136 ], [ -91.134059, 33.782893 ], [ -91.01837, 33.764131 ], [ -90.988466, 33.78453 ], [ -91.070194, 33.84534 ], [ -91.010194, 33.93159 ], [ -91.087753, 33.959313 ], [ -91.086202, 34.006418 ], [ -90.966173, 33.964663 ], [ -90.988184, 34.019211 ], [ -90.896253, 34.025218 ], [ -90.871083, 34.081177 ], [ -90.958644, 34.135484 ], [ -90.91001, 34.165508 ], [ -90.847168, 34.136884 ], [ -90.807564, 34.161821 ], [ -90.914425, 34.195726 ], [ -90.935548, 34.237847 ], [ -90.847149, 34.20613 ], [ -90.831773, 34.276936 ], [ -90.738025, 34.289279 ], [ -90.764393, 34.363675 ], [ -90.676245, 34.371111 ], [ -90.693129, 34.32257 ], [ -90.669343, 34.31302 ], [ -90.658542, 34.375705 ], [ -90.586232, 34.409172 ], [ -90.592662, 34.490579 ], [ -90.539623, 34.553925 ], [ -90.591144, 34.619204 ], [ -90.570102, 34.693432 ], [ -90.532108, 34.627327 ], [ -90.462816, 34.684074 ], [ -90.571944, 34.712777 ], [ -90.544167, 34.791667 ], [ -90.492777, 34.772499 ], [ -90.524166, 34.731388 ], [ -90.448423, 34.739117 ], [ -90.481264, 34.881066 ], [ -90.436561, 34.882731 ], [ -90.438729, 34.825248 ], [ -90.307384, 34.846195 ], [ -90.317741, 34.871058 ], [ -90.241334, 34.919033 ], [ -90.308361, 34.995694 ], [ -88.200064, 34.995634 ], [ -88.097888, 34.892202 ], [ -88.473227, 31.893856 ], [ -88.394551, 30.350091 ], [ -88.447671, 30.358045 ], [ -88.480117, 30.318345 ], [ -88.612263, 30.373403 ], [ -88.728893, 30.342671 ], [ -88.857786, 30.430188 ], [ -88.859229, 30.390009 ], [ -89.016378, 30.384616 ], [ -89.285744, 30.303097 ], [ -89.268734, 30.340588 ], [ -89.335942, 30.374016 ], [ -89.378257, 30.34333 ], [ -89.332546, 30.337895 ], [ -89.329946, 30.302896 ], [ -89.419348, 30.25432 ], [ -89.458107, 30.177814 ], [ -89.570154, 30.180297 ], [ -89.647178, 30.289367 ], [ -89.629727, 30.339287 ], [ -89.683686, 30.405873 ], [ -89.68341, 30.451793 ], [ -89.803919, 30.549349 ], [ -89.813977, 30.63818 ], [ -89.852263, 30.662934 ], [ -89.729616, 31.003927 ], [ -91.636942, 30.999416 ], [ -91.559907, 31.054119 ], [ -91.626476, 31.119125 ], [ -91.590051, 31.193693 ], [ -91.655009, 31.251815 ] ] ] ] } },
{ "type": "Feature", "properties": { "STATEFP": "37", "STUSPS": "NC", "NAME": "North Carolina", "subject_count_strict": 625855.48050840094, "subject_count_permissive": 613338.37089823291, "loss_exposure_strict": 246538.0, "burden_index_centered": 0.47946396068254576, "subject_rate": 0.097770005829031684, "expansion": true, "partial_expansion": false, "subject_via_waiver": false, "waiver_listed": false, "loss_quantified": true, "already_work_conditional": false, "waiver_note": "", "hardship_exception_status": "adopting" }, "geometry": { "type": "MultiPolygon", "coordinates": [ [ [ [ -75.726807, 35.935844 ], [ -75.64512, 35.905788 ], [ -75.620454, 35.809253 ], [ -75.675054, 35.830204 ], [ -75.663356, 35.869835 ], [ -75.726807, 35.935844 ] ] ], [ [ [ -75.732476, 35.200351 ], [ -75.595463, 35.269255 ], [ -75.521782, 35.271777 ], [ -75.468709, 35.573991 ], [ -75.523446, 35.773568 ], [ -75.460621, 35.576975 ], [ -75.527818, 35.227657 ], [ -75.732476, 35.200351 ] ] ], [ [ [ -76.00292, 35.067932 ], [ -75.982242, 35.120439 ], [ -75.77361, 35.187281 ], [ -76.00292, 35.067932 ] ] ], [ [ [ -76.271213, 35.310305 ], [ -76.274184, 35.330182 ], [ -76.262399, 35.31386 ], [ -76.271213, 35.310305 ] ] ], [ [ [ -76.322627, 34.848099 ], [ -76.075916, 35.069929 ], [ -76.037792, 35.061914 ], [ -76.322627, 34.848099 ] ] ], [ [ [ -76.544002, 34.701246 ], [ -76.538298, 34.711993 ], [ -76.519521, 34.707108 ], [ -76.544002, 34.701246 ] ] ], [ [ [ -76.553628, 34.623165 ], [ -76.532237, 34.61049 ], [ -76.438116, 34.761292 ], [ -76.33753, 34.838813 ], [ -76.53547, 34.591552 ], [ -76.553628, 34.623165 ] ] ], [ [ [ -76.581556, 34.699097 ], [ -76.56064, 34.710039 ], [ -76.525701, 34.685222 ], [ -76.581556, 34.699097 ] ] ], [ [ [ -76.665486, 34.689743 ], [ -76.58928, 34.67197 ], [ -76.530241, 34.643582 ], [ -76.528815, 34.631536 ], [ -76.665486, 34.689743 ] ] ], [ [ [ -77.098513987700102, 34.646888298414503 ], [ -77.014632, 34.676035 ], [ -76.822206, 34.704724 ], [ -76.675701, 34.695658 ], [ -77.098513987700102, 34.646888298414503 ] ] ], [ [ [ -77.169219, 34.622383 ], [ -77.121207, 34.647962 ], [ -77.110369, 34.645146 ], [ -77.169219, 34.622383 ] ] ], [ [ [ -77.226927, 34.596717 ], [ -77.202399, 34.612837 ], [ -77.179487, 34.620427 ], [ -77.226927, 34.596717 ] ] ], [ [ [ -84.321869, 34.988408 ], [ -84.29024, 35.225572 ], [ -84.223718, 35.269078 ], [ -84.188417, 35.239979 ], [ -84.052612, 35.269982 ], [ -84.02141, 35.301383 ], [ -84.023007, 35.411684 ], [ -83.880074, 35.518745 ], [ -83.771736, 35.562118 ], [ -83.498335, 35.562981 ], [ -83.35156, 35.659858 ], [ -83.297154, 35.65775 ], [ -83.251247, 35.719916 ], [ -83.159208, 35.764892 ], [ -83.07403, 35.790016 ], [ -82.992053, 35.773948 ], [ -82.897273, 35.877882 ], [ -82.92001, 35.928422 ], [ -82.874159, 35.952698 ], [ -82.804997, 35.927168 ], [ -82.776001, 36.000103 ], [ -82.637165, 36.065805 ], [ -82.590963, 36.033606 ], [ -82.610889, 35.967409 ], [ -82.557874, 35.953901 ], [ -82.355157, 36.115609 ], [ -82.213852, 36.159112 ], [ -82.147948, 36.149516 ], [ -82.127146, 36.104417 ], [ -82.033141, 36.120422 ], [ -81.908137, 36.302013 ], [ -81.793597, 36.362209 ], [ -81.707438, 36.335171 ], [ -81.741995, 36.41096 ], [ -81.695311, 36.467912 ], [ -81.707963, 36.536209 ], [ -81.677535, 36.588117 ], [ -80.122183, 36.542646 ], [ -75.867647, 36.550412 ], [ -75.772511, 36.22944 ], [ -75.53633, 35.792608 ], [ -75.570477, 35.808826 ], [ -75.644539, 35.964417 ], [ -75.72983, 36.007285 ], [ -75.706418, 36.039196 ], [ -75.737089, 36.040784 ], [ -75.767264, 36.204978 ], [ -75.850809, 36.319678 ], [ -75.82205, 36.328008 ], [ -75.843322, 36.419961 ], [ -75.899909, 36.482124 ], [ -75.989099, 36.49514 ], [ -76.002627, 36.537114 ], [ -76.030673, 36.538832 ], [ -76.03195, 36.482496 ], [ -75.948242, 36.395863 ], [ -75.924514, 36.42545 ], [ -75.923332, 36.361863 ], [ -75.856791, 36.280658 ], [ -75.872325, 36.25475 ], [ -75.796505, 36.072842 ], [ -75.866739, 36.127479 ], [ -75.923292, 36.245948 ], [ -75.96891, 36.264221 ], [ -75.924635, 36.16455 ], [ -76.016985, 36.186367 ], [ -76.131018, 36.290991 ], [ -76.214784, 36.300609 ], [ -76.080107, 36.19944 ], [ -76.064225, 36.143775 ], [ -76.187542, 36.125442 ], [ -76.277147, 36.19088 ], [ -76.191716, 36.107197 ], [ -76.233722, 36.097855 ], [ -76.454694, 36.192799 ], [ -76.304005, 36.094527 ], [ -76.411198, 36.080698 ], [ -76.514114, 36.006516 ], [ -76.580426, 36.010554 ], [ -76.606809, 36.054185 ], [ -76.652234, 36.035285 ], [ -76.691898, 36.06629 ], [ -76.718906, 36.200978 ], [ -76.672171, 36.271978 ], [ -76.699979, 36.285391 ], [ -76.753457, 36.176684 ], [ -76.681915, 35.989595 ], [ -76.728298, 35.933578 ], [ -76.399552, 35.982094 ], [ -76.367227, 35.934382 ], [ -76.170524, 35.994523 ], [ -76.062522, 35.990749 ], [ -76.011421, 35.954201 ], [ -76.065374, 35.833861 ], [ -76.038041, 35.645765 ], [ -75.982899, 35.772561 ], [ -75.986053, 35.888993 ], [ -75.921578, 35.935921 ], [ -75.947294, 35.959835 ], [ -75.836284, 35.970501 ], [ -75.782499, 35.93342 ], [ -75.728022, 35.824513 ], [ -75.717173, 35.693651 ], [ -75.78083, 35.688421 ], [ -75.736071, 35.625499 ], [ -75.777973, 35.579761 ], [ -75.833395, 35.571533 ], [ -75.815835, 35.594668 ], [ -75.852809, 35.584678 ], [ -75.889622, 35.640637 ], [ -75.88237, 35.576117 ], [ -75.978383, 35.512962 ], [ -75.963054, 35.493903 ], [ -76.022659, 35.412194 ], [ -76.058711, 35.43465 ], [ -76.070841, 35.370638 ], [ -76.151921, 35.331372 ], [ -76.249814, 35.367731 ], [ -76.278811, 35.342918 ], [ -76.344886, 35.392535 ], [ -76.341558, 35.342337 ], [ -76.411911, 35.346408 ], [ -76.419992, 35.374902 ], [ -76.361523, 35.373739 ], [ -76.395511, 35.431665 ], [ -76.438294, 35.388273 ], [ -76.480838, 35.404548 ], [ -76.472274, 35.371375 ], [ -76.532177, 35.401254 ], [ -76.587081, 35.508899 ], [ -76.485354, 35.506578 ], [ -76.465389, 35.558414 ], [ -76.637945, 35.512962 ], [ -76.597382, 35.481932 ], [ -76.577559, 35.387576 ], [ -76.906047, 35.459354 ], [ -77.053171, 35.535208 ], [ -76.96618, 35.433989 ], [ -76.925023, 35.448802 ], [ -76.658861, 35.341561 ], [ -76.484166, 35.313638 ], [ -76.498157, 35.279554 ], [ -76.469733, 35.280886 ], [ -76.49605, 35.216995 ], [ -76.565452, 35.229227 ], [ -76.526711, 35.184755 ], [ -76.586368, 35.202042 ], [ -76.634142, 35.174264 ], [ -76.539545, 35.15464 ], [ -76.569493, 35.09846 ], [ -76.803607, 34.963781 ], [ -76.987572, 35.065589 ], [ -77.059589, 35.146866 ], [ -76.935757, 34.97313 ], [ -76.760825, 34.915851 ], [ -76.657434, 34.982478 ], [ -76.484166, 34.988125 ], [ -76.463469, 35.076411 ], [ -76.422607, 35.026672 ], [ -76.422845, 34.95073 ], [ -76.381488, 34.979168 ], [ -76.319454, 34.965924 ], [ -76.364138, 35.036597 ], [ -76.246962, 34.987347 ], [ -76.305668, 34.991436 ], [ -76.279524, 34.941378 ], [ -76.340845, 34.93339 ], [ -76.314087, 34.906322 ], [ -76.382201, 34.856971 ], [ -76.402404, 34.886611 ], [ -76.412149, 34.832198 ], [ -76.514114, 34.754319 ], [ -76.512687, 34.720333 ], [ -76.575673, 34.721701 ], [ -76.604432, 34.789852 ], [ -76.619365, 34.704193 ], [ -76.84193, 34.729352 ], [ -77.125864, 34.685242 ], [ -77.307042, 34.545138 ], [ -77.582702, 34.400677 ], [ -77.829369, 34.163252 ], [ -77.962794, 33.842316 ], [ -78.008329, 33.864174 ], [ -77.99591, 33.905637 ], [ -78.239228, 33.917452 ], [ -78.541856, 33.852959 ], [ -79.675299, 34.804744 ], [ -80.797543, 34.819786 ], [ -80.782042, 34.935782 ], [ -80.93495, 35.107409 ], [ -81.041489, 35.044703 ], [ -81.043625, 35.149877 ], [ -82.27492, 35.200071 ], [ -82.371298, 35.181449 ], [ -82.39293, 35.215402 ], [ -82.439595, 35.165863 ], [ -82.681443, 35.127918 ], [ -82.757704, 35.068019 ], [ -82.787867, 35.085024 ], [ -83.109557, 35.001197 ], [ -84.321869, 34.988408 ] ] ] ] } },
{ "type": "Feature", "properties": { "STATEFP": "51", "STUSPS": "VA", "NAME": "Virginia", "subject_count_strict": 588843.78935650247, "subject_count_permissive": 577066.9135693725, "loss_exposure_strict": 199025.0, "burden_index_centered": -1.5882709405945685, "subject_rate": 0.11234586777227966, "expansion": true, "partial_expansion": false, "subject_via_waiver": false, "waiver_listed": false, "loss_quantified": true, "already_work_conditional": false, "waiver_note": "", "hardship_exception_status": "adopting" }, "geometry": { "type": "MultiPolygon", "coordinates": [ [ [ [ -75.740497, 37.801242 ], [ -75.738715, 37.809035 ], [ -75.733129, 37.802838 ], [ -75.740497, 37.801242 ] ] ], [ [ [ -75.854108, 37.700136 ], [ -75.850781, 37.705495 ], [ -75.848998, 37.701828 ], [ -75.854108, 37.700136 ] ] ], [ [ [ -75.859575, 37.682174 ], [ -75.860526, 37.693083 ], [ -75.85494, 37.688852 ], [ -75.859575, 37.682174 ] ] ], [ [ [ -75.896415, 37.802087 ], [ -75.894157, 37.805655 ], [ -75.891778, 37.796176 ], [ -75.896415, 37.802087 ] ] ], [ [ [ -75.900575, 37.893769 ], [ -75.90105, 37.899115 ], [ -75.898673, 37.895551 ], [ -75.900575, 37.893769 ] ] ], [ [ [ -75.967202, 37.084598 ], [ -75.962048, 37.107498 ], [ -75.942887, 37.098042 ], [ -75.967202, 37.084598 ] ] ], [ [ [ -75.988278, 37.807439 ], [ -75.996859, 37.85042 ], [ -75.973542, 37.833536 ], [ -75.988278, 37.807439 ] ] ], [ [ [ -76.002301, 37.86197 ], [ -76.004203, 37.870508 ], [ -75.999806, 37.860281 ], [ -76.002301, 37.86197 ] ] ], [ [ [ -76.024799439430893, 37.2626855899573 ], [ -75.923582, 37.60176 ], [ -75.905447, 37.626145 ], [ -75.877282, 37.611649 ], [ -75.889404, 37.651084 ], [ -75.795045, 37.726741 ], [ -75.831984, 37.728119 ], [ -75.78732, 37.757095 ], [ -75.816396, 37.789344 ], [ -75.733367, 37.785934 ], [ -75.70938, 37.845836 ], [ -75.67264, 37.846957 ], [ -75.688445, 37.899021 ], [ -75.742009, 37.896812 ], [ -75.756897, 37.901553 ], [ -75.714947, 37.937365 ], [ -75.643049, 37.936334 ], [ -75.624449, 37.994195 ], [ -75.242469, 38.027028 ], [ -75.358644, 37.864997 ], [ -75.384794, 37.851469 ], [ -75.394569, 37.872178 ], [ -75.346158, 37.891348 ], [ -75.406438, 37.899443 ], [ -75.526823, 37.788705 ], [ -75.589354, 37.691199 ], [ -75.602168, 37.567107 ], [ -75.69106, 37.473605 ], [ -75.662063, 37.443418 ], [ -75.797601, 37.296108 ], [ -75.835456, 37.174539 ], [ -75.906517, 37.114633 ], [ -75.970073, 37.11719 ], [ -76.024799439430893, 37.2626855899573 ] ] ], [ [ [ -76.02843, 37.920501 ], [ -76.041402, 37.954006 ], [ -75.993905, 37.953489 ], [ -76.02843, 37.920501 ] ] ], [ [ [ -76.302676, 36.981808 ], [ -76.302589, 36.987156 ], [ -76.299862, 36.98692 ], [ -76.302676, 36.981808 ] ] ], [ [ [ -76.318638, 36.999203 ], [ -76.317706, 37.001921 ], [ -76.317073, 36.999067 ], [ -76.318638, 36.999203 ] ] ], [ [ [ -76.419291, 37.592608 ], [ -76.417808, 37.598323 ], [ -76.417277, 37.592031 ], [ -76.419291, 37.592608 ] ] ], [ [ [ -83.674614, 36.603082 ], [ -83.529612, 36.666184 ], [ -83.136395, 36.743088 ], [ -83.07259, 36.854589 ], [ -82.878569, 36.889585 ], [ -82.867535, 36.977518 ], [ -82.722472, 37.045101 ], [ -82.722097, 37.120168 ], [ -82.350948, 37.267077 ], [ -81.968012, 37.538035 ], [ -81.926736, 37.51304 ], [ -81.996075, 37.471526 ], [ -81.935621, 37.438397 ], [ -81.925643, 37.357316 ], [ -81.849949, 37.285227 ], [ -81.757631, 37.274003 ], [ -81.67821, 37.201483 ], [ -81.5536, 37.208443 ], [ -81.498874, 37.258025 ], [ -81.416663, 37.273214 ], [ -81.362156, 37.337687 ], [ -81.225104, 37.234874 ], [ -80.900535, 37.315 ], [ -80.849451, 37.346909 ], [ -80.883248, 37.383933 ], [ -80.859556, 37.429568 ], [ -80.770082, 37.372363 ], [ -80.552036, 37.473563 ], [ -80.511391, 37.481672 ], [ -80.475601, 37.422949 ], [ -80.309331, 37.50288 ], [ -80.282385, 37.533517 ], [ -80.330306, 37.536244 ], [ -80.328504, 37.564315 ], [ -80.220984, 37.627767 ], [ -80.296138, 37.691783 ], [ -80.257411, 37.756084 ], [ -80.162202, 37.875122 ], [ -79.999384, 37.995842 ], [ -79.92633, 38.107151 ], [ -79.944843, 38.131585 ], [ -79.91441, 38.188418 ], [ -79.788945, 38.268703 ], [ -79.810154, 38.306707 ], [ -79.725597, 38.363828 ], [ -79.649075, 38.591515 ], [ -79.53687, 38.550917 ], [ -79.476638, 38.457228 ], [ -79.282971, 38.418095 ], [ -79.210591, 38.492913 ], [ -79.129757, 38.655017 ], [ -79.092955, 38.659517 ], [ -79.054954, 38.785713 ], [ -78.998171, 38.847353 ], [ -78.869276, 38.762991 ], [ -78.786025, 38.887187 ], [ -78.717076, 38.936028 ], [ -78.718647, 38.904561 ], [ -78.680456, 38.925313 ], [ -78.625672, 38.982575 ], [ -78.601655, 38.964603 ], [ -78.550467, 39.018065 ], [ -78.571901, 39.031995 ], [ -78.403697, 39.167451 ], [ -78.438651, 39.198049 ], [ -78.339284, 39.348605 ], [ -78.366867, 39.35929 ], [ -78.347087, 39.466012 ], [ -77.828157, 39.132329 ], [ -77.730047, 39.315666 ], [ -77.566596, 39.306121 ], [ -77.45768, 39.22502 ], [ -77.516426, 39.170891 ], [ -77.519929, 39.120925 ], [ -77.458202, 39.073723 ], [ -77.248403, 39.026909 ], [ -77.244621, 38.982535 ], [ -77.146601, 38.96421 ], [ -77.040599, 38.871212 ], [ -77.043254, 38.719011 ], [ -77.122001, 38.685816 ], [ -77.1302, 38.635017 ], [ -77.201969, 38.617675 ], [ -77.194337, 38.652743 ], [ -77.235931, 38.660074 ], [ -77.257044, 38.56045 ], [ -77.322622, 38.467131 ], [ -77.317288, 38.383576 ], [ -77.240098, 38.330988 ], [ -77.041524, 38.400186 ], [ -77.014907, 38.332763 ], [ -77.056483, 38.317112 ], [ -76.96215, 38.256486 ], [ -76.962311, 38.214075 ], [ -76.838795, 38.163476 ], [ -76.760241, 38.166581 ], [ -76.732763, 38.131793 ], [ -76.700649, 38.160156 ], [ -76.639712, 38.121977 ], [ -76.643448, 38.14825 ], [ -76.612062, 38.148657 ], [ -76.521387, 38.046398 ], [ -76.555098, 38.024588 ], [ -76.476725, 38.014263 ], [ -76.472845, 37.9842 ], [ -76.236725, 37.889174 ], [ -76.266057, 37.8174 ], [ -76.312189, 37.814119 ], [ -76.315279, 37.782004 ], [ -76.285546, 37.784087 ], [ -76.322053, 37.737 ], [ -76.302444, 37.690935 ], [ -76.339892, 37.655966 ], [ -76.280077, 37.615145 ], [ -76.361887, 37.609017 ], [ -76.45548, 37.651074 ], [ -76.468701, 37.695731 ], [ -76.510187, 37.642324 ], [ -76.58429, 37.770859 ], [ -76.726143, 37.836227 ], [ -76.77923, 37.911507 ], [ -76.895693, 37.989099 ], [ -76.928539, 38.068613 ], [ -76.927423, 37.981793 ], [ -76.79456, 37.895191 ], [ -76.723863, 37.788503 ], [ -76.616657, 37.741887 ], [ -76.549253, 37.621409 ], [ -76.298032, 37.559867 ], [ -76.360474, 37.51924 ], [ -76.323286, 37.485336 ], [ -76.288167, 37.514118 ], [ -76.273016, 37.484766 ], [ -76.29258, 37.494979 ], [ -76.30898, 37.488567 ], [ -76.256097, 37.452631 ], [ -76.276214, 37.310829 ], [ -76.412893, 37.41808 ], [ -76.409857, 37.368676 ], [ -76.46958, 37.370589 ], [ -76.403676, 37.338663 ], [ -76.438563, 37.313806 ], [ -76.354554, 37.272331 ], [ -76.509035, 37.239479 ], [ -76.38663, 37.227841 ], [ -76.412299, 37.16148 ], [ -76.348662, 37.1687 ], [ -76.299282, 37.130125 ], [ -76.271355, 37.087572 ], [ -76.304272, 37.001378 ], [ -76.340666, 37.015246 ], [ -76.425253, 36.966415 ], [ -76.560255, 37.111268 ], [ -76.557117, 37.076228 ], [ -76.625497, 37.127253 ], [ -76.604369, 37.160062 ], [ -76.649869, 37.220914 ], [ -76.758242, 37.215539 ], [ -76.75047, 37.190098 ], [ -76.872209, 37.26275 ], [ -76.947078, 37.228031 ], [ -76.898354, 37.199165 ], [ -76.801023, 37.206043 ], [ -76.73728, 37.146164 ], [ -76.686581, 37.197271 ], [ -76.662558, 37.045748 ], [ -76.489188, 36.959674 ], [ -76.491565, 36.881101 ], [ -76.354533, 36.922759 ], [ -76.341078, 36.86105 ], [ -76.370521, 36.834268 ], [ -76.301625, 36.850295 ], [ -76.327889, 36.876065 ], [ -76.287485, 36.901442 ], [ -76.326021, 36.903722 ], [ -76.325665, 36.963187 ], [ -76.093452, 36.907998 ], [ -75.996252, 36.922047 ], [ -75.867647, 36.550412 ], [ -80.122183, 36.542646 ], [ -81.677535, 36.588117 ], [ -81.6469, 36.611918 ], [ -83.674614, 36.603082 ] ] ] ] } },
{ "type": "Feature", "properties": { "STATEFP": "54", "STUSPS": "WV", "NAME": "West Virginia", "subject_count_strict": 159195.36024901154, "subject_count_permissive": 156011.45304403134, "loss_exposure_strict": 51638.0, "burden_index_centered": 2.9744738455172768, "subject_rate": 0.1551663874165472, "expansion": true, "partial_expansion": false, "subject_via_waiver": false, "waiver_listed": false, "loss_quantified": true, "already_work_conditional": false, "waiver_note": "", "hardship_exception_status": "adopting" }, "geometry": { "type": "Polygon", "coordinates": [ [ [ -82.643198103667899, 38.169089796073699 ], [ -82.611343, 38.171548 ], [ -82.61226, 38.236087 ], [ -82.574656, 38.263873 ], [ -82.597979, 38.344909 ], [ -82.59348, 38.421821 ], [ -82.540199, 38.403666 ], [ -82.330335, 38.4445 ], [ -82.291271, 38.578983 ], [ -82.177267, 38.603784 ], [ -82.221566, 38.787187 ], [ -82.144867, 38.84048 ], [ -82.143167, 38.898079 ], [ -82.037749, 39.023865 ], [ -81.933186, 38.987659 ], [ -81.89847, 38.929603 ], [ -81.928, 38.893492 ], [ -81.898541, 38.874582 ], [ -81.827354, 38.945898 ], [ -81.762659, 38.924121 ], [ -81.764253, 39.015279 ], [ -81.813855, 39.079278 ], [ -81.747253, 39.095378 ], [ -81.755754, 39.180976 ], [ -81.692395, 39.226443 ], [ -81.683627, 39.270939 ], [ -81.570247, 39.267675 ], [ -81.557547, 39.338774 ], [ -81.456143, 39.409274 ], [ -81.375961, 39.341697 ], [ -81.217315, 39.38759 ], [ -80.970436, 39.590127 ], [ -80.88036, 39.620706 ], [ -80.829764, 39.711839 ], [ -80.869092, 39.766364 ], [ -80.790761, 39.86728 ], [ -80.806018, 39.91713 ], [ -80.756432, 39.91393 ], [ -80.738604, 40.075672 ], [ -80.599895, 40.317669 ], [ -80.633596, 40.390467 ], [ -80.595494, 40.475266 ], [ -80.667781, 40.578096 ], [ -80.627171, 40.619936 ], [ -80.518991, 40.638801 ], [ -80.519342, 39.721403 ], [ -79.476662, 39.721078 ], [ -79.486873, 39.205961 ], [ -79.162052, 39.388321 ], [ -79.10319, 39.476004 ], [ -79.04705, 39.483351 ], [ -78.956751, 39.440264 ], [ -78.893317, 39.523756 ], [ -78.816764, 39.561691 ], [ -78.826009, 39.588829 ], [ -78.76584, 39.648487 ], [ -78.778477, 39.62265 ], [ -78.733759, 39.613931 ], [ -78.778141, 39.601364 ], [ -78.689455, 39.54577 ], [ -78.471166, 39.516103 ], [ -78.460224, 39.551184 ], [ -78.417586, 39.547155 ], [ -78.457187, 39.587379 ], [ -78.395317, 39.584215 ], [ -78.43025, 39.62329 ], [ -78.266833, 39.618818 ], [ -78.182759, 39.69511 ], [ -78.107834, 39.682137 ], [ -78.006734, 39.601337 ], [ -77.833568, 39.602936 ], [ -77.83633, 39.56637 ], [ -77.888945, 39.55595 ], [ -77.86368, 39.515032 ], [ -77.825357, 39.529177 ], [ -77.845666, 39.498628 ], [ -77.765993, 39.495724 ], [ -77.803249, 39.437136 ], [ -77.736409, 39.392684 ], [ -77.761115, 39.339757 ], [ -77.719946, 39.319693 ], [ -77.828157, 39.132329 ], [ -78.347087, 39.466012 ], [ -78.366867, 39.35929 ], [ -78.339284, 39.348605 ], [ -78.438651, 39.198049 ], [ -78.403697, 39.167451 ], [ -78.571901, 39.031995 ], [ -78.550467, 39.018065 ], [ -78.601655, 38.964603 ], [ -78.625672, 38.982575 ], [ -78.680456, 38.925313 ], [ -78.718647, 38.904561 ], [ -78.717076, 38.936028 ], [ -78.786025, 38.887187 ], [ -78.869276, 38.762991 ], [ -78.998171, 38.847353 ], [ -79.054954, 38.785713 ], [ -79.092955, 38.659517 ], [ -79.129757, 38.655017 ], [ -79.210591, 38.492913 ], [ -79.282971, 38.418095 ], [ -79.476638, 38.457228 ], [ -79.53687, 38.550917 ], [ -79.649075, 38.591515 ], [ -79.725597, 38.363828 ], [ -79.810154, 38.306707 ], [ -79.788945, 38.268703 ], [ -79.916344, 38.186278 ], [ -79.944843, 38.131585 ], [ -79.92633, 38.107151 ], [ -79.999384, 37.995842 ], [ -80.162202, 37.875122 ], [ -80.296138, 37.691783 ], [ -80.220984, 37.627767 ], [ -80.328504, 37.564315 ], [ -80.330306, 37.536244 ], [ -80.282385, 37.533517 ], [ -80.299789, 37.508271 ], [ -80.475601, 37.422949 ], [ -80.511391, 37.481672 ], [ -80.552036, 37.473563 ], [ -80.770082, 37.372363 ], [ -80.859556, 37.429568 ], [ -80.883248, 37.383933 ], [ -80.849451, 37.346909 ], [ -80.947896, 37.295872 ], [ -81.225104, 37.234874 ], [ -81.362156, 37.337687 ], [ -81.416663, 37.273214 ], [ -81.498874, 37.258025 ], [ -81.5536, 37.208443 ], [ -81.67821, 37.201483 ], [ -81.757631, 37.274003 ], [ -81.849949, 37.285227 ], [ -81.933382, 37.369341 ], [ -81.935621, 37.438397 ], [ -81.995649, 37.469833 ], [ -81.927194, 37.515332 ], [ -81.970147, 37.546504 ], [ -82.046653, 37.528193 ], [ -82.133247, 37.552832 ], [ -82.175264, 37.647971 ], [ -82.213443, 37.62522 ], [ -82.303953, 37.67576 ], [ -82.334035, 37.743227 ], [ -82.310777, 37.762692 ], [ -82.401652, 37.810091 ], [ -82.419929, 37.88487 ], [ -82.502198, 37.933052 ], [ -82.464257, 37.983412 ], [ -82.519193, 38.001131 ], [ -82.643198103667899, 38.169089796073699 ] ] ] } },
{ "type": "Feature", "properties": { "STATEFP": "22", "STUSPS": "LA", "NAME": "Louisiana", "subject_count_strict": 694370.98136089183, "subject_count_permissive": 680483.56173367391, "loss_exposure_strict": 261998.0, "burden_index_centered": 3.0380491571338548, "subject_rate": 0.25726953198289287, "expansion": true, "partial_expansion": false, "subject_via_waiver": false, "waiver_listed": false, "loss_quantified": true, "already_work_conditional": false, "waiver_note": "", "hardship_exception_status": "adopting" }, "geometry": { "type": "MultiPolygon", "coordinates": [ [ [ [ -88.865143, 29.848469 ], [ -88.862714, 29.856784 ], [ -88.862331, 29.846195 ], [ -88.865143, 29.848469 ] ] ], [ [ [ -88.876073, 29.875021 ], [ -88.878311, 29.877016 ], [ -88.875306, 29.881949 ], [ -88.876073, 29.875021 ] ] ], [ [ [ -88.870476, 30.049212 ], [ -88.833725, 29.998821 ], [ -88.817017, 29.93425 ], [ -88.83271, 29.824062 ], [ -88.875091, 29.759818 ], [ -88.828247, 29.920717 ], [ -88.870476, 30.049212 ] ] ], [ [ [ -89.248902, 29.823159 ], [ -89.249505, 29.828649 ], [ -89.245499, 29.826605 ], [ -89.248902, 29.823159 ] ] ], [ [ [ -89.293352, 29.994745 ], [ -89.287766, 29.999582 ], [ -89.289905, 29.995156 ], [ -89.293352, 29.994745 ] ] ], [ [ [ -89.29868, 29.381514 ], [ -89.298323, 29.385428 ], [ -89.296968, 29.383316 ], [ -89.29868, 29.381514 ] ] ], [ [ [ -89.326627, 29.946976 ], [ -89.32223, 29.954184 ], [ -89.319377, 29.948933 ], [ -89.326627, 29.946976 ] ] ], [ [ [ -89.333995, 29.959127 ], [ -89.335658, 29.962833 ], [ -89.332212, 29.962421 ], [ -89.333995, 29.959127 ] ] ], [ [ [ -89.336728, 29.987951 ], [ -89.33958, 29.994024 ], [ -89.336728, 29.99423 ], [ -89.336728, 29.987951 ] ] ], [ [ [ -89.342163, 30.059172 ], [ -89.318755, 30.065141 ], [ -89.185715, 30.157001 ], [ -89.243079, 30.100663 ], [ -89.175728, 30.062775 ], [ -89.213045, 30.027352 ], [ -89.201584, 30.001429 ], [ -89.2295, 30.000433 ], [ -89.24433, 30.05828 ], [ -89.275826, 30.023081 ], [ -89.342163, 30.059172 ] ] ], [ [ [ -89.340412, 29.976217 ], [ -89.34576, 29.976937 ], [ -89.343502, 29.981261 ], [ -89.340412, 29.976217 ] ] ], [ [ [ -89.360258, 29.919891 ], [ -89.357763, 29.934001 ], [ -89.352415, 29.924423 ], [ -89.360258, 29.919891 ] ] ], [ [ [ -89.353722, 29.959641 ], [ -89.366795, 29.976731 ], [ -89.360377, 29.979202 ], [ -89.353722, 29.959641 ] ] ], [ [ [ -89.378441, 30.004213 ], [ -89.379748, 30.014607 ], [ -89.364774, 30.00905 ], [ -89.378441, 30.004213 ] ] ], [ [ [ -89.429031, 30.128559 ], [ -89.442093, 30.144369 ], [ -89.417694, 30.143682 ], [ -89.429031, 30.128559 ] ] ], [ [ [ -89.576024, 29.574074 ], [ -89.574717, 29.578002 ], [ -89.569131, 29.575211 ], [ -89.576024, 29.574074 ] ] ], [ [ [ -89.626769, 29.535205 ], [ -89.575192, 29.549886 ], [ -89.564615, 29.543786 ], [ -89.599673, 29.507594 ], [ -89.626769, 29.535205 ] ] ], [ [ [ -89.643287, 29.553711 ], [ -89.641029, 29.559087 ], [ -89.639603, 29.555675 ], [ -89.643287, 29.553711 ] ] ], [ [ [ -89.643644, 29.564048 ], [ -89.637108, 29.569217 ], [ -89.630334, 29.5687 ], [ -89.643644, 29.564048 ] ] ], [ [ [ -89.666105, 29.550403 ], [ -89.663371, 29.556089 ], [ -89.657905, 29.547095 ], [ -89.666105, 29.550403 ] ] ], [ [ [ -89.883463, 29.307103 ], [ -89.890237, 29.323889 ], [ -89.86124, 29.311662 ], [ -89.883463, 29.307103 ] ] ], [ [ [ -89.944221, 29.271717 ], [ -89.943016, 29.276529 ], [ -89.906586, 29.296637 ], [ -89.944221, 29.271717 ] ] ], [ [ [ -89.957934, 29.30247 ], [ -89.95976, 29.306776 ], [ -89.95698, 29.303664 ], [ -89.957934, 29.30247 ] ] ], [ [ [ -89.979485, 29.277564 ], [ -89.966888, 29.282643 ], [ -89.967126, 29.271448 ], [ -89.979485, 29.277564 ] ] ], [ [ [ -89.981587, 29.308802 ], [ -89.970341, 29.316907 ], [ -89.973163, 29.301022 ], [ -89.981587, 29.308802 ] ] ], [ [ [ -90.024644, 29.24107 ], [ -90.014543, 29.25092 ], [ -90.008007, 29.239514 ], [ -90.024644, 29.24107 ] ] ], [ [ [ -90.026902, 29.260044 ], [ -90.022624, 29.267198 ], [ -90.019891, 29.264917 ], [ -90.026902, 29.260044 ] ] ], [ [ [ -90.042659, 29.202661 ], [ -89.988161, 29.260148 ], [ -89.949678, 29.264882 ], [ -89.955643, 29.252769 ], [ -90.042659, 29.202661 ] ] ], [ [ [ -90.328561, 29.065252 ], [ -90.321602, 29.070864 ], [ -90.319313, 29.069889 ], [ -90.328561, 29.065252 ] ] ], [ [ [ -90.347651, 29.177691 ], [ -90.344802, 29.187889 ], [ -90.338025, 29.189416 ], [ -90.347651, 29.177691 ] ] ], [ [ [ -90.356028, 29.101934 ], [ -90.351811, 29.107525 ], [ -90.343135, 29.106176 ], [ -90.356028, 29.101934 ] ] ], [ [ [ -90.372609, 29.111149 ], [ -90.351454, 29.131092 ], [ -90.339582, 29.126718 ], [ -90.346701, 29.117077 ], [ -90.372609, 29.111149 ] ] ], [ [ [ -90.410874, 29.202695 ], [ -90.410755, 29.210682 ], [ -90.407784, 29.20394 ], [ -90.410874, 29.202695 ] ] ], [ [ [ -90.441416, 29.252061 ], [ -90.439396, 29.25683 ], [ -90.435117, 29.253409 ], [ -90.441416, 29.252061 ] ] ], [ [ [ -90.550316, 29.092142 ], [ -90.470055, 29.066879 ], [ -90.42366, 29.060863 ], [ -90.47332, 29.05949 ], [ -90.550316, 29.092142 ] ] ], [ [ [ -90.618725, 29.195329 ], [ -90.614328, 29.196263 ], [ -90.613377, 29.193151 ], [ -90.618725, 29.195329 ] ] ], [ [ [ -90.7409, 29.046794 ], [ -90.711777, 29.062331 ], [ -90.661669, 29.062612 ], [ -90.7409, 29.046794 ] ] ], [ [ [ -90.868142, 29.057199 ], [ -90.843911, 29.05005 ], [ -90.806155, 29.053794 ], [ -90.834335, 29.044923 ], [ -90.868142, 29.057199 ] ] ], [ [ [ -90.926493, 29.049119 ], [ -90.92637, 29.051529 ], [ -90.915528, 29.049869 ], [ -90.926493, 29.049119 ] ] ], [ [ [ -91.040131, 29.188689 ], [ -91.036328, 29.190246 ], [ -91.036328, 29.187652 ], [ -91.040131, 29.188689 ] ] ], [ [ [ -92.03185, 29.57763 ], [ -91.903146, 29.637351 ], [ -91.843013, 29.627744 ], [ -91.775869, 29.567811 ], [ -91.70813, 29.568844 ], [ -91.768263, 29.490362 ], [ -91.821579, 29.473925 ], [ -92.03185, 29.57763 ] ] ], [ [ [ -94.041833, 31.992402 ], [ -94.042964, 33.019219 ], [ -91.166095, 33.004291 ], [ -91.214027, 32.93032 ], [ -91.170235, 32.899391 ], [ -91.134041, 32.917676 ], [ -91.135517, 32.979657 ], [ -91.09693, 32.986412 ], [ -91.064449, 32.901064 ], [ -91.145002, 32.84287 ], [ -91.165328, 32.751301 ], [ -91.054749, 32.719229 ], [ -91.151318, 32.615919 ], [ -91.119854, 32.584795 ], [ -91.014286, 32.640482 ], [ -91.010228, 32.601927 ], [ -91.080398, 32.556442 ], [ -90.987202, 32.495663 ], [ -91.038106, 32.49044 ], [ -91.093741, 32.549128 ], [ -91.116008, 32.48314 ], [ -91.052907, 32.438442 ], [ -90.96959, 32.43949 ], [ -90.993625, 32.354047 ], [ -90.912363, 32.339454 ], [ -90.875631, 32.372434 ], [ -90.922231, 32.298639 ], [ -90.979475, 32.293702 ], [ -90.995159, 32.19212 ], [ -91.039007, 32.242349 ], [ -91.164171, 32.196888 ], [ -91.162822, 32.132694 ], [ -91.053175, 32.124237 ], [ -91.058307, 32.180951 ], [ -91.004106, 32.146152 ], [ -91.080208, 32.048355 ], [ -91.16031, 32.070354 ], [ -91.075908, 32.016828 ], [ -91.18481, 31.965557 ], [ -91.18061, 31.917959 ], [ -91.267712, 31.86266 ], [ -91.255611, 31.812662 ], [ -91.293413, 31.86016 ], [ -91.345714, 31.842861 ], [ -91.365529, 31.761628 ], [ -91.263406, 31.754468 ], [ -91.371804, 31.742948 ], [ -91.401015, 31.620365 ], [ -91.515462, 31.630372 ], [ -91.488618, 31.587466 ], [ -91.405415, 31.576466 ], [ -91.522536, 31.522078 ], [ -91.47887, 31.364955 ], [ -91.521836, 31.37517 ], [ -91.541626, 31.431706 ], [ -91.576265, 31.410498 ], [ -91.50866, 31.315131 ], [ -91.515614, 31.27821 ], [ -91.654027, 31.255753 ], [ -91.588939, 31.188959 ], [ -91.625994, 31.116896 ], [ -91.559907, 31.054119 ], [ -91.636942, 30.999416 ], [ -89.729616, 31.003927 ], [ -89.851889, 30.661199 ], [ -89.813977, 30.63818 ], [ -89.803919, 30.549349 ], [ -89.68341, 30.451793 ], [ -89.615856, 30.223195 ], [ -89.574454, 30.181697 ], [ -89.528092, 30.188976 ], [ -89.624142, 30.157385 ], [ -89.684919, 30.075226 ], [ -89.73086, 30.060748 ], [ -89.717678, 30.025272 ], [ -89.818327, 30.04573 ], [ -89.860269, 30.003113 ], [ -89.84624, 29.956415 ], [ -89.798109, 29.931714 ], [ -89.729395, 29.957532 ], [ -89.744939, 29.907905 ], [ -89.650027, 29.862144 ], [ -89.596429, 29.879554 ], [ -89.580086, 29.990455 ], [ -89.491517, 30.0375 ], [ -89.484423, 30.078833 ], [ -89.430433, 30.033796 ], [ -89.372677, 30.049845 ], [ -89.39906, 30.000868 ], [ -89.429958, 30.028858 ], [ -89.457766, 29.998192 ], [ -89.381234, 29.959487 ], [ -89.370063, 29.892128 ], [ -89.247848, 29.997328 ], [ -89.232436, 29.930428 ], [ -89.341969, 29.883143 ], [ -89.240271, 29.878649 ], [ -89.27643, 29.848928 ], [ -89.306032, 29.865666 ], [ -89.312394, 29.823625 ], [ -89.340828, 29.849671 ], [ -89.385702, 29.835487 ], [ -89.336455, 29.785167 ], [ -89.292515, 29.799166 ], [ -89.285742, 29.763391 ], [ -89.394697, 29.790152 ], [ -89.43025, 29.712606 ], [ -89.387794, 29.679991 ], [ -89.42421, 29.697638 ], [ -89.445648, 29.651879 ], [ -89.485147, 29.719961 ], [ -89.524887, 29.726566 ], [ -89.50772, 29.692016 ], [ -89.531542, 29.666444 ], [ -89.500493, 29.634145 ], [ -89.565388, 29.659256 ], [ -89.661648, 29.64645 ], [ -89.60127, 29.583612 ], [ -89.684486, 29.624804 ], [ -89.641802, 29.575573 ], [ -89.683455, 29.549266 ], [ -89.522784, 29.456179 ], [ -89.520009, 29.399631 ], [ -89.561288, 29.395212 ], [ -89.308403, 29.371513 ], [ -89.23537, 29.304315 ], [ -89.187834, 29.34203 ], [ -89.115104, 29.252901 ], [ -89.121996, 29.202083 ], [ -89.025974, 29.215153 ], [ -89.006154, 29.186274 ], [ -89.111776, 29.159957 ], [ -89.039521, 29.135463 ], [ -89.066617, 29.090714 ], [ -89.103695, 29.116673 ], [ -89.146953, 29.070981 ], [ -89.153667, 28.987489 ], [ -89.218673, 29.022515 ], [ -89.251727, 29.083172 ], [ -89.417901, 28.928609 ], [ -89.278627, 29.137642 ], [ -89.295027, 29.198867 ], [ -89.32854, 29.190567 ], [ -89.350585, 29.129598 ], [ -89.399648, 29.123677 ], [ -89.482844, 29.215053 ], [ -89.639663, 29.290531 ], [ -89.842641, 29.318823 ], [ -89.822141, 29.356584 ], [ -89.790589, 29.328251 ], [ -89.646793, 29.376314 ], [ -89.595454, 29.356015 ], [ -89.647411, 29.409862 ], [ -89.644892, 29.389983 ], [ -89.814654, 29.400078 ], [ -89.843553, 29.421677 ], [ -89.815962, 29.460318 ], [ -89.85197, 29.475734 ], [ -89.879541, 29.434539 ], [ -89.991785, 29.450632 ], [ -89.970394, 29.431796 ], [ -90.041995, 29.360665 ], [ -89.978891, 29.346992 ], [ -90.031815, 29.344251 ], [ -90.018643, 29.286789 ], [ -90.07533, 29.296014 ], [ -90.10807, 29.265021 ], [ -90.047854, 29.18958 ], [ -90.222869, 29.087069 ], [ -90.248063, 29.096623 ], [ -90.234405, 29.128824 ], [ -90.277773, 29.142822 ], [ -90.24533, 29.149672 ], [ -90.281457, 29.156522 ], [ -90.259234, 29.199583 ], [ -90.305344, 29.268442 ], [ -90.354069, 29.305445 ], [ -90.403268, 29.233811 ], [ -90.392929, 29.296636 ], [ -90.440227, 29.349375 ], [ -90.479088, 29.292179 ], [ -90.597571, 29.303268 ], [ -90.592699, 29.245943 ], [ -90.561801, 29.234951 ], [ -90.615992, 29.236403 ], [ -90.694307, 29.125071 ], [ -90.729959, 29.138047 ], [ -90.836107, 29.066063 ], [ -90.952427, 29.183294 ], [ -91.008272, 29.174336 ], [ -91.038349, 29.210371 ], [ -91.064731, 29.184124 ], [ -91.288324, 29.255743 ], [ -91.339768, 29.309818 ], [ -91.291821, 29.311357 ], [ -91.265452, 29.360976 ], [ -91.236987, 29.371342 ], [ -91.199258, 29.305134 ], [ -91.162774, 29.321299 ], [ -91.154455, 29.254964 ], [ -91.165507, 29.253823 ], [ -91.172281, 29.240758 ], [ -91.167765, 29.234433 ], [ -91.118447, 29.255482 ], [ -91.12629, 29.333421 ], [ -91.219579, 29.397117 ], [ -91.217814, 29.435287 ], [ -91.266404, 29.476094 ], [ -91.414694, 29.513709 ], [ -91.434254, 29.543426 ], [ -91.54138, 29.526327 ], [ -91.554571, 29.635775 ], [ -91.647504, 29.635465 ], [ -91.627896, 29.741079 ], [ -91.752915, 29.74985 ], [ -91.88075, 29.710839 ], [ -91.854404, 29.734682 ], [ -91.879242, 29.756556 ], [ -91.826018, 29.782399 ], [ -91.830808, 29.82927 ], [ -91.970986, 29.834316 ], [ -91.98287, 29.796166 ], [ -92.144431, 29.716418 ], [ -92.131899, 29.765837 ], [ -92.203312, 29.753402 ], [ -92.169092, 29.70021 ], [ -92.103867, 29.699145 ], [ -92.136649, 29.667481 ], [ -92.105751, 29.611808 ], [ -92.034566, 29.63154 ], [ -92.008896, 29.612944 ], [ -92.323465, 29.531497 ], [ -92.660733, 29.596102 ], [ -92.981838, 29.721472 ], [ -93.213441, 29.775622 ], [ -93.682043, 29.746445 ], [ -93.837971, 29.690619 ], [ -93.927992, 29.80964 ], [ -93.699396, 30.05925 ], [ -93.734085, 30.08613 ], [ -93.688552, 30.140374 ], [ -93.717839, 30.193999 ], [ -93.704584, 30.289949 ], [ -93.765822, 30.333318 ], [ -93.757654, 30.390423 ], [ -93.6978, 30.440583 ], [ -93.740253, 30.539569 ], [ -93.678662, 30.594097 ], [ -93.6831, 30.640763 ], [ -93.629904, 30.67994 ], [ -93.614448, 30.75987 ], [ -93.554645, 30.823249 ], [ -93.57408, 30.884529 ], [ -93.526013, 30.937535 ], [ -93.578207, 30.999995 ], [ -93.508292, 31.032352 ], [ -93.563472, 31.093989 ], [ -93.533307, 31.184463 ], [ -93.588503, 31.165581 ], [ -93.620343, 31.271025 ], [ -93.68688, 31.305166 ], [ -93.639257, 31.371535 ], [ -93.670108, 31.3657 ], [ -93.703934, 31.455493 ], [ -93.749476, 31.46869 ], [ -93.711581, 31.512789 ], [ -93.787687, 31.527344 ], [ -93.834924, 31.586211 ], [ -93.794548, 31.702076 ], [ -93.836103, 31.748521 ], [ -93.823443, 31.775098 ], [ -93.873253, 31.814886 ], [ -93.897412, 31.894436 ], [ -93.926654, 31.888255 ], [ -94.041833, 31.992402 ] ] ] ] } },
{ "type": "Feature", "properties": { "STATEFP": "36", "STUSPS": "NY", "NAME": "New York", "subject_count_strict": 1861115.761633445, "subject_count_permissive": 1823893.446400776, "loss_exposure_strict": 406888.0, "burden_index_centered": -0.11141612496422465, "subject_rate": 0.15538494196770516, "expansion": true, "partial_expansion": false, "subject_via_waiver": false, "waiver_listed": false, "loss_quantified": true, "already_work_conditional": false, "waiver_note": "", "hardship_exception_status": "adopting" }, "geometry": { "type": "MultiPolygon", "coordinates": [ [ [ [ -72.037695, 41.251282 ], [ -72.023055, 41.274847 ], [ -71.922614, 41.29234 ], [ -72.002461, 41.252867 ], [ -72.037695, 41.251282 ] ] ], [ [ [ -72.142929, 41.097811 ], [ -72.125973, 41.121182 ], [ -72.077929, 41.099873 ], [ -72.086999, 41.059031 ], [ -72.142929, 41.097811 ] ] ], [ [ [ -72.197319, 41.165468 ], [ -72.189141, 41.188311 ], [ -72.161834, 41.190324 ], [ -72.197319, 41.165468 ] ] ], [ [ [ -73.77156, 40.847161 ], [ -73.765621, 40.855657 ], [ -73.769792, 40.844967 ], [ -73.77156, 40.847161 ] ] ], [ [ [ -73.774013, 40.882641 ], [ -73.76707, 40.886032 ], [ -73.767715, 40.881038 ], [ -73.774013, 40.882641 ] ] ], [ [ [ -73.786706, 40.858769 ], [ -73.784562, 40.860301 ], [ -73.784077, 40.859397 ], [ -73.786706, 40.858769 ] ] ], [ [ [ -73.791124, 40.847185 ], [ -73.782169, 40.846718 ], [ -73.783005, 40.837463 ], [ -73.791124, 40.847185 ] ] ], [ [ [ -74.024638, 40.683943 ], [ -74.0195, 40.693382 ], [ -74.012132, 40.690679 ], [ -74.024638, 40.683943 ] ] ], [ [ [ -74.042196, 40.699966 ], [ -74.037615, 40.69921 ], [ -74.038997, 40.697619 ], [ -74.042196, 40.699966 ] ] ], [ [ [ -74.045733, 40.688605 ], [ -74.043577, 40.690305 ], [ -74.043247, 40.689338 ], [ -74.045733, 40.688605 ] ] ], [ [ [ -74.161255, 40.64179 ], [ -74.158829, 40.644591 ], [ -74.157242, 40.643011 ], [ -74.161255, 40.64179 ] ] ], [ [ [ -74.255629, 40.507919 ], [ -74.187715, 40.642636 ], [ -74.1544, 40.63718 ], [ -74.086485, 40.648601 ], [ -74.071494, 40.642838 ], [ -74.053556, 40.5995 ], [ -74.135401, 40.530407 ], [ -74.255629, 40.507919 ] ] ], [ [ [ -76.145034, 43.940876 ], [ -76.14299, 43.944029 ], [ -76.141999, 43.942805 ], [ -76.145034, 43.940876 ] ] ], [ [ [ -76.176557, 44.017196 ], [ -76.173467, 44.024716 ], [ -76.169664, 44.024887 ], [ -76.176557, 44.017196 ] ] ], [ [ [ -76.217171, 43.892367 ], [ -76.211542, 43.897516 ], [ -76.210928, 43.895798 ], [ -76.217171, 43.892367 ] ] ], [ [ [ -76.223793, 43.885646 ], [ -76.222446, 43.88931 ], [ -76.221001, 43.888496 ], [ -76.223793, 43.885646 ] ] ], [ [ [ -76.321297, 44.031208 ], [ -76.329628, 44.044296 ], [ -76.317583, 44.050281 ], [ -76.321297, 44.031208 ] ] ], [ [ [ -76.32708, 43.88187 ], [ -76.344997, 43.894143 ], [ -76.302894, 43.917231 ], [ -76.32708, 43.88187 ] ] ], [ [ [ -76.367346, 43.875744 ], [ -76.367849, 43.879004 ], [ -76.364403, 43.87886 ], [ -76.367346, 43.875744 ] ] ], [ [ [ -76.360929, 44.033594 ], [ -76.367935, 44.052695 ], [ -76.341828, 44.052038 ], [ -76.360929, 44.033594 ] ] ], [ [ [ -76.395758, 43.882896 ], [ -76.39378, 43.888447 ], [ -76.392347, 43.887859 ], [ -76.395758, 43.882896 ] ] ], [ [ [ -76.445999, 43.890255 ], [ -76.406359, 43.920705 ], [ -76.379412, 43.921099 ], [ -76.401472, 43.901134 ], [ -76.445999, 43.890255 ] ] ], [ [ [ -79.761374, 41.999067 ], [ -79.761951, 42.26986 ], [ -79.453533, 42.411157 ], [ -79.354483, 42.494071 ], [ -79.148723, 42.553672 ], [ -79.046754, 42.691346 ], [ -78.853455, 42.783958 ], [ -78.918859, 42.946857 ], [ -79.019964, 42.994756 ], [ -78.999435, 43.056057 ], [ -79.074467, 43.077855 ], [ -79.042366, 43.143655 ], [ -79.070469, 43.262454 ], [ -78.485857, 43.374884 ], [ -77.760231, 43.341161 ], [ -77.539548, 43.235091 ], [ -77.391015, 43.276363 ], [ -76.958698, 43.270014 ], [ -76.784102, 43.312348 ], [ -76.417581, 43.521285 ], [ -76.291258, 43.513783 ], [ -76.209853, 43.560136 ], [ -76.213205, 43.753513 ], [ -76.234986, 43.822625 ], [ -76.297392, 43.855925 ], [ -76.233163, 43.886267 ], [ -76.203012, 43.850752 ], [ -76.127285, 43.897889 ], [ -76.134358, 43.945664 ], [ -76.059062, 43.9857 ], [ -76.199811, 43.968345 ], [ -76.118753, 44.034472 ], [ -76.168284, 44.032723 ], [ -76.140145, 44.070194 ], [ -76.20428, 44.054271 ], [ -76.20164, 44.079039 ], [ -76.272841, 44.051777 ], [ -76.282217, 44.012306 ], [ -76.201164, 44.024177 ], [ -76.281393, 43.960945 ], [ -76.265882, 43.995483 ], [ -76.300956, 44.009864 ], [ -76.294902, 44.058274 ], [ -76.359687, 44.071024 ], [ -76.344247, 44.087917 ], [ -76.370706, 44.100499 ], [ -76.312647, 44.199044 ], [ -76.206777, 44.214543 ], [ -76.164265, 44.239603 ], [ -76.161833, 44.280777 ], [ -75.912985, 44.368084 ], [ -75.82083, 44.432244 ], [ -75.76623, 44.515851 ], [ -75.283136, 44.849156 ], [ -74.992756, 44.977449 ], [ -74.826578, 45.01585 ], [ -74.731301, 44.990422 ], [ -73.343124, 45.01084 ], [ -73.338979, 44.917681 ], [ -73.381359, 44.845021 ], [ -73.333154, 44.788759 ], [ -73.390231, 44.618353 ], [ -73.293613, 44.440559 ], [ -73.334939, 44.364441 ], [ -73.312852, 44.265346 ], [ -73.390583, 44.190886 ], [ -73.43774, 44.045006 ], [ -73.374051, 43.875563 ], [ -73.392492, 43.820779 ], [ -73.350593, 43.771939 ], [ -73.431229, 43.588285 ], [ -73.395767, 43.568087 ], [ -73.371889, 43.624489 ], [ -73.306234, 43.628018 ], [ -73.241589, 43.534973 ], [ -73.290944, 42.80192 ], [ -73.264957, 42.74594 ], [ -73.508142, 42.086257 ], [ -73.489615, 42.000092 ], [ -73.550961, 41.295422 ], [ -73.482709, 41.21276 ], [ -73.727775, 41.100696 ], [ -73.656297, 40.979725 ], [ -73.79254, 40.883981 ], [ -73.799843, 40.848667 ], [ -73.804417, 40.861616 ], [ -73.817976, 40.863639 ], [ -73.814172, 40.825911 ], [ -73.756221, 40.766364 ], [ -73.753009, 40.838392 ], [ -73.703957, 40.817433 ], [ -73.730675, 40.8654 ], [ -73.648602, 40.828821 ], [ -73.633134, 40.90269 ], [ -73.521423, 40.918304 ], [ -73.541883, 40.876854 ], [ -73.494822, 40.894823 ], [ -73.469391, 40.86643 ], [ -73.485365, 40.946397 ], [ -73.357556, 40.893045 ], [ -73.351658, 40.922698 ], [ -73.40354, 40.931329 ], [ -73.402068, 40.954393 ], [ -73.228384, 40.905961 ], [ -73.147077, 40.928721 ], [ -73.158129, 40.967517 ], [ -73.118434, 40.977294 ], [ -72.635562, 40.981957 ], [ -72.278789, 41.158722 ], [ -72.233927, 41.158914 ], [ -72.339163, 41.115045 ], [ -72.277427, 41.078723 ], [ -72.275875, 41.03657 ], [ -72.16037, 41.053827 ], [ -72.10216, 40.991509 ], [ -71.963513, 41.042533 ], [ -71.955203, 41.07307 ], [ -71.856483, 41.071037 ], [ -72.39585, 40.86666 ], [ -73.054963, 40.666371 ], [ -73.571791, 40.578257 ], [ -73.774928, 40.590759 ], [ -73.940542, 40.54404 ], [ -73.879222, 40.574656 ], [ -74.002001, 40.570602 ], [ -74.041712, 40.626379 ], [ -73.999994, 40.663822 ], [ -74.014029, 40.757551 ], [ -73.893628, 40.997165 ], [ -74.696398, 41.357339 ], [ -74.738455, 41.430641 ], [ -74.893913, 41.43893 ], [ -74.912517, 41.475605 ], [ -74.983341, 41.480894 ], [ -75.074613, 41.605711 ], [ -75.044224, 41.617978 ], [ -75.053431, 41.752538 ], [ -75.10464, 41.774203 ], [ -75.072172, 41.813732 ], [ -75.170565, 41.871608 ], [ -75.260527, 41.8638 ], [ -75.279094, 41.938917 ], [ -75.359579, 41.999445 ], [ -79.761374, 41.999067 ] ] ] ] } },
{ "type": "Feature", "properties": { "STATEFP": "26", "STUSPS": "MI", "NAME": "Michigan", "subject_count_strict": 670143.97359809, "subject_count_permissive": 656741.09412612813, "loss_exposure_strict": 216187.0, "burden_index_centered": 0.21437810174709263, "subject_rate": 0.11299633491630626, "expansion": true, "partial_expansion": false, "subject_via_waiver": false, "waiver_listed": false, "loss_quantified": true, "already_work_conditional": false, "waiver_note": "", "hardship_exception_status": "adopting" }, "geometry": { "type": "MultiPolygon", "coordinates": [ [ [ [ -83.190997, 42.033428 ], [ -83.189927, 42.035987 ], [ -83.189214, 42.033339 ], [ -83.190997, 42.033428 ] ] ], [ [ [ -83.204946, 45.040747 ], [ -83.202015, 45.046114 ], [ -83.193451, 45.034175 ], [ -83.204946, 45.040747 ] ] ], [ [ [ -83.226983, 45.040481 ], [ -83.222956, 45.050704 ], [ -83.216899, 45.043798 ], [ -83.226983, 45.040481 ] ] ], [ [ [ -83.233851, 45.054977 ], [ -83.232464, 45.056833 ], [ -83.22871, 45.056365 ], [ -83.233851, 45.054977 ] ] ], [ [ [ -83.290552, 45.060605 ], [ -83.291699, 45.073274 ], [ -83.289064, 45.071608 ], [ -83.290552, 45.060605 ] ] ], [ [ [ -83.324881, 45.187083 ], [ -83.329886, 45.197735 ], [ -83.31986, 45.189457 ], [ -83.324881, 45.187083 ] ] ], [ [ [ -83.415115, 44.985942 ], [ -83.417586, 44.991927 ], [ -83.411795, 44.987267 ], [ -83.415115, 44.985942 ] ] ], [ [ [ -83.425547, 43.877092 ], [ -83.423894, 43.881685 ], [ -83.414634, 43.87648 ], [ -83.425547, 43.877092 ] ] ], [ [ [ -83.421152, 43.826979 ], [ -83.425522, 43.840626 ], [ -83.415733, 43.834181 ], [ -83.421152, 43.826979 ] ] ], [ [ [ -83.437089, 44.023163 ], [ -83.428468, 44.032701 ], [ -83.427265, 44.028701 ], [ -83.437089, 44.023163 ] ] ], [ [ [ -83.448576, 43.814784 ], [ -83.445266, 43.823907 ], [ -83.433069, 43.820435 ], [ -83.448576, 43.814784 ] ] ], [ [ [ -83.445616, 43.844974 ], [ -83.431585, 43.856621 ], [ -83.438092, 43.839494 ], [ -83.445616, 43.844974 ] ] ], [ [ [ -83.451568, 43.812382 ], [ -83.453776, 43.832433 ], [ -83.444604, 43.834367 ], [ -83.451568, 43.812382 ] ] ], [ [ [ -83.470271, 44.001515 ], [ -83.466409, 44.003698 ], [ -83.463266, 44.001372 ], [ -83.470271, 44.001515 ] ] ], [ [ [ -83.471366, 43.75619 ], [ -83.477045, 43.761541 ], [ -83.465961, 43.760005 ], [ -83.471366, 43.75619 ] ] ], [ [ [ -83.695694, 46.05493 ], [ -83.691892, 46.061939 ], [ -83.690109, 46.056991 ], [ -83.695694, 46.05493 ] ] ], [ [ [ -83.701993, 46.06128 ], [ -83.700686, 46.068371 ], [ -83.699735, 46.066969 ], [ -83.701993, 46.06128 ] ] ], [ [ [ -83.707935, 46.048909 ], [ -83.702825, 46.053528 ], [ -83.700923, 46.049816 ], [ -83.707935, 46.048909 ] ] ], [ [ [ -83.720413, 46.044042 ], [ -83.722671, 46.050806 ], [ -83.71863, 46.046599 ], [ -83.720413, 46.044042 ] ] ], [ [ [ -83.728375, 46.038021 ], [ -83.725523, 46.040578 ], [ -83.725167, 46.037443 ], [ -83.728375, 46.038021 ] ] ], [ [ [ -83.733485, 46.035876 ], [ -83.733485, 46.038103 ], [ -83.732654, 46.038268 ], [ -83.733485, 46.035876 ] ] ], [ [ [ -83.769375, 45.934887 ], [ -83.768068, 45.937779 ], [ -83.768552, 45.931753 ], [ -83.769375, 45.934887 ] ] ], [ [ [ -83.766523, 46.08626 ], [ -83.765097, 46.092194 ], [ -83.762465, 46.086318 ], [ -83.766523, 46.08626 ] ] ], [ [ [ -83.77401, 46.051466 ], [ -83.754758, 46.066145 ], [ -83.734317, 46.050724 ], [ -83.747226, 46.034778 ], [ -83.77401, 46.051466 ] ] ], [ [ [ -83.772346, 46.064248 ], [ -83.770801, 46.069113 ], [ -83.770088, 46.068701 ], [ -83.772346, 46.064248 ] ] ], [ [ [ -83.782566, 46.080325 ], [ -83.782447, 46.084529 ], [ -83.781259, 46.085023 ], [ -83.782566, 46.080325 ] ] ], [ [ [ -83.791955, 46.007241 ], [ -83.79041, 46.009222 ], [ -83.789697, 46.007241 ], [ -83.791955, 46.007241 ] ] ], [ [ [ -83.791598, 46.034391 ], [ -83.792787, 46.037526 ], [ -83.790766, 46.038433 ], [ -83.791598, 46.034391 ] ] ], [ [ [ -83.791836, 46.062599 ], [ -83.792787, 46.063753 ], [ -83.792311, 46.063918 ], [ -83.791836, 46.062599 ] ] ], [ [ [ -83.798253, 46.056084 ], [ -83.796708, 46.060373 ], [ -83.796233, 46.056497 ], [ -83.798253, 46.056084 ] ] ], [ [ [ -83.810613, 46.07406 ], [ -83.810494, 46.078099 ], [ -83.809424, 46.078017 ], [ -83.810613, 46.07406 ] ] ], [ [ [ -83.825111, 46.029193 ], [ -83.822853, 46.030843 ], [ -83.823923, 46.0268 ], [ -83.825111, 46.029193 ] ] ], [ [ [ -83.827369, 46.055095 ], [ -83.826537, 46.058393 ], [ -83.825824, 46.058228 ], [ -83.827369, 46.055095 ] ] ], [ [ [ -83.820357, 46.092029 ], [ -83.7935, 46.107356 ], [ -83.776506, 46.092029 ], [ -83.820357, 46.092029 ] ] ], [ [ [ -83.827607, 46.035463 ], [ -83.828557, 46.03901 ], [ -83.827725, 46.03967 ], [ -83.827607, 46.035463 ] ] ], [ [ [ -83.818592, 43.665453 ], [ -83.825108, 43.675203 ], [ -83.816746, 43.672472 ], [ -83.818592, 43.665453 ] ] ], [ [ [ -83.837233, 46.04396 ], [ -83.835807, 46.04561 ], [ -83.83652, 46.04297 ], [ -83.837233, 46.04396 ] ] ], [ [ [ -83.844601, 46.063424 ], [ -83.847572, 46.07373 ], [ -83.841392, 46.067794 ], [ -83.844601, 46.063424 ] ] ], [ [ [ -83.854227, 46.079995 ], [ -83.851018, 46.081726 ], [ -83.850186, 46.078676 ], [ -83.854227, 46.079995 ] ] ], [ [ [ -83.855059, 46.053528 ], [ -83.852563, 46.058888 ], [ -83.84674, 46.053858 ], [ -83.855059, 46.053528 ] ] ], [ [ [ -83.859337, 46.06936 ], [ -83.864804, 46.081149 ], [ -83.852563, 46.075214 ], [ -83.859337, 46.06936 ] ] ], [ [ [ -83.879183, 46.054187 ], [ -83.878708, 46.057981 ], [ -83.877876, 46.055425 ], [ -83.879183, 46.054187 ] ] ], [ [ [ -83.882867, 45.975453 ], [ -83.845076, 46.026552 ], [ -83.806097, 45.983876 ], [ -83.76581, 46.026387 ], [ -83.686068, 46.037443 ], [ -83.677393, 46.072988 ], [ -83.732178, 46.086919 ], [ -83.700111, 46.103867 ], [ -83.581314, 46.089615 ], [ -83.534429, 46.007654 ], [ -83.473221, 45.984421 ], [ -83.515824, 45.923617 ], [ -83.561836, 45.912563 ], [ -83.630967, 45.929001 ], [ -83.630214, 45.957032 ], [ -83.715668, 45.930108 ], [ -83.765572, 45.954719 ], [ -83.786168, 45.932924 ], [ -83.882867, 45.975453 ] ] ], [ [ [ -83.884056, 46.064825 ], [ -83.87954, 46.072411 ], [ -83.876806, 46.064825 ], [ -83.884056, 46.064825 ] ] ], [ [ [ -83.898673, 46.015494 ], [ -83.898554, 46.018713 ], [ -83.897128, 46.017062 ], [ -83.898673, 46.015494 ] ] ], [ [ [ -83.986139, 46.089392 ], [ -83.984832, 46.092194 ], [ -83.983643, 46.08865 ], [ -83.986139, 46.089392 ] ] ], [ [ [ -83.99113, 46.100847 ], [ -83.989704, 46.103154 ], [ -83.987684, 46.098292 ], [ -83.99113, 46.100847 ] ] ], [ [ [ -84.001232, 46.079088 ], [ -83.99529, 46.094831 ], [ -83.97345, 46.065285 ], [ -84.001232, 46.079088 ] ] ], [ [ [ -84.020365, 46.107686 ], [ -84.020721, 46.109828 ], [ -84.019652, 46.109169 ], [ -84.020365, 46.107686 ] ] ], [ [ [ -84.171518, 46.218798 ], [ -84.166125, 46.215782 ], [ -84.166048, 46.215331 ], [ -84.171518, 46.218798 ] ] ], [ [ [ -84.203134, 45.968473 ], [ -84.199837, 45.970018 ], [ -84.199942, 45.96716 ], [ -84.203134, 45.968473 ] ] ], [ [ [ -84.42976, 45.918838 ], [ -84.431196, 45.926019 ], [ -84.427927, 45.91893 ], [ -84.42976, 45.918838 ] ] ], [ [ [ -84.437244, 45.980269 ], [ -84.422041, 45.974696 ], [ -84.422224, 45.973202 ], [ -84.437244, 45.980269 ] ] ], [ [ [ -84.51672, 46.441905 ], [ -84.515384, 46.44358 ], [ -84.514063, 46.441714 ], [ -84.51672, 46.441905 ] ] ], [ [ [ -84.56795, 45.952484 ], [ -84.574955, 45.970654 ], [ -84.561829, 45.959077 ], [ -84.56795, 45.952484 ] ] ], [ [ [ -84.59024, 45.812801 ], [ -84.433724, 45.78671 ], [ -84.420326, 45.811317 ], [ -84.355945, 45.770691 ], [ -84.405717, 45.722259 ], [ -84.481421, 45.730052 ], [ -84.59024, 45.812801 ] ] ], [ [ [ -84.607343, 45.825624 ], [ -84.594291, 45.830638 ], [ -84.590947, 45.822416 ], [ -84.607343, 45.825624 ] ] ], [ [ [ -84.631575, 45.95535 ], [ -84.635822, 45.980875 ], [ -84.608783, 45.967471 ], [ -84.631575, 45.95535 ] ] ], [ [ [ -84.619789, 45.845548 ], [ -84.641806, 45.885467 ], [ -84.602142, 45.852062 ], [ -84.619789, 45.845548 ] ] ], [ [ [ -84.681902, 46.491037 ], [ -84.682222, 46.493482 ], [ -84.679057, 46.493421 ], [ -84.681902, 46.491037 ] ] ], [ [ [ -84.748057, 45.834387 ], [ -84.74539, 45.839331 ], [ -84.744091, 45.836633 ], [ -84.748057, 45.834387 ] ] ], [ [ [ -84.868987, 45.854951 ], [ -84.873844, 45.866712 ], [ -84.861903, 45.856643 ], [ -84.868987, 45.854951 ] ] ], [ [ [ -85.03403, 45.760978 ], [ -85.026999, 45.766109 ], [ -85.019512, 45.762975 ], [ -85.03403, 45.760978 ] ] ], [ [ [ -85.07309, 45.762362 ], [ -85.064654, 45.76659 ], [ -85.055172, 45.7644 ], [ -85.07309, 45.762362 ] ] ], [ [ [ -85.201427, 46.043086 ], [ -85.201954, 46.044859 ], [ -85.199544, 46.044222 ], [ -85.201427, 46.043086 ] ] ], [ [ [ -85.299763, 45.815102 ], [ -85.299049, 45.817526 ], [ -85.298928, 45.816317 ], [ -85.299763, 45.815102 ] ] ], [ [ [ -85.394765, 45.777136 ], [ -85.377958, 45.814067 ], [ -85.358087, 45.814112 ], [ -85.357638, 45.778529 ], [ -85.394765, 45.777136 ] ] ], [ [ [ -85.529878, 45.800462 ], [ -85.516819, 45.827449 ], [ -85.455474, 45.777831 ], [ -85.49562, 45.773403 ], [ -85.529878, 45.800462 ] ] ], [ [ [ -85.567359, 45.099201 ], [ -85.567733, 45.101413 ], [ -85.56586, 45.099502 ], [ -85.567359, 45.099201 ] ] ], [ [ [ -85.570643, 44.86452 ], [ -85.581207, 44.869938 ], [ -85.569891, 44.872323 ], [ -85.570643, 44.86452 ] ] ], [ [ [ -85.589179, 45.83331 ], [ -85.588172, 45.8407 ], [ -85.583757, 45.839494 ], [ -85.589179, 45.83331 ] ] ], [ [ [ -85.611124, 45.807376 ], [ -85.611967, 45.814302 ], [ -85.604309, 45.811824 ], [ -85.611124, 45.807376 ] ] ], [ [ [ -85.625977, 45.601586 ], [ -85.567991, 45.758579 ], [ -85.501267, 45.754415 ], [ -85.521911, 45.739419 ], [ -85.491727, 45.607527 ], [ -85.560658, 45.571584 ], [ -85.625977, 45.601586 ] ] ], [ [ [ -85.693102, 45.770887 ], [ -85.688192, 45.775061 ], [ -85.684075, 45.770125 ], [ -85.693102, 45.770887 ] ] ], [ [ [ -85.680454, 45.696062 ], [ -85.68885, 45.747238 ], [ -85.644893, 45.742702 ], [ -85.680454, 45.696062 ] ] ], [ [ [ -85.792961, 45.481976 ], [ -85.770611, 45.486489 ], [ -85.770146, 45.460737 ], [ -85.792961, 45.481976 ] ] ], [ [ [ -85.834286, 45.697344 ], [ -85.840707, 45.707386 ], [ -85.837198, 45.710343 ], [ -85.834286, 45.697344 ] ] ], [ [ [ -85.884707, 45.444814 ], [ -85.831967, 45.42048 ], [ -85.833844, 45.379575 ], [ -85.838716, 45.377155 ], [ -85.884707, 45.444814 ] ] ], [ [ [ -86.064483, 45.139601 ], [ -85.989412, 45.151069 ], [ -85.960879, 45.060508 ], [ -86.007527, 45.057172 ], [ -86.064483, 45.139601 ] ] ], [ [ [ -86.155654, 45.01439 ], [ -86.117908, 45.048478 ], [ -86.07781, 45.03241 ], [ -86.115699, 44.999093 ], [ -86.155654, 45.01439 ] ] ], [ [ [ -86.660311, 45.736005 ], [ -86.658187, 45.740782 ], [ -86.657074, 45.742643 ], [ -86.657536, 45.736576 ], [ -86.660311, 45.736005 ] ] ], [ [ [ -86.660639, 45.578604 ], [ -86.62682, 45.572934 ], [ -86.627495, 45.549456 ], [ -86.648909, 45.544344 ], [ -86.660639, 45.578604 ] ] ], [ [ [ -86.667056, 45.52168 ], [ -86.661179, 45.532962 ], [ -86.659915, 45.522491 ], [ -86.667056, 45.52168 ] ] ], [ [ [ -86.690169, 45.595721 ], [ -86.69239, 45.617126 ], [ -86.667888, 45.606047 ], [ -86.690169, 45.595721 ] ] ], [ [ [ -86.70904, 46.54521 ], [ -86.653355, 46.560698 ], [ -86.626329, 46.534903 ], [ -86.646798, 46.487497 ], [ -86.609596, 46.493456 ], [ -86.609648, 46.468701 ], [ -86.687595, 46.456228 ], [ -86.70904, 46.54521 ] ] ], [ [ [ -86.706986, 45.608873 ], [ -86.708056, 45.611534 ], [ -86.705204, 45.610619 ], [ -86.706986, 45.608873 ] ] ], [ [ [ -86.716137, 45.497779 ], [ -86.713894, 45.499798 ], [ -86.713998, 45.499195 ], [ -86.716137, 45.497779 ] ] ], [ [ [ -86.719323, 46.479033 ], [ -86.718797, 46.482226 ], [ -86.716742, 46.478599 ], [ -86.719323, 46.479033 ] ] ], [ [ [ -86.722911, 45.508523 ], [ -86.720653, 45.511521 ], [ -86.716693, 45.509483 ], [ -86.722911, 45.508523 ] ] ], [ [ [ -86.726239, 45.520598 ], [ -86.725091, 45.521734 ], [ -86.723092, 45.520525 ], [ -86.726239, 45.520598 ] ] ], [ [ [ -86.744167, 46.505292 ], [ -86.737287, 46.511148 ], [ -86.736916, 46.50397 ], [ -86.744167, 46.505292 ] ] ], [ [ [ -86.758801, 45.796692 ], [ -86.761177, 45.801497 ], [ -86.753453, 45.798763 ], [ -86.758801, 45.796692 ] ] ], [ [ [ -86.763435, 45.743556 ], [ -86.765456, 45.74878 ], [ -86.759276, 45.744302 ], [ -86.763435, 45.743556 ] ] ], [ [ [ -86.782806, 45.486782 ], [ -86.757548, 45.504123 ], [ -86.758286, 45.479263 ], [ -86.782806, 45.486782 ] ] ], [ [ [ -86.824828, 41.76024 ], [ -86.597899, 41.918291 ], [ -86.489023, 42.116224 ], [ -86.328276, 42.298022 ], [ -86.246597, 42.490109 ], [ -86.206392, 42.709525 ], [ -86.220582, 42.955791 ], [ -86.254646, 43.083409 ], [ -86.538497, 43.617501 ], [ -86.430202, 43.827575 ], [ -86.514702, 44.058119 ], [ -86.421108, 44.12948 ], [ -86.26871, 44.345324 ], [ -86.220399, 44.56817 ], [ -86.254996, 44.691935 ], [ -86.089564, 44.741984 ], [ -86.066745, 44.905685 ], [ -85.985218, 44.902933 ], [ -85.9316, 44.968788 ], [ -85.869852, 44.939031 ], [ -85.807403, 44.949814 ], [ -85.618361, 45.18702 ], [ -85.540748, 45.210906 ], [ -85.558373, 45.133209 ], [ -85.573893, 45.155488 ], [ -85.614319, 45.127562 ], [ -85.566505, 45.043991 ], [ -85.588994, 45.054714 ], [ -85.649476, 44.974589 ], [ -85.599389, 44.989175 ], [ -85.600982, 44.92501 ], [ -85.652355, 44.849092 ], [ -85.638884, 44.772335 ], [ -85.595436, 44.767111 ], [ -85.524751, 44.896124 ], [ -85.564509, 44.895246 ], [ -85.520034, 44.973996 ], [ -85.474937, 44.991721 ], [ -85.499745, 44.856088 ], [ -85.555894, 44.818256 ], [ -85.576566, 44.760208 ], [ -85.527192, 44.7475 ], [ -85.389256, 44.948057 ], [ -85.371593, 45.270834 ], [ -85.203616, 45.361887 ], [ -84.914543, 45.395623 ], [ -84.922006, 45.421914 ], [ -85.06247, 45.451289 ], [ -85.115479, 45.539406 ], [ -85.070333, 45.633952 ], [ -84.943756, 45.71029 ], [ -85.008347, 45.761669 ], [ -84.807907, 45.744918 ], [ -84.791643, 45.782038 ], [ -84.72886, 45.788145 ], [ -84.479222, 45.656791 ], [ -84.329537, 45.66438 ], [ -84.215878, 45.634817 ], [ -84.096855, 45.497354 ], [ -83.909472, 45.485784 ], [ -83.786856, 45.41015 ], [ -83.716132, 45.414455 ], [ -83.584436, 45.347859 ], [ -83.494514, 45.339366 ], [ -83.494878, 45.360215 ], [ -83.387719, 45.276288 ], [ -83.412557, 45.239215 ], [ -83.316118, 45.141958 ], [ -83.315324, 45.052571 ], [ -83.262416, 45.025405 ], [ -83.385003, 45.077053 ], [ -83.437879, 45.055014 ], [ -83.456484, 45.017219 ], [ -83.431254, 45.007998 ], [ -83.463841, 45.003138 ], [ -83.433032, 44.93289 ], [ -83.315803, 44.881005 ], [ -83.270288, 44.70878 ], [ -83.314517, 44.608725 ], [ -83.333708, 44.336579 ], [ -83.449184, 44.251796 ], [ -83.479531, 44.28009 ], [ -83.53771, 44.248171 ], [ -83.579866, 44.049439 ], [ -83.671488, 44.041842 ], [ -83.680563, 43.987646 ], [ -83.848173, 43.989535 ], [ -83.916, 43.89904 ], [ -83.953932, 43.750219 ], [ -83.905351, 43.670039 ], [ -83.685207, 43.584437 ], [ -83.539965, 43.708366 ], [ -83.490496, 43.70259 ], [ -83.390392, 43.848386 ], [ -83.325064, 43.883999 ], [ -83.400934, 43.917071 ], [ -83.30924, 43.920256 ], [ -83.262471, 43.975315 ], [ -83.066026, 44.003366 ], [ -82.963861, 44.068266 ], [ -82.741726, 43.990388 ], [ -82.614982, 43.77925 ], [ -82.523086, 43.225361 ], [ -82.413474, 42.976887 ], [ -82.469912, 42.887459 ], [ -82.467776, 42.761397 ], [ -82.523337, 42.607486 ], [ -82.679059, 42.52221 ], [ -82.647899, 42.559345 ], [ -82.694062, 42.558562 ], [ -82.656455, 42.592424 ], [ -82.713042, 42.597904 ], [ -82.630922, 42.64211 ], [ -82.630851, 42.673341 ], [ -82.696222, 42.690278 ], [ -82.805609, 42.648765 ], [ -82.820667, 42.615265 ], [ -82.771519, 42.592744 ], [ -82.874416, 42.523535 ], [ -82.882181, 42.405191 ], [ -82.959763, 42.34003 ], [ -83.09729, 42.290068 ], [ -83.13202, 42.090166 ], [ -83.19104, 42.077441 ], [ -83.187602, 42.044309 ], [ -83.213112, 42.043286 ], [ -83.185729, 42.008965 ], [ -83.234125, 41.994504 ], [ -83.264535, 41.930983 ], [ -83.319698, 41.933463 ], [ -83.34276, 41.879384 ], [ -83.439612, 41.813162 ], [ -83.427556, 41.741965 ], [ -83.479913, 41.757419 ], [ -83.455401, 41.732843 ], [ -84.805996, 41.696118 ], [ -84.805883, 41.760216 ], [ -86.824828, 41.76024 ] ] ], [ [ [ -86.899098, 46.484149 ], [ -86.890527, 46.486226 ], [ -86.891095, 46.47946 ], [ -86.899098, 46.484149 ] ] ], [ [ [ -87.402109, 46.593464 ], [ -87.402633, 46.595545 ], [ -87.399295, 46.594726 ], [ -87.402109, 46.593464 ] ] ], [ [ [ -87.416508, 46.597476 ], [ -87.413362, 46.605396 ], [ -87.410079, 46.602718 ], [ -87.416508, 46.597476 ] ] ], [ [ [ -87.461258, 46.636283 ], [ -87.459151, 46.639995 ], [ -87.456894, 46.638404 ], [ -87.461258, 46.636283 ] ] ], [ [ [ -87.541822, 46.703555 ], [ -87.540456, 46.705129 ], [ -87.539046, 46.704703 ], [ -87.541822, 46.703555 ] ] ], [ [ [ -87.650661, 47.417469 ], [ -87.623673, 47.426283 ], [ -87.586224, 47.418336 ], [ -87.600342, 47.407711 ], [ -87.650661, 47.417469 ] ] ], [ [ [ -87.957552, 46.949246 ], [ -87.956543, 46.951606 ], [ -87.955457, 46.949487 ], [ -87.957552, 46.949246 ] ] ], [ [ [ -87.971887, 46.9504 ], [ -87.969035, 46.95376 ], [ -87.963634, 46.951313 ], [ -87.971887, 46.9504 ] ] ], [ [ [ -87.999445, 46.958768 ], [ -87.998266, 46.963725 ], [ -87.997313, 46.959447 ], [ -87.999445, 46.958768 ] ] ], [ [ [ -88.269303, 47.069486 ], [ -88.270372, 47.076305 ], [ -88.268055, 47.074038 ], [ -88.269303, 47.069486 ] ] ], [ [ [ -88.367788, 48.222952 ], [ -88.352504, 48.235476 ], [ -88.336342, 48.237138 ], [ -88.367788, 48.222952 ] ] ], [ [ [ -88.721218, 48.103944 ], [ -88.723219, 48.10415 ], [ -88.705494, 48.111175 ], [ -88.721218, 48.103944 ] ] ], [ [ [ -88.818355, 47.928058 ], [ -88.798982, 47.935706 ], [ -88.78231, 47.940723 ], [ -88.797465, 47.934969 ], [ -88.818355, 47.928058 ] ] ], [ [ [ -88.847231, 47.912645 ], [ -88.849772, 47.914266 ], [ -88.845059, 47.915241 ], [ -88.847231, 47.912645 ] ] ], [ [ [ -89.2628, 47.869864 ], [ -89.179154, 47.93503 ], [ -88.787556, 48.063035 ], [ -88.632712, 48.148584 ], [ -88.418244, 48.18037 ], [ -88.670073, 48.011446 ], [ -89.005095, 47.898658 ], [ -88.911665, 47.891344 ], [ -89.162048, 47.823564 ], [ -89.234533, 47.851718 ], [ -89.203796, 47.886307 ], [ -89.2628, 47.869864 ] ] ], [ [ [ -90.418136, 46.566094 ], [ -90.027886, 46.673733 ], [ -89.788755, 46.818103 ], [ -89.425331, 46.841452 ], [ -89.227914, 46.912954 ], [ -89.128698, 46.992599 ], [ -88.972802, 47.002096 ], [ -88.88914, 47.100575 ], [ -88.577048, 47.244003 ], [ -88.424472, 47.368852 ], [ -88.218153, 47.449521 ], [ -87.801184, 47.473301 ], [ -87.719215, 47.442976 ], [ -87.712421, 47.4014 ], [ -87.957058, 47.38726 ], [ -87.94336, 47.335899 ], [ -88.228987, 47.199042 ], [ -88.232164, 47.145975 ], [ -88.349952, 47.076377 ], [ -88.367624, 47.019213 ], [ -88.446455, 46.970162 ], [ -88.484299, 46.832503 ], [ -88.462926, 46.786621 ], [ -88.49733, 46.755107 ], [ -88.450607, 46.76317 ], [ -88.38141, 46.838466 ], [ -88.389727, 46.8671 ], [ -88.35194, 46.857028 ], [ -88.142954, 46.966903 ], [ -88.283423, 46.822987 ], [ -88.215327, 46.891331 ], [ -88.08187, 46.920458 ], [ -87.816794, 46.891154 ], [ -87.741014, 46.865247 ], [ -87.727329, 46.825854 ], [ -87.680668, 46.842496 ], [ -87.590389, 46.782448 ], [ -87.582745, 46.730527 ], [ -87.503025, 46.647497 ], [ -87.43442, 46.591747 ], [ -87.37701, 46.590337 ], [ -87.393985, 46.533183 ], [ -87.35941, 46.503452 ], [ -87.116634, 46.494808 ], [ -87.005308, 46.533953 ], [ -86.875151, 46.43728 ], [ -86.750157, 46.479109 ], [ -86.70323, 46.439378 ], [ -86.655306, 46.442502 ], [ -86.644706, 46.410801 ], [ -86.467745, 46.552456 ], [ -86.161681, 46.669475 ], [ -85.500509, 46.676038 ], [ -85.25686, 46.75338 ], [ -84.956248, 46.771894 ], [ -85.030078, 46.684769 ], [ -85.025491, 46.546397 ], [ -85.056133, 46.52652 ], [ -85.015211, 46.479712 ], [ -84.935456, 46.489067 ], [ -84.817307, 46.444319 ], [ -84.63102, 46.484868 ], [ -84.583309, 46.413505 ], [ -84.471848, 46.434289 ], [ -84.420274, 46.501077 ], [ -84.275814, 46.492821 ], [ -84.226131, 46.53392 ], [ -84.128925, 46.530119 ], [ -84.111225, 46.504119 ], [ -84.146172, 46.41852 ], [ -84.097766, 46.256512 ], [ -84.153012, 46.215888 ], [ -84.212029, 46.24663 ], [ -84.273018, 46.201451 ], [ -84.221001, 46.163062 ], [ -84.122825, 46.178881 ], [ -84.029634, 46.134539 ], [ -84.071741, 46.092441 ], [ -83.895464, 45.986436 ], [ -83.913817, 45.955694 ], [ -83.978652, 45.96868 ], [ -83.995292, 45.94581 ], [ -84.267219, 45.990763 ], [ -84.258425, 45.957231 ], [ -84.381589, 45.933604 ], [ -84.434995, 45.961087 ], [ -84.412489, 45.979175 ], [ -84.428895, 45.993143 ], [ -84.392059, 45.985444 ], [ -84.422721, 46.002032 ], [ -84.465028, 46.005499 ], [ -84.463128, 45.968925 ], [ -84.50579, 45.997987 ], [ -84.532392, 45.969448 ], [ -84.544405, 46.02286 ], [ -84.656567, 46.052654 ], [ -84.690467, 46.027947 ], [ -84.685254, 45.973454 ], [ -84.740105, 45.941839 ], [ -84.702141, 45.850725 ], [ -84.752417, 45.839738 ], [ -85.01399, 46.010774 ], [ -85.335911, 46.092595 ], [ -85.50621, 46.096393 ], [ -85.658876, 45.965802 ], [ -85.894391, 45.966949 ], [ -85.913769, 45.919439 ], [ -86.072067, 45.965313 ], [ -86.275768, 45.943551 ], [ -86.324232, 45.90608 ], [ -86.346903, 45.797298 ], [ -86.415971, 45.793793 ], [ -86.436632, 45.761697 ], [ -86.532411, 45.746624 ], [ -86.537258, 45.708361 ], [ -86.580936, 45.71192 ], [ -86.587528, 45.666456 ], [ -86.62744, 45.659876 ], [ -86.614266, 45.600121 ], [ -86.717512, 45.680291 ], [ -86.623561, 45.751019 ], [ -86.631096, 45.782116 ], [ -86.559625, 45.772244 ], [ -86.581759, 45.794797 ], [ -86.528014, 45.853254 ], [ -86.535206, 45.885805 ], [ -86.582323, 45.896113 ], [ -86.647567, 45.83355 ], [ -86.78208, 45.860195 ], [ -86.789461, 45.771829 ], [ -86.967855, 45.668261 ], [ -87.005522, 45.828798 ], [ -86.948231, 45.876756 ], [ -86.977941, 45.905623 ], [ -87.022038, 45.860077 ], [ -86.998983, 45.847744 ], [ -87.057439, 45.812483 ], [ -87.064302, 45.758828 ], [ -87.0382, 45.741519 ], [ -87.197295, 45.638703 ], [ -87.327749, 45.425307 ], [ -87.599814, 45.150474 ], [ -87.592192, 45.094762 ], [ -87.659952, 45.107512 ], [ -87.736509, 45.173389 ], [ -87.657349, 45.368752 ], [ -87.693956, 45.389893 ], [ -87.754104, 45.349442 ], [ -87.888052, 45.354697 ], [ -87.849322, 45.403872 ], [ -87.861697, 45.434473 ], [ -87.792769, 45.499967 ], [ -87.833591, 45.562529 ], [ -87.777199, 45.588499 ], [ -87.824676, 45.653211 ], [ -87.782226, 45.683053 ], [ -87.875813, 45.753888 ], [ -88.129461, 45.809288 ], [ -88.069885, 45.872717 ], [ -88.101814, 45.883504 ], [ -88.102908, 45.921869 ], [ -88.492495, 45.992157 ], [ -88.514601, 46.019926 ], [ -88.670827, 45.988547 ], [ -88.679132, 46.013538 ], [ -88.816026, 46.020586 ], [ -89.09163, 46.138505 ], [ -90.120489, 46.336852 ], [ -90.216594, 46.501759 ], [ -90.316983, 46.517319 ], [ -90.331887, 46.553278 ], [ -90.39332, 46.532615 ], [ -90.418136, 46.566094 ] ] ] ] } },
{ "type": "Feature", "properties": { "STATEFP": "20", "STUSPS": "KS", "NAME": "Kansas", "subject_count_strict": 0.0, "subject_count_permissive": 0.0, "loss_exposure_strict": 0.0, "burden_index_centered": 0.0, "subject_rate": 0.0, "expansion": false, "partial_expansion": false, "subject_via_waiver": false, "waiver_listed": false, "loss_quantified": true, "already_work_conditional": false, "waiver_note": "", "hardship_exception_status": "non_expansion" }, "geometry": { "type": "Polygon", "coordinates": [ [ [ -102.051744, 40.003078 ], [ -95.30829, 39.999998 ], [ -95.204428, 39.938949 ], [ -95.201935, 39.904053 ], [ -95.090158, 39.86314 ], [ -94.943867, 39.89813 ], [ -94.939767, 39.85193 ], [ -94.875944, 39.813294 ], [ -94.935302, 39.77561 ], [ -94.869644, 39.772894 ], [ -94.862943, 39.742994 ], [ -94.965318, 39.739065 ], [ -94.971317, 39.68641 ], [ -95.027644, 39.665454 ], [ -95.049277, 39.589583 ], [ -95.103228, 39.577783 ], [ -95.109304, 39.542285 ], [ -94.942039, 39.389499 ], [ -94.885026, 39.389801 ], [ -94.905329, 39.311952 ], [ -94.831471, 39.256273 ], [ -94.823791, 39.209874 ], [ -94.588413, 39.149869 ], [ -94.617964, 36.998905 ], [ -102.042089, 36.993016 ], [ -102.051744, 40.003078 ] ] ] } },
{ "type": "Feature", "properties": { "STATEFP": "12", "STUSPS": "FL", "NAME": "Florida", "subject_count_strict": 0.0, "subject_count_permissive": 0.0, "loss_exposure_strict": 0.0, "burden_index_centered": 0.0, "subject_rate": 0.0, "expansion": false, "partial_expansion": false, "subject_via_waiver": false, "waiver_listed": false, "loss_quantified": true, "already_work_conditional": false, "waiver_note": "", "hardship_exception_status": "non_expansion" }, "geometry": { "type": "MultiPolygon", "coordinates": [ [ [ [ -80.17706, 25.521704 ], [ -80.17395, 25.525375 ], [ -80.17268, 25.522087 ], [ -80.17706, 25.521704 ] ] ], [ [ [ -80.258601, 25.359611 ], [ -80.20922, 25.41437 ], [ -80.175744, 25.517714 ], [ -80.203829, 25.414497 ], [ -80.239341, 25.350586 ], [ -80.258601, 25.359611 ] ] ], [ [ [ -80.296776, 25.325538 ], [ -80.293668, 25.326819 ], [ -80.293713, 25.324611 ], [ -80.296776, 25.325538 ] ] ], [ [ [ -80.295002, 25.376714 ], [ -80.298175, 25.38216 ], [ -80.293678, 25.385452 ], [ -80.295002, 25.376714 ] ] ], [ [ [ -80.301963, 25.403001 ], [ -80.300239, 25.406652 ], [ -80.299741, 25.405385 ], [ -80.301963, 25.403001 ] ] ], [ [ [ -80.455781, 25.048353 ], [ -80.448638, 25.053666 ], [ -80.446311, 25.052813 ], [ -80.455781, 25.048353 ] ] ], [ [ [ -80.482307, 25.112364 ], [ -80.476915, 25.114316 ], [ -80.475942, 25.10832 ], [ -80.482307, 25.112364 ] ] ], [ [ [ -80.468829, 25.092027 ], [ -80.473939, 25.093642 ], [ -80.477742, 25.103543 ], [ -80.468829, 25.092027 ] ] ], [ [ [ -80.494498, 25.097839 ], [ -80.490794, 25.10354 ], [ -80.486179, 25.1086 ], [ -80.494498, 25.097839 ] ] ], [ [ [ -80.498465, 25.075912 ], [ -80.499054, 25.080866 ], [ -80.49285, 25.079996 ], [ -80.498465, 25.075912 ] ] ], [ [ [ -80.509163, 25.13139 ], [ -80.505356, 25.137824 ], [ -80.507737, 25.13096 ], [ -80.509163, 25.13139 ] ] ], [ [ [ -80.506644, 25.147339 ], [ -80.509337, 25.155186 ], [ -80.505434, 25.148743 ], [ -80.506644, 25.147339 ] ] ], [ [ [ -80.517832, 25.083 ], [ -80.511144, 25.083179 ], [ -80.510588, 25.081913 ], [ -80.517832, 25.083 ] ] ], [ [ [ -80.53795, 25.182683 ], [ -80.535636, 25.195097 ], [ -80.530332, 25.187603 ], [ -80.53795, 25.182683 ] ] ], [ [ [ -80.553221, 25.161413 ], [ -80.550058, 25.161854 ], [ -80.555867, 25.158177 ], [ -80.553221, 25.161413 ] ] ], [ [ [ -80.552658, 25.062944 ], [ -80.558136, 25.06596 ], [ -80.555844, 25.072206 ], [ -80.552658, 25.062944 ] ] ], [ [ [ -80.567731, 25.125708 ], [ -80.564955, 25.127871 ], [ -80.567972, 25.122476 ], [ -80.567731, 25.125708 ] ] ], [ [ [ -80.561944, 25.13957 ], [ -80.565018, 25.149679 ], [ -80.557233, 25.140384 ], [ -80.561944, 25.13957 ] ] ], [ [ [ -80.560739, 25.107395 ], [ -80.567157, 25.108256 ], [ -80.567632, 25.119124 ], [ -80.560739, 25.107395 ] ] ], [ [ [ -80.576426, 25.150217 ], [ -80.572928, 25.156745 ], [ -80.575119, 25.148388 ], [ -80.576426, 25.150217 ] ] ], [ [ [ -80.588246, 25.056483 ], [ -80.582693, 25.061169 ], [ -80.583278, 25.056946 ], [ -80.588246, 25.056483 ] ] ], [ [ [ -80.599853, 25.163732 ], [ -80.586631, 25.171442 ], [ -80.586799, 25.16264 ], [ -80.599853, 25.163732 ] ] ], [ [ [ -80.613385, 25.056161 ], [ -80.60553, 25.070358 ], [ -80.607919, 25.056915 ], [ -80.613385, 25.056161 ] ] ], [ [ [ -80.614146, 25.003219 ], [ -80.615531, 25.007777 ], [ -80.612751, 25.00666 ], [ -80.614146, 25.003219 ] ] ], [ [ [ -80.614448, 25.175779 ], [ -80.621467, 25.183668 ], [ -80.609847, 25.182407 ], [ -80.614448, 25.175779 ] ] ], [ [ [ -80.623887, 24.998781 ], [ -80.626002, 25.002625 ], [ -80.622785, 24.999997 ], [ -80.623887, 24.998781 ] ] ], [ [ [ -80.623203, 24.95862 ], [ -80.625146, 24.961366 ], [ -80.623882, 24.963673 ], [ -80.623203, 24.95862 ] ] ], [ [ [ -80.634227, 25.024297 ], [ -80.634152, 25.028118 ], [ -80.631628, 25.025463 ], [ -80.634227, 25.024297 ] ] ], [ [ [ -80.644236, 25.046938 ], [ -80.644777, 25.052808 ], [ -80.641141, 25.049794 ], [ -80.644236, 25.046938 ] ] ], [ [ [ -80.648532, 25.032356 ], [ -80.64586, 25.036275 ], [ -80.646338, 25.033159 ], [ -80.648532, 25.032356 ] ] ], [ [ [ -80.652685, 24.980814 ], [ -80.650226, 24.989504 ], [ -80.646576, 24.987369 ], [ -80.652685, 24.980814 ] ] ], [ [ [ -80.640643, 25.073373 ], [ -80.643482, 25.112081 ], [ -80.647439, 25.138662 ], [ -80.637482, 25.137276 ], [ -80.640643, 25.073373 ] ] ], [ [ [ -80.657594, 24.987781 ], [ -80.661826, 24.995273 ], [ -80.654271, 24.994916 ], [ -80.657594, 24.987781 ] ] ], [ [ [ -80.668406, 25.033527 ], [ -80.66464, 25.037154 ], [ -80.664029, 25.033643 ], [ -80.668406, 25.033527 ] ] ], [ [ [ -80.666389, 24.918518 ], [ -80.665154, 24.928158 ], [ -80.660828, 24.924028 ], [ -80.666389, 24.918518 ] ] ], [ [ [ -80.667322, 24.986395 ], [ -80.670085, 24.990165 ], [ -80.666745, 24.987242 ], [ -80.667322, 24.986395 ] ] ], [ [ [ -80.68042, 25.099282 ], [ -80.6745, 25.104106 ], [ -80.666932, 25.095962 ], [ -80.68042, 25.099282 ] ] ], [ [ [ -80.676237, 25.03099 ], [ -80.678061, 25.035262 ], [ -80.673729, 25.032916 ], [ -80.676237, 25.03099 ] ] ], [ [ [ -80.675904, 25.114509 ], [ -80.684074, 25.122946 ], [ -80.679479, 25.123177 ], [ -80.675904, 25.114509 ] ] ], [ [ [ -80.687065, 25.027197 ], [ -80.682053, 25.03072 ], [ -80.682111, 25.025314 ], [ -80.687065, 25.027197 ] ] ], [ [ [ -80.69448, 25.050071 ], [ -80.695635, 25.062084 ], [ -80.692643, 25.060086 ], [ -80.69448, 25.050071 ] ] ], [ [ [ -80.697222, 25.098326 ], [ -80.700157, 25.101447 ], [ -80.700892, 25.108069 ], [ -80.697222, 25.098326 ] ] ], [ [ [ -80.700903, 25.11582 ], [ -80.694541, 25.122252 ], [ -80.694413, 25.119941 ], [ -80.700903, 25.11582 ] ] ], [ [ [ -80.70259, 24.897037 ], [ -80.698058, 24.908869 ], [ -80.693404, 24.899532 ], [ -80.70259, 24.897037 ] ] ], [ [ [ -80.706017, 25.128904 ], [ -80.711135, 25.143054 ], [ -80.699647, 25.125719 ], [ -80.706017, 25.128904 ] ] ], [ [ [ -80.714637, 25.146559 ], [ -80.710953, 25.145806 ], [ -80.711309, 25.144408 ], [ -80.714637, 25.146559 ] ] ], [ [ [ -80.724637, 25.093824 ], [ -80.725196, 25.099155 ], [ -80.723231, 25.098128 ], [ -80.724637, 25.093824 ] ] ], [ [ [ -80.726251, 24.996229 ], [ -80.730093, 25.002447 ], [ -80.723687, 25.005051 ], [ -80.726251, 24.996229 ] ] ], [ [ [ -80.727989, 25.062618 ], [ -80.734321, 25.072157 ], [ -80.728203, 25.070893 ], [ -80.727989, 25.062618 ] ] ], [ [ [ -80.740108, 25.008277 ], [ -80.735532, 25.005445 ], [ -80.736917, 25.002469 ], [ -80.740108, 25.008277 ] ] ], [ [ [ -80.735175, 24.848822 ], [ -80.732966, 24.864315 ], [ -80.690651, 24.884221 ], [ -80.735175, 24.848822 ] ] ], [ [ [ -80.758285, 25.0293 ], [ -80.754511, 25.03908 ], [ -80.749596, 25.027061 ], [ -80.758285, 25.0293 ] ] ], [ [ [ -80.760886, 25.143528 ], [ -80.760509, 25.146344 ], [ -80.758845, 25.145268 ], [ -80.760886, 25.143528 ] ] ], [ [ [ -80.784714, 24.936768 ], [ -80.783891, 24.940841 ], [ -80.782672, 24.939327 ], [ -80.784714, 24.936768 ] ] ], [ [ [ -80.789232, 25.023182 ], [ -80.786301, 25.026556 ], [ -80.785232, 25.024756 ], [ -80.789232, 25.023182 ] ] ], [ [ [ -80.786703, 25.124423 ], [ -80.789268, 25.132036 ], [ -80.781182, 25.122027 ], [ -80.786703, 25.124423 ] ] ], [ [ [ -80.791123, 25.09147 ], [ -80.78567, 25.092476 ], [ -80.787672, 25.089118 ], [ -80.791123, 25.09147 ] ] ], [ [ [ -80.7923, 25.067924 ], [ -80.788673, 25.071034 ], [ -80.787519, 25.068677 ], [ -80.7923, 25.067924 ] ] ], [ [ [ -80.829765, 24.987682 ], [ -80.829887, 24.994453 ], [ -80.827909, 24.987926 ], [ -80.829765, 24.987682 ] ] ], [ [ [ -80.830858, 25.115236 ], [ -80.832298, 25.121699 ], [ -80.828657, 25.114961 ], [ -80.830858, 25.115236 ] ] ], [ [ [ -80.794531, 24.81205 ], [ -80.830486, 24.812394 ], [ -80.790477, 24.84295 ], [ -80.794531, 24.81205 ] ] ], [ [ [ -80.851471, 25.107736 ], [ -80.850375, 25.110719 ], [ -80.849757, 25.108473 ], [ -80.851471, 25.107736 ] ] ], [ [ [ -80.865342, 25.029951 ], [ -80.8626, 25.03396 ], [ -80.860895, 25.031059 ], [ -80.865342, 25.029951 ] ] ], [ [ [ -80.876076, 25.110876 ], [ -80.880821, 25.119213 ], [ -80.876534, 25.117168 ], [ -80.876076, 25.110876 ] ] ], [ [ [ -80.885359, 25.058095 ], [ -80.884814, 25.061199 ], [ -80.883582, 25.059878 ], [ -80.885359, 25.058095 ] ] ], [ [ [ -80.904055, 25.04966 ], [ -80.901776, 25.052214 ], [ -80.901583, 25.050331 ], [ -80.904055, 25.04966 ] ] ], [ [ [ -80.905406, 25.132562 ], [ -80.904231, 25.137429 ], [ -80.900209, 25.137411 ], [ -80.905406, 25.132562 ] ] ], [ [ [ -80.911067, 25.101951 ], [ -80.91202, 25.110325 ], [ -80.907814, 25.102897 ], [ -80.911067, 25.101951 ] ] ], [ [ [ -80.907616, 24.76862 ], [ -80.91531, 24.7779 ], [ -80.90876, 24.777604 ], [ -80.907616, 24.76862 ] ] ], [ [ [ -80.931531, 24.763398 ], [ -80.926006, 24.768944 ], [ -80.926362, 24.765923 ], [ -80.931531, 24.763398 ] ] ], [ [ [ -80.929877, 25.078468 ], [ -80.929533, 25.08089 ], [ -80.925168, 25.080554 ], [ -80.929877, 25.078468 ] ] ], [ [ [ -80.941642, 25.10617 ], [ -80.935317, 25.111092 ], [ -80.932481, 25.109231 ], [ -80.941642, 25.10617 ] ] ], [ [ [ -81.124761, 24.707129 ], [ -81.016918, 24.734676 ], [ -80.931416, 24.774344 ], [ -81.0773, 24.689974 ], [ -81.124761, 24.707129 ] ] ], [ [ [ -81.230055, 24.776859 ], [ -81.227978, 24.781785 ], [ -81.226135, 24.775721 ], [ -81.230055, 24.776859 ] ] ], [ [ [ -81.280808, 24.655625 ], [ -81.260006, 24.674848 ], [ -81.243232, 24.673998 ], [ -81.244761, 24.669202 ], [ -81.280808, 24.655625 ] ] ], [ [ [ -81.293946, 24.77257 ], [ -81.287758, 24.776352 ], [ -81.285734, 24.768242 ], [ -81.293946, 24.77257 ] ] ], [ [ [ -81.314255, 24.750815 ], [ -81.306097, 24.757079 ], [ -81.298959, 24.743645 ], [ -81.314255, 24.750815 ] ] ], [ [ [ -81.324, 24.759556 ], [ -81.324221, 24.76706 ], [ -81.317345, 24.75675 ], [ -81.324, 24.759556 ] ] ], [ [ [ -81.303253, 24.714029 ], [ -81.328397, 24.750275 ], [ -81.297401, 24.716732 ], [ -81.303253, 24.714029 ] ] ], [ [ [ -81.332913, 24.731603 ], [ -81.333626, 24.744231 ], [ -81.332081, 24.732682 ], [ -81.332913, 24.731603 ] ] ], [ [ [ -81.355624, 25.692516 ], [ -81.341238, 25.712577 ], [ -81.338242, 25.692895 ], [ -81.355624, 25.692516 ] ] ], [ [ [ -81.444312, 24.632921 ], [ -81.441716, 24.636031 ], [ -81.440873, 24.632971 ], [ -81.444312, 24.632921 ] ] ], [ [ [ -81.471471, 24.609851 ], [ -81.469039, 24.613155 ], [ -81.467665, 24.609973 ], [ -81.471471, 24.609851 ] ] ], [ [ [ -81.810805, 24.566 ], [ -81.810945, 24.569536 ], [ -81.809588, 24.569509 ], [ -81.810805, 24.566 ] ] ], [ [ [ -81.812048, 24.548805 ], [ -81.799495, 24.594168 ], [ -81.752834, 24.580234 ], [ -81.721995, 24.606654 ], [ -81.765336, 24.632626 ], [ -81.754281, 24.654043 ], [ -81.44351, 24.813364 ], [ -81.451517, 24.76687 ], [ -81.371822, 24.779089 ], [ -81.296895, 24.655382 ], [ -81.394795, 24.621135 ], [ -81.412537, 24.646732 ], [ -81.505944, 24.65451 ], [ -81.519025, 24.618812 ], [ -81.604333, 24.586164 ], [ -81.812048, 24.548805 ] ] ], [ [ [ -81.814591, 24.560424 ], [ -81.812797, 24.563589 ], [ -81.812259, 24.560775 ], [ -81.814591, 24.560424 ] ] ], [ [ [ -81.888228, 24.557772 ], [ -81.885878, 24.562968 ], [ -81.883743, 24.56033 ], [ -81.888228, 24.557772 ] ] ], [ [ [ -81.921082, 24.60129 ], [ -81.92308, 24.606625 ], [ -81.919472, 24.60548 ], [ -81.921082, 24.60129 ] ] ], [ [ [ -81.924892, 24.539964 ], [ -81.921328, 24.54848 ], [ -81.916766, 24.545353 ], [ -81.924892, 24.539964 ] ] ], [ [ [ -81.925995, 24.526514 ], [ -81.925584, 24.532863 ], [ -81.917725, 24.530521 ], [ -81.925995, 24.526514 ] ] ], [ [ [ -81.964274, 24.521304 ], [ -81.963085, 24.524966 ], [ -81.963069, 24.521311 ], [ -81.964274, 24.521304 ] ] ], [ [ [ -81.978544, 24.523246 ], [ -81.970856, 24.526957 ], [ -81.968177, 24.523495 ], [ -81.978544, 24.523246 ] ] ], [ [ [ -82.006453, 24.527437 ], [ -82.007484, 24.537902 ], [ -81.998308, 24.530863 ], [ -82.006453, 24.527437 ] ] ], [ [ [ -82.110364, 24.568616 ], [ -82.130023, 24.597508 ], [ -82.108117, 24.590619 ], [ -82.101336, 24.565497 ], [ -82.116087, 24.549544 ], [ -82.133537, 24.550024 ], [ -82.110364, 24.568616 ] ] ], [ [ [ -82.146016, 24.548943 ], [ -82.145184, 24.552511 ], [ -82.144114, 24.551321 ], [ -82.146016, 24.548943 ] ] ], [ [ [ -82.156426, 24.549107 ], [ -82.16452, 24.563393 ], [ -82.156711, 24.56613 ], [ -82.156426, 24.549107 ] ] ], [ [ [ -82.172917, 26.467658 ], [ -82.214337, 26.602944 ], [ -82.17783, 26.492217 ], [ -82.013913, 26.452058 ], [ -82.082915, 26.422059 ], [ -82.172917, 26.467658 ] ] ], [ [ [ -82.262485, 26.677602 ], [ -82.246085, 26.706057 ], [ -82.221129, 26.613446 ], [ -82.262485, 26.677602 ] ] ], [ [ [ -82.419878, 27.843628 ], [ -82.40605, 27.849954 ], [ -82.405218, 27.849009 ], [ -82.419878, 27.843628 ] ] ], [ [ [ -82.424278, 27.868217 ], [ -82.435448, 27.884199 ], [ -82.424622, 27.884199 ], [ -82.424278, 27.868217 ] ] ], [ [ [ -82.441689, 27.823534 ], [ -82.431221, 27.838608 ], [ -82.43222, 27.822289 ], [ -82.441689, 27.823534 ] ] ], [ [ [ -82.573608, 27.631266 ], [ -82.572698, 27.636943 ], [ -82.569178, 27.630531 ], [ -82.573608, 27.631266 ] ] ], [ [ [ -82.695062, 27.661584 ], [ -82.693907, 27.668738 ], [ -82.685555, 27.664742 ], [ -82.695062, 27.661584 ] ] ], [ [ [ -82.736707, 28.77371 ], [ -82.742123, 28.803228 ], [ -82.723815, 28.790452 ], [ -82.736707, 28.77371 ] ] ], [ [ [ -82.763319, 27.582146 ], [ -82.761494, 27.603077 ], [ -82.756101, 27.576085 ], [ -82.763319, 27.582146 ] ] ], [ [ [ -82.800115, 28.173231 ], [ -82.798318, 28.174915 ], [ -82.798433, 28.173887 ], [ -82.800115, 28.173231 ] ] ], [ [ [ -82.804278, 28.176409 ], [ -82.80352, 28.177909 ], [ -82.801632, 28.176547 ], [ -82.804278, 28.176409 ] ] ], [ [ [ -82.806071, 28.173048 ], [ -82.804164, 28.174098 ], [ -82.804101, 28.173094 ], [ -82.806071, 28.173048 ] ] ], [ [ [ -82.842743, 28.111225 ], [ -82.832237, 28.129057 ], [ -82.832405, 28.106716 ], [ -82.842743, 28.111225 ] ] ], [ [ [ -82.849871, 28.179788 ], [ -82.840446, 28.212004 ], [ -82.842651, 28.163849 ], [ -82.849871, 28.179788 ] ] ], [ [ [ -82.873656, 24.626469 ], [ -82.863299, 24.628879 ], [ -82.862886, 24.625699 ], [ -82.873656, 24.626469 ] ] ], [ [ [ -82.926114, 24.628051 ], [ -82.921802, 24.633418 ], [ -82.91672, 24.636246 ], [ -82.926114, 24.628051 ] ] ], [ [ [ -83.034469, 29.121813 ], [ -83.027814, 29.127004 ], [ -83.024011, 29.119322 ], [ -83.034469, 29.121813 ] ] ], [ [ [ -83.03405, 29.095547 ], [ -83.030666, 29.098971 ], [ -83.025912, 29.096271 ], [ -83.03405, 29.095547 ] ] ], [ [ [ -83.065367, 29.095648 ], [ -83.061802, 29.102502 ], [ -83.059928, 29.09966 ], [ -83.065367, 29.095648 ] ] ], [ [ [ -83.090253, 29.118715 ], [ -83.082604, 29.128917 ], [ -83.085651, 29.12019 ], [ -83.090253, 29.118715 ] ] ], [ [ [ -83.829032, 29.969825 ], [ -83.827844, 29.972811 ], [ -83.827012, 29.971061 ], [ -83.829032, 29.969825 ] ] ], [ [ [ -84.674683, 29.786234 ], [ -84.624532, 29.7901 ], [ -84.57248, 29.828459 ], [ -84.623741, 29.788498 ], [ -84.674683, 29.786234 ] ] ], [ [ [ -85.097168, 29.626242 ], [ -84.981498, 29.608642 ], [ -84.798587, 29.702074 ], [ -84.782212, 29.692606 ], [ -84.692027, 29.764924 ], [ -84.776954, 29.692191 ], [ -84.956452, 29.613997 ], [ -85.045074, 29.586991 ], [ -85.097168, 29.626242 ] ] ], [ [ [ -85.222476, 29.679336 ], [ -85.114268, 29.688658 ], [ -85.074308, 29.673981 ], [ -85.120454, 29.630015 ], [ -85.222476, 29.679336 ] ] ], [ [ [ -87.634844288786596, 30.866109347266999 ], [ -87.598928, 30.997457 ], [ -85.0019, 31.000681 ], [ -84.9349, 30.884528 ], [ -84.914322, 30.753591 ], [ -84.864693, 30.711542 ], [ -82.214839, 30.568591 ], [ -82.240403, 30.53777 ], [ -82.201416, 30.485164 ], [ -82.204151, 30.40133 ], [ -82.161757, 30.357851 ], [ -82.036825, 30.377884 ], [ -82.005477, 30.563495 ], [ -82.049507, 30.655548 ], [ -82.044792, 30.728481 ], [ -82.021972, 30.788233 ], [ -81.973442, 30.778828 ], [ -81.949501, 30.827867 ], [ -81.610656, 30.716217 ], [ -81.487332, 30.726081 ], [ -81.425846, 30.700452 ], [ -81.455926, 30.513383 ], [ -81.413197, 30.482909 ], [ -81.253877, 29.776852 ], [ -80.966176, 29.14796 ], [ -80.57424, 28.585339 ], [ -80.525094, 28.459454 ], [ -80.578105, 28.423075 ], [ -80.604276, 28.354846 ], [ -80.571995, 28.111594 ], [ -80.380509, 27.732029 ], [ -80.031362, 26.796339 ], [ -80.121008, 25.813199 ], [ -80.156326, 25.666151 ], [ -80.177309, 25.686598 ], [ -80.154256, 25.723214 ], [ -80.202632, 25.748207 ], [ -80.306682, 25.612786 ], [ -80.340517, 25.470625 ], [ -80.305424, 25.387744 ], [ -80.398119, 25.276786 ], [ -80.416658, 25.198744 ], [ -80.352841, 25.207561 ], [ -80.332163, 25.263031 ], [ -80.365913, 25.285383 ], [ -80.253015, 25.338346 ], [ -80.358183, 25.153228 ], [ -80.565779, 24.957096 ], [ -80.657695, 24.897354 ], [ -80.433296, 25.107847 ], [ -80.465501, 25.211755 ], [ -80.652231, 25.192793 ], [ -80.63411, 25.176462 ], [ -80.673709, 25.138297 ], [ -80.653263, 25.164549 ], [ -80.672326, 25.174709 ], [ -80.70416, 25.140808 ], [ -80.732304, 25.167616 ], [ -80.722741, 25.145407 ], [ -80.768882, 25.162269 ], [ -80.769493, 25.144967 ], [ -80.778056, 25.13821 ], [ -80.78315, 25.165874 ], [ -80.800526, 25.142985 ], [ -80.808543, 25.184426 ], [ -80.945543, 25.128436 ], [ -81.087927, 25.116171 ], [ -81.172044, 25.222276 ], [ -81.123048, 25.379116 ], [ -81.150508, 25.387255 ], [ -81.290328, 25.687506 ], [ -81.389012, 25.781297 ], [ -81.534234, 25.856609 ], [ -81.642345, 25.905431 ], [ -81.68059, 25.845265 ], [ -81.729489, 25.909408 ], [ -81.882513, 26.402651 ], [ -82.012715, 26.486878 ], [ -81.998117, 26.532724 ], [ -82.05808, 26.548404 ], [ -82.056892, 26.493748 ], [ -82.105672, 26.48393 ], [ -82.142554, 26.643911 ], [ -82.183813, 26.687796 ], [ -82.125795, 26.699536 ], [ -82.082086, 26.653601 ], [ -82.051105, 26.864955 ], [ -82.097114, 26.914514 ], [ -82.053802, 26.939799 ], [ -82.117841, 26.965136 ], [ -82.141428, 26.92393 ], [ -82.1831, 26.935773 ], [ -82.146259, 26.782893 ], [ -82.249888, 26.762946 ], [ -82.261941, 26.717085 ], [ -82.282533, 26.815992 ], [ -82.56006, 27.2951 ], [ -82.745748, 27.538834 ], [ -82.706821, 27.498415 ], [ -82.641346, 27.525508 ], [ -82.514265, 27.705588 ], [ -82.385854, 27.819651 ], [ -82.402615, 27.882602 ], [ -82.46053, 27.908439 ], [ -82.461894, 27.938602 ], [ -82.491717, 27.914706 ], [ -82.47244, 27.822559 ], [ -82.533889, 27.832925 ], [ -82.54421, 27.956169 ], [ -82.686743, 28.030201 ], [ -82.688654, 27.972986 ], [ -82.725855, 27.93622 ], [ -82.629653, 27.906965 ], [ -82.587625, 27.81901 ], [ -82.63982, 27.703907 ], [ -82.713363, 27.703679 ], [ -82.698203, 27.637786 ], [ -82.734653, 27.611854 ], [ -82.740323, 27.718206 ], [ -82.849126, 27.8632 ], [ -82.818497, 28.048696 ], [ -82.80487, 27.965983 ], [ -82.786064, 28.047945 ], [ -82.822304, 28.054069 ], [ -82.834105, 28.063764 ], [ -82.836244, 28.091864 ], [ -82.783479, 28.052647 ], [ -82.799145, 28.185282 ], [ -82.725366, 28.290135 ], [ -82.644269, 28.584178 ], [ -82.677711, 28.654831 ], [ -82.655132, 28.680482 ], [ -82.720838, 28.713698 ], [ -82.690071, 28.736559 ], [ -82.691497, 28.792188 ], [ -82.738695, 28.824796 ], [ -82.727888, 28.871251 ], [ -82.689775, 28.885495 ], [ -82.696013, 28.930821 ], [ -82.757165, 28.985952 ], [ -82.763751, 29.054518 ], [ -82.815566, 29.073008 ], [ -82.813902, 29.162502 ], [ -82.994776, 29.175162 ], [ -83.056542, 29.129909 ], [ -83.077265, 29.255331 ], [ -83.169115, 29.289756 ], [ -83.156174, 29.324861 ], [ -83.218075, 29.420492 ], [ -83.293718, 29.437019 ], [ -83.400252, 29.517242 ], [ -83.408577, 29.667261 ], [ -83.584222, 29.758503 ], [ -83.586836, 29.818941 ], [ -83.680791, 29.921574 ], [ -84.006757, 30.097555 ], [ -84.167881, 30.071422 ], [ -84.205589, 30.114323 ], [ -84.203413, 30.08461 ], [ -84.262263, 30.103724 ], [ -84.273055, 30.063755 ], [ -84.361599, 30.01566 ], [ -84.341754, 29.970258 ], [ -84.437597, 29.98813 ], [ -84.438904, 29.960232 ], [ -84.338625, 29.94649 ], [ -84.349066, 29.896812 ], [ -84.451705, 29.929085 ], [ -84.521814, 29.914078 ], [ -84.888031, 29.722406 ], [ -84.870649, 29.797113 ], [ -84.993264, 29.714961 ], [ -85.351514, 29.666669 ], [ -85.3753, 29.691854 ], [ -85.398407, 29.742964 ], [ -85.416682, 29.820246 ], [ -85.411765, 29.85979 ], [ -85.391232, 29.87432 ], [ -85.409696, 29.802353 ], [ -85.360782, 29.67866 ], [ -85.309769, 29.693175 ], [ -85.302789, 29.808864 ], [ -85.405052, 29.938487 ], [ -85.502321, 29.967845 ], [ -85.878138, 30.215619 ], [ -86.188741, 30.334188 ], [ -86.387828, 30.37757 ], [ -86.713062, 30.394788 ], [ -87.518324, 30.280435 ], [ -87.452378, 30.300201 ], [ -87.504701, 30.324039 ], [ -87.366591, 30.436648 ], [ -87.447702, 30.510458 ], [ -87.396177, 30.650454 ], [ -87.532607, 30.743489 ], [ -87.634844288786596, 30.866109347266999 ] ] ] ] } },
{ "type": "Feature", "properties": { "STATEFP": "34", "STUSPS": "NJ", "NAME": "New Jersey", "subject_count_strict": 511168.44217738294, "subject_count_permissive": 500945.07333383529, "loss_exposure_strict": 163549.0, "burden_index_centered": -2.0622081296415136, "subject_rate": 0.091453399483231876, "expansion": true, "partial_expansion": false, "subject_via_waiver": false, "waiver_listed": false, "loss_quantified": true, "already_work_conditional": false, "waiver_note": "", "hardship_exception_status": "adopting" }, "geometry": { "type": "MultiPolygon", "coordinates": [ [ [ [ -74.042196, 40.699966 ], [ -74.038997, 40.697619 ], [ -74.041658, 40.696435 ], [ -74.042196, 40.699966 ] ] ], [ [ [ -75.558895, 39.628767 ], [ -75.450688, 39.775064 ], [ -75.3544, 39.839917 ], [ -75.143746, 39.884998 ], [ -75.12692, 39.961112 ], [ -74.822531, 40.126844 ], [ -74.722189, 40.14994 ], [ -74.939711, 40.338006 ], [ -74.96813, 40.399129 ], [ -75.058848, 40.418065 ], [ -75.068615, 40.542223 ], [ -75.183151, 40.567354 ], [ -75.201812, 40.617188 ], [ -75.176803, 40.675715 ], [ -75.20392, 40.691498 ], [ -75.196533, 40.751631 ], [ -75.108505, 40.791094 ], [ -75.095784, 40.847082 ], [ -75.051029, 40.865662 ], [ -75.130575, 40.991093 ], [ -74.968389, 41.087797 ], [ -74.991718, 41.092284 ], [ -74.882139, 41.180836 ], [ -74.79504, 41.320407 ], [ -74.694914, 41.357423 ], [ -73.893628, 40.997165 ], [ -74.023193, 40.719891 ], [ -74.070112, 40.690652 ], [ -74.070198, 40.660827 ], [ -74.143864, 40.643631 ], [ -74.102481, 40.701926 ], [ -74.12057, 40.717133 ], [ -74.202679, 40.633836 ], [ -74.27269, 40.488405 ], [ -74.205915, 40.439285 ], [ -74.13532, 40.455446 ], [ -74.006383, 40.411108 ], [ -73.991682, 40.442908 ], [ -74.019451, 40.474682 ], [ -73.986059, 40.454427 ], [ -73.977442, 40.299373 ], [ -74.0991, 39.756825 ], [ -74.240647, 39.555753 ], [ -74.326382, 39.506332 ], [ -74.333966, 39.435112 ], [ -74.619305, 39.24038 ], [ -74.705876, 39.102937 ], [ -74.798486, 39.026228 ], [ -74.79367, 38.994144 ], [ -74.864458, 38.94041 ], [ -74.967274, 38.933413 ], [ -74.887167, 39.158825 ], [ -75.028885, 39.19456 ], [ -75.029795, 39.225466 ], [ -75.151405, 39.189996 ], [ -75.251699, 39.300341 ], [ -75.288306, 39.291602 ], [ -75.465212, 39.43893 ], [ -75.536431, 39.460559 ], [ -75.511531, 39.577177 ], [ -75.558895, 39.628767 ] ] ] ] } },
{ "type": "Feature", "properties": { "STATEFP": "24", "STUSPS": "MD", "NAME": "Maryland", "subject_count_strict": 310140.1236229348, "subject_count_permissive": 303937.32115047611, "loss_exposure_strict": 83426.0, "burden_index_centered": -2.8268680674480571, "subject_rate": 0.083412729761564802, "expansion": true, "partial_expansion": false, "subject_via_waiver": false, "waiver_listed": false, "loss_quantified": true, "already_work_conditional": false, "waiver_note": "", "hardship_exception_status": "no_qualifying_counties" }, "geometry": { "type": "MultiPolygon", "coordinates": [ [ [ [ -76.04653, 37.953586 ], [ -76.0215, 38.038449 ], [ -75.980089, 38.004891 ], [ -75.993905, 37.953489 ], [ -76.04653, 37.953586 ] ] ], [ [ [ -76.054201, 38.094273 ], [ -76.033523, 38.091 ], [ -76.047982, 38.108702 ], [ -76.014721, 38.131597 ], [ -76.012731, 38.072105 ], [ -76.054201, 38.094273 ] ] ], [ [ [ -76.064483, 38.125484 ], [ -76.064613, 38.130115 ], [ -76.061103, 38.12688 ], [ -76.064483, 38.125484 ] ] ], [ [ [ -76.088813, 38.163127 ], [ -76.063804, 38.205047 ], [ -76.022377, 38.173767 ], [ -76.038024, 38.147174 ], [ -76.088813, 38.163127 ] ] ], [ [ [ -76.090225, 38.144767 ], [ -76.084411, 38.145355 ], [ -76.085647, 38.13858 ], [ -76.090225, 38.144767 ] ] ], [ [ [ -76.085914, 38.11668 ], [ -76.086532, 38.124359 ], [ -76.084465, 38.122734 ], [ -76.085914, 38.11668 ] ] ], [ [ [ -76.090305, 39.533826 ], [ -76.090066, 39.536603 ], [ -76.088216, 39.536025 ], [ -76.090305, 39.533826 ] ] ], [ [ [ -76.245763, 38.905082 ], [ -76.249088, 38.913347 ], [ -76.24309, 38.912092 ], [ -76.245763, 38.905082 ] ] ], [ [ [ -76.257667, 38.324855 ], [ -76.254565, 38.340673 ], [ -76.254493, 38.324932 ], [ -76.257667, 38.324855 ] ] ], [ [ [ -76.257988, 39.287788 ], [ -76.266411, 39.290539 ], [ -76.260355, 39.292453 ], [ -76.257988, 39.287788 ] ] ], [ [ [ -76.324066, 39.312627 ], [ -76.324518, 39.3138 ], [ -76.321427, 39.312851 ], [ -76.324066, 39.312627 ] ] ], [ [ [ -76.371477, 39.237951 ], [ -76.356853, 39.260953 ], [ -76.343826, 39.257256 ], [ -76.371477, 39.237951 ] ] ], [ [ [ -76.383625, 38.745466 ], [ -76.375241, 38.782578 ], [ -76.363261, 38.746611 ], [ -76.383625, 38.745466 ] ] ], [ [ [ -76.393434, 39.231862 ], [ -76.394417, 39.233973 ], [ -76.390334, 39.234736 ], [ -76.393434, 39.231862 ] ] ], [ [ [ -76.747543, 38.212146 ], [ -76.742337, 38.209048 ], [ -76.74503, 38.207239 ], [ -76.747543, 38.212146 ] ] ], [ [ [ -76.793118, 38.235175 ], [ -76.794069, 38.239189 ], [ -76.78979, 38.238442 ], [ -76.793118, 38.235175 ] ] ], [ [ [ -76.809993, 38.250389 ], [ -76.810871, 38.25293 ], [ -76.808924, 38.250856 ], [ -76.809993, 38.250389 ] ] ], [ [ [ -79.473215, 39.202107 ], [ -79.476662, 39.721078 ], [ -75.788596, 39.722199 ], [ -75.69367, 38.46008 ], [ -75.048939, 38.451263 ], [ -75.054591, 38.41483 ], [ -75.242469, 38.027028 ], [ -75.624449, 37.994195 ], [ -75.65692, 37.953287 ], [ -75.746763, 37.987669 ], [ -75.885032, 37.911717 ], [ -75.872808, 38.031998 ], [ -75.843498, 38.027465 ], [ -75.773739, 38.077062 ], [ -75.878823, 38.076085 ], [ -75.788475, 38.145788 ], [ -75.925735, 38.151022 ], [ -75.94178, 38.111913 ], [ -75.959616, 38.137141 ], [ -75.942375, 38.187066 ], [ -75.826385, 38.216877 ], [ -75.861324, 38.232655 ], [ -75.80131, 38.253655 ], [ -75.876655, 38.254775 ], [ -75.891429, 38.22756 ], [ -75.920335, 38.264376 ], [ -75.850272, 38.366394 ], [ -75.912188, 38.34319 ], [ -75.940697, 38.246902 ], [ -75.97026, 38.233806 ], [ -76.017364, 38.309106 ], [ -75.957347, 38.34757 ], [ -76.011419, 38.37683 ], [ -76.017242, 38.332936 ], [ -76.062758, 38.304592 ], [ -76.026962, 38.28141 ], [ -76.05848, 38.250202 ], [ -76.032044, 38.216684 ], [ -76.07488, 38.254869 ], [ -76.09972, 38.253647 ], [ -76.107592, 38.262525 ], [ -76.077019, 38.269239 ], [ -76.105778, 38.301607 ], [ -76.149185, 38.271911 ], [ -76.132041, 38.307762 ], [ -76.197166, 38.3169 ], [ -76.159494, 38.327436 ], [ -76.225331, 38.395087 ], [ -76.22034, 38.310187 ], [ -76.160474, 38.290983 ], [ -76.179577, 38.266813 ], [ -76.125717, 38.239017 ], [ -76.165489, 38.242797 ], [ -76.226376, 38.309988 ], [ -76.333549, 38.482086 ], [ -76.220221, 38.531874 ], [ -76.277969, 38.533473 ], [ -76.305007, 38.572494 ], [ -76.266212, 38.586052 ], [ -76.286102, 38.625656 ], [ -76.212427, 38.606738 ], [ -76.170166, 38.628673 ], [ -76.161276, 38.595117 ], [ -76.026512, 38.56682 ], [ -76.083079, 38.623478 ], [ -76.147158, 38.63684 ], [ -76.177201, 38.692985 ], [ -76.212808, 38.681892 ], [ -76.238725, 38.712845 ], [ -76.205485, 38.739163 ], [ -76.224618, 38.760387 ], [ -76.271867, 38.710237 ], [ -76.313391, 38.74908 ], [ -76.339709, 38.670642 ], [ -76.334619, 38.772911 ], [ -76.255016, 38.862268 ], [ -76.216418, 38.7867 ], [ -76.17518, 38.754363 ], [ -76.155334, 38.77234 ], [ -76.200256, 38.803001 ], [ -76.21, 38.946314 ], [ -76.248623, 38.966737 ], [ -76.249674, 38.920907 ], [ -76.270728, 38.942062 ], [ -76.293308, 38.903241 ], [ -76.33395, 38.918118 ], [ -76.33103, 38.86432 ], [ -76.368195, 38.836125 ], [ -76.361727, 38.939175 ], [ -76.305306, 39.038867 ], [ -76.256586, 38.975422 ], [ -76.163988, 38.999541 ], [ -76.184207, 39.046264 ], [ -76.134341, 39.104325 ], [ -76.207764, 39.096333 ], [ -76.201492, 39.013508 ], [ -76.215965, 39.009975 ], [ -76.274637, 39.16549 ], [ -76.219338, 39.261997 ], [ -76.168882, 39.290315 ], [ -76.170422, 39.332094 ], [ -76.140717, 39.32774 ], [ -76.110527, 39.372257 ], [ -75.986106, 39.379475 ], [ -76.040962, 39.394237 ], [ -75.966616, 39.462833 ], [ -76.012312, 39.453115 ], [ -75.944917, 39.592965 ], [ -76.006657, 39.538873 ], [ -76.096072, 39.536912 ], [ -76.12812, 39.486683 ], [ -76.060464, 39.448341 ], [ -76.226976, 39.349908 ], [ -76.253377, 39.366706 ], [ -76.224618, 39.425665 ], [ -76.241493, 39.461273 ], [ -76.28689, 39.369002 ], [ -76.256586, 39.338862 ], [ -76.281747, 39.29966 ], [ -76.322495, 39.35735 ], [ -76.307093, 39.385446 ], [ -76.357124, 39.394079 ], [ -76.329184, 39.315036 ], [ -76.40882, 39.311743 ], [ -76.38282, 39.277549 ], [ -76.450838, 39.249079 ], [ -76.398124, 39.237041 ], [ -76.442482, 39.195408 ], [ -76.586485, 39.261337 ], [ -76.50092, 39.155441 ], [ -76.431043, 39.132123 ], [ -76.438928, 39.052788 ], [ -76.394498, 39.012684 ], [ -76.480242, 38.977731 ], [ -76.460256, 38.907145 ], [ -76.50912, 38.919875 ], [ -76.48938, 38.887414 ], [ -76.537642, 38.848552 ], [ -76.489878, 38.838715 ], [ -76.560011, 38.762626 ], [ -76.526198, 38.724287 ], [ -76.506023, 38.50461 ], [ -76.381482, 38.385252 ], [ -76.421377, 38.318931 ], [ -76.476321, 38.313544 ], [ -76.375023, 38.299419 ], [ -76.39932, 38.259284 ], [ -76.320136, 38.138339 ], [ -76.341318, 38.119334 ], [ -76.322158, 38.037902 ], [ -76.421214, 38.106039 ], [ -76.438886, 38.160834 ], [ -76.469666, 38.153358 ], [ -76.473266, 38.103035 ], [ -76.59433, 38.215814 ], [ -76.732064, 38.246003 ], [ -76.778625, 38.22847 ], [ -76.827106, 38.347384 ], [ -76.869294, 38.338715 ], [ -76.842139, 38.254491 ], [ -76.923943, 38.289725 ], [ -77.016371, 38.445572 ], [ -77.207312, 38.359867 ], [ -77.250172, 38.382781 ], [ -77.27422, 38.48177 ], [ -77.237724, 38.55187 ], [ -77.110539, 38.62682 ], [ -77.132501, 38.673816 ], [ -77.046196, 38.714431 ], [ -77.039498, 38.791113 ], [ -76.909395, 38.892812 ], [ -77.040999, 38.99511 ], [ -77.119759, 38.934343 ], [ -77.244621, 38.982535 ], [ -77.246003, 39.024909 ], [ -77.293105, 39.046508 ], [ -77.46145, 39.075151 ], [ -77.527282, 39.146236 ], [ -77.46021, 39.228359 ], [ -77.566596, 39.306121 ], [ -77.759615, 39.337331 ], [ -77.740012, 39.401694 ], [ -77.803249, 39.437136 ], [ -77.765993, 39.495724 ], [ -77.845666, 39.498628 ], [ -77.825357, 39.529177 ], [ -77.86368, 39.515032 ], [ -77.888945, 39.55595 ], [ -77.83633, 39.56637 ], [ -77.838008, 39.606125 ], [ -77.94194, 39.61879 ], [ -77.946182, 39.584814 ], [ -78.176625, 39.695967 ], [ -78.265088, 39.619274 ], [ -78.43025, 39.62329 ], [ -78.395317, 39.584215 ], [ -78.457187, 39.587379 ], [ -78.417586, 39.547155 ], [ -78.460224, 39.551184 ], [ -78.468639, 39.516789 ], [ -78.565929, 39.519444 ], [ -78.760196, 39.582154 ], [ -78.77686, 39.604027 ], [ -78.733553, 39.615533 ], [ -78.778477, 39.62265 ], [ -78.76584, 39.648487 ], [ -78.826009, 39.588829 ], [ -78.816764, 39.561691 ], [ -78.893317, 39.523756 ], [ -78.956751, 39.440264 ], [ -79.04705, 39.483351 ], [ -79.10319, 39.476004 ], [ -79.162052, 39.388321 ], [ -79.256308, 39.357227 ], [ -79.290236, 39.299323 ], [ -79.346011, 39.29396 ], [ -79.473215, 39.202107 ] ] ] ] } },
{ "type": "Feature", "properties": { "STATEFP": "45", "STUSPS": "SC", "NAME": "South Carolina", "subject_count_strict": 0.0, "subject_count_permissive": 0.0, "loss_exposure_strict": 0.0, "burden_index_centered": 0.0, "subject_rate": 0.0, "expansion": false, "partial_expansion": false, "subject_via_waiver": false, "waiver_listed": false, "loss_quantified": true, "already_work_conditional": false, "waiver_note": "", "hardship_exception_status": "non_expansion" }, "geometry": { "type": "MultiPolygon", "coordinates": [ [ [ [ -79.503106, 33.017563 ], [ -79.502368, 33.020582 ], [ -79.50097, 33.018191 ], [ -79.503106, 33.017563 ] ] ], [ [ [ -79.55218, 32.988791 ], [ -79.548734, 32.992978 ], [ -79.545219, 32.990715 ], [ -79.55218, 32.988791 ] ] ], [ [ [ -80.182049, 32.547222 ], [ -80.184492, 32.55358 ], [ -80.177151, 32.548264 ], [ -80.182049, 32.547222 ] ] ], [ [ [ -83.35391, 34.699219 ], [ -83.323866, 34.789712 ], [ -83.243126, 34.877392 ], [ -83.111725, 34.935863 ], [ -83.109557, 35.001197 ], [ -82.787867, 35.085024 ], [ -82.757704, 35.068019 ], [ -82.681443, 35.127918 ], [ -82.439595, 35.165863 ], [ -82.39293, 35.215402 ], [ -82.371298, 35.181449 ], [ -82.27492, 35.200071 ], [ -81.043625, 35.149877 ], [ -81.041489, 35.044703 ], [ -80.93495, 35.107409 ], [ -80.782042, 34.935782 ], [ -80.797543, 34.819786 ], [ -79.675299, 34.804744 ], [ -78.547324, 33.856483 ], [ -78.763883, 33.774256 ], [ -78.957259, 33.620833 ], [ -79.135441, 33.403867 ], [ -79.191519, 33.173269 ], [ -79.328159, 33.090406 ], [ -79.362292, 33.009087 ], [ -79.525221, 33.037286 ], [ -79.571108, 33.013811 ], [ -79.617611, 32.952726 ], [ -79.574086, 32.932509 ], [ -79.581058, 32.906417 ], [ -79.698115, 32.851325 ], [ -79.726389, 32.805996 ], [ -79.848797, 32.75363 ], [ -79.923198, 32.781813 ], [ -79.928546, 32.754233 ], [ -79.87093, 32.742434 ], [ -79.885582, 32.684868 ], [ -80.000801, 32.605892 ], [ -80.121368, 32.590523 ], [ -80.332438, 32.478104 ], [ -80.472068, 32.496964 ], [ -80.479409, 32.445754 ], [ -80.428302, 32.399321 ], [ -80.453296, 32.321913 ], [ -80.63297, 32.256925 ], [ -80.644794, 32.291497 ], [ -80.733637, 32.319469 ], [ -80.765416, 32.285972 ], [ -80.669166, 32.216783 ], [ -80.739939, 32.146131 ], [ -80.842424, 32.117837 ], [ -80.907519, 32.050935 ], [ -80.889512, 32.037593 ], [ -80.921027, 32.03999 ], [ -81.004305, 32.102367 ], [ -81.038125, 32.083734 ], [ -81.117234, 32.117605 ], [ -81.114016, 32.195448 ], [ -81.156587, 32.24391 ], [ -81.119867, 32.286203 ], [ -81.128616, 32.338623 ], [ -81.159832, 32.339964 ], [ -81.205507, 32.423612 ], [ -81.186952, 32.463566 ], [ -81.281324, 32.556464 ], [ -81.36695, 32.577019 ], [ -81.418116, 32.628349 ], [ -81.393033, 32.651543 ], [ -81.427505, 32.702242 ], [ -81.417984, 32.818196 ], [ -81.502427, 32.935353 ], [ -81.492253, 33.009342 ], [ -81.754135, 33.15055 ], [ -81.767935, 33.216347 ], [ -81.852937, 33.248744 ], [ -81.828336, 33.263045 ], [ -81.863336, 33.289244 ], [ -81.847636, 33.307143 ], [ -81.939737, 33.344941 ], [ -81.944893, 33.407962 ], [ -81.909629, 33.412603 ], [ -81.926336, 33.462937 ], [ -81.985938, 33.486536 ], [ -82.046335, 33.56383 ], [ -82.189141, 33.623722 ], [ -82.247472, 33.752591 ], [ -82.32448, 33.820033 ], [ -82.556835, 33.945353 ], [ -82.641641, 34.09209 ], [ -82.717459, 34.150546 ], [ -82.746656, 34.266407 ], [ -82.834806, 34.366302 ], [ -82.858837, 34.45522 ], [ -82.901551, 34.486764 ], [ -83.03336, 34.48309 ], [ -83.159954, 34.603464 ], [ -83.231339, 34.611187 ], [ -83.35391, 34.699219 ] ] ] ] } },
{ "type": "Feature", "properties": { "STATEFP": "23", "STUSPS": "ME", "NAME": "Maine", "subject_count_strict": 90445.998940877616, "subject_count_permissive": 88637.078962060041, "loss_exposure_strict": 27135.0, "burden_index_centered": -0.82697096846395746, "subject_rate": 0.11166455316570063, "expansion": true, "partial_expansion": false, "subject_via_waiver": false, "waiver_listed": false, "loss_quantified": true, "already_work_conditional": false, "waiver_note": "", "hardship_exception_status": "adopting" }, "geometry": { "type": "MultiPolygon", "coordinates": [ [ [ [ -67.308027, 44.597161 ], [ -67.301401, 44.623611 ], [ -67.260985, 44.608656 ], [ -67.308027, 44.597161 ] ] ], [ [ [ -67.331317, 44.652748 ], [ -67.327235, 44.651274 ], [ -67.334407, 44.648521 ], [ -67.331317, 44.652748 ] ] ], [ [ [ -67.333931, 44.677936 ], [ -67.332981, 44.682837 ], [ -67.330129, 44.683851 ], [ -67.333931, 44.677936 ] ] ], [ [ [ -67.353897, 44.64108 ], [ -67.354372, 44.644632 ], [ -67.352233, 44.644801 ], [ -67.353897, 44.64108 ] ] ], [ [ [ -67.355283, 44.576178 ], [ -67.35556, 44.583722 ], [ -67.350585, 44.584158 ], [ -67.355283, 44.576178 ] ] ], [ [ [ -67.356749, 44.64683 ], [ -67.361027, 44.652072 ], [ -67.356749, 44.653932 ], [ -67.356749, 44.64683 ] ] ], [ [ [ -67.367199, 44.567418 ], [ -67.362453, 44.573903 ], [ -67.361424, 44.573057 ], [ -67.367199, 44.567418 ] ] ], [ [ [ -67.356036, 44.663568 ], [ -67.364117, 44.667625 ], [ -67.350331, 44.669316 ], [ -67.356036, 44.663568 ] ] ], [ [ [ -67.366665, 44.599661 ], [ -67.372673, 44.598617 ], [ -67.368558, 44.601926 ], [ -67.366665, 44.599661 ] ] ], [ [ [ -67.390262, 44.59574 ], [ -67.38836, 44.603186 ], [ -67.383607, 44.601663 ], [ -67.390262, 44.59574 ] ] ], [ [ [ -67.395883, 44.572452 ], [ -67.394302, 44.576443 ], [ -67.392163, 44.574411 ], [ -67.395883, 44.572452 ] ] ], [ [ [ -67.396051, 44.583213 ], [ -67.393351, 44.589647 ], [ -67.392638, 44.584907 ], [ -67.396051, 44.583213 ] ] ], [ [ [ -67.408044, 44.569012 ], [ -67.403555, 44.575124 ], [ -67.406186, 44.567977 ], [ -67.408044, 44.569012 ] ] ], [ [ [ -67.427801, 44.595258 ], [ -67.426864, 44.598786 ], [ -67.426151, 44.597432 ], [ -67.427801, 44.595258 ] ] ], [ [ [ -67.435183, 44.555615 ], [ -67.433428, 44.558921 ], [ -67.431618, 44.557308 ], [ -67.435183, 44.555615 ] ] ], [ [ [ -67.460562, 44.569652 ], [ -67.457682, 44.575464 ], [ -67.453722, 44.572379 ], [ -67.460562, 44.569652 ] ] ], [ [ [ -67.474242, 44.566648 ], [ -67.471376, 44.569095 ], [ -67.469647, 44.567977 ], [ -67.474242, 44.566648 ] ] ], [ [ [ -67.481557, 44.560066 ], [ -67.481045, 44.565046 ], [ -67.478441, 44.565098 ], [ -67.481557, 44.560066 ] ] ], [ [ [ -67.491513, 44.601663 ], [ -67.490325, 44.604371 ], [ -67.486522, 44.600147 ], [ -67.491513, 44.601663 ] ] ], [ [ [ -67.503872, 44.617061 ], [ -67.504348, 44.622813 ], [ -67.497693, 44.62146 ], [ -67.503872, 44.617061 ] ] ], [ [ [ -67.533817, 44.529159 ], [ -67.532965, 44.532884 ], [ -67.529196, 44.531989 ], [ -67.533817, 44.529159 ] ] ], [ [ [ -67.541611, 44.58934 ], [ -67.514244, 44.597668 ], [ -67.481529, 44.580414 ], [ -67.520035, 44.579659 ], [ -67.489136, 44.559679 ], [ -67.51841, 44.554241 ], [ -67.541611, 44.58934 ] ] ], [ [ [ -67.563768, 44.510547 ], [ -67.534745, 44.519619 ], [ -67.510628, 44.496414 ], [ -67.539049, 44.472059 ], [ -67.563768, 44.510547 ] ] ], [ [ [ -67.599955, 44.441753 ], [ -67.601797, 44.444746 ], [ -67.595624, 44.444076 ], [ -67.599955, 44.441753 ] ] ], [ [ [ -67.614217, 44.448841 ], [ -67.605599, 44.445933 ], [ -67.608689, 44.443558 ], [ -67.614217, 44.448841 ] ] ], [ [ [ -67.621286, 44.507835 ], [ -67.577315, 44.521732 ], [ -67.566606, 44.455768 ], [ -67.589199, 44.447291 ], [ -67.621286, 44.507835 ] ] ], [ [ [ -67.618434, 44.460185 ], [ -67.616533, 44.463408 ], [ -67.61582, 44.461373 ], [ -67.618434, 44.460185 ] ] ], [ [ [ -67.631506, 44.48766 ], [ -67.632933, 44.499189 ], [ -67.629605, 44.498681 ], [ -67.631506, 44.48766 ] ] ], [ [ [ -67.645054, 44.504614 ], [ -67.644817, 44.517495 ], [ -67.625564, 44.513258 ], [ -67.645054, 44.504614 ] ] ], [ [ [ -67.660979, 44.511564 ], [ -67.659315, 44.51597 ], [ -67.658602, 44.513089 ], [ -67.660979, 44.511564 ] ] ], [ [ [ -67.665238, 44.521665 ], [ -67.665, 44.531493 ], [ -67.658583, 44.530816 ], [ -67.665238, 44.521665 ] ] ], [ [ [ -67.671893, 44.487763 ], [ -67.664287, 44.495054 ], [ -67.662861, 44.494376 ], [ -67.671893, 44.487763 ] ] ], [ [ [ -67.67522, 44.466055 ], [ -67.672645, 44.473289 ], [ -67.673794, 44.465546 ], [ -67.67522, 44.466055 ] ] ], [ [ [ -67.669516, 44.460627 ], [ -67.669858, 44.463525 ], [ -67.668565, 44.462663 ], [ -67.669516, 44.460627 ] ] ], [ [ [ -67.673171, 44.475884 ], [ -67.673794, 44.481659 ], [ -67.663899, 44.484792 ], [ -67.673171, 44.475884 ] ] ], [ [ [ -67.698578, 44.485053 ], [ -67.693046, 44.486407 ], [ -67.692654, 44.483646 ], [ -67.698578, 44.485053 ] ] ], [ [ [ -67.706832, 44.456895 ], [ -67.704353, 44.460599 ], [ -67.70493, 44.458082 ], [ -67.706832, 44.456895 ] ] ], [ [ [ -67.73773, 44.463002 ], [ -67.734165, 44.469278 ], [ -67.733214, 44.465207 ], [ -67.73773, 44.463002 ] ] ], [ [ [ -67.745098, 44.462323 ], [ -67.742959, 44.465207 ], [ -67.743197, 44.463511 ], [ -67.745098, 44.462323 ] ] ], [ [ [ -67.751548, 44.494849 ], [ -67.756724, 44.49775 ], [ -67.753004, 44.505087 ], [ -67.751548, 44.494849 ] ] ], [ [ [ -67.762211, 44.529291 ], [ -67.759597, 44.533018 ], [ -67.758884, 44.531324 ], [ -67.762211, 44.529291 ] ] ], [ [ [ -67.76744, 44.534374 ], [ -67.7634, 44.53844 ], [ -67.761261, 44.537423 ], [ -67.76744, 44.534374 ] ] ], [ [ [ -67.792159, 44.480811 ], [ -67.7798, 44.47708 ], [ -67.789024, 44.472355 ], [ -67.792159, 44.480811 ] ] ], [ [ [ -67.804281, 44.51387 ], [ -67.804043, 44.519123 ], [ -67.802398, 44.512949 ], [ -67.804281, 44.51387 ] ] ], [ [ [ -67.819492, 44.510649 ], [ -67.791208, 44.493867 ], [ -67.796675, 44.482846 ], [ -67.806182, 44.485898 ], [ -67.819492, 44.510649 ] ] ], [ [ [ -67.821734, 44.44219 ], [ -67.824092, 44.445641 ], [ -67.821144, 44.445434 ], [ -67.821734, 44.44219 ] ] ], [ [ [ -67.832802, 44.519971 ], [ -67.825672, 44.540812 ], [ -67.824246, 44.517598 ], [ -67.832802, 44.519971 ] ] ], [ [ [ -67.832089, 44.479624 ], [ -67.826147, 44.490646 ], [ -67.822582, 44.487254 ], [ -67.832089, 44.479624 ] ] ], [ [ [ -67.825909, 44.545047 ], [ -67.83613, 44.552161 ], [ -67.825909, 44.549451 ], [ -67.825909, 44.545047 ] ] ], [ [ [ -67.838475, 44.450946 ], [ -67.834042, 44.460858 ], [ -67.832735, 44.45319 ], [ -67.838475, 44.450946 ] ] ], [ [ [ -67.846112, 44.447563 ], [ -67.849915, 44.452993 ], [ -67.845161, 44.449769 ], [ -67.846112, 44.447563 ] ] ], [ [ [ -67.865977, 44.366273 ], [ -67.871328, 44.374657 ], [ -67.864394, 44.366789 ], [ -67.865977, 44.366273 ] ] ], [ [ [ -67.868929, 44.420409 ], [ -67.862987, 44.45452 ], [ -67.855144, 44.418711 ], [ -67.868929, 44.420409 ] ] ], [ [ [ -68.034355, 44.327818 ], [ -68.029126, 44.335979 ], [ -68.031502, 44.325098 ], [ -68.034355, 44.327818 ] ] ], [ [ [ -68.103282, 44.358245 ], [ -68.097102, 44.361983 ], [ -68.094725, 44.351447 ], [ -68.103282, 44.358245 ] ] ], [ [ [ -68.128, 44.406657 ], [ -68.126099, 44.418541 ], [ -68.11778, 44.409543 ], [ -68.128, 44.406657 ] ] ], [ [ [ -68.133942, 44.427368 ], [ -68.134655, 44.450109 ], [ -68.124911, 44.445358 ], [ -68.133942, 44.427368 ] ] ], [ [ [ -68.133942, 44.379313 ], [ -68.147774, 44.392437 ], [ -68.129426, 44.404789 ], [ -68.133942, 44.379313 ] ] ], [ [ [ -68.151768, 44.458252 ], [ -68.154145, 44.465038 ], [ -68.145589, 44.457404 ], [ -68.151768, 44.458252 ] ] ], [ [ [ -68.165791, 44.400374 ], [ -68.159374, 44.41209 ], [ -68.15462, 44.413448 ], [ -68.165791, 44.400374 ] ] ], [ [ [ -68.176487, 44.402582 ], [ -68.178388, 44.407336 ], [ -68.175774, 44.405638 ], [ -68.176487, 44.402582 ] ] ], [ [ [ -68.181954, 44.385259 ], [ -68.17873, 44.388388 ], [ -68.177913, 44.386448 ], [ -68.181954, 44.385259 ] ] ], [ [ [ -68.191699, 44.467412 ], [ -68.173873, 44.467243 ], [ -68.166267, 44.463002 ], [ -68.191699, 44.467412 ] ] ], [ [ [ -68.191699, 44.398846 ], [ -68.194788, 44.401563 ], [ -68.190861, 44.401229 ], [ -68.191699, 44.398846 ] ] ], [ [ [ -68.198985, 44.236698 ], [ -68.197696, 44.24635 ], [ -68.193068, 44.23901 ], [ -68.198985, 44.236698 ] ] ], [ [ [ -68.206435, 44.493019 ], [ -68.200968, 44.494037 ], [ -68.19978, 44.491663 ], [ -68.206435, 44.493019 ] ] ], [ [ [ -68.209762, 44.473858 ], [ -68.204533, 44.477419 ], [ -68.20382, 44.475045 ], [ -68.209762, 44.473858 ] ] ], [ [ [ -68.210951, 44.396808 ], [ -68.202632, 44.400374 ], [ -68.202176, 44.397436 ], [ -68.210951, 44.396808 ] ] ], [ [ [ -68.231378, 44.256097 ], [ -68.235264, 44.266298 ], [ -68.211365, 44.256854 ], [ -68.231378, 44.256097 ] ] ], [ [ [ -68.245478, 44.170228 ], [ -68.24202, 44.176656 ], [ -68.239234, 44.174596 ], [ -68.245478, 44.170228 ] ] ], [ [ [ -68.249805, 44.143951 ], [ -68.242324, 44.157376 ], [ -68.243608, 44.142788 ], [ -68.249805, 44.143951 ] ] ], [ [ [ -68.26324, 44.270322 ], [ -68.248266, 44.276959 ], [ -68.245652, 44.274236 ], [ -68.26324, 44.270322 ] ] ], [ [ [ -68.270608, 44.283255 ], [ -68.265617, 44.284956 ], [ -68.266092, 44.282744 ], [ -68.270608, 44.283255 ] ] ], [ [ [ -68.274427, 44.237099 ], [ -68.250643, 44.257556 ], [ -68.243144, 44.240987 ], [ -68.274427, 44.237099 ] ] ], [ [ [ -68.302933, 44.276959 ], [ -68.293425, 44.27866 ], [ -68.291049, 44.275938 ], [ -68.302933, 44.276959 ] ] ], [ [ [ -68.336445, 44.190277 ], [ -68.333356, 44.20868 ], [ -68.314341, 44.197605 ], [ -68.336445, 44.190277 ] ] ], [ [ [ -68.341674, 44.428556 ], [ -68.337159, 44.435685 ], [ -68.334544, 44.43263 ], [ -68.341674, 44.428556 ] ] ], [ [ [ -68.348805, 44.167436 ], [ -68.348329, 44.186357 ], [ -68.334782, 44.176812 ], [ -68.348805, 44.167436 ] ] ], [ [ [ -68.364205, 44.12421 ], [ -68.363388, 44.127483 ], [ -68.361506, 44.127416 ], [ -68.364205, 44.12421 ] ] ], [ [ [ -68.37186, 44.137934 ], [ -68.369721, 44.145439 ], [ -68.368532, 44.139128 ], [ -68.37186, 44.137934 ] ] ], [ [ [ -68.366743, 44.09739 ], [ -68.350379, 44.12843 ], [ -68.33047, 44.109232 ], [ -68.366743, 44.09739 ] ] ], [ [ [ -68.370434, 44.180221 ], [ -68.360338, 44.198816 ], [ -68.349756, 44.19539 ], [ -68.370434, 44.180221 ] ] ], [ [ [ -68.383391, 44.141759 ], [ -68.377089, 44.144757 ], [ -68.380892, 44.139128 ], [ -68.383391, 44.141759 ] ] ], [ [ [ -68.390636, 44.403261 ], [ -68.38921, 44.413278 ], [ -68.384219, 44.406317 ], [ -68.390636, 44.403261 ] ] ], [ [ [ -68.403709, 44.107735 ], [ -68.404556, 44.111418 ], [ -68.401332, 44.111318 ], [ -68.403709, 44.107735 ] ] ], [ [ [ -68.436594, 44.291948 ], [ -68.430091, 44.288189 ], [ -68.432053, 44.285902 ], [ -68.436594, 44.291948 ] ] ], [ [ [ -68.455761, 44.299757 ], [ -68.448155, 44.312004 ], [ -68.448868, 44.297546 ], [ -68.455761, 44.299757 ] ] ], [ [ [ -68.431755, 44.324248 ], [ -68.450094, 44.357323 ], [ -68.420822, 44.375236 ], [ -68.431755, 44.324248 ] ] ], [ [ [ -68.458375, 44.254151 ], [ -68.455048, 44.258918 ], [ -68.453384, 44.256194 ], [ -68.458375, 44.254151 ] ] ], [ [ [ -68.469784, 44.213109 ], [ -68.467882, 44.216176 ], [ -68.46503, 44.209873 ], [ -68.469784, 44.213109 ] ] ], [ [ [ -68.459182, 44.197681 ], [ -68.464793, 44.206976 ], [ -68.453843, 44.201683 ], [ -68.459182, 44.197681 ] ] ], [ [ [ -68.473011, 44.0982 ], [ -68.472728, 44.102956 ], [ -68.469784, 44.10142 ], [ -68.473011, 44.0982 ] ] ], [ [ [ -68.479529, 44.219753 ], [ -68.475963, 44.231165 ], [ -68.467645, 44.224693 ], [ -68.479529, 44.219753 ] ] ], [ [ [ -68.47834, 44.198116 ], [ -68.48143, 44.216857 ], [ -68.47121, 44.207317 ], [ -68.47834, 44.198116 ] ] ], [ [ [ -68.486568, 44.269097 ], [ -68.469308, 44.270492 ], [ -68.468833, 44.263514 ], [ -68.486568, 44.269097 ] ] ], [ [ [ -68.503772, 44.145609 ], [ -68.49783, 44.143051 ], [ -68.50095, 44.14156 ], [ -68.503772, 44.145609 ] ] ], [ [ [ -68.501158, 44.153966 ], [ -68.451482, 44.191641 ], [ -68.383268, 44.155842 ], [ -68.438518, 44.11618 ], [ -68.455761, 44.160275 ], [ -68.501158, 44.153966 ] ] ], [ [ [ -68.503611, 44.096567 ], [ -68.506979, 44.127237 ], [ -68.49093, 44.123439 ], [ -68.503611, 44.096567 ] ] ], [ [ [ -68.530394, 44.333583 ], [ -68.518573, 44.381022 ], [ -68.501364, 44.382281 ], [ -68.478785, 44.319563 ], [ -68.530394, 44.333583 ] ] ], [ [ [ -68.544891, 44.220264 ], [ -68.549882, 44.22844 ], [ -68.528284, 44.225204 ], [ -68.544891, 44.220264 ] ] ], [ [ [ -68.55919, 44.040617 ], [ -68.555043, 44.049235 ], [ -68.555957, 44.03947 ], [ -68.55919, 44.040617 ] ] ], [ [ [ -68.564618, 44.211917 ], [ -68.567946, 44.217709 ], [ -68.559627, 44.213109 ], [ -68.564618, 44.211917 ] ] ], [ [ [ -68.576502, 44.09519 ], [ -68.575736, 44.101517 ], [ -68.571273, 44.099969 ], [ -68.576502, 44.09519 ] ] ], [ [ [ -68.585058, 44.142454 ], [ -68.582452, 44.149544 ], [ -68.578663, 44.148194 ], [ -68.585058, 44.142454 ] ] ], [ [ [ -68.587198, 44.226396 ], [ -68.581493, 44.232357 ], [ -68.576027, 44.229291 ], [ -68.587198, 44.226396 ] ] ], [ [ [ -68.590554, 44.058659 ], [ -68.588148, 44.072312 ], [ -68.584101, 44.071589 ], [ -68.590554, 44.058659 ] ] ], [ [ [ -68.595041, 44.142283 ], [ -68.595279, 44.146377 ], [ -68.593377, 44.145183 ], [ -68.595041, 44.142283 ] ] ], [ [ [ -68.606925, 44.176045 ], [ -68.596705, 44.177579 ], [ -68.596824, 44.175563 ], [ -68.606925, 44.176045 ] ] ], [ [ [ -68.605499, 44.135461 ], [ -68.602409, 44.142113 ], [ -68.601458, 44.138702 ], [ -68.605499, 44.135461 ] ] ], [ [ [ -68.617621, 44.145354 ], [ -68.613342, 44.157632 ], [ -68.609562, 44.148195 ], [ -68.617621, 44.145354 ] ] ], [ [ [ -68.623563, 44.140578 ], [ -68.617621, 44.142283 ], [ -68.617145, 44.136655 ], [ -68.623563, 44.140578 ] ] ], [ [ [ -68.618979, 44.11955 ], [ -68.618809, 44.130343 ], [ -68.608113, 44.128637 ], [ -68.618979, 44.11955 ] ] ], [ [ [ -68.634496, 44.136143 ], [ -68.62689, 44.13529 ], [ -68.62689, 44.133755 ], [ -68.634496, 44.136143 ] ] ], [ [ [ -68.633783, 44.145012 ], [ -68.630931, 44.152857 ], [ -68.6238, 44.147912 ], [ -68.633783, 44.145012 ] ] ], [ [ [ -68.639826, 44.123602 ], [ -68.633783, 44.130002 ], [ -68.629742, 44.128808 ], [ -68.639826, 44.123602 ] ] ], [ [ [ -68.644478, 44.131025 ], [ -68.644716, 44.135972 ], [ -68.641151, 44.135461 ], [ -68.644478, 44.131025 ] ] ], [ [ [ -68.644003, 44.148594 ], [ -68.647806, 44.152005 ], [ -68.640676, 44.152687 ], [ -68.644003, 44.148594 ] ] ], [ [ [ -68.65256, 44.14109 ], [ -68.648519, 44.145524 ], [ -68.648994, 44.142966 ], [ -68.65256, 44.14109 ] ] ], [ [ [ -68.651609, 44.126419 ], [ -68.651371, 44.129661 ], [ -68.65042, 44.128125 ], [ -68.651609, 44.126419 ] ] ], [ [ [ -68.651267, 44.101422 ], [ -68.641231, 44.10858 ], [ -68.637174, 44.099408 ], [ -68.651267, 44.101422 ] ] ], [ [ [ -68.671099, 44.075898 ], [ -68.608589, 44.094336 ], [ -68.601696, 44.012514 ], [ -68.657031, 44.003823 ], [ -68.640913, 44.050621 ], [ -68.671099, 44.075898 ] ] ], [ [ [ -68.685997, 44.285882 ], [ -68.683408, 44.287742 ], [ -68.683408, 44.285809 ], [ -68.685997, 44.285882 ] ] ], [ [ [ -68.686326, 44.272131 ], [ -68.685669, 44.277055 ], [ -68.684502, 44.272423 ], [ -68.686326, 44.272131 ] ] ], [ [ [ -68.731618, 44.22269 ], [ -68.670623, 44.279852 ], [ -68.56343, 44.194197 ], [ -68.620473, 44.200161 ], [ -68.666236, 44.134953 ], [ -68.720646, 44.166805 ], [ -68.731618, 44.22269 ] ] ], [ [ [ -68.702036, 44.271024 ], [ -68.733822, 44.308616 ], [ -68.686435, 44.283948 ], [ -68.702036, 44.271024 ] ] ], [ [ [ -68.748484, 44.298968 ], [ -68.747543, 44.300666 ], [ -68.747707, 44.29907 ], [ -68.748484, 44.298968 ] ] ], [ [ [ -68.741836, 43.88301 ], [ -68.743691, 43.885634 ], [ -68.731733, 43.893489 ], [ -68.741836, 43.88301 ] ] ], [ [ [ -68.753963, 44.262592 ], [ -68.739313, 44.26896 ], [ -68.730518, 44.262663 ], [ -68.753963, 44.262592 ] ] ], [ [ [ -68.760704, 44.239849 ], [ -68.759991, 44.247682 ], [ -68.749771, 44.242914 ], [ -68.760704, 44.239849 ] ] ], [ [ [ -68.779956, 44.201013 ], [ -68.77442, 44.2194 ], [ -68.767616, 44.217271 ], [ -68.779956, 44.201013 ] ] ], [ [ [ -68.792221, 44.136835 ], [ -68.786374, 44.144117 ], [ -68.781144, 44.144927 ], [ -68.792221, 44.136835 ] ] ], [ [ [ -68.79523, 44.280487 ], [ -68.793741, 44.286998 ], [ -68.785185, 44.284106 ], [ -68.79523, 44.280487 ] ] ], [ [ [ -68.797059, 44.223819 ], [ -68.787959, 44.234817 ], [ -68.781189, 44.226262 ], [ -68.797059, 44.223819 ] ] ], [ [ [ -68.802535, 44.137422 ], [ -68.800872, 44.144074 ], [ -68.791364, 44.146974 ], [ -68.802535, 44.137422 ] ] ], [ [ [ -68.813469, 44.294654 ], [ -68.804396, 44.293546 ], [ -68.800396, 44.288699 ], [ -68.813469, 44.294654 ] ] ], [ [ [ -68.819173, 44.290401 ], [ -68.822831, 44.293111 ], [ -68.817509, 44.293293 ], [ -68.819173, 44.290401 ] ] ], [ [ [ -68.808002, 44.137252 ], [ -68.823927, 44.13964 ], [ -68.805625, 44.14288 ], [ -68.808002, 44.137252 ] ] ], [ [ [ -68.809666, 43.856929 ], [ -68.815845, 43.861557 ], [ -68.811157, 43.860213 ], [ -68.809666, 43.856929 ] ] ], [ [ [ -68.823903, 44.257134 ], [ -68.824384, 44.262171 ], [ -68.816321, 44.258407 ], [ -68.823903, 44.257134 ] ] ], [ [ [ -68.822263, 44.21822 ], [ -68.826022, 44.220185 ], [ -68.824877, 44.226055 ], [ -68.822263, 44.21822 ] ] ], [ [ [ -68.818698, 44.226396 ], [ -68.823419, 44.242333 ], [ -68.815608, 44.237806 ], [ -68.818698, 44.226396 ] ] ], [ [ [ -68.852331, 44.228661 ], [ -68.849187, 44.236131 ], [ -68.84817, 44.229291 ], [ -68.852331, 44.228661 ] ] ], [ [ [ -68.860054, 44.255854 ], [ -68.860213, 44.260926 ], [ -68.858866, 44.26062 ], [ -68.860054, 44.255854 ] ] ], [ [ [ -68.891428, 44.029862 ], [ -68.889051, 44.03943 ], [ -68.884309, 44.030778 ], [ -68.891428, 44.029862 ] ] ], [ [ [ -68.886725, 43.822195 ], [ -68.891091, 43.835522 ], [ -68.876224, 43.836597 ], [ -68.886725, 43.822195 ] ] ], [ [ [ -68.905926, 43.853844 ], [ -68.896181, 43.873037 ], [ -68.881683, 43.868582 ], [ -68.878831, 43.8583 ], [ -68.905926, 43.853844 ] ] ], [ [ [ -68.908541, 44.058051 ], [ -68.89428, 44.064883 ], [ -68.895231, 44.049339 ], [ -68.908541, 44.058051 ] ] ], [ [ [ -68.911847, 44.096399 ], [ -68.839613, 44.131964 ], [ -68.774489, 44.064371 ], [ -68.862845, 44.025037 ], [ -68.911847, 44.096399 ] ] ], [ [ [ -68.912106, 44.041481 ], [ -68.910442, 44.053098 ], [ -68.906334, 44.044866 ], [ -68.912106, 44.041481 ] ] ], [ [ [ -68.942291, 44.284361 ], [ -68.902599, 44.324503 ], [ -68.911634, 44.365027 ], [ -68.880085, 44.39309 ], [ -68.86044, 44.364907 ], [ -68.930244, 44.230956 ], [ -68.921613, 44.272279 ], [ -68.942291, 44.284361 ] ] ], [ [ [ -68.944269, 44.112697 ], [ -68.846121, 44.184431 ], [ -68.80206, 44.150555 ], [ -68.903549, 44.127357 ], [ -68.8881, 44.144927 ], [ -68.944269, 44.112697 ] ] ], [ [ [ -68.939677, 44.226481 ], [ -68.94039, 44.244872 ], [ -68.931833, 44.248618 ], [ -68.939677, 44.226481 ] ] ], [ [ [ -68.958687, 44.192094 ], [ -68.964395, 44.200757 ], [ -68.953462, 44.208254 ], [ -68.958687, 44.192094 ] ] ], [ [ [ -68.945856, 44.248278 ], [ -68.948096, 44.277676 ], [ -68.933259, 44.272789 ], [ -68.945856, 44.248278 ] ] ], [ [ [ -68.984096, 44.172095 ], [ -68.981271, 44.176897 ], [ -68.980082, 44.172636 ], [ -68.984096, 44.172095 ] ] ], [ [ [ -69.012882, 43.900959 ], [ -69.007802, 43.907278 ], [ -69.004801, 43.901301 ], [ -69.012882, 43.900959 ] ] ], [ [ [ -69.035462, 43.911405 ], [ -69.031659, 43.916884 ], [ -69.029757, 43.915343 ], [ -69.035462, 43.911405 ] ] ], [ [ [ -69.036175, 44.074361 ], [ -69.038094, 44.085838 ], [ -69.032036, 44.07934 ], [ -69.036175, 44.074361 ] ] ], [ [ [ -69.048059, 44.060357 ], [ -69.04996, 44.068896 ], [ -69.04283, 44.068213 ], [ -69.048059, 44.060357 ] ] ], [ [ [ -69.054714, 43.992853 ], [ -69.049044, 44.011127 ], [ -69.042592, 44.007044 ], [ -69.054714, 43.992853 ] ] ], [ [ [ -69.071589, 44.004821 ], [ -69.062649, 44.014931 ], [ -69.05614, 44.012172 ], [ -69.071589, 44.004821 ] ] ], [ [ [ -69.072285, 44.036616 ], [ -69.071351, 44.042933 ], [ -69.066835, 44.040541 ], [ -69.072285, 44.036616 ] ] ], [ [ [ -69.078482, 43.973015 ], [ -69.077531, 43.984132 ], [ -69.07254, 43.978659 ], [ -69.078482, 43.973015 ] ] ], [ [ [ -69.09607, 43.983961 ], [ -69.066598, 43.996957 ], [ -69.065409, 43.994392 ], [ -69.069635, 43.985912 ], [ -69.09607, 43.983961 ] ] ], [ [ [ -69.120551, 43.871667 ], [ -69.127919, 43.894965 ], [ -69.118938, 43.898262 ], [ -69.120551, 43.871667 ] ] ], [ [ [ -69.220195, 43.914937 ], [ -69.222516, 43.925444 ], [ -69.212939, 43.921404 ], [ -69.220195, 43.914937 ] ] ], [ [ [ -69.295364, 43.862585 ], [ -69.28348, 43.873723 ], [ -69.282501, 43.864579 ], [ -69.295364, 43.862585 ] ] ], [ [ [ -69.299336, 43.932915 ], [ -69.292988, 43.942389 ], [ -69.285857, 43.931435 ], [ -69.299336, 43.932915 ] ] ], [ [ [ -69.31552, 43.913613 ], [ -69.307401, 43.91811 ], [ -69.309863, 43.906268 ], [ -69.31552, 43.913613 ] ] ], [ [ [ -69.313666, 43.891196 ], [ -69.314101, 43.902272 ], [ -69.307961, 43.891025 ], [ -69.313666, 43.891196 ] ] ], [ [ [ -69.310829, 43.859486 ], [ -69.318565, 43.879711 ], [ -69.305882, 43.877418 ], [ -69.310829, 43.859486 ] ] ], [ [ [ -69.314325, 43.756707 ], [ -69.313631, 43.772762 ], [ -69.300376, 43.772144 ], [ -69.314325, 43.756707 ] ] ], [ [ [ -69.346465, 43.922533 ], [ -69.343138, 43.934858 ], [ -69.340576, 43.933846 ], [ -69.346465, 43.922533 ] ] ], [ [ [ -69.383544, 43.89565 ], [ -69.379561, 43.913873 ], [ -69.370905, 43.912745 ], [ -69.383544, 43.89565 ] ] ], [ [ [ -69.391473, 43.957662 ], [ -69.394828, 43.964867 ], [ -69.387346, 43.967199 ], [ -69.391473, 43.957662 ] ] ], [ [ [ -69.42894, 43.916541 ], [ -69.422048, 43.923047 ], [ -69.427277, 43.912261 ], [ -69.42894, 43.916541 ] ] ], [ [ [ -69.441894, 43.916331 ], [ -69.439398, 43.939137 ], [ -69.432981, 43.952143 ], [ -69.420146, 43.935885 ], [ -69.441894, 43.916331 ] ] ], [ [ [ -69.588186, 43.770489 ], [ -69.582924, 43.779096 ], [ -69.581531, 43.771862 ], [ -69.588186, 43.770489 ] ] ], [ [ [ -69.599594, 43.790738 ], [ -69.599602, 43.803263 ], [ -69.59389, 43.80412 ], [ -69.599594, 43.790738 ] ] ], [ [ [ -69.613956, 43.751084 ], [ -69.610765, 43.778899 ], [ -69.605299, 43.780271 ], [ -69.613956, 43.751084 ] ] ], [ [ [ -69.626732, 43.805159 ], [ -69.633001, 43.81258 ], [ -69.628789, 43.81372 ], [ -69.626732, 43.805159 ] ] ], [ [ [ -69.760028, 43.705577 ], [ -69.754324, 43.710044 ], [ -69.757176, 43.703343 ], [ -69.760028, 43.705577 ] ] ], [ [ [ -69.939009, 43.723825 ], [ -69.937337, 43.730829 ], [ -69.931158, 43.72413 ], [ -69.939009, 43.723825 ] ] ], [ [ [ -69.99034, 43.831902 ], [ -69.99034, 43.842531 ], [ -69.986537, 43.84356 ], [ -69.99034, 43.831902 ] ] ], [ [ [ -70.009354, 43.811324 ], [ -69.999847, 43.829502 ], [ -69.996757, 43.8247 ], [ -70.009354, 43.811324 ] ] ], [ [ [ -70.031221, 43.714683 ], [ -70.028844, 43.726363 ], [ -70.021001, 43.724646 ], [ -70.031221, 43.714683 ] ] ], [ [ [ -70.042392, 43.782502 ], [ -70.033835, 43.809265 ], [ -70.027016, 43.809128 ], [ -70.042392, 43.782502 ] ] ], [ [ [ -70.04667, 43.72018 ], [ -70.042867, 43.728253 ], [ -70.040015, 43.728768 ], [ -70.04667, 43.72018 ] ] ], [ [ [ -70.061325, 43.7421 ], [ -70.049997, 43.761049 ], [ -70.044769, 43.764825 ], [ -70.061325, 43.7421 ] ] ], [ [ [ -70.053325, 43.765168 ], [ -70.060218, 43.767228 ], [ -70.054989, 43.770661 ], [ -70.053325, 43.765168 ] ] ], [ [ [ -70.074478, 43.779928 ], [ -70.071626, 43.787478 ], [ -70.06307, 43.78765 ], [ -70.074478, 43.779928 ] ] ], [ [ [ -70.069963, 43.796743 ], [ -70.070913, 43.803262 ], [ -70.066635, 43.804291 ], [ -70.069963, 43.796743 ] ] ], [ [ [ -70.079285, 43.706989 ], [ -70.078757, 43.715198 ], [ -70.072098, 43.718956 ], [ -70.079285, 43.706989 ] ] ], [ [ [ -70.084223, 43.714167 ], [ -70.083748, 43.720523 ], [ -70.079707, 43.720867 ], [ -70.084223, 43.714167 ] ] ], [ [ [ -70.089452, 43.726363 ], [ -70.090403, 43.731344 ], [ -70.086362, 43.732375 ], [ -70.089452, 43.726363 ] ] ], [ [ [ -70.096039, 43.672276 ], [ -70.09285, 43.687836 ], [ -70.087257, 43.691029 ], [ -70.096039, 43.672276 ] ] ], [ [ [ -70.10202, 43.77681 ], [ -70.096039, 43.78838 ], [ -70.089653, 43.785187 ], [ -70.10202, 43.77681 ] ] ], [ [ [ -70.118174, 43.686375 ], [ -70.100683, 43.705962 ], [ -70.093113, 43.710524 ], [ -70.093704, 43.6918 ], [ -70.118174, 43.686375 ] ] ], [ [ [ -70.122252, 43.700078 ], [ -70.115835, 43.7097 ], [ -70.111794, 43.710044 ], [ -70.122252, 43.700078 ] ] ], [ [ [ -70.124917, 43.790768 ], [ -70.123434, 43.793907 ], [ -70.122214, 43.793777 ], [ -70.124917, 43.790768 ] ] ], [ [ [ -70.120682, 43.712569 ], [ -70.125818, 43.745451 ], [ -70.096126, 43.757238 ], [ -70.120682, 43.712569 ] ] ], [ [ [ -70.1467, 43.708891 ], [ -70.148976, 43.714554 ], [ -70.144459, 43.713522 ], [ -70.1467, 43.708891 ] ] ], [ [ [ -70.141504, 43.749546 ], [ -70.145545, 43.775809 ], [ -70.115359, 43.764653 ], [ -70.141504, 43.749546 ] ] ], [ [ [ -70.173571, 43.683734 ], [ -70.140553, 43.707639 ], [ -70.133661, 43.702312 ], [ -70.151724, 43.681689 ], [ -70.173571, 43.683734 ] ] ], [ [ [ -70.179771, 43.739244 ], [ -70.184287, 43.742506 ], [ -70.176681, 43.745426 ], [ -70.179771, 43.739244 ] ] ], [ [ [ -70.197121, 43.711247 ], [ -70.190466, 43.722241 ], [ -70.186663, 43.723272 ], [ -70.197121, 43.711247 ] ] ], [ [ [ -70.179592, 43.655384 ], [ -70.200686, 43.662951 ], [ -70.183098, 43.675157 ], [ -70.179592, 43.655384 ] ] ], [ [ [ -70.205934, 43.633633 ], [ -70.203426, 43.647186 ], [ -70.190704, 43.645582 ], [ -70.205934, 43.633633 ] ] ], [ [ [ -70.213948, 43.666161 ], [ -70.201893, 43.685483 ], [ -70.182147, 43.694923 ], [ -70.193081, 43.673438 ], [ -70.213948, 43.666161 ] ] ], [ [ [ -70.238002, 43.547295 ], [ -70.224401, 43.547199 ], [ -70.245499, 43.539635 ], [ -70.238002, 43.547295 ] ] ], [ [ [ -70.607834, 42.977764 ], [ -70.61243, 42.991814 ], [ -70.601349, 42.981083 ], [ -70.607834, 42.977764 ] ] ], [ [ [ -71.080003, 45.306987 ], [ -71.00905, 45.319022 ], [ -71.01081, 45.34725 ], [ -70.952377, 45.339097 ], [ -70.896898, 45.242031 ], [ -70.857042, 45.22916 ], [ -70.808613, 45.311606 ], [ -70.826033, 45.398408 ], [ -70.798028, 45.426706 ], [ -70.634661, 45.383608 ], [ -70.627459, 45.421633 ], [ -70.722845, 45.512772 ], [ -70.5584, 45.666671 ], [ -70.400404, 45.719834 ], [ -70.417674, 45.79457 ], [ -70.259117, 45.890755 ], [ -70.240177, 45.943729 ], [ -70.316936, 45.963456 ], [ -70.284571, 45.995384 ], [ -70.317596, 46.019492 ], [ -70.278334, 46.057019 ], [ -70.301076, 46.083254 ], [ -70.252413, 46.100625 ], [ -70.236714, 46.144937 ], [ -70.292736, 46.191599 ], [ -70.191498, 46.349961 ], [ -70.05695, 46.415155 ], [ -69.997086, 46.69523 ], [ -69.22442, 47.459686 ], [ -69.042702, 47.426651 ], [ -69.050252, 47.255876 ], [ -68.900085, 47.177719 ], [ -68.717867, 47.240919 ], [ -68.612411, 47.244803 ], [ -68.578551, 47.287551 ], [ -68.378678, 47.287561 ], [ -68.361559, 47.355605 ], [ -68.234604, 47.355035 ], [ -67.956783, 47.199248 ], [ -67.883844, 47.105834 ], [ -67.790515, 47.067921 ], [ -67.781095, 45.943032 ], [ -67.750422, 45.917898 ], [ -67.803908, 45.882895 ], [ -67.755068, 45.82367 ], [ -67.806598, 45.794723 ], [ -67.781892, 45.731189 ], [ -67.817892, 45.693705 ], [ -67.73035, 45.663239 ], [ -67.734605, 45.688987 ], [ -67.709466, 45.68138 ], [ -67.64581, 45.613597 ], [ -67.429716, 45.583773 ], [ -67.416462, 45.502147 ], [ -67.503771, 45.488522 ], [ -67.418747, 45.37726 ], [ -67.489333, 45.281282 ], [ -67.404629, 45.159926 ], [ -67.345585, 45.126392 ], [ -67.296174, 45.147952 ], [ -67.283619, 45.192022 ], [ -67.157919, 45.161004 ], [ -67.090786, 45.068721 ], [ -67.106234, 45.033107 ], [ -66.984466, 44.912557 ], [ -66.982403, 44.811466 ], [ -66.949895, 44.817419 ], [ -67.068919, 44.768959 ], [ -67.189427, 44.645533 ], [ -67.272848, 44.664075 ], [ -67.246373, 44.626384 ], [ -67.326182, 44.656715 ], [ -67.308538, 44.707454 ], [ -67.396441, 44.693313 ], [ -67.361978, 44.640235 ], [ -67.405492, 44.594236 ], [ -67.42734, 44.64108 ], [ -67.458448, 44.596694 ], [ -67.505804, 44.636837 ], [ -67.543368, 44.626554 ], [ -67.564718, 44.532068 ], [ -67.688055, 44.537254 ], [ -67.713077, 44.493553 ], [ -67.743353, 44.497418 ], [ -67.754843, 44.54691 ], [ -67.774001, 44.547438 ], [ -67.782363, 44.51497 ], [ -67.804518, 44.542675 ], [ -67.847776, 44.563 ], [ -67.898615, 44.395595 ], [ -67.916941, 44.461306 ], [ -67.937706, 44.410445 ], [ -67.970419, 44.470805 ], [ -68.027462, 44.482507 ], [ -67.958772, 44.398846 ], [ -68.023184, 44.408185 ], [ -68.049334, 44.33073 ], [ -68.11229, 44.401588 ], [ -68.121345, 44.478945 ], [ -68.161751, 44.501157 ], [ -68.154383, 44.478776 ], [ -68.194554, 44.47189 ], [ -68.180528, 44.475045 ], [ -68.211426, 44.52014 ], [ -68.223785, 44.465546 ], [ -68.260863, 44.488102 ], [ -68.294138, 44.471653 ], [ -68.280572, 44.451573 ], [ -68.354984, 44.458082 ], [ -68.36568, 44.435345 ], [ -68.337872, 44.421936 ], [ -68.247438, 44.433276 ], [ -68.174496, 44.345181 ], [ -68.230916, 44.287849 ], [ -68.317193, 44.294314 ], [ -68.28986, 44.250917 ], [ -68.333831, 44.221286 ], [ -68.430946, 44.298624 ], [ -68.398035, 44.376191 ], [ -68.354271, 44.400544 ], [ -68.392776, 44.435345 ], [ -68.430804, 44.396978 ], [ -68.425338, 44.498275 ], [ -68.473111, 44.486746 ], [ -68.462152, 44.379396 ], [ -68.479766, 44.45418 ], [ -68.499686, 44.414179 ], [ -68.565161, 44.39907 ], [ -68.545434, 44.355 ], [ -68.566203, 44.313007 ], [ -68.518984, 44.265216 ], [ -68.555111, 44.261301 ], [ -68.522786, 44.228099 ], [ -68.62425, 44.302107 ], [ -68.6894, 44.296695 ], [ -68.739313, 44.333174 ], [ -68.827197, 44.31216 ], [ -68.821767, 44.40894 ], [ -68.777817, 44.484965 ], [ -68.805863, 44.524292 ], [ -68.835098, 44.481404 ], [ -68.811092, 44.46614 ], [ -68.875153, 44.429898 ], [ -68.921613, 44.45664 ], [ -68.998384, 44.425586 ], [ -68.949883, 44.339993 ], [ -69.05923, 44.207913 ], [ -69.054546, 44.171542 ], [ -69.074203, 44.183545 ], [ -69.103438, 44.077947 ], [ -69.043403, 44.092164 ], [ -69.128052, 44.017309 ], [ -69.125281, 43.977915 ], [ -69.162559, 43.999003 ], [ -69.212058, 43.931093 ], [ -69.273949, 43.914215 ], [ -69.267515, 43.943667 ], [ -69.283998, 43.958569 ], [ -69.317469, 43.940506 ], [ -69.325334, 43.970941 ], [ -69.375225, 43.924588 ], [ -69.330066, 43.971817 ], [ -69.366702, 43.964755 ], [ -69.36239, 43.993879 ], [ -69.428227, 43.957276 ], [ -69.437734, 43.975751 ], [ -69.50329, 43.837673 ], [ -69.543912, 43.881615 ], [ -69.551703, 43.834628 ], [ -69.592916, 43.811382 ], [ -69.594705, 43.858878 ], [ -69.621086, 43.826814 ], [ -69.638812, 43.847845 ], [ -69.655611, 43.781039 ], [ -69.690388, 43.825386 ], [ -69.677078, 43.926984 ], [ -69.721559, 43.782 ], [ -69.836799, 43.699735 ], [ -69.873401, 43.778384 ], [ -69.956255, 43.772367 ], [ -70.001273, 43.710388 ], [ -69.994618, 43.743537 ], [ -70.045006, 43.736668 ], [ -69.947206, 43.864473 ], [ -69.992717, 43.84836 ], [ -70.026193, 43.822587 ], [ -69.987725, 43.862927 ], [ -70.019197, 43.858733 ], [ -70.066598, 43.810525 ], [ -70.080548, 43.827601 ], [ -70.194269, 43.768601 ], [ -70.21471, 43.697329 ], [ -70.252961, 43.67501 ], [ -70.196911, 43.565146 ], [ -70.361214, 43.52919 ], [ -70.382928, 43.469674 ], [ -70.332836, 43.446432 ], [ -70.427672, 43.389254 ], [ -70.416311, 43.361059 ], [ -70.553854, 43.321886 ], [ -70.593907, 43.249295 ], [ -70.590391, 43.165168 ], [ -70.703819, 43.059825 ], [ -70.8268, 43.127086 ], [ -70.80964, 43.225407 ], [ -70.987649, 43.389521 ], [ -70.950838, 43.551026 ], [ -70.989067, 43.79244 ], [ -71.080003, 45.306987 ] ] ] ] } },
{ "type": "Feature", "properties": { "STATEFP": "15", "STUSPS": "HI", "NAME": "Hawaii", "subject_count_strict": 122248.21458287057, "subject_count_permissive": 119803.25029121315, "loss_exposure_strict": 29790.0, "burden_index_centered": -0.78839520157704313, "subject_rate": 0.14616033823953498, "expansion": true, "partial_expansion": false, "subject_via_waiver": false, "waiver_listed": false, "loss_quantified": true, "already_work_conditional": false, "waiver_note": "", "hardship_exception_status": "undecided" }, "geometry": { "type": "MultiPolygon", "coordinates": [ [ [ [ -105.060763848209831, 24.730544521127374 ], [ -105.038263844976939, 24.787237535887641 ], [ -104.922104821537573, 24.857165556499098 ], [ -104.83240080531175, 24.973922588121091 ], [ -104.82308280488715, 25.027623601810678 ], [ -104.883534820613704, 25.106185619826171 ], [ -104.904377827973093, 25.196111641766151 ], [ -104.882586825037833, 25.256829657570506 ], [ -104.837043815297932, 25.267025661376898 ], [ -104.589072756008392, 25.119181631074774 ], [ -104.437827721776785, 25.092677628490783 ], [ -104.205643666751627, 24.969438603727614 ], [ -104.080755635556869, 24.847780576460234 ], [ -104.087122633500513, 24.728008546245945 ], [ -104.003528615248371, 24.736325550489326 ], [ -103.980880607431203, 24.638268526471478 ], [ -103.806777565459555, 24.516036500236371 ], [ -103.971877597291638, 24.349939454436086 ], [ -104.157101635776513, 24.265266428560075 ], [ -104.29324066573173, 24.263896424755135 ], [ -104.509998709593646, 24.128998385532419 ], [ -104.599192724639067, 23.968391343215483 ], [ -104.682797741337936, 23.910356326630147 ], [ -104.72361775187025, 23.966432339545666 ], [ -104.879596787963436, 24.033529352224964 ], [ -104.906783795250874, 24.079889363056338 ], [ -104.88672679855722, 24.345547429749374 ], [ -104.973791825300964, 24.603854491855198 ], [ -105.060763848209831, 24.730544521127374 ] ] ], [ [ [ -105.697423025961683, 25.916363799498502 ], [ -105.665731021891503, 26.003788822315784 ], [ -105.588539005757383, 26.030812831358851 ], [ -105.525409990368786, 25.98730182231154 ], [ -105.479694977321998, 25.898070801291784 ], [ -105.321767944046201, 25.947094818166839 ], [ -105.240287925661846, 25.935896817714514 ], [ -105.116095894639983, 25.826626793865934 ], [ -105.000482867927076, 25.791469788333476 ], [ -104.983355861906546, 25.721747771320146 ], [ -105.046626873693498, 25.652590752184928 ], [ -105.139035893012476, 25.618118740930342 ], [ -105.412309952176656, 25.582896724332343 ], [ -105.453723963056035, 25.63702573668812 ], [ -105.461263969325785, 25.778460771871369 ], [ -105.622930005978475, 25.80897077480963 ], [ -105.697423025961683, 25.916363799498502 ] ] ], [ [ [ -105.700006013730871, 25.527919702315241 ], [ -105.57530998875032, 25.603410724779671 ], [ -105.531790976730832, 25.528252707243055 ], [ -105.666314005443581, 25.500908696541813 ], [ -105.700006013730871, 25.527919702315241 ] ] ], [ [ [ -106.060247105359167, 25.901919785130438 ], [ -106.001457093301383, 25.927726793331658 ], [ -105.900394070627385, 25.914895793132626 ], [ -105.80623904627808, 25.806599768845537 ], [ -105.836874051480009, 25.760280756369383 ], [ -105.963343078346497, 25.731922745561711 ], [ -105.991839087779169, 25.826598768357663 ], [ -106.060247105359167, 25.901919785130438 ] ] ], [ [ [ -106.30647716654741, 26.108186829203593 ], [ -106.251380156843766, 26.177811848270526 ], [ -106.254109159052547, 26.224140859761814 ], [ -105.998217101148924, 26.179183856292699 ], [ -105.970618096311796, 26.21551486621539 ], [ -105.90139407921626, 26.161975854900902 ], [ -105.709111036675694, 26.158650859816074 ], [ -105.774949048620243, 26.082159838701457 ], [ -105.874501069329114, 26.045473826555462 ], [ -106.06687111357499, 26.100497834545816 ], [ -106.249706153259979, 26.084797825090995 ], [ -106.30647716654741, 26.108186829203593 ] ] ], [ [ [ -106.659592251797505, 26.327013872914428 ], [ -106.656576251301232, 26.331676874171734 ], [ -106.654089250552772, 26.325987872830385 ], [ -106.659592251797505, 26.327013872914428 ] ] ], [ [ [ -106.790439284264636, 26.43158589488684 ], [ -106.787218283709905, 26.435817896043829 ], [ -106.788039283721957, 26.431144894852586 ], [ -106.790439284264636, 26.43158589488684 ] ] ], [ [ [ -107.277560396358894, 26.57698591553304 ], [ -107.122828362703956, 26.583508922154905 ], [ -107.027758345762493, 26.689663951673211 ], [ -106.967388333272282, 26.710422958794588 ], [ -106.836805298069294, 26.531922918443179 ], [ -106.840995296366657, 26.459478900244211 ], [ -106.778049280833898, 26.411811890346499 ], [ -106.772753281294456, 26.456931901766236 ], [ -106.722511270343091, 26.45922090392154 ], [ -106.743294273273676, 26.413741891922147 ], [ -106.651037248916907, 26.29881186614741 ], [ -106.698724258028591, 26.260677855151471 ], [ -106.71941626340984, 26.284354860407863 ], [ -106.806206281399454, 26.255038850386327 ], [ -106.970240319973072, 26.328341863479032 ], [ -107.108303349088629, 26.297609851452552 ], [ -107.277560396358894, 26.57698591553304 ] ] ], [ [ [ -108.787948743150139, 27.030097976986742 ], [ -108.72207873370175, 27.150319009030021 ], [ -108.581063705988328, 27.223484032094596 ], [ -108.510761689874528, 27.203544029615333 ], [ -108.402471667445781, 27.232599040596853 ], [ -108.339969652849732, 27.208515036797383 ], [ -108.29328464010473, 27.144337022494895 ], [ -108.335462645389669, 27.046005996655907 ], [ -108.329887640779077, 26.960172975575585 ], [ -108.44487366218496, 26.868622948953675 ], [ -108.603284697540062, 26.89224394933531 ], [ -108.668720714193995, 26.953580962232859 ], [ -108.759410734920152, 26.979505965480435 ], [ -108.787948743150139, 27.030097976986742 ] ] ], [ [ [ -109.096093809328067, 27.014836962356906 ], [ -109.100172810789047, 27.029007965708331 ], [ -109.087805807902043, 27.02387296487991 ], [ -109.096093809328067, 27.014836962356906 ] ] ], [ [ [ -109.245188834747751, 26.847200915757959 ], [ -109.111741811849782, 26.993597956563345 ], [ -109.053034799087214, 26.992275958314728 ], [ -109.074848799855971, 26.89478893349861 ], [ -109.15903981686742, 26.865276923255099 ], [ -109.203542822999481, 26.77915590047126 ], [ -109.245188834747751, 26.847200915757959 ] ] ], [ [ [ -109.536976889628932, 26.649638856838351 ], [ -109.54015489074061, 26.660182859315061 ], [ -109.537820890192506, 26.659051859120098 ], [ -109.536976889628932, 26.649638856838351 ] ] ], [ [ [ -110.925779248996747, 28.054244149373456 ], [ -110.916436247295422, 28.060855151362667 ], [ -110.915592246998301, 28.058345150780948 ], [ -110.925779248996747, 28.054244149373456 ] ] ], [ [ [ -115.16558, 28.72909 ], [ -115.163932, 28.72961 ], [ -115.163751, 28.726874 ], [ -115.16558, 28.72909 ] ] ], [ [ [ -115.166503, 28.732989 ], [ -115.165421, 28.735355 ], [ -115.164977, 28.733303 ], [ -115.166503, 28.732989 ] ] ], [ [ [ -115.17018, 28.642416 ], [ -115.171328, 28.644102 ], [ -115.169657, 28.643266 ], [ -115.17018, 28.642416 ] ] ], [ [ [ -115.20803, 28.785782 ], [ -115.20918, 28.788229 ], [ -115.207463, 28.786816 ], [ -115.20803, 28.785782 ] ] ], [ [ [ -115.223783, 28.861244 ], [ -115.222507, 28.86221 ], [ -115.221729, 28.860591 ], [ -115.223783, 28.861244 ] ] ], [ [ [ -115.288267, 28.867302 ], [ -115.281148, 28.871723 ], [ -115.279933, 28.87151 ], [ -115.288267, 28.867302 ] ] ], [ [ [ -116.998505, 29.997116 ], [ -116.997711, 30.004431 ], [ -116.99556, 30.001871 ], [ -116.998505, 29.997116 ] ] ], [ [ [ -120.733093, 30.757305 ], [ -120.73506, 30.781772 ], [ -120.725554, 30.779315 ], [ -120.733093, 30.757305 ] ] ], [ [ [ -122.969938, 31.064554 ], [ -122.964715, 31.076477 ], [ -122.964157, 31.062327 ], [ -122.969938, 31.064554 ] ] ], [ [ [ -124.737701, 32.923558 ], [ -124.738163, 32.926965 ], [ -124.736884, 32.927052 ], [ -124.737701, 32.923558 ] ] ], [ [ [ -124.817945, 32.78795 ], [ -124.815799, 32.790977 ], [ -124.814499, 32.789306 ], [ -124.817945, 32.78795 ] ] ], [ [ [ -124.909038, 32.772443 ], [ -124.906272, 32.774158 ], [ -124.905927, 32.773373 ], [ -124.909038, 32.772443 ] ] ], [ [ [ -124.942552, 32.762429 ], [ -124.943587, 32.765933 ], [ -124.941872, 32.763924 ], [ -124.942552, 32.762429 ] ] ], [ [ [ -127.333034, 33.394464 ], [ -127.288927, 33.402123 ], [ -127.288113, 33.392374 ], [ -127.304504, 33.385405 ], [ -127.333034, 33.394464 ] ] ] ] } },
{ "type": "Feature", "properties": { "STATEFP": "44", "STUSPS": "RI", "NAME": "Rhode Island", "subject_count_strict": 71519.204544770779, "subject_count_permissive": 70088.820453875349, "loss_exposure_strict": 19422.0, "burden_index_centered": -0.90978541656608558, "subject_rate": 0.10664464443899965, "expansion": true, "partial_expansion": false, "subject_via_waiver": false, "waiver_listed": false, "loss_quantified": true, "already_work_conditional": false, "waiver_note": "", "hardship_exception_status": "no_qualifying_counties" }, "geometry": { "type": "MultiPolygon", "coordinates": [ [ [ [ -71.285346, 41.636853 ], [ -71.278171, 41.647309 ], [ -71.272129, 41.637064 ], [ -71.285346, 41.636853 ] ] ], [ [ [ -71.300812, 41.58061 ], [ -71.298562, 41.584922 ], [ -71.297156, 41.579768 ], [ -71.300812, 41.58061 ] ] ], [ [ [ -71.325649, 41.452106 ], [ -71.326348, 41.45471 ], [ -71.324296, 41.453924 ], [ -71.325649, 41.452106 ] ] ], [ [ [ -71.329002, 41.48713 ], [ -71.325365, 41.487601 ], [ -71.327822, 41.482985 ], [ -71.329002, 41.48713 ] ] ], [ [ [ -71.343126, 41.494926 ], [ -71.341267, 41.500494 ], [ -71.338665, 41.494926 ], [ -71.343126, 41.494926 ] ] ], [ [ [ -71.345913, 41.529577 ], [ -71.343126, 41.535837 ], [ -71.342568, 41.52902 ], [ -71.345913, 41.529577 ] ] ], [ [ [ -71.3167, 41.583134 ], [ -71.344821, 41.667005 ], [ -71.308123, 41.626239 ], [ -71.3167, 41.583134 ] ] ], [ [ [ -71.362911, 41.461746 ], [ -71.316519, 41.47756 ], [ -71.328031, 41.518848 ], [ -71.271862, 41.623986 ], [ -71.211822, 41.639103 ], [ -71.19564, 41.67509 ], [ -71.132888, 41.660102 ], [ -71.12057, 41.497448 ], [ -71.193979, 41.456396 ], [ -71.219336, 41.625482 ], [ -71.240709, 41.619225 ], [ -71.240428, 41.476147 ], [ -71.362911, 41.461746 ] ] ], [ [ [ -71.360006, 41.649882 ], [ -71.360709, 41.661123 ], [ -71.353398, 41.657866 ], [ -71.360006, 41.649882 ] ] ], [ [ [ -71.364786, 41.601431 ], [ -71.367317, 41.605952 ], [ -71.36338, 41.606688 ], [ -71.364786, 41.601431 ] ] ], [ [ [ -71.40056, 41.46094 ], [ -71.378914, 41.504948 ], [ -71.370194, 41.573963 ], [ -71.354315, 41.478891 ], [ -71.40056, 41.46094 ] ] ], [ [ [ -71.396276, 41.503695 ], [ -71.403626, 41.504566 ], [ -71.397391, 41.5062 ], [ -71.396276, 41.503695 ] ] ], [ [ [ -71.613133, 41.160281 ], [ -71.577691, 41.231232 ], [ -71.562546, 41.224217 ], [ -71.547051, 41.153684 ], [ -71.613133, 41.160281 ] ] ], [ [ [ -71.862667742234606, 41.310863612696998 ], [ -71.829384, 41.342413 ], [ -71.842563, 41.409855 ], [ -71.797683, 41.416709 ], [ -71.799242, 42.008065 ], [ -71.381401, 42.018798 ], [ -71.3817, 41.893199 ], [ -71.338698, 41.898399 ], [ -71.340697, 41.7983 ], [ -71.224798, 41.710498 ], [ -71.238442, 41.665565 ], [ -71.263161, 41.643011 ], [ -71.285502, 41.68243 ], [ -71.301396, 41.649978 ], [ -71.291217, 41.702666 ], [ -71.390557, 41.783708 ], [ -71.357282, 41.716592 ], [ -71.37791, 41.666646 ], [ -71.450198, 41.686459 ], [ -71.408621, 41.663168 ], [ -71.40377, 41.589321 ], [ -71.446412, 41.583215 ], [ -71.418404, 41.472652 ], [ -71.480875, 41.360248 ], [ -71.551566, 41.374423 ], [ -71.862667742234606, 41.310863612696998 ] ] ] ] } }
]
}
