# self-insurance-cost — gizmowarehouse.org — snapshot 2026-10-08 — license CC-BY-4.0 — sources: NY State Comptroller local government financial data; FTA National Transit Database; audited financial statements (GASB 10 notes) — questions: joe@group17a.com
entity_name,cls,fiscal_year,structure,arrangement_text,pool_name,sir_per_occurrence,excess_limit,self_funded_health,wc_self_insured,liability_claims_paid_latest_fy,source_doc_url,source_page,quote,status,labeled_on,confidence,ntd_id,agency,captive
County of Albany,county,2024,commercial,"commercial (all-risks policy excluding workers' comp, with cash deductibles of varying amounts)",,,,yes,yes,,https://app.fac.gov/dissemination/report/pdf/2024-12-GSAFAC-0000379661,"Note 13 Risk Financing Activities, printed p.61-62 (PDF p.63-64); Note 1 ISF policy printed p.34","The County has purchased an insurance policy for all risks (excluding workers’ compensation), which includes a cash deductible with varying amounts per occurrence and in the aggregate per claim year.",ok,2026-10-08,high,,,
County of Allegany,county,2024,self_insured,self_insured (general liability financed through internal service funds; no excess liability coverage stated),,,,yes,yes,,https://app.fac.gov/dissemination/report/pdf/2024-12-GSAFAC-0000381579,"Note 12 Risk Management, printed p.52-53 (PDF p.54-55)","The County uses the internal service funds to account for and finance risks for workers compensation, health insurance and general liability.",ok,2026-10-08,high,,,
County of Broome,county,2024,self_insured,"self_insured (liability claims handled internally via General Liability Self-Insurance ISF; property policy with $50,000 SIR and $200,000,000 limit; cyber $3,000,000 with $25,000 SIR)",,,200000000,yes,yes,,https://broomecountyny.gov/sites/default/files/dept/omb/pdfs/Broome%20County%20ACFR%2012.31.24%20ELECTRONIC.pdf,"Note 10 Risk Management, printed p.64-67 (PDF p.85-88)",The County assumes liability for most risk including property damage and personal injury liability.,ok,2026-10-08,high,,,
County of Cattaraugus,county,2024,self_insured_with_excess,self_insured_with_excess (county assumes most risk incl. personal injury liability; commercial excess liability),,,10000000,yes,yes,,https://www.cattco.gov/sites/default/files/2026-05/ACFR%2C%20Cattaraugus%20County%2C%20NY%20-%2012.31.2024.pdf,"Note 9 Risk Management, printed p.59-60 (PDF p.81-82)","Risk Management—The County carries commercial excess liability insurance of $10,000,000 per occurrence with a $20,000,000 aggregate annual limit for its government operations.",ok,2026-10-08,high,,,
County of Cayuga,county,2024,self_insured_with_excess,"self_insured_with_excess (tort losses retained $250,000 per occurrence; commercial coverage above)",,250000,1000000,yes,unclear,,https://app.fac.gov/dissemination/report/pdf/2024-12-GSAFAC-0000381059,"Note 9 Risk Management, printed p.61-62 (PDF p.73-74)","Under the program, losses for torts are $250,000 per occurrence.",ok,2026-10-08,high,,,
County of Chautauqua,county,2024,commercial,"commercial (liability policies with deductibles of $25,000-$100,000 per occurrence; excess umbrella to $30,000,000)",,25000,30000000,unclear,yes,,https://app.fac.gov/dissemination/report/pdf/2024-12-GSAFAC-0000378727,"Note 9 Risk Management, printed p.51-52 (PDF p.62-63)","The County has purchased insurance for bodily injury, property damage, employee liability, public official liability, automobile, network security, business and business personal property with deductibles ranging from $25,000 to $100,000 per occurrence.",ok,2026-10-08,high,,,
County of Chemung,county,2024,commercial,"commercial (liability policies; retained exposure limited to policy deductibles, carried in Self Insurance Fund)",,,,yes,yes,944169,https://app.fac.gov/dissemination/report/pdf/2024-12-GSAFAC-0000372312,"Note 8 Risk Retention, printed p.61 (PDF p.63)","The County holds various liability policies, therefore the estimated amount of liability related to general liability is limited to various liability policy deductibles.",ok,2026-10-08,high,,,
County of Chenango,county,2024,mixed,"mixed (county assumes some general liability and substantially all vehicle risks, Sheriff's Department risks; $1,964,136 General Fund reserve; remainder presumably commercial, not detailed)",,,,yes,yes,,https://app.fac.gov/dissemination/report/pdf/2024-12-GSAFAC-0000379569,"Note 1 Self-Insurance policy, printed p.26-27 (PDF p.41-42); Notes 15-17, printed p.47-48 (PDF p.62-63)",The County assumes the liability for some general liability and substantially all of its vehicle risks.,ok,2026-10-08,low,,,
County of Clinton,county,2024,commercial,commercial,,,,no,yes,,https://app.fac.gov/dissemination/report/pdf/2024-12-GSAFAC-0000380624,"Note 11 Risk Management, printed p.38 (PDF p.40); Note 1 policy printed p.26 (PDF p.28)","The County purchases commercial insurance for various risks of loss due to torts, theft, damage, errors and omissions, and natural disasters.",ok,2026-10-08,high,,,
County of Columbia,county,2024,commercial,commercial,,,1000000,yes,yes,,https://app.fac.gov/dissemination/report/pdf/2024-12-GSAFAC-0000382228,"Note 9 Risk Management, printed p.54-55 (PDF p.66-67); Note 1 Insurance policy PDF p.50",The general liability insurance is limited to $1 million per occurrence and an aggregate $3 million limit.,ok,2026-10-08,high,,,
County of Cortland,county,2024,unknown,"unclear (policy note says County assumes liability for comprehensive general, auto and law enforcement liability funded in General Fund; contingencies note says risks covered by commercial insurance plus $4,000,000 excess liability)",,,4000000,yes,yes,,https://app.fac.gov/dissemination/report/pdf/2024-12-GSAFAC-0000384660,"Note 1(m) Self-Insurance, printed p.36 (PDF p.39); Note 6(c) Risk Management, printed p.61-63 (PDF p.64-66)","The County assumes the liability for most risk including comprehensive general liability, auto liability, and law enforcement liability.",ok,2026-10-08,low,,,
County of Delaware,county,2024,self_insured,"self_insured (county assumes most risk incl. comprehensive general, auto and law enforcement liability; funded by budget appropriations; no excess coverage stated)",,,,unclear,yes,,https://app.fac.gov/dissemination/report/pdf/2024-12-GSAFAC-0000376565,"Note 1(i) Self-Insurance, printed p.30-31 (PDF p.33-34)","(1) General Liability - The County assumes the liability for most risk including comprehensive general liability, auto liability, and law enforcement liability.",ok,2026-10-08,high,,,
County of Dutchess,county,2024,commercial,"commercial (general liability $1,000,000 per occurrence / $2,000,000 aggregate; $1,000,000 estimated general claims accrued)",,,1000000,unclear,yes,,https://www.dutchessny.gov/Departments/Comptroller/Docs/2024-Audited-Financial-Statements.pdf,"Note 10 Risk Management, printed p.70-71 (PDF p.75-76)",The general liability insurance is limited to $1 million per occurrence and an aggregate $2 million limit.,ok,2026-10-08,high,,,
County of Erie,county,2024,self_insured,"self_insured (property damage, personal injury liability, medical malpractice, workers' comp all retained; only minor commercial policies)",,,,unclear,yes,,https://www4.erie.gov/comptroller/sites/www4.erie.gov.comptroller/files/2025-07/erie-county-annual-comprehensive-financial-report-12.31.2024.pdf,"Note 11 Risk Management, printed p.63-64 (PDF p.94-95); combined judgments & claims payments $10,670 thousand in 2024 (not GL-specific)","The County assumes the liability for risks relating to property damage, personal injury liability, medical malpractice and workers’ compensation.",ok,2026-10-08,high,,,
County of Essex,county,2024,commercial,commercial (county retains only unemployment and workers' comp; purchases insurance for all other risks),,,,yes,yes,,https://app.fac.gov/dissemination/report/pdf/2024-12-GSAFAC-0000375464,"Note 8 Risk Management, printed p.46-47 (PDF p.56-57)",The County purchases insurance for claims in excess of coverage provided by the internal service funds and for all other risks or loss.,ok,2026-10-08,high,,,
County of Franklin,county,2024,commercial,commercial,,,,yes,yes,,https://app.fac.gov/dissemination/report/pdf/2024-12-GSAFAC-0000381427,"Note F Other Insurance, printed p.80-81 (PDF p.83-84); Note B self-insured health printed p.80",These risks are covered by commercial insurance purchased from independent third parties.,ok,2026-10-08,high,,,
County of Fulton,county,2024,unknown,"unclear (risk note covers only workers' comp, disability and unemployment; general liability arrangement not described)",,,,unclear,yes,,https://app.fac.gov/dissemination/report/pdf/2024-12-GSAFAC-0000379839,"Note 10 Risk Financing Activities, printed p.38-39 (PDF p.41-42)","The County is exposed to various risks of loss related to workers’ compensation, disability, and unemployment.",ok,2026-10-08,low,,,
County of Genesee,county,2024,commercial,"commercial (general liability limit $10,000,000 for 2024; coverage $5,000,000 per incident / $10,000,000 aggregate)",,,5000000,yes,yes,,https://www.geneseeny.gov/files/sharedassets/county/v/2/treasurer/financial-statements/2024.pdf,"Note 9 Risk Management, printed p.56-57 (PDF p.67-68)","The general liability commercial insurance limit for 2024 was $10,000,000 for County operations.",ok,2026-10-08,high,,,
County of Greene,county,2024,self_insured,self_insured (county assumes general liability risk; risk retention reserve in General Fund; no excess stated),,,,unclear,yes,,https://greenecountyny.gov/wp-content/uploads/2025/10/2024-Independent-Auditor-Financial-Statment.pdf,"Note 1 Insurance policy, printed p.33 (PDF p.40); Self-Insurance contingency note, printed p.53 (PDF p.60)",The County assumes the risk for general liability.,ok,2026-10-08,high,,,
County of Hamilton,county,2024,commercial,"commercial (general liability, umbrella, abuse and molestation $1,000,000 per occurrence / $3,000,000 aggregate)",,,1000000,unclear,no,,https://app.fac.gov/dissemination/report/pdf/2024-12-GSAFAC-0000374926,"Note 8 Risk Management, printed p.37-38 (PDF p.49-50)","The general liability, umbrella, and abuse and molestation insurance is limited to $1 million per occurrence and an aggregate $3 million limit.",ok,2026-10-08,high,,,
County of Herkimer,county,2024,commercial,"commercial (general liability, automobile, police protection policies; immaterial deductibles)",,,,yes,yes,,https://app.fac.gov/dissemination/report/pdf/2024-12-GSAFAC-0000382549,"Note 18 Risk Management, printed p.63-64 (PDF p.66-67); Note 17 Contingencies self-insurance printed p.63","The County purchases commercial insurance for all other risks of loss. Coverage includes policies for general liability, automobile, and police protection.",ok,2026-10-08,high,,,
County of Jefferson,county,2024,self_insured,self_insured (county assumes most risks incl. property damage and personal injury liability; minor commercial policies only),,,,yes,yes,,https://www.jeffersoncountyny.gov/media/Treasurer/Audited%20Financials/Audited%20Financial%20Statements%202024.pdf,"Note 10 Risk Management, printed p.58-59 (PDF p.70-71); combined claims & judgments payments $1,293,409 in 2024 (not GL-specific)","The County assumes the liability for most risks including, but not limited to, property damage, personal injury liability, employee health insurance, and workers’ compensation.",ok,2026-10-08,high,,,
County of Lewis,county,2024,commercial,"commercial (general liability insured to $1,000,000 with $100,000 deductible per occurrence; $3,000,000 aggregate; umbrella $5,000,000)",,100000,1000000,yes,yes,,https://lewiscountyny.gov/wp-content/uploads/2025/07/Audited-Financial-Statement.pdf,"Note 9(b) Risk Management, printed p.53 (PDF p.55)","The County is insured up to $1,000,000 with a deductible of $100,000 per occurrence, subject to an aggregate annual limit of $3,000,000.",ok,2026-10-08,high,,,
County of Livingston,county,2024,self_insured_with_excess,"self_insured_with_excess (general liability retained $250,000 per incident; commercial layer to $1,750,000 per incident / $3,000,000 aggregate; amounts above retained)",,250000,1750000,yes,yes,,https://www.livingstoncountyny.gov/Archive.aspx?ADID=1108,"Note 12 Other Information - Risk Management, printed p.66-67 (PDF p.69-70); Note 1 Insurance policy PDF p.42","The Countys risk relating to general liability is limited to $250,000 per incident plus amounts in excess of $1,750,000 per incident and $3,000,000 in the aggregate.",ok,2026-10-08,high,,,
County of Madison,county,2024,commercial,commercial (self-insured only for the deductible portion of general liability),,,,yes,yes,,https://www.madisoncounty.ny.gov/Archive.aspx?ADID=562,"Note 18 Insurance and Commitments, printed p.51-52 (PDF p.54-55)",The County purchases commercial insurance coverage and is self-insured for the deductible portion of its general liability risks.,ok,2026-10-08,high,,,
County of Monroe,county,2024,self_insured_with_excess,"self_insured_with_excess (risk management ISF retains uninsured risks; commercial insurance purchased above self-insured coverage; GL retention amount not stated; WC retained to $2,000,000 per claim)",,2000000,,yes,yes,,https://www.monroecounty.gov/files/finance/2024%20ACFR.pdf,"Note 17 Risk Management/Insurance, printed p.99 (PDF p.104); combined risk fund claim payments $100,671 thousand in 2024 (GL estimate $0.7M, not GL-specific)",The County purchases commercial insurance for claims in excess of self-insurance coverage provided by the fund and all other risks of loss.,ok,2026-10-08,high,,,
County of Montgomery,county,2024,commercial,"commercial (all risks with minimal deductibles except pollution, health, unemployment and workers' comp)",,,,yes,yes,,https://app.fac.gov/dissemination/report/pdf/2024-12-GSAFAC-0000425083,"Note 14 Insured and Self-Insured Activities, printed p.38-39 (PDF p.40-41); Note 2 Risk Management policy PDF p.27","The County has directly purchased commercial insurance for all risk above with minimal deductible amounts except for certain pollution control risks, health benefits insurance, unemployment claims, and workers’ compensation insurance.",ok,2026-10-08,high,,,
County of Nassau,county,2024,self_insured,"self_insured (self-insures everything except police helicopter property, selected leased facilities, fidelity/public official bonds and summer recreation program)",,,,no,yes,,https://www.nassaucountyny.gov/DocumentCenter/View/50165/Nassau-County-NY-2024-ACFR,"Note 23A Claims and Litigation, printed p.181-182 (PDF p.193-194); Note 1U Claims policy PDF p.118",Essentially all other risks are assumed directly by the County.,ok,2026-10-08,high,,,
County of Niagara,county,2024,self_insured,"self_insured (self-insures all casualty, liability and crime exposures; property retained to $250,000 with excess property insurance)",,250000,,yes,yes,,https://app.fac.gov/dissemination/report/pdf/2024-12-GSAFAC-0000375379,"Note 9 Risk Management, printed p.58-59 (PDF p.62-63)",The County self-insures all of its casualty (liability and crime) exposures.,ok,2026-10-08,high,,,
County of Oneida,county,2024,commercial,"commercial (GL, auto and police liability policies; combined stop-loss aggregate $550,000 across the three lines)",,,550000,no,yes,,https://oneidacountyny.gov/assets/AuditControl/Docs/Oneida-County-FS-2024.pdf,"PDF p.73-74 (printed 62-63), Note 9 Risk Management","The County purchases commercial insurance for all other risks of loss. Coverage includes policies for general liability, automobile, and police protection.",ok,2026-10-08,high,,,
County of Onondaga,county,2024,self_insured_with_excess,self_insured_with_excess,,2000000,2000000,yes,yes,414717,https://onondaga.gov/comptroller/wp-content/uploads/sites/208/2025/12/2024ACFR-Final.pdf,"PDF p.73-74 (printed 43-44), Note 12 Risk Management","The County is self-insured for individual claims up to $2,000,000 and amounts greater than $20,000,000 for all liability (including environmental liability) and certain physical damage risks.",ok,2026-10-08,high,,,
County of Ontario,county,2024,self_insured_with_excess,self_insured_with_excess (Internal Service Fund self-insurance program for property and liability; commercial insurance above program),,9000000,2000000,unclear,yes,249204,https://www.ontariocountyny.gov/Archive.aspx?ADID=2006,"PDF p.62-63 (printed 50-51), Note 8 Risk Management","The County is self-insured to cover such potential risks. Coverage is provided for up to a maximum of $9,000,000 per incident with a $18,000,000 aggregate annually.",ok,2026-10-08,high,,,
County of Orange,county,2024,self_insured_with_excess,self_insured_with_excess,,1000000,1000000,no,yes,6630634,https://www.orangecountyny.gov/Archive.aspx?ADID=1386,"PDF p.106 (printed 85), Note 4B; rollforward PDF p.86, Note 3 Unpaid Claim Liabilities",The County is currently self-insured for liability and casualty claims but maintains conventional excess liability coverage with independent insurance carriers.,ok,2026-10-08,high,,,
County of Orleans,county,2024,commercial,commercial,,,,unclear,yes,,https://app.fac.gov/dissemination/report/pdf/2024-12-GSAFAC-0000380409,"PDF p.52 (printed 50) Note 10; p.55 (printed 53) Note 13. Source: FAC single audit package (county site posts only the OSC Annual Financial Report, not audited statements)",The County maintains commercial insurance coverage covering each of those risks of loss.,ok,2026-10-08,high,,,
County of Oswego,county,2024,commercial,"commercial (GL $1,000,000 per occurrence / $2,000,000 aggregate)",,,1000000,yes,yes,,https://app.fac.gov/dissemination/report/pdf/2024-12-GSAFAC-0000384013,"PDF p.50-51 (printed 46-47), Note 8 Risk Management. Source: FAC single audit package (county site posts no audited statements)","The County purchases insurance for general liability, property, automobile, building, law enforcement, crime, earthquake, flood and miscellaneous liability.",ok,2026-10-08,high,,,
County of Otsego,county,2024,self_insured,"self_insured (general liability, auto and law enforcement liability; no excess coverage disclosed)",,,,unclear,yes,,https://app.fac.gov/dissemination/report/pdf/2024-12-GSAFAC-0000373080,"PDF p.35-36 (printed 23-24), Note 1 Self-Insurance. Source: FAC single audit package (county site posts no audited statements)","The County assumes the liability for most risk including comprehensive general liability, auto liability, and law enforcement liability.",ok,2026-10-08,high,,,
County of Putnam,county,2024,pool,"pool (unnamed municipal reciprocal insurance company formed by NY municipalities, effective Sept 1, 1993; description matches NYMIR but name not given)",reciprocal,250000,1000000,unclear,yes,,https://putnamcountyny.gov/images/Departments/Finance/acfinancialreport/Final%202024%20County%20of%20Putnam%20ACFR.pdf,"PDF p.101 (printed 69), Note 4D Risk Management",The County purchases various insurance coverages from the reciprocal to reduce its exposure to loss.,ok,2026-10-08,high,,,
County of Rensselaer,county,2024,commercial,"commercial (GL $1,000,000 per occurrence / $2,000,000 aggregate)",,,1000000,no,yes,,https://www.rensco.com/Archive.aspx?ADID=1080,"PDF p.69-70 (printed 57-58), Note 9 Risk Management",The general liability insurance is limited to $1 million per occurrence and an aggregate $2 million limit.,ok,2026-10-08,high,,,
County of Rockland,county,2024,self_insured_with_excess,"self_insured_with_excess (self-insured GL, property damage and medical malpractice; commercial policy with $40 million coverage; no catastrophic coverage)",,,40000000,unclear,yes,,https://www.rocklandcountyny.gov/home/showpublisheddocument/7805/639008779173030000,"PDF p.112-113 (printed 92-93), Note 5B; combined ISF claims rollforward (WC+GL+unemployment, claims paid $6,995,538) PDF p.90 Note 4. Downloaded via browser (site blocks curl)","The County is currently self-insured for general liability, property damage and medical malpractice claims. In addition, the County maintains a commercial insurance policy, with coverage up to $40 million.",ok,2026-10-08,high,,,
County of St. Lawrence,county,2024,self_insured,"self_insured (assumes liability for most risks incl. property damage and personal injury; commercial insurance covers only a portion, limits for liability not stated)",,,5000,unclear,yes,,https://www.stlawco.gov/sites/default/files/Treasurer/St.%20Lawrence%20-%20Financial%20Statements%20(letterhead)%2012.31.2024.pdf,"PDF p.64-65 (printed 53-54), Note 9 Risk Management","The County is self-insured and assumes the liability for most risks including, but not limited to, property damage, personal injury liability and as described above, workers' compensation.",ok,2026-10-08,high,,,
County of Saratoga,county,2024,unknown,unclear (notes describe only the WC and health self-insurance plans; general liability arrangement not disclosed),,,,yes,yes,,https://www.saratogacountyny.gov/wp/wp-content/uploads/2025/11/Treasurer-FinancialReport-2024.pdf,"PDF p.60-61 (printed 57-58), Note 15 Internal Service Funds","As of January 1, 2016, the County established its own self-insurance health benefits plan.",ok,2026-10-08,low,,,
County of Schenectady,county,2024,commercial,commercial (above minimal deductibles),,,,yes,yes,,https://app.fac.gov/dissemination/report/pdf/2024-12-GSAFAC-0000384806,PDF p.56-58 (printed 53-55) Note 8; p.64 (printed 61) Note 13 Risk Management. Source: FAC single audit package (county site posts no audited statements),The County and Community College have purchased commercial insurance for all risk above minimal deductible amounts except for certain health benefits insurance and workers' compensation insurance.,ok,2026-10-08,high,,,
County of Schoharie,county,2024,commercial,commercial,,,,no,no,,https://app.fac.gov/dissemination/report/pdf/2024-12-GSAFAC-0000381900,"PDF p.44 (printed 41), Note 15 Risk Retention. Source: FAC single audit package (county web app serves only the auditor communications letter)",These risks are covered by commercial insurance purchased from independent third parties.,ok,2026-10-08,high,,,
County of Schuyler,county,2024,unknown,"unclear (Note 1 says County assumes liability for most risk incl. personal injury liability, but Note 15 says lawsuits are adequately covered by insurance; no coverage terms disclosed)",,,,unclear,unclear,,https://app.fac.gov/dissemination/report/pdf/2024-12-GSAFAC-0000377424,PDF p.41 (printed 29) Note 1 Insurance; p.67 (printed 55) Note 15 Other Litigation. Source: FAC single audit package (county Document Center audits folder is empty),"The County assumes the liability for most risk including, but not limited to, property damage and personal injury liability.",ok,2026-10-08,low,,,
County of Seneca,county,2024,self_insured_with_excess,self_insured_with_excess,,,1000000,unclear,yes,,https://www.senecacountyny.gov/Archive.aspx?ADID=93,"PDF p.59-60 (printed 48-49), Note 8 Risk Management","The County's self-insurance coverage applies to workers' compensation, general liability claims, and unemployment insurance.",ok,2026-10-08,high,,,
County of Steuben,county,2024,unknown,"unclear (tort claims accrued in General Fund with $325,000 liability and a $2,078,884 fund-balance restriction for self-insurance, while the note also states losses have not exceeded commercial insurance coverage)",,,,yes,yes,,https://steubencountyny.gov/Archive.aspx?ADID=2648,"PDF p.65 (printed 62), Note 9 Risk Retention",For the past three fiscal years insurance losses have not exceeded commercial insurance coverage.,ok,2026-10-08,low,,,
County of Suffolk,county,2024,self_insured_with_excess,self_insured_with_excess,,10000000,20000000,unclear,yes,68359378,https://suffolkcountyny.gov/Portals/2/documents/2024-ACFR-FINAL-7-31-2025.pdf,"PDF p.98 (printed 90), Note IV.A Risk management","Current self-insured retention per occurrence for liability is $10,000,000 with a limit of $20,000,000.",ok,2026-10-08,high,,,
County of Sullivan,county,2024,commercial,"commercial (package policy with $75,000 liability SIR and $100,000 property SIR)",,75000,9000000,no,yes,22658,https://www.sullivanny.gov/sites/default/files/departments/treasurer/Sullivan%20County%20NY%20-%20ACFR%2012.31.2024.pdf,"PDF p.87-88 (printed 76-77), Note 9 Risk Management","Liability coverage under the package policy contains a $75,000 self-insured retention and property coverage under the package policy contains a $100,000 self-insured retention.",ok,2026-10-08,high,,,
County of Tioga,county,2024,self_insured_with_excess,"self_insured_with_excess (Liability Insurance Fund retains first $50,000 third-party liability / $25,000 property; commercial insurance above)",,50000,,unclear,yes,,https://www.tiogacountyny.gov/media/ajujiax3/5611-2024-financial-statements.pdf,"PDF p.67 (printed 54), Note 14 Risk Management","The Liability Insurance Fund provides self-insurance coverage up to $25,000 for property-related claims and up to $50,000 for third-party liabilities.",ok,2026-10-08,high,,,
County of Tompkins,county,2024,self_insured,self_insured (assumes all general liability and substantially all vehicle risk; no excess coverage disclosed),,,,no,yes,,https://www.tompkinscountyny.gov/files/assets/county/v/1/finance/documents/audited-financial-statements/tompkins-county-2024-financial-report.pdf,PDF p.46-47 (printed 29-30) Note 1 Self-Insurance; p.73-74 (printed 56-57) Note 15. Downloaded via browser (site blocks curl),The County assumes the liability for all general liability and substantially all of its vehicle risks.,ok,2026-10-08,high,,,
County of Ulster,county,2024,commercial,"commercial (liability policies with deductibles; General Fund finances uninsured GL losses; deductible liability $1,990,000 at 12/31/2024)",,,,yes,yes,,https://www.ulstercountyny.gov/files/assets/countysite/v/1/finance/documents/annual-reports/2024/2024-annual-comprehensive-financial-report.pdf,PDF p.78-79 (printed 66-67) Note 3 Unpaid Claim Liabilities; p.96 (printed 84) Note 4A-B. Downloaded via browser (site blocks curl),The County is also exposed to risk of loss for deductibles of varying amounts under several liability insurance policies.,ok,2026-10-08,high,,,
County of Warren,county,2024,commercial,"commercial (GL $1,000,000 per occurrence / $3,000,000 aggregate)",,,1000000,unclear,yes,,https://www.warrencountyny.gov/sites/default/files/treasurer/docs/finance/finance-a-2024.pdf,"PDF p.56-57 (printed 44-45), Note 9 Risk Management",The general liability insurance is limited to $1 million per occurrence and an aggregate $3 million limit.,ok,2026-10-08,high,,,
County of Washington,county,2023,pool,"pool (NYMIR - New York Municipal Insurance Reciprocal, since 1994)",NYMIR,,,yes,yes,,https://www.washingtoncountyny.gov/DocumentCenter/View/31763/County-of-Washington-Final-FS-2023,"PDF p.59-61 (printed 56-58), Note 3 Contingent Liabilities. FY2023 used: county posts only the FY2024 single-audit report, not FY2024 financial statements",In 1994 the County joined New York Municipal Insurance Reciprocal (NYMIR) for its municipal property and casualty insurance.,ok,2026-10-08,high,,,
County of Wayne,county,2024,mixed,"mixed (partially self-insured for GL, malpractice, auto and unemployment, with commercial policies for certain of these risks)",,,1000000,yes,yes,36700,https://app.fac.gov/dissemination/report/pdf/2024-12-GSAFAC-0000382948,"PDF p.62-64 (printed 59-61), Note 15 Risk Management. Source: FAC single audit package (county site posts only IDA/LDC audits)","The County has elected to be partially self-insured for unemployment, general liability, malpractice, and automobile insurance.",ok,2026-10-08,low,,,
County of Westchester,county,2024,self_insured,"self_insured (GML 6-n self-insurance fund since 1986 for general negligence, auto and public officials liability; reserve held in lieu of commercial insurance)",,,5000000,yes,yes,,https://emma.msrb.org/P21954614-P21492147-P21943953.pdf,PDF p.129-131 (printed 123-125) Note 4 Risk Management; p.277 (printed 273) Self Insurance. Direct EMMA PDF link from county finance page,"Since 1986, the County has self-insured its exposure for general negligence, auto and public official's liability losses and in 1989 included workers' compensation as a self-insurance program.",ok,2026-10-08,high,,,
County of Wyoming,county,2024,commercial,"commercial (GL $1,000,000 per occurrence / $2,000,000 aggregate)",,,1000000,no,yes,,https://app.fac.gov/dissemination/report/pdf/2024-12-GSAFAC-0000371938,"PDF p.60 (printed 48), Note 8 Risk Management. Source: FAC single audit package (county Financial Audits archive is empty)",The general liability insurance is limited to $1 million per occurrence and an aggregate $2 million limit.,ok,2026-10-08,high,,,
County of Yates,county,2024,self_insured_with_excess,self_insured_with_excess,,50000,10000000,yes,yes,,https://www.yatescountyny.gov/DocumentCenter/View/8469/2024-Basic-Financial-Statements-PDF,"PDF p.61 (printed 50), Note 9 Risk Management",The County purchases commercial insurance for claims in excess of self-insurance coverage and for all other risks of loss.,ok,2026-10-08,high,,,
City of Yonkers,city,2024,self_insured,self_insured (no excess purchased for liability or workers' comp; conventional property/casualty and public officials policies only),,,,no,yes,,https://www.yonkersny.gov/ArchiveCenter/ViewFile/Item/681,ACFR FY6/30/2024; Note 4.C Risk Management printed p.75 (pdf p104); Note 3 Claims Payable rollforward printed p.66 (pdf p95),"The City is currently self-insured for general, auto, police and fire liability and workers' compensation claims. Conventional insurance is not purchased for catastrophic losses.",ok,2026-10-08,high,,,
City of Rochester,city,2024,self_insured,self_insured (fully self-insured for general liability and workers' comp; GL claims funded through a Claims Settlement internal service fund),,,500000,unclear,yes,,https://cityofrochester.gov/sites/default/files/2024-12/2024%20ACFR%20-%20City%20of%20Rochester%2C%20NY.pdf,ACFR FY6/30/2024; Notes IV.A Risk Management printed p.87-88 (pdf p91),The City has been fully self-insured for all workers' compensation and general liability risks for over thirty years.,ok,2026-10-08,high,,,
City of Buffalo,city,2024,self_insured,"self_insured (self-insured for general liability; commercial coverage only for the ballpark, public employee liability and data processing equipment)",,,,unclear,yes,,https://www.buffalocomptrollerny.gov/DocumentCenter/View/603/2023-2024-City-of-Buffalo-Comprehensive-Annual-Financial-Report,ACFR FY6/30/2024; Note 8 Risk Management printed p.70-71 (pdf p89-90); long-term liabilities rollforward pdf p92,The City is self-insured for general liability risk. The City is self-insured for workers' compensation and has accrued its best estimate of both asserted and unasserted workers' compensation losses.,ok,2026-10-08,high,,,
City of New Rochelle,city,2024,self_insured_with_excess,self_insured_with_excess (commercial GL/law enforcement/public officials/auto policy above a $1M SIR; deductibles funded through a General Liability internal service fund),,,,no,yes,,https://www.newrochelleny.gov/DocumentCenter/View/21775/2024-Year-End-Financial-Report,ACFR CY2024; Note 14(c) Risk Management printed p.65 (pdf p81); Note 8 Claims Payable rollforward printed p.53-54 (pdf p70-71),"General liability coverage, law enforcement professional coverage, employee benefits liability coverage, public officials liability and automobile coverage of $10 million, with a $1 million self-insured retention per occurrence, with an annual aggregate of $11 million for all of the above policies.",ok,2026-10-08,high,,,
City of Syracuse,city,2024,self_insured,"self_insured (primarily self-insured for general liability, workers' comp, medical and dental; property coverage only above $250,000 per occurrence for certain buildings)",,,,yes,yes,,https://www.syr.gov/files/sharedassets/public/v/1/departments/finance/documents/city-of-syracuse-new-york-2024-fs-final.pdf,Audited FS FY6/30/2024; Note 9 Self Insurance printed p.72-73 (pdf p77-78); Note 5 long-term liabilities pdf p56,"The City is primarily self-insured for medical, dental, workers' compensation and general liability claims.",ok,2026-10-08,high,,,
City of White Plains,city,2024,self_insured_with_excess,"self_insured_with_excess (self-insures general and auto liability; excess umbrella liability policy above a $1,000,000 SIR; Self Insurance Fund internal service fund)",,,,unclear,yes,,https://www.cityofwhiteplains.com/DocumentCenter/View/10444/2023-2024,ACFR FY6/30/2024; Note 4.A Self Insurance Fund printed p.85 (pdf p93); Claims Payable rollforward printed p.79-80 (pdf p87),"The City self-insures its general liability and automobile liability and purchases an excess umbrella liability insurance policy ($1,000,000 self-insured retention).",ok,2026-10-08,high,,,
City of Albany,city,2024,unknown,"unclear (statements contain no risk-management/insurance note; only a $3,388,000 judgments-and-claims accrual and workers' comp self-insurance are disclosed)",,,,yes,yes,,https://albanyny.gov/ArchiveCenter/ViewFile/Item/319,Audited FS + Uniform Guidance ('Long Form') CY2024; Note 14(c) Litigation and contingent liabilities pdf p50; MD&A pdf p17. Short Form (ADID 320) has the same notes.,"The City self-insures workers' compensation claims. The City and its component units, with the exception of the BID, the Association, and the CBID, all participate in the self-insurance program.",note_not_found,2026-10-08,low,,,
City of Niagara Falls,city,2024,self_insured_with_excess,"self_insured_with_excess (retains tort/general liability losses up to $1,000,000; insurance above that; all risk activity reported in a Self Insurance Fund)",,,,yes,yes,,https://www.niagarafallsusa.org/Documents/Government/Department/Controller/City%20of%20Niagara%20Falls%20Final%20FS%202024.pdf,Audited FS CY2024; Note 5 Risk Financing printed p.61-62 (pdf p65-66),"The City has determined that it was not economically justifiable to carry insurance for risks or loss related to torts and other general liability claims except for amounts in excess of $1,000,000.",ok,2026-10-08,high,,,
City of Mount Vernon,city,2021,self_insured_with_excess,"self_insured_with_excess (general, law enforcement and auto liability policy with $7M limits above a $350,000 SIR; public officials/EPL $8M above $100,000 SIR)",,,,unclear,yes,,https://cmvny.com/DocumentCenter/View/12681/City-Audit-Report-2021,"Audited FS CY2021 (most recent issued; FY2022-2024 audits not posted as of 2026-10-08, FAC also shows FY2021 as latest); Note 4.C Risk Management printed p.49 (pdf p51); Claims Payable rollforward printed p.38 (pdf p40)","The City maintains general, law enforcement and auto liability insurance with limits of $7million, excess of a self-insured retention (“SIR”). From 2010 to the present, the City has a $350,000 SIR, except for the 2014/15 policy year which had an SIR of $250,000.",ok,2026-10-08,high,,,
City of Schenectady,city,2024,commercial,"commercial (general liability insurance with a $50,000-$100,000 per-claim deductible depending on claim type; a small 'risk retention (litigation)' liability is carried)",,,,yes,yes,,https://app.fac.gov/dissemination/report/pdf/2024-12-GSAFAC-0000371135,Audited FS CY2024 via FAC single-audit package (city site archive stops at 2016); Note 1.H printed p.23-25 (pdf p25-27),"The City maintains general liability insurance which carries a deductible of $50,000 to $100,000 per claim based on the type of claim.",ok,2026-10-08,high,,,
City of Utica,city,2024,self_insured,self_insured (note states the City assumes the risk for general liability; no excess coverage disclosed),,,,yes,unclear,,https://app.fac.gov/dissemination/report/pdf/2024-03-GSAFAC-0000352687,Audited FS FY ended 3/31/2024 via FAC single-audit package (not posted on cityofutica.com; FY3/31/2025 also on FAC: 2025-03-GSAFAC-0000394903); Note 1 Insurance pdf p34; Note 16 pdf p55; Note 18 Self-Insured Activity pdf p57,"The City assumes the risk for general liability. The City is involved in many pending tort claims against it, the ultimate outcomes of which cannot be reasonably determined.",ok,2026-10-08,high,,,
City of Troy,city,2024,self_insured_with_excess,"self_insured_with_excess (self-insured for the first $750,000 of any claim; general liability insurance of $3M per occurrence above; older claims carry $500,000, one recent claim $1,000,000 retention)",,,,yes,yes,,https://troyny.gov/Archive.aspx?ADID=1375,Audited basic FS CY2024; Note 10 Commitments and Contingencies printed p.52-53 (pdf p56-57),"The City is self-insured for the first $750,000 of any claim, and carries general liability insurance of $3 million per occurrence above the self-insured limit.",ok,2026-10-08,high,,,
City of Binghamton,city,2024,self_insured,self_insured (self-insured for general liability since 1985 through an internal service self-insurance fund; no excess coverage disclosed),,,,yes,no,,https://www.binghamton-ny.gov/home/showpublisheddocument/16434/638981104317600000,Audited FS CY2024; Note 11 Risk Financing printed p.52 (pdf p55); Note 1.L Insurance pdf p36,"Effective June 1, 1985, the City became self-insured for general liability exposure. A self-insurance fund was established as an internal service fund to administer the City's insurance program for general liability for all City departments and funds.",ok,2026-10-08,high,,,
City of Long Beach,city,2024,self_insured_with_excess,"self_insured_with_excess (first $500,000 per GL/law enforcement occurrence self-insured through a Risk Retention internal service fund; excess liability above)",,,,unclear,no,,https://www.longbeachny.gov/vertical/sites/%7BC3C1054A-3D3A-41B3-8896-814D00B86D2A%7D/uploads/Final_747.pdf,Audited FS FY6/30/2024; Note 6 Risk Management printed p.68-69 (pdf p71-72),"the City was self-insured for the first $500,000 per general liability including law enforcement liability occurrences, $500,000 Public Officials and Employment Practices liability claims",ok,2026-10-08,high,,,
City of Rome,city,2024,unknown,"mixed/unclear (note says the City is self-insured for general liability, then that it 'is covered for general liability but is liable for prior claims'; no retention or limit stated)",,,,yes,yes,,https://romeny.gov/wp-content/uploads/2026/02/2024-Issued-FS.pdf,Audited FS CY2024; Note 3 Self-Insured printed p.57 (pdf p59); Note 1 Insurance pdf p37,The City is self-insured for health insurance and general liability. The City is covered for general liability but is liable for prior claims.,ok,2026-10-08,low,,,
City of Poughkeepsie,city,2024,self_insured_with_excess,self_insured_with_excess (commercial insurance for losses above specified limits; self-insured below; limits and carrier not named; no NYMIR reference anywhere in the FY2024 statements),,,,no,unclear,,https://www.cityofpoughkeepsie.gov/Archive.aspx?ADID=236,Audited FS CY2024; Note I.P Risk Retention pdf p29; Note VIII long-term liabilities pdf p41; Note X Judgments and Claims pdf p45,Such risks are generally covered by the purchase of commercial insurance for losses in excess of specified limits. The City was self-insured during 2024 for risks below those limits.,ok,2026-10-08,high,,,
City of Ithaca,city,2021,commercial,commercial (risks covered by commercial insurance purchased from independent third parties; no retention disclosed),,,,no,unclear,,https://app.fac.gov/dissemination/report/pdf/2021-12-GSAFAC-0000374992,Audited FS CY2021 via FAC (most recent on file; OSC 2025M-114 says 2023-2024 books not closed; nothing on cityofithacany.gov); Note 15 Public Entity Risk Pool printed p.50-51 (pdf p64-65); Note 1 Insurance pdf p37,These risks are covered by commercial insurance purchased from independent third parties. Settled claims from these risks have not exceeded commercial insurance coverage for the past three years.,ok,2026-10-08,high,,,
City of Jamestown,city,2024,commercial,"commercial (purchases commercial general liability, law enforcement, public officials, EPL, auto and commercial excess liability policies)",,,,yes,unclear,,https://www.jamestownny.gov/wp-content/uploads/2026/04/FINAL-Financial-Statements-City-of-Jamestown-NY-12.31.2024-compressed-2.pdf,Audited basic FS CY2024; Note 9 Risk Management printed p.50 (pdf p55),The commercial general liability and employee benefit insurance plans are limited to $1 million per occurrence with a $3 million annual aggregate limit.,ok,2026-10-08,high,,,
City of Elmira,city,2024,unknown,"mixed/unclear (City 'assumes the liability for most risk' and funds a Risk Retention Reserve/Self-Insurance Fund; police liability insured with a $100,000 SIR; general liability coverage otherwise not described)",,,,yes,unclear,,https://www.cityofelmirany.gov/DocumentCenter/View/1145/City-of-Elmira-2024-Financial-Report,Audited FS CY2024; Note 15 Judgments and Claims printed p.58 (pdf p73); Note 1 Insurance pdf p40; Self-Insurance Fund statements pdf p27-28,"The City is insured separately for police liability with a self-insured retention of $100,000 in each case.",ok,2026-10-08,low,,,
City of Newburgh,city,2024,self_insured_with_excess,"self_insured_with_excess (self-insured for property/liability since 1978 with excess loss insurance; GL SIR $500,000 with $5M per claim / $5M aggregate)",,,,no,no,,https://www.cityofnewburgh-ny.gov/Archive.aspx?ADID=1384,ACFR CY2024; Note 4.A Risk Management printed p.58-59 (pdf p79-80); Claims Payable rollforward printed p.52-53 (pdf p73-74),"General Liability, Employee Benefits Liability: Self-Insured retention of $500,000. Total extent of coverage is $5 million per claim and $5 million aggregate;",ok,2026-10-08,high,,,
Town of Hempstead,town,2024,self_insured,self_insured (fully self-insured for general liability; no excess liability policy mentioned; property insurance only),,,250000000,no,yes,,https://app.fac.gov/dissemination/report/pdf/2024-12-GSAFAC-0000382427,"Note 4.A Risk Retention, pdf pp83-84 (report pp79-80)",The Town is self-insured for general liability claims.,ok,2026-10-08,high,,,
Town of Islip,town,2024,self_insured_with_excess,self_insured_with_excess (self-insurance risk management program accounted for in the general fund; excess policy above SIR),,1000000,5000000,no,yes,,https://app.fac.gov/dissemination/report/pdf/2024-12-GSAFAC-0000382417,"Note 4.C Self-Insurance Program, pdf pp85-86 (report pp79-80)","With respect to general liability, the Town maintains a self-insured retention of $1,000,000.",ok,2026-10-08,high,,,
Town of Oyster Bay,town,2024,self_insured_with_excess,self_insured_with_excess,,1000000,11000000,no,yes,,https://app.fac.gov/dissemination/report/pdf/2024-12-GSAFAC-0000380880,"Note 4.A Risk Management, pdf pp111-112","The Town is self-insured for the first $1,000,000 per occurrence and carries excess liability insurance coverage for a total of $11,000,000 per occurrence with a $21,000,000 annual aggregate for claims of General Liability, Law Enforcement Liability and Automobile Liability.",ok,2026-10-08,high,,,
Town of Brookhaven,town,2024,self_insured_with_excess,self_insured_with_excess (commercial casualty policy above SIR plus a second excess layer),,1000000,10000000,unclear,yes,,https://app.fac.gov/dissemination/report/pdf/2024-12-GSAFAC-0000375851,"Note 18.A Risk management and 18.B Litigation, pdf pp73-74 (report pp68-69)","The Town self-insures for general and auto liability insurance up to a maximum of $1,000,000 per claim.",ok,2026-10-08,high,,,
Town of North Hempstead,town,2024,self_insured_with_excess,self_insured_with_excess,,500000,5000000,unclear,yes,,https://app.fac.gov/dissemination/report/pdf/2024-12-GSAFAC-0000400322,"Note 4.B Risk Management, pdf p95 (report p74)","The Town carries excess liability insurance coverage of $5,000,000 per occurrence, with a $15,000,000 annual aggregate, and is self-insured, up to $500,000, for claims under this coverage.",ok,2026-10-08,high,,,
Town of Huntington,town,2023,self_insured_with_excess,self_insured_with_excess (bodily injury/property damage; auto liability self-insured),,1000000,11000000,no,yes,,https://app.fac.gov/dissemination/report/pdf/2023-12-GSAFAC-0000054693,"Note D.1 Risk Retention, pdf pp104-105 (report pp96-97); FY2024 not on FAC as of 2026-10-08","The Town self-insures for bodily injury and property damage up to a maximum of $1,000,000 per claim.",ok,2026-10-08,high,,,
Town of Smithtown,town,2024,self_insured_with_excess,"self_insured_with_excess (commercial GL policy $1M per occurrence/$3M aggregate above a $1.5M SIR, plus $10M excess)",,1500000,1000000,no,yes,,https://app.fac.gov/dissemination/report/pdf/2024-12-GSAFAC-0000375372,"Note 4.A Risk Retention, pdf pp62-63 (report pp56-57)","The Town's general liability policy coverage is $1 million per occurrence/$3 million aggregate, with a $1.5 million self-insured retention.",ok,2026-10-08,high,,,
Town of Ramapo,town,2023,commercial,"commercial (GL policy with $50,000 per-occurrence deductible, $200,000 annual maximum; note that GL claims are carried in a General Liability Internal Service Fund with a $7,627,131 liability, so retained exposure appears larger than the deductible implies)",,50000,,unclear,yes,,https://app.fac.gov/dissemination/report/pdf/2023-12-GSAFAC-0000052257,"Note 8.B Claims and Judgements Payable, pdf p51; Note 12.A, pdf p62; FY2024 not on FAC as of 2026-10-08","The Town maintains a general liability insurance policy with a deductible of $50,000 per occurrence subject to an annual maximum deductible of $200,000.",ok,2026-10-08,high,,,
Town of Babylon,town,2024,self_insured_with_excess,self_insured_with_excess (self-insurance program for general and auto liability administered by an independent company),,1000000,5000000,no,no,,https://app.fac.gov/dissemination/report/pdf/2024-12-GSAFAC-0000374607,"Note 4.A Risk Management, pdf p88 (report p82)","The Town carries excess liability insurance coverage of $5,000,000 per occurrence with a $5,000,000 annual aggregate, excess of a $1,000,000 self-insured retention, except for Public Officials and Employment Practices claims, which are subject to a $100,000 self-insured retention.",ok,2026-10-08,high,,,
Town of Greenburgh,town,2024,self_insured_with_excess,self_insured_with_excess (commercial GL policies above SIR; retentions paid through the Risk Retention internal service fund),,500000,5000000,unclear,no,,https://app.fac.gov/dissemination/report/pdf/2024-12-GSAFAC-0000389121,"Note 4.B Risk Management, pdf pp93-94 (report pp66-67)","There is a $500,000 Self-Insured Retention for General Liability, Automobile Liability, Public Officials Liability, and Employment Practices Liability, and a $250,000 Each Occurrence Self-Insured Retention for Law Enforcement Liability.",ok,2026-10-08,high,,,
Town of Amherst,town,2024,self_insured_with_excess,self_insured_with_excess (risk management activities reported in a Self Insurance internal service fund; excess liability purchased above $2 million),,2000000,2000000,unclear,yes,,https://app.fac.gov/dissemination/report/pdf/2024-12-GSAFAC-0000370527,"Note 9 Risk Management, pdf pp63-64 (report pp50-51); quoted sentence breaks across the page boundary",The Town also purchases excess liability coverage for claims in excess of $2 million limited to $20 million per occurrence or wrongful act or employee benefit wrongful act.,ok,2026-10-08,high,,,
Town of Clarkstown,town,2024,self_insured_with_excess,"self_insured_with_excess (uninsured risks financed in General, Town Outside Village, Highway and Sanitation funds; commercial insurance above retentions)",,100000,,no,yes,12390049,https://app.fac.gov/dissemination/report/pdf/2024-12-GSAFAC-0000384237,"Note D Risk Retention - Individual Entities (Other Than Pools), pdf p66 (report p63); Note H Risk Management pdf p60","For Liability coverage, the Town presently retains $100,000 per occurrence and for Property coverages the Town retains $50,000 per occurrence.",ok,2026-10-08,high,,,
Town of Southampton,town,2024,commercial,"commercial (base GL $1,000,000 per occurrence / $2,000,000 aggregate plus umbrella; the Town nonetheless carries a general liability claims reserve of $1,900,000 estimated with legal counsel, so a retention exists but is not stated)",,,1000000,unclear,no,,https://app.fac.gov/dissemination/report/pdf/2024-12-GSAFAC-0000379781,"Note 16.A Risk management, pdf pp87-88 (report pp79-80)","The Town carries base general liability insurance coverage of $1,000,000 per occurrence with a $2,000,000 annual aggregate.",ok,2026-10-08,high,,,
Town of Orangetown,town,2023,self_insured_with_excess,"self_insured_with_excess (SIR per claim with insurance above, retentions paid through a Risk Retention internal service fund)",,100000,10000000,no,yes,,https://app.fac.gov/dissemination/report/pdf/2023-12-GSAFAC-0000046177,"Note 4.B Risk Management, pdf pp96-97 (report pp67-68); FY2024 not on FAC as of 2026-10-08","The Town's policies for general liability, law enforcement and auto liability have a self-insured retention level of $100,000 per claim.",ok,2026-10-08,high,,,
Town of Cheektowaga,town,2024,mixed,mixed (Town retains general liability risk in the General Fund and also purchases GL insurance of $1 million per occurrence / $10 million aggregate; retention not stated),,,1000000,yes,yes,,https://app.fac.gov/dissemination/report/pdf/2024-12-GSAFAC-0000379534,"Note 9 Risk Management, pdf p60 (report p50)",The Town also retains risk related to general liability.,ok,2026-10-08,low,,,
Town of Tonawanda,town,2024,self_insured_with_excess,self_insured_with_excess (Town assumes liability for most risk; Self Insurance internal service fund; commercial excess liability above),,,10000000,unclear,yes,,https://app.fac.gov/dissemination/report/pdf/2024-12-GSAFAC-0000375597,"Note 8 Risk Management, pdf p56 (report p44)","The Town carries commercial excess liability insurance of $10,000,000 per occurrence.",ok,2026-10-08,high,,,
Town of Colonie,town,2024,self_insured_with_excess,self_insured_with_excess (commercial insurance purchased above the self-insured amount),,1000000,1000000,no,yes,,https://app.fac.gov/dissemination/report/pdf/2024-12-GSAFAC-0000374028,"Note 14.c Litigation, pdf p95 (report p93); no separate risk-management note","The Town is self-insured for up to $1,000,000 for general liability claims.",ok,2026-10-08,high,,,
Town of Yorktown,town,2024,commercial,"commercial (GL policy $1,000,000 per occurrence / $3,000,000 aggregate with a $25,000 deductible, plus $5,000,000 excess; GL and WC claims run through Internal Service Funds)",,25000,1000000,unclear,yes,,https://app.fac.gov/dissemination/report/pdf/2024-12-GSAFAC-0000370161,"Note 4.B Risk Management, pdf pp59-60 (report pp55-56)","The Town has General Liability coverage with limits of $1,000,000 each occurrence with a $3,000,000 general aggregate with a deductible of $25,000 each occurrence.",ok,2026-10-08,high,,,
Town of Riverhead,town,2023,self_insured_with_excess,self_insured_with_excess (catastrophic loss coverage above SIR since 1993; Risk Retention internal service fund),,250000,10000000,no,yes,,https://www.townofriverheadny.gov/DocumentCenter/View/251/2023-Audited-Basic-Financial-Statement-PDF,"Note 4.A Risk Management, pdf pp79-80 (report pp76-77); not on FAC; town site has only the FY2024 AUD update, not audited FY2024 statements","This catastrophic loss coverage has a self-insured retention of $250,000 per occurrence.",ok,2026-10-08,high,,,
Town of Southold,town,2024,commercial,"commercial (note calls it a self-insurance risk management program, but exposure is a $50,000 per-claim GL deductible under primary policies of $1,000,000 per claim plus a $10,000,000 umbrella)",,50000,1000000,no,unclear,,https://app.fac.gov/dissemination/report/pdf/2024-12-GSAFAC-0000387849,"Note D Risk Management, pdf pp68-69 (report pp62-63)","For the year ended December 31, 2024, the Town has a deductible liability exposure of $50,000 per claim for general liability, $25,000 per claim for automobile liability, police liability and employee benefits, and $10,000 per claim for public officials and employment practices.",ok,2026-10-08,high,,,
Town of Mount Pleasant,town,2023,commercial,"commercial (conventional GL and law enforcement policies $1,000,000 per occurrence; umbrella and excess to $15,000,000)",,,15000000,no,no,,https://app.fac.gov/dissemination/report/pdf/2023-12-GSAFAC-0000049161,"Note 4.B Risk Management, pdf p62 (report p59); FY2024 not on FAC as of 2026-10-08",The general liability and law enforcement policies each provide coverage up to $1 million per occurrence.,ok,2026-10-08,high,,,
Town of Cortlandt,town,2024,self_insured_with_excess,"self_insured_with_excess (GL policy $1,000,000 per occurrence / $3,000,000 aggregate above a $100,000 SIR; excess policy to $10,000,000)",,100000,1000000,no,yes,,https://app.fac.gov/dissemination/report/pdf/2024-12-GSAFAC-0000373904,"Note 4(c) Risk Management, pdf p84 (report p71); Note 4(a) Litigation pdf p83","There is a $100,000 self-insured retention per claim.",ok,2026-10-08,high,,,
Town of Clay,town,2024,unknown,"unclear (regulatory-basis financial statements, 35 pages; Note 10 Commitments and Contingencies covers grants only; no insurance or risk note)",,,,unclear,unclear,,https://townofclayny.gov/sites/default/files/2025-09/Town%20of%20Clay%20-%202024%20Issued%20FS.pdf,Regulatory basis statements (adverse GAAP opinion); not on FAC; found on town site via DuckDuckGo,(the audited statements contain no risk-management or insurance note),note_not_found,2026-10-08,low,,,
Town of Irondequoit,town,2024,commercial,commercial,,,,unclear,no,,https://app.fac.gov/dissemination/report/pdf/2024-12-GSAFAC-0000373801,"Accounting policies - Insurance, pdf p32 (report p28); Note 15 Self Insurance, pdf p55 (report p51)",These risks are covered by commercial insurance purchased from independent third parties.,ok,2026-10-08,high,,,
Town of Greece,town,2024,self_insured_with_excess,"self_insured_with_excess (Self-Insurance Fund covers GL, auto, property, WC; stop-loss insurance plus umbrella; general-information paragraph also says risks are covered by commercial insurance)",,,,unclear,yes,,https://app.fac.gov/dissemination/report/pdf/2024-12-GSAFAC-0000376573,"Note VIII.B Self-Insurance Fund, pdf p55 (report p53)","The Town's self-insurance coverage applies to general liability, automobile liability, property damage, public works equipment, workers' compensation and general real property coverage.",ok,2026-10-08,high,,,
Town of Haverstraw,town,2023,commercial,commercial,,,,no,yes,,https://emma.msrb.org/P21855448.pdf,"Note I Risk Management, pdf p53 (report p50); EMMA direct PDF; FY2024 not found (not on FAC, town site posts budgets only)",These risks are covered by commercial insurance purchased from independent third parties.,ok,2026-10-08,high,,,
Town of East Hampton,town,2024,commercial,"commercial (base GL $1,000,000 per occurrence / $2,000,000 aggregate plus umbrella; small self-insured defense-cost and indemnity retentions)",,25000,1000000,unclear,yes,,https://app.fac.gov/dissemination/report/pdf/2024-12-GSAFAC-0000375692,"Note 15.A Risk management, pdf pp74-75 (report pp70-71)","The Town is self-insured for $25,000 per occurrence of defense costs on any general liability claim and $175,000 in total for indemnity payments during any one year.",ok,2026-10-08,high,,,
Town of Hamburg,town,2024,self_insured,self_insured (Town retains general liability risk and reports risk management in the General Fund; no GL retention amount or excess liability policy stated),,,,unclear,yes,,https://app.fac.gov/dissemination/report/pdf/2024-12-GSAFAC-0000401878,"Note 17 Risk Financing Activities, pdf p65 (report p59); accounting policy pdf p37","Previously , the Town had been retaining risk related to general liability only.",ok,2026-10-08,high,,,
Town of Webster,town,2023,commercial,commercial,,,,no,no,,https://app.fac.gov/dissemination/report/pdf/2023-12-GSAFAC-0000037062,"Note VIII Risk Management, pdf p60 (report p58); FY2024 not on FAC as of 2026-10-08","The Town carries commercial insurance for risk of loss, including general liability insurance, property insurance, and insurance on its fleet.",ok,2026-10-08,high,,,
Town of Union,town,2024,commercial,commercial,,,,unclear,unclear,,https://app.fac.gov/dissemination/report/pdf/2024-12-GSAFAC-0000389192,"Note 13 Insurance and Risk Management, pdf p47 (report p44)",These risks are covered by commercial insurance purchased from independent third parties.,ok,2026-10-08,high,,,
Village of Freeport,village,2024,mixed,"mixed (self-insurance risk management program for liability and casualty with a TPA, plus commercial GL insurance up to approximately $5 million total with per-occurrence sub-limits up to $1 million; retention not stated)",,,5000000,unclear,yes,,https://app.fac.gov/dissemination/report/pdf/2024-02-GSAFAC-0000367880,"Note 4.c Risk Management, pdf p66 (report p64); FYE February 29, 2024","The Village maintains a self-insurance risk management program for liability and casualty, property damage, workers' compensation, and unemployment.",ok,2026-10-08,low,,,
Village of Hempstead,village,2024,self_insured_with_excess,self_insured_with_excess (Self-Insurance Fund services all claims; commercial insurance purchased only for excess claims; retention and excess limits not stated),,,512785,unclear,yes,862460,https://app.fac.gov/dissemination/report/pdf/2024-05-GSAFAC-0000386266,"Note 13 Risk management / Self-insurance program, pdf p57 (report p55); SIF statement pdf p24; FYE May 31, 2024",It is the policy of the Village to purchase commercial insurance only for excess claims.,ok,2026-10-08,high,,,
Village of Garden City,village,2024,self_insured_with_excess,self_insured_with_excess (self-insurance program for primary casualty claims in an Internal Service Fund; primary casualty and umbrella policies above the SIR),,,31000000,unclear,no,420979,https://www.gardencityny.net/Archive.aspx?ADID=443,"Note 4.B Risk Management, pdf p67 (report p62); FYE May 31, 2024; village website (FAC only has FY2023)","The Village established a self-insurance risk management program for primary casualty claims, which is accounted for in the Internal Service Fund.",ok,2026-10-08,high,,,
Village of Rockville Centre,village,2024,mixed,"mixed (self-insurance risk management program for liability and casualty with a TPA, and commercial GL insurance up to approximately $5 million total with per-occurrence sub-limits up to $1 million; retention not stated)",,,5000000,unclear,yes,692473,https://app.fac.gov/dissemination/report/pdf/2024-05-GSAFAC-0000353411,"Note 10.c Risk Management, pdf p58 (report p56); FYE May 31, 2024","The Village also purchases commercial insurance for general liability claims, with coverage up to approximately $5 million in total, with various limits per occurrence, subject to sub-limits up to $1 million.",ok,2026-10-08,low,,,
Village of Port Chester,village,2024,commercial,"commercial (primary GL $1,000,000 per occurrence / $2,000,000 aggregate with a $50,000 bodily injury deductible; umbrella above)",,50000,10000000,no,unclear,,https://app.fac.gov/dissemination/report/pdf/2024-05-GSAFAC-0000064474,"Note 8 Risk Management, pdf pp50-51 (report pp38-39); FYE May 31, 2024","The Village carries an umbrella liability policy limited to $10,000,000 per occurrence and $20,000,000 in aggregate over the underlying primary policies.",ok,2026-10-08,high,,,
Village of Valley Stream,village,2024,self_insured_with_excess,self_insured_with_excess (risk retention fund reported within the general fund),,250000,11000000,unclear,yes,,https://valleystream.govoffice.com/vertical/Sites/%7BBC0696FB-5DB8-4F85-B451-5A8D9DC581E3%7D/uploads/Audited_Financials_-_5-31-24_Valley_Stream.pdf,"Note 4.B Risk Management, pdf pp55-56 (report pp51-52), scanned PDF read via OCR; FYE May 31, 2024; not on FAC","The Village is self-insured for general liability on the first $250,000 per loss with insurance protection coverage of up to $11,000,000 for any one loss and a $12,000,000 annual aggregate.",ok,2026-10-08,high,,,
Village of Lynbrook,village,2024,unknown,unclear (financial statements contain no risk management or insurance note; FY2023 FAC package village_lynbrook_2023.pdf also has none),,,,unclear,unclear,,https://lynbrookvillage.gov/wp-content/uploads/2025/03/Financial-Statement-Report-fiscal-yr-5-31-24.pdf,"Note 12 Contingencies, Risks, and Uncertainties covers only grants and tax certiorari; FYE May 31, 2024; FY2025 statements also posted on village site",(the audited statements contain no risk-management or insurance note),note_not_found,2026-10-08,low,,,
Village of Mineola,village,2024,commercial,commercial,,,,no,yes,,https://www.mineola-ny.gov/DocumentCenter/View/730/Fiscal-Year-Ended-May-31-2024,"Note 11 Risk Management, pdf p62 (report p60), scanned PDF read via OCR; FYE May 31, 2024; village website (FAC has only FY2022)","The Village of Mineola is exposed to various risks of loss related to torts; theft, damages to, and destruction of assets; errors and omissions; trip and fall injuries; and natural disasters, all of which are insured by general liability insurance.",ok,2026-10-08,high,,,
Village of Ossining,village,2024,self_insured_with_excess,"self_insured_with_excess (SIR per occurrence, primary policy above, excess above that; internal service fund charges premiums to governmental funds)",,250000,1000000,yes,yes,,https://app.fac.gov/dissemination/report/pdf/2024-12-GSAFAC-0000373968,"Note 4 Risk Management, pdf p61 (report p58)","The Village's policies for general liability, automobile liability, property and public officials' errors and omissions coverage have self-insured retention levels of $250,000 per occurrence, while the Property Insurance has a $100,000 deductible for the January 1 to December 31, 2024 policy year.",ok,2026-10-08,high,,,
Village of Spring Valley,village,2024,unknown,"unclear (no risk management, insurance, litigation or contingencies note in the FY2024 statements)",,,,unclear,unclear,,https://app.fac.gov/dissemination/report/pdf/2024-05-GSAFAC-0000431994,"FYE May 31, 2024; budget-to-actual schedule shows 'Unallocated insurance' $1,259,661 and 'Judgement and claims' $53,496 actual (pdf ~p50) but no note",(the audited statements contain no risk-management or insurance note),note_not_found,2026-10-08,low,,,
,,2024,self_insured_with_excess,,,,,,,,https://www.mta.info/document/178446,"MTA consolidated ACFR FY2024 (covers all MTA agencies), Note 2 Liability Insurance p.51; SIR $11M for NYCT/LIRR/MNR/MTA Bus eff. 10/31/2015; FMTAC ELF limit $50M + ELP $325M excess of $50M = $375M total; Note 13 p.112 consolidated claims paid $649M (injuries to persons incl. employees, all agencies, not agency-specific)","FMTAC, an insurance captive subsidiary of MTA, provides a liability insurance program ( aka “ELF”) that insures certain claims in excess of the self-insured retention limits of the agencies .",ok,2026-10-08,,20008,MTA New York City Transit,yes
,,2024,self_insured_with_excess,,,,,,,,https://rga.lis.virginia.gov/Published/2024/RD965/PDF,"Note 13(a) Litigation and Claims, pdf p.115-116 (printed p.93-94); SIR $7.5M bus / $5M other; WMATA Insurance Captive (protected cell, since 7/1/2022) covers terrorism only, fully reinsured; rollforward payments $66.13M FY24 is litigation and claims combined (may include WC), not liability-specific","Third party bodily injury, and property damage liability claims up to $7.5 million for bus related claims and $5 million for all other types of claims with excess coverage up to $200 million;",ok,2026-10-08,,30030,Washington Metropolitan Area Transit Authority,yes
,,2024,self_insured_with_excess,,,,,,,,https://content.njtransit.com/sites/default/files/marketing/website/pdf/2024NJ_TRANSIT_AnnualReport.pdf,"Note 15 Injury and Damage Claims, pdf p.125 (printed p.49-50); captive ARH III Insurance Company (SC) writes excess liability layers ($43M xs $280M 2021-24), FELA, TRIA, WC; rollforward claims payments $85.3M FY24 combines PL/PD/FELA/WC/EPL, not liability-specific; quote sentence spans two columns in pdftotext output (verified against PDF p.125)","As of June 30, 2024, NJ TRANSIT maintained $323.0 million excess commercial general liability program with a self-insured retention of $15.0 million.",ok,2026-10-08,,20080,New Jersey Transit Corporation,yes
,,2024,self_insured_with_excess,,,,,,,,https://www.transitchicago.com/assets/1/6/CTA_Financial_Statements_2024.pdf,"Note 15, printed pp. 93-95 (PDF p. 95); five RTA-procured excess layers total $85M above the $15M SIR (coverage to $100M per occurrence); injury-and-damage payments 2024 $31,863K; RTA Joint Self-Insurance Fund is a loan facility, not a captive",The RTA provides excess liability insurance to protect the self-insurance programs for general liability and terrorism currently maintained by the CTA.,ok,2026-10-08,,50066,Chicago Transit Authority,no
,,2023,self_insured_with_excess,,,,,,,,https://www.dropbox.com/scl/fi/38pgttr1jrp4q9fbx9mp7/FY23-LA-Metro-ACFR.pdf?rlkey=mb3cc6yy74mgw72mh1xh3pneg&dl=1,"Note F. Claims Payable (Risk Management), printed pp. 93-95 = PDF pp. 102-104; FY2023 FALLBACK (FY2024 ACFR exists only behind BondLink login at metrobonds.net; metro.net lists FY23 as latest). PDF is image-only on these pages: note text recovered by tesseract OCR, verify figures against PDF. Excess stated as ""$2.5 million in excess of self-insurance retentions"" (verbatim; unusually low, verify). Claims paid = Property and Casualty column FY2023 ($60,913K). Captive=unclear: PTSC-MTA Risk Management Authority (PRMA) is a blended component unit JPA that the FY22 ACFR describes as a program of cooperative self-insurance providing public liability and property damage coverage.; quote verified against OCR risknote (notes pages are image-only)",LACMTA is partially self-insured for public liability and property damage for non-construction activities up to $25 million per occurrence.,ok,2026-10-08,,90154,Los Angeles County Metropolitan Transportation Authority (LA Metro),unclear
,,2024,self_insured_with_excess,,,,,,,,https://www.mta.info/document/178446,"MTA consolidated ACFR FY2024 (covers all MTA agencies), Note 2 Liability Insurance p.51; SIR $11M for NYCT/LIRR/MNR/MTA Bus eff. 10/31/2015; FMTAC ELF limit $50M + ELP $325M excess of $50M = $375M total; Note 13 p.112 consolidated claims paid $649M (injuries to persons incl. employees, all agencies, not agency-specific)","FMTAC, an insurance captive subsidiary of MTA, provides a liability insurance program ( aka “ELF”) that insures certain claims in excess of the self-insured retention limits of the agencies .",ok,2026-10-08,,20100,MTA Long Island Rail Road,yes
,,2024,self_insured_with_excess,,,,,,,,https://bart.gov/sites/default/files/2024-12/1.%20BART%20Annual%20Comprehensive%20Financial%20Report%20%28002%29.pdf,"Note 10 - Risk Management, printed p. 71. Rollforward ($23,981K paid) combines casualty and workers comp, so liability-only payments not separable.","The District’s casualty program carries a retention of $15,000,000 for any one occurrence.",ok,2026-10-08,,90003,San Francisco Bay Area Rapid Transit District (BART),no
,,2024,self_insured,,,,,,,,https://wwww.septa.org/wp-content/uploads/page/planning/SEPTA-Auditor-Financial-Report-2024.pdf,"Note 11 Self-Insurance, pdf p.73 (printed p.70-71); no commercial liability excess stated (excess $5M-$20M layer is a self-funded trust); captive Broad Street Risk Solutions (eff. 4/1/2024) covers WC deductible reimbursement only; PL/PD payment of claims FY24 $53,694K; statutory damages cap applies","The Authority is self-insured for claims arising from public liability and property damage. The Authority also maintains a self-funded insurance trust for excess amounts of $5 million to $20 million as of June 30, 2024.",ok,2026-10-08,,30019,Southeastern Pennsylvania Transportation Authority,yes
,,2024,self_insured_with_excess,,,,,,,,https://www.mta.info/document/178446,"MTA consolidated ACFR FY2024 (covers all MTA agencies), Note 2 Liability Insurance p.51; SIR $11M for NYCT/LIRR/MNR/MTA Bus eff. 10/31/2015; FMTAC ELF limit $50M + ELP $325M excess of $50M = $375M total; Note 13 p.112 consolidated claims paid $649M (injuries to persons incl. employees, all agencies, not agency-specific)","FMTAC, an insurance captive subsidiary of MTA, provides a liability insurance program ( aka “ELF”) that insures certain claims in excess of the self-insured retention limits of the agencies .",ok,2026-10-08,,20078,MTA Metro-North Railroad,yes
,,2024,self_insured_with_excess,,,,,,,,https://cdn.mbta.com/sites/default/files/2024-12/2024-12-31-audited-financial-statement-fy2024.pdf,"Note 10 Risk Management, pdf p.42 (printed p.40-41), dollars in thousands; SIR $7.5M general liability / $10M bus liability; payments for claims and judgments FY24 $10,446K (WC $15,310K separate)","The Authority self-funds a $7,500 per occurrence deductible for general liability and $10,000 per occurrence for Bus Liability. The Authority has a program of excess public liability insurance to provide for $92,500 of layered coverage on a per occurrence and annual aggregate basis.",ok,2026-10-08,,10003,Massachusetts Bay Transportation Authority,no
,,2024,self_insured_with_excess,,,,,,,,https://175-21.itsmarta.com/uploadedFiles/More/About_MARTA/MARTA%20ACFR%202024%20121224%20-digital.pdf,"Note 15 Risk Management, p. 101 (dollars in thousands; casualty excess limit over SIR $150,000K; public liability and property damage payments FY2024 $22,052K)","MARTA is self-insured for workers' compensation claims up to $5,000 per occurrence; automobile liability claims, and public liability and property damage claims up to $10,000 per occurrence.",ok,2026-10-08,,40022,Metropolitan Atlanta Rapid Transit Authority (MARTA),no
,,2024,self_insured_with_excess,,,,,,,,https://cdn.kingcounty.gov/-/media/king-county/depts/executive-services/finance-business-operations/financial-management/financial-reports/acfr/2024-acfr-en.pdf?rev=2d1410c497ab417495239b50e0bd94f1&hash=EE9FA4868252CBB05DBEFCA7DFDFD87D,"King County ACFR (calendar year ended Dec 31, 2024), Note 11 - Risk Management, printed pp. 108-110; government-wide note covering the Public Transportation enterprise fund via the county Insurance Fund (internal service fund). No separate transit-fund risk note. Claims paid = county-wide Insurance Fund (property/casualty) 2024 payments ($23,184K), NOT transit-specific. No WSTIP membership mentioned.",The current excess liability insurance limits are $77.5 million (reflecting an increase of $2.5 million over the prior year) in excess of a $10.0 million self-insured retention (previously $7.5 million for Transit bus losses and $6.5 million self-insured retention for all other County agencies).,ok,2026-10-08,,00001,King County Metro (King County Department of Metro Transit),no
,,2024,self_insured,,,,,,,,https://metro.resourcespace.com/pages/download.php?direct=1&noattach=true&ref=18211&ext=pdf&k=,"Note 5 Self-Insurance, p. 70 (liability limited by Texas Tort Claims Act $100K/person, $300K/occurrence; no excess liability coverage mentioned; rollforward combines WC and liability, FY2024 payments $13,861,634 combined)","The Risk Management Department is responsible for developing and implementing safety/training programs, establishing a self-insured liability for workers' compensation and third-party property/bodily injury claims, and purchasing insurance policies.",ok,2026-10-08,,60008,Metropolitan Transit Authority of Harris County (Houston METRO),no
,,2024,self_insured_with_excess,,,,,,,,https://rideuta.com/-/media/Files/About-UTA/Reports/2024/2024_ACFR_Utah_Transit_Authority_FINAL.pdf,"Note 2.R Risk Management, p. 49; Note 7 Self-Insurance Claims Liability, p. 61 (FY ends Dec 31, 2024; Governmental Immunity Act cap $3M per accident; railroad liability $100M with $5M retention; rollforward combines all self-insured claims, FY2024 payments $2,020,350 combined)",The Authority carries an excess umbrella policy of $10 million over a $7 million self-insurance reserve.,ok,2026-10-08,,80001,Utah Transit Authority (UTA),no
,,2024,unknown,,,,,,,,https://www.dartbonds.org/dart-investor-relations-tx/documents/download-report-direct/i1016?mediaId=1100288,"Note 1 Self-Insurance Liabilities, p. 42 (dollars in thousands; self-insured reserves for auto/GL plus purchased general liability coverage, but no SIR, excess, or Texas Tort Claims Act cap stated, so self_insured vs self_insured_with_excess cannot be settled from the note; Injury, Damage, and Personal Liabilities payments FY2024 $3,677K)","DART administers and maintains self-insured reserves for employee medical, operational workers’ compensation, auto, general liability (including bus/rail accidents), directors’ and officers’ liability, and light rail construction workers’ compensation and general liability claims.",ok,2026-10-08,,60056,Dallas Area Rapid Transit (DART),no
,,2024,self_insured,,,,,,,,https://www.miamidadeclerk.gov/resources-clerk/library/finance/cafr2024-complete.pdf,"Miami-Dade County ACFR Note 7 Self-Insurance Program, p. 120-121 (government-wide note; Transit enterprise fund is in the RMD-administered Self-Insurance Internal Service Fund; note states no excess coverage is purchased; countywide General, Auto, and Police Liability claims paid FY2024 $51,719K, not transit-specific; no separate transit-fund audit located)",The County’s Risk Management Division (RMD) administers workers’ compensation and auto and general liability self-insurance programs.,ok,2026-10-08,,40034,"Miami-Dade County, Department of Transportation and Public Works (Miami-Dade Transit)",no
,,2024,self_insured_with_excess,,,,,,,,https://trimet.org/about/pdf/finance/fy24_trimet_financials.pdf,"Note 8 Risk Management, p. 69-70 (dollars in thousands; heavy rail/PMLR claims $2,500K SIR with $323,000K excess inclusive; excess limit $25,000K is inclusive of SIR; Oregon Tort Claims Act caps $830K/$1,660K at 6/30/2024; public liability payments FY2024 $2,529K)","For all other covered third party liability claims, the District has a $5,000 self-insured retention per occurrence with excess insurance in the amount of $25,000 inclusive of the self-insured retention.",ok,2026-10-08,,00008,Tri-County Metropolitan Transportation District of Oregon (TriMet),no
,,2024,self_insured_with_excess,,,,,,,,https://www.mdot.maryland.gov/OOF/ACFR%20_FY_2024.pdf,"MDOT ACFR Note 17 Risk Management and Insurance, p. 96-97 (MTA is a modal administration inside the Maryland Department of Transportation ACFR; SIR $10M bus / $5M rail under $200M excess; MARC commuter rail $495M excess above $5M SIR; State Treasurer self-insures torts not covered by purchased insurance; only a workers' compensation rollforward is given)","This includes a shared self-insured retention of $5,000,000 for rail and $10,000,000 for MTA buses.",ok,2026-10-08,,30034,Maryland Transit Administration (MTA Maryland),no
,,2024,self_insured_with_excess,,,,,,,,https://www.mta.info/document/178446,"MTA consolidated ACFR FY2024 (covers all MTA agencies), Note 2 Liability Insurance p.51; SIR $11M for NYCT/LIRR/MNR/MTA Bus eff. 10/31/2015; FMTAC ELF limit $50M + ELP $325M excess of $50M = $375M total; Note 13 p.112 consolidated claims paid $649M (injuries to persons incl. employees, all agencies, not agency-specific)","FMTAC, an insurance captive subsidiary of MTA, provides a liability insurance program ( aka “ELF”) that insures certain claims in excess of the self-insured retention limits of the agencies .",ok,2026-10-08,,20188,MTA Bus Company,yes
,,2024,self_insured_with_excess,,,,,,,,https://www.pacebus.com/sites/default/files/2025-06/Annual%20Financial%20Report%202024.pdf,"Note 6, printed pp. 38-39 (PDF p. 43); retentions: auto liability $5M, general liability $2.5M, WC $1M per occurrence; excess limits not stated; rollforward combines GL/AL/WC/health (payments $5,101,467) so liability-only payments not separable","Pace’s basic risk financing policy is to retain a portion of the financial risk of loss for its automobile liability, general liability, and workers’ compensation exposures and to purchase aggregate insurance coverage in excess of specific self-insured retentions for each of these exposures.",ok,2026-10-08,,50113,"Pace Suburban Bus (Pace, the Suburban Bus Division of the RTA)",no
,,2024,self_insured,,,,,,,,https://www.sfmta.com/media/43561/download?inline,"Note (11) Risk Management, printed pp. 62-63; SFMTA stand-alone audited financial statements (enterprise fund of the City and County of San Francisco, Crowe LLP). General/transit liability listed as ""Self-insured"" with no excess coverage mentioned; claims paid = general/transit liability rollforward FY2024 ($24,911K).",The SFMTA is self-insured.,ok,2026-10-08,,90015,San Francisco Municipal Transportation Agency (SFMTA),no
,,2025,self_insured,,,,,,,,https://cdn.rtd-denver.com/image/upload/v1782401093/2025_Annual_Comprehensive_Financial_Report_caj0kh.pdf,"Note H Self-Insurance, p. 93 (FY2025 report, year ended Dec 31, 2025; FY2024 report not linked on rtd-denver.com; dollars in thousands; Colorado Governmental Immunity Act caps $424K/person, $1,195K/occurrence; auto liability payments FY2025 $4,302K, FY2024 $5,608K)",The agency does not carry excess liability insurance for personal injury and property damage.,ok,2026-10-08,,80006,Denver Regional Transportation District (RTD),no
,,2024,self_insured,,,,,,,,https://metrocouncil.org/About-Us/Publications-And-Resources/BUDGETS-FINANCE/2024-Annual-Comprehensive-Financial-Report.aspx,"Note V.A Risk management, printed pp. 55-56 (PDF p. 75); parent-government (Metropolitan Council) ACFR; general liability stated as 'either purchases general liability insurance or self-insures' (ambiguous); MN tort cap $500K/claim, $1.5M/occurrence; no excess mentioned; only WC rollforward given",The Council administers a self-funded program for other risks associated with automobile liability and physical damage.,ok,2026-10-08,,50027,"Metro Transit (Minneapolis-St. Paul; a division of the Metropolitan Council, which issues the ACFR)",no
,,2024,self_insured,,,,,,,,https://www.viainfo.net/wp-content/uploads/2025/04/2024-Annual-Comprehensive-Financial-Report.pdf,"Note 11 Risk Management, p. 99-100 (Texas Tort Claims Act limits $100K/person, $300K/occurrence; no excess liability coverage mentioned; rollforward column combines property and casualty with public liability, FY2024 payments $1,022,461 combined)",VIA is self‐insured for public liability claims and maintains a reserve for estimated liabilities to fund such claims.,ok,2026-10-08,,60011,VIA Metropolitan Transit (San Antonio),no
,,2024,self_insured_with_excess,,,,,,,,https://www.sdmts.com/sites/default/files/attachments/2024_san-diego-mts_final-acfr_.pdf,"Note 9 - Risk Management, printed pp. 55-56. Rollforward ($5,400,000 paid in FY2024 row, which the PDF mislabels as a second ""2023"") covers all self-insurance programs (liability plus workers comp), so liability-only not separable.","MTS (including SDTC, SDTI, and MTS – Contracted Services) is self–insured for third party liability claims to a maximum of $7,500,000 per occurrence.",ok,2026-10-08,,90026,San Diego Metropolitan Transit System (MTS),no
,,2024,self_insured_with_excess,,,,,,,,https://metra.com/document/metra-2024-financial-statements-audit-resutlspdf,"Note 6 Retained Risk Programs, printed pp. 29-30 (PDF p. 31); rail liability coverage to the $323M cap (Metra to $15M, RTA $15M-$100M, Metra $100M-$323M) incl. FELA; 2024 payments $35,817K combine injury/damage and FELA so liability-only not separable; audited financial statements, not an ACFR","The Self-Insured Retention (SIR) for the rail liability policies is $7.5 million, the deductible for the separate non-owned auto policy is $50 thousand.",ok,2026-10-08,,50118,Metra (Northeast Illinois Regional Commuter Railroad Corporation),no
,,2024,self_insured,,,,,,,,https://www.rideprt.org/globalassets/our-organization/audits/2024independentauditorreport.pdf,"Note 8 Public Liability, Property Damage, and Workers Compensation Claims, pdf p.44 (printed p.25); Commonwealth-agency tort cap $1,000,000 per occurrence / $250,000 per plaintiff; no claims rollforward, reserve ~$9M at 6/30/2024","As the result of this holding, it has not been necessary for PRT to purchase excess public liability insurance, and it is self-insured for public liability claims.",ok,2026-10-08,,30022,Pittsburgh Regional Transit,no
,,2024,self_insured_with_excess,,,,,,,,https://www.bistatedev.org/wp-content/uploads/2024-ACFR_Bi-State-Development.pdf,"Note 8 Liability, Claims And Litigation, p. 80-81 (excess limit is an annual aggregate; Missouri sovereign immunity caps $505,520/person, $3,370,137/occurrence for CY2024; Injury, Damage and Personal Liabilities claim payments FY2024 $11,642,440)","Annually, Bi-State Development Purchases Excess Liability insurance with an annual aggregate limit of $70.0 million for claims whose value exceeds the maximum of $5.0 million per occurrence covered by the self-insured retention.",ok,2026-10-08,,70006,Bi-State Development Agency (St. Louis Metro),no
,,2024,self_insured_with_excess,,,,,,,,https://www.riderta.com/sites/default/files/ACFR/2024_ACFR.pdf,"Note 13, printed pp. 67-68 (PDF p. 72); not an OTRP member per note; rollforward combines PL/PD/WC/medical (payments $36,653,918) so liability-only not separable","This umbrella liability coverage is in the amount of $100,000,000 per accident in excess of a $5,000,000 self-insured retention.",ok,2026-10-08,,50015,Greater Cleveland Regional Transit Authority,no
,,2024,self_insured_with_excess,,,,,,,,https://www.vta.org/sites/default/files/2024-12/Annual-Comprehensive-Financial-Report-ACRF-FY-2024.pdf,"Note 16 - Claims, Commitments, and Contingencies, printed pp. 2-77 to 2-78; claims rollforward (Liability column, FY2024 payments $4,622K) is in the self-insurance liabilities table on p. 2-76 (Note 15).","For General Liability, VTA is self-insured for $10 million per occurrence.",ok,2026-10-08,,90013,Santa Clara Valley Transportation Authority (VTA),no
,,2024,unknown,,,,,,,,https://www.soundtransit.org/sites/default/files/documents/2024-financial-statement-independent-audit.pdf,"Reclassified from commercial to unclear at merge: note says commercial insurance with ""a specific deductible or self-insured retention"" but discloses no amounts, so commercial vs self_insured_with_excess cannot be settled. 2024 Financial Statements and Independent Auditor's Report (calendar year ended Dec 31, 2024), Note 10 - Other Long-Term Obligations, Risk Management paragraph, printed pp. 46-47. Policies carry ""a specific deductible or self-insured retention"" but no amounts are disclosed and no claims rollforward is given; classification as commercial is a judgment call (could be self_insured_with_excess if the SIR is large). No WSTIP membership mentioned; workers comp insured through the State of Washington.",Sound Transit has established a comprehensive risk management and insurance program to mitigate the potential for loss and for the administration of claims through a combination of commercial insurance and coverage under partner agency operating agreements.,ok,2026-10-08,,00040,Central Puget Sound Regional Transit Authority (Sound Transit),no
,,2024,self_insured_with_excess,,,,,,,,https://www.actransit.org/sites/default/files/2025-10/AC%20Transit-FY24-ACFR%20-%20FINAL.pdf,"Note 15 - Risk Management, printed pp. 49-50 (coverage table: Type / Deductible / Coverage Limit). GL deductible $1,000,000; Auto Liability deductible $2,000,000; both with excess up to $53,000,000. Claims paid = Public Liability column FY2024 ($3,695K).","General Liability $ 1,000,000 $2,000,000 per occurrence with excess up to $53,000,000",ok,2026-10-08,,90014,Alameda-Contra Costa Transit District (AC Transit),no
,,2024,self_insured,,,,,,,,https://octa.net/pdf/ACFR2024.pdf,"Note 10 - Risk Management - Claims Liability, printed pp. 54-55 (internal service funds; amounts in thousands). Claims paid = General Liability payments FY2024 ($469K). No excess liability coverage mentioned.","For fiscal year 2022-23 and fiscal year 2023-24, general liability claims are fully self-insured with an adequate funding reserve as required by the OCTA Board of Directors.",ok,2026-10-08,,90036,Orange County Transportation Authority (OCTA),no
,,2024,self_insured_with_excess,,,,,,,,https://www.sacrt.com/wp-content/uploads/FY-2024-Annual-Comprehensive-Financial-Report.pdf,"Note 12 - Self-Insurance, printed pp. 72-73. Commercial general liability (bus, light rail): self-insured up to $2,000,000 per occurrence, excess $2,000,000 to $100,000,000 ($323,000,000 for light rail Union Pacific corridor). Rollforward ($8,577,297 paid FY2024) combines PLPD and workers comp.",SacRT purchases commercial insurance for claims in excess of self-insured amounts and for all other risks of loss to a stated maximum amount.,ok,2026-10-08,,90019,Sacramento Regional Transit District (SacRT),no
,,2024,self_insured_with_excess,,,,,,,,https://www.phoenix.gov/content/dam/phoenix/financesite/documents/acfr/2024PHXACFRFinalOnlineRS.pdf,"Note 13 Risk Management, PDF p. 116-117 (printed p. 90-91). City-wide ACFR note; transit claims reported in the Transit Special Revenue Fund. Excess liability purchased above SIR, limit not stated. Claims rollforward ($53.4M paid) combines liability and workers comp, so liability-only payments not separable.",The City maintained a self-insured retention of $7.5 million for most public entity liability exposures and a self-insured retention of $10.0 million for transit operations.,ok,2026-10-08,,,"City of Phoenix Public Transit Department (Valley Metro bus operations; City of Phoenix ACFR, Transit Special Revenue Fund)",no
,,2024,commercial,,,,,,,,https://app.fac.gov/dissemination/report/pdf/2024-06-GSAFAC-0000346051,"Note 12 Risk Management, PDF p. 78-79 (printed p. 62-63). PDF is the FY2024 ACFR as filed in the Federal Audit Clearinghouse single-audit package (valleymetro.org is behind a Cloudflare challenge). Transit operations liability is carried by contracted operators, who indemnify the Authority. No claims rollforward.",These risks are covered by commercial insurance purchased from independent third parties.,ok,2026-10-08,,,Valley Metro Regional Public Transportation Authority (RPTA),no
,,2024,unknown,,,,,,,,https://legistar.granicus.com/MilwaukeeCounty/attachments/5ca79b53-88c6-4481-9866-0136be2fbcee.pdf,"Milwaukee County ACFR Note 10, printed p. 148 (PDF p. 152); parent-government ACFR (via Legistar file 25-558; county.milwaukee.gov is Cloudflare-blocked); Transit System excluded from County risk fund and its own $8,822K claims liability is not typed (payments 2024 $3,605K, type unspecified); WI statutory caps $50K GL/$250K auto per claim; MTS Inc. standalone audit not located","All funds of the County, except for the Transit System, participate in the program and make payments to the Risk Management Fund based on actuarial estimates of the amounts needed to pay prior and current year claims and to establish a claims reserve.",ok,2026-10-08,,milwaukee,Milwaukee County Transit System (MCTS; operated by Milwaukee Transport Services Inc. under Milwaukee County),unclear
,,2024,self_insured_with_excess,,,,,,,,https://www.honolulu.gov/bfs/wp-content/uploads/sites/62/2025/01/CC-Honolulu-ACFR-FY2024-PDF-A.pdf,"OTS component-unit note (Reserve for Insurance Claims Payable), PDF p. 153 (printed p. 139): City sponsors an auto and general liability self-insurance program for OTS for claims up to $3.0 million. City-wide Risk Management note PDF p. 156-157 (printed p. 143-144). Claims paid figure is the City-wide Automobile and General Liability column ($18,468K), not transit-specific.","OTS has obtained excess insurance coverage for general liability, automotive claims and workers’ compensation through various insurance companies for amounts in excess of claims covered under the two self-insurance programs.",ok,2026-10-08,,,City and County of Honolulu Department of Transportation Services (TheBus / Oahu Transit Services; City and County of Honolulu ACFR),no
,,2024,self_insured,,,,,,,,https://www.cota.com/wp-content/uploads/2026/02/COTA_ACFR_24_Final.pdf,"Note 8, printed pp. 42-43 (PDF p. 46); note also says COTA 'purchases commercial insurance for ... general liability' with no limits or retention stated, so an excess layer may exist; general liability claims paid 2024 $1,529,924; $18.2M board-designated self-insurance assets","COTA is self-insured for all public liability, personal injury and property damage claims.",ok,2026-10-08,,50016,Central Ohio Transit Authority (COTA),no
,,2024,pool,,Ohio Transit Risk Pool,,,,,,https://ohioauditor.gov/auditsearch/detail.aspx?ReportID=feda3229-80c8-4235-ae5a-fdd7343e4fce,"Note 9, printed pp. 56-57 (PDF p. 62); member deductible $1,000,000 per occurrence within OTRP $2M retention; OTRP reinsurance $10M per occurrence; PL/PD payments 2024 $2,331,986; PDF is the Ohio Auditor of State release of the Crowe-audited ACFR (postback download)","Effective December 1, 2021, the Authority commenced participation in the Ohio Transit Risk Pool (OTRP) related to its public liability insurance.",ok,2026-10-08,,50012,Southwest Ohio Regional Transit Authority (SORTA / Cincinnati Metro),no
,,2024,commercial,,,,,,,,https://app.fac.gov/dissemination/report/pdf/2024-06-GSAFAC-0000064135,"Note 14 Risk Management, PDF p. 82-84 (printed p. 71-73). PDF is the FY2024 ACFR as filed in the Federal Audit Clearinghouse single-audit package (rtcsnv.com returns 403 to non-browser clients). Commercial GL $5M per occurrence with $150K SIR; auto liability $5M with $100K SIR; excess liability $5M. Revenue-vehicle auto liability is carried by the operating contractors. No claims rollforward.","Under the insurance policies with various insurance carriers, the RTC is only responsible to pay the deductibles and co-insurance amounts stipulated in the policies.",ok,2026-10-08,,,Regional Transportation Commission of Southern Nevada (RTC),no
,,2024,commercial,,,,,,,,https://www.capmetro.org/docs/default-source/about-capital-metro-docs/financial-transparency-docs/audit-documents/comprehensive-annual-financial-reports/fy2024-annual-comprehensive-financial-report.pdf?sfvrsn=ed931e05_1,"Note 1 Risk Management, PDF p. 44 (printed p. 25); Note 13 Self-Insurance, PDF p. 75 (printed p. 56) covers only workers comp ($25K SIR) and health/dental. No liability deductible or claims rollforward stated.",Commercial insurance coverage is purchased for claims arising from such matters.,ok,2026-10-08,,,"Capital Metropolitan Transportation Authority (CapMetro, Austin)",no
,,2024,self_insured,,,,,,,,https://detroitmi.gov/sites/detroitmi.localhost/files/2025-01/City%20of%20Detroit%20FY2024%20ACFR%20FINAL-R%20%2012.20.2024.pdf,"City of Detroit ACFR Note 11, printed pp. 108-109 (PDF p. 135); parent-government ACFR, FY ended June 30, 2024; Transportation Fund (DDOT) risk activities are carried in the General Fund so DDOT records no claims liability; rollforward combines WC/legal/disability/general/vehicular so liability-only not separable","The City currently is also self-insured for losses such as workers’ compensation, legal, disability benefits, and vehicular liabilities and does not purchase stop-loss insurance except for workers’ compensation with a $7,000,000 specific retention.",ok,2026-10-08,,50119,"City of Detroit, Detroit Department of Transportation (DDOT; use the City of Detroit ACFR, transportation enterprise fund)",no
,,2024,self_insured_with_excess,,,,,,,,https://www.smartbus.org/Portals/0/FY%202024%20Financial%20Report.pdf,"Note 9, printed pp. 27-28 (PDF p. 29); FY ended June 30, 2024; rollforward combines vehicle/general/WC (payments $8,577,495) so liability-only not separable","In fiscal years 2024 and 2023, SMART was a qualifying self-insurer for vehicle and general liability loss, with a self-retention per occurrence amount of $1 million and excess insurance totaling $10 million per occurrence.",ok,2026-10-08,,50031,Suburban Mobility Authority for Regional Transportation (SMART),no
,,2024,mixed,,,,,,,,https://www.panynj.gov/content/dam/corporate/financial-statements-pdfs/financial-statements-2024.pdf,"Note M Risk Financing Activities, PDF p. 106-109 (printed p. 102-105). PANYNJ-wide note covers PATH. Captive (PAICE) plus commercial public liability program plus self-insured public liability loss reserves; public liability SIR not stated (the $500K PAICE retention is for the construction OCIP). Claims paid = self-insured public liability loss reserve payments 2024 ($13,762K), PANYNJ-wide.","A portion of the insurance under the programs described below is provided by the Port Authority’s captive insurer, PAICE (see “Port Authority Insurance Captive Entity, LLC” in this Section).",ok,2026-10-08,,20098,Port Authority Trans-Hudson Corporation (PATH; Port Authority of New York and New Jersey annual financial report),yes
,,2024,self_insured_with_excess,,,,,,,,https://gohrt.com/wp-content/uploads/2025/10/0__Transportation-District-Commission-of-Hampton-Roads-2024-FINAL.pdf,"Note 13 Self-Insurance, PDF p. 28-29 (printed p. 19-20). Excess insurance purchased above the $1M retention, limit not stated. Rollforward ($836,594 paid) combines general liability and workers comp.","The Commission is self-insured with a retention amount of $1,000,000 of each occurrence.",ok,2026-10-08,,30083,Hampton Roads Transit (Transportation District Commission of Hampton Roads),no
,,2024,self_insured_with_excess,,,,,,,,https://www.charlottenc.gov/files/sharedassets/city/v/1/city-government/departments/documents/finance/publications/2024/cacfr/fiscal-year-2024-annual-comprehensive-financial-report.pdf,"Note (2) Risk Management, PDF p. 138 (printed p. 112; dollar amounts in thousands). City-wide ACFR note; CATS is a city enterprise fund. Excess vehicle/general liability covers claims in excess of $2,000K but less than $22,000K per occurrence; separate City bus liability and passenger railway liability policies are also purchased. RMF rollforward ($25,293K paid) covers all risks, not liability only.","The City has a Risk Management Fund (RMF), an internal service fund, to account for and finance its insured and uninsured risks of loss.",ok,2026-10-08,,40008,Charlotte Area Transit System (CATS; City of Charlotte ACFR),no
,,2024,pool,,Virginia Transit Liability Pool (VTLP),,,,,,https://app.fac.gov/dissemination/report/pdf/2024-06-GSAFAC-0000067008,"Note 9 Accrued Uninsured Accident Claims, PDF p. 31 (printed p. 28). PDF is the FY2024 financial report as filed in the Federal Audit Clearinghouse single-audit package (ridegrtc.com posts no audited statements). pdftotext drops the first sentence, which on the rendered page reads: The Company has joined the Virginia Transit Liability Pool (the Pool). Additional liability insurance purchased for up to $10,000,000 per accident. Claims paid = accrued uninsured accident claims paid FY2024.","Under the Pool, the Company has $20,000,000 liability and excess coverage (with a $325,000 self-insurance retention).",ok,2026-10-08,,30006,Greater Richmond Transit Company (GRTC),no
,,2024,self_insured,,,,,,,,https://www.browardcdn.org/api/public/content/95f7fce4c23b48e6a72c106ed59b701d?v=b946ae2d,"Note 10 Risk Management, PDF p. 71-72 (printed p. 53-54). County-wide ACFR note; Transit is a county enterprise fund. Liability retained up to the s. 768.28 sovereign immunity caps; no excess liability policy listed in Table 21 Insurance in Force (PDF p. 158). Claims paid = General Liability and Other - County line ($3,120K), county-wide not transit-specific.","The County is self-insured for third party liability up to the statutory limits of $200,000 per person and $300,000 per occurrence in accordance with Section 768.28, Florida Statutes.",ok,2026-10-08,,40029,"Broward County Transit (Broward County ACFR, Transit enterprise fund)",no
,,2024,self_insured_with_excess,,Preferred Governmental Insurance Trust (PGIT) writes the $1M general liability layer above a $200K SIR per the unaudited insurance schedule,,,,,,https://www.golynx.com/file/143255/LYNX-ACFR_2025-03-24.pdf,"Note 4 Accrued Self-Insurance Liability, PDF p. 37-38 (printed p. 29-30); sovereign immunity caps $200K per claim / $300K per accident. SIR and excess figures come from the unaudited Risk Management Insurance Policies schedule FY2024, PDF p. 73 (printed p. 63): PGIT General Liability limit $1,000,000, SIR $200,000; auto liability via PGIT with limit shown as N/A. Rollforward ($19.07M paid) combines public liability, workers comp and health.","The Authority has been self-insured since 1986 for personal injury coverage related to its transit coaches, since 1991 for workers compensation coverage and since 2016 for health insurance; all other risks of loss are covered through the purchase of commercial insurance.",ok,2026-10-08,,40035,"Central Florida Regional Transportation Authority (LYNX, Orlando)",no
,,2024,self_insured_with_excess,,,,,,,,https://www.jtafla.com/media/zsoopyof/audit-statement-fy24.pdf,"Note 11 Risk management, PDF p. 43-44 (printed p. 40-41). Stop loss limited to $2 million for automobile and $1 million for personal injury; claims above $200K/$300K subject to Florida sovereign immunity (s. 768.28). Rollforward is the GL/auto self-insurance program only (workers comp commercially insured), so claims paid $1,620,454 is liability-specific.","The Authority is self-insured for general liability and automobile liability and purchases stop loss insurance which caps the Authority’s liability at $300,000 per claim.",ok,2026-10-08,,40040,Jacksonville Transportation Authority (JTA),no
,,2024,self_insured,,,,,,,,https://deldot.gov/Publications/reports/financial_statements_audits/pdfs/2024%20DelDOT%20Audit%20Report.pdf,"Parent source: State of Delaware Department of Transportation audited financial statements FY2024 (DTC is a DelDOT subsidiary; no standalone DTC audit posted); Note 20 Risk Management (b) Auto Insurance, printed pp. 78-79 (pdf pp. 78-80); auto liability retained up to the $1,000,000 sovereign immunity cap with no excess policy; auto claim payments $3,156,329 FY2024",DTC maintains auto insurance coverage through a risk retention strategy.,ok,2026-10-08,,30075,Delaware Transit Corporation (DART First State),no
,,2024,self_insured_with_excess,,,,,,,,https://app.fac.gov/dissemination/report/pdf/2024-06-GSAFAC-0000358416,"Parent government source: Montgomery County, Maryland ACFR FY2024 (FYE 6/30/2024) inside the FAC single-audit package; Note IV.A Risk Management, pdf p. 130; countywide Liability and Property Coverage Self-Insurance Fund (shared with MCPS, HOC, WSTC etc.); retention and excess amounts not stated; claim payments $66,060,691 FY2024 are countywide liability and property, not Ride On-specific",Commercial insurance is purchased for claims in excess of coverage provided by the self-insurance fund and for other risks not covered by the fund.,ok,2026-10-08,,30051,Montgomery County MD Ride On (Division of Transit Services),no
,,2024,self_insured,,,,,,,,https://www.ripta.com/sites/default/files/2025-08/RIPTA-ACFR-2024.pdf,"RIPTA ACFR FY2024 from ripta.com (PDF not saved: host blocks curl with a JS challenge; text extracted in the browser pane with pdf.js); Note 17 Risk Management, printed p. 58 (pdf p. 63) and Note 6 Self-Insurance, printed pp. 39-41 (pdf pp. 44-46); auto liability fully self-insured with no excess layer described (RI tort cap applies); self-insured claims payments $3,832,503 FY2024 combine auto liability and WC",The Authority purchases commercial insurance for property damage and general liability and is self-insured for automobile liability and workers' compensation claims.,ok,2026-10-08,,10001,Rhode Island Public Transit Authority (RIPTA),no
,,2024,self_insured_with_excess,,,,,,,,https://app.fac.gov/dissemination/report/pdf/2024-03-GSAFAC-0000347146,"FAC single-audit package FY2024 (FYE 3/31/2024); Note 10 Commitments and Contingencies - Risk Management / Self-Insured Claims, printed pp. 18-19 (pdf pp. 27-28); general liability rollforward: claim payments $656,600 in FY2024","The Authority assumes liability for personal injury and property damage claims up to $2 million per occurrence and workers’ compensation claims up to $1,000,000 per occurrence.",ok,2026-10-08,,20002,Capital District Transportation Authority,no
,,2024,pool,,Washington State Transit Insurance Pool (WSTIP),,,,,,https://portal.sao.wa.gov/ReportSearch/Home/ViewReportFile?isFinding=false&sp=false&arn=1037775,"WA SAO Financial and Federal audit report FY2024 (CY2024); Note 5 Risk Pool and Insurance, pdf pp. 38-40; liability deductible $0, WSTIP bodily injury & property damage coverage $25 million per occurrence",Community Transit assumes the liability for claims up to the deductible amounts listed in the following table for each type of risk. Risk of claims in excess of the deductible amount has been transferred to WSTIP.,ok,2026-10-08,,00029,Community Transit (Snohomish County PTBA),no
,,2024,self_insured_with_excess,,,,,,,,https://app.fac.gov/dissemination/report/pdf/2024-03-GSAFAC-0000052220,"FAC single-audit package FY2024 (FYE 3/31/2024), NFTA consolidated (Metro is a subsidiary); Note 2(j) and Note 9(b) Self-Insured Claims, pdf pp. 23 and 40; liability-specific retention not separately stated; claims rollforward ($7,127K paid) covers all self-insured risks incl. WC","The Authority has excess insurance from commercial carriers to cover claims in excess of $1,250,000 per occurrence for workers compensation claims and limits ranging from $50,000 to $5,000,000 depending on the type of claim for other self-insured claims.",ok,2026-10-08,,20004,Niagara Frontier Transportation Authority (NFTA Metro),no
,,2024,pool,,Washington State Transit Insurance Pool (WSTIP),,,,,,https://portal.sao.wa.gov/ReportSearch/Home/ViewReportFile?isFinding=false&sp=false&arn=1037770,"WA SAO Financial and Federal audit report FY2024 (CY2024); Note 8 Risk Management, pdf pp. 54-57; general liability bodily injury & property damage $25 million per occurrence, $0 deductible; the FY2024 PDF's note font has a broken ToUnicode map (pdftotext garbles it), decoded via the FY2023 SAO report arn 1035191 where the quoted sentence appears verbatim",STA assumes the liability for claims up to the deductible amounts listed below for each type of risk. Risk of claims in excess of the deductible amount have been transferred to the Washington State Transit Insurance Pool.,ok,2026-10-08,,00002,Spokane Transit Authority,no
,,2024,unknown,,,,,,,,https://osc.ct.gov/wp-content/uploads/2025/03/State-of-Connecticut-ACFR-FY-24-3-26-25.pdf,"Parent government source: State of Connecticut ACFR FY2024 (CTtransit is state-owned and operated under CTDOT service contracts; no separate CTtransit audit located); Note 18 Risk Management, printed p. 98 (pdf p. 98); the note is statewide and does not describe bus-operation liability financing, so the CTtransit structure is unclear from this source (highest state SIR cited is $25.0 million on a railroad liability policy)","For the general liability risk, the State is self-insured because it has sovereign immunity.",ok,2026-10-08,,10048,CTtransit Hartford (CTDOT),unclear
,,2023,commercial,,,,,,,,https://calvans.gov/wp-content/uploads/cv_pubpdfs/8658/ATTACHMENT%206-1.%20%20FY%2022-23%20Agency%20Financial%20Statements.pdf,"CalVans audited financial statements FY2023 (board agenda attachment 6-1, Sept 2024 meeting; FY2024 statements not posted; PDF not saved: calvans.gov blocks curl, text extracted in the browser pane with pdf.js); Note 11 Risk Management Liability, printed p. 22 (pdf p. 28); general liability $2,000,000, commercial auto $1,000,000, umbrella $1,000,000; deductibles not stated",CalVans is insured with commercial carriers.,ok,2026-10-08,,90230,CalVans (California Vanpool Authority),no
,,2024,self_insured_with_excess,,,,,,,,https://app.fac.gov/dissemination/report/pdf/2024-09-GSAFAC-0000364106,"FAC single-audit package FY2024 (FYE 9/30/2024), contains the ACFR; Note 8 Risk Management, printed pp. 46-47 (pdf pp. 50-51); excess liability $2,000,000 per occurrence; general liability claim payments $283,254 in FY2024 (FY2023: $1,421,993)","The Authority maintains self-insured programs for damage to vehicles and general liability claims for amounts up to $200,000 and workers’ compensation claims for amounts up to $250,000.",ok,2026-10-08,,40027,Pinellas Suncoast Transit Authority,no
,,2024,self_insured_with_excess,,,,,,,,https://app.fac.gov/dissemination/report/pdf/2024-06-GSAFAC-0000064510,"FAC single-audit package FY2024 (FYE 6/30/2024); Note G Self-Insurance, printed pp. 44-45 (pdf pp. 47-48); accident losses above $100,000 per revenue vehicle covered by an insurance program with unstated annual/aggregate limits; no liability claims rollforward (only medical)","MTA is self-insured up to $100,000 for all losses relating to the operation of any revenue vehicle.",ok,2026-10-08,,40004,WeGo Public Transit (Nashville Metropolitan Transit Authority),no
,,2024,self_insured,,,,,,,,https://app.fac.gov/dissemination/report/pdf/2024-09-GSAFAC-0000358795,"FAC single-audit package FY2024 (FYE 9/30/2024), contains the ACFR; Note 9 Self Insurance and Loss Contingencies, Section II pp. 54-55 (pdf pp. 74-75); general liability exposure capped by Florida sovereign immunity ($200,000 per person / $300,000 per occurrence); no excess liability policy mentioned; total claims liability $5,800,435 all programs","During 1987, the Authority established a self-insurance program for general liability claims.",ok,2026-10-08,,40041,Hillsborough Area Regional Transit Authority (HART),no
,,2024,self_insured,,,,,,,,https://app.fac.gov/dissemination/report/pdf/2024-12-GSAFAC-0000367121,"FAC single-audit package FY2024 (CY2024); Note 5 Risk Management, printed p. 42 (pdf p. 48) plus Note 1 risk paragraph (pdf p. 38); self-insured for personal injury/property damage and WC without limitation; no excess liability coverage described; claims rollforward ($4,693,568 paid) combines all self-insured risks","During 1986, IPTC’s Board of Directors approved the establishment of a nonreverting fund (Liability Reserve Account) for payment of personal injury and property damage claims in excess of $100,000.",ok,2026-10-08,,50050,IndyGo (Indianapolis Public Transportation Corporation),no
,,2024,pool,,Washington State Transit Insurance Pool (WSTIP),,,,,,https://portal.sao.wa.gov/ReportSearch/Home/ViewReportFile?isFinding=false&sp=false&arn=1038075,"WA SAO Financial and Federal audit report FY2024 (CY2024); Note 12 Risk Pool and Insurance, pdf pp. 61-63; WSTIP bodily injury & property damage coverage $25 million per occurrence; Pierce self-insures workers comp and unemployment (not liability)","Pierce Transit has a $5,000 deductible for public official’s liability coverage and has no deductible for general and auto liability risks covered by WSTIP.",ok,2026-10-08,,00003,Pierce Transit (Pierce County PTBA),no
,,2024,self_insured_with_excess,,,,,,,,https://app.fac.gov/dissemination/report/pdf/2024-09-GSAFAC-0000359446,"FAC single-audit package FY2024 (FYE 9/30/2024); Note 7 Risk Management, printed p. 33 (pdf p. 37); retention and excess limits not stated; claims rollforward ($866,075 paid FY2024) combines auto/general liability and WC","The Authority is self-insured for automobile liability, general liability, and workers' compensation. The Authority purchases excess of loss reinsurances to protect the Authority in the event of catastrophic losses on either a single occurrence or an annual aggregate basis.",ok,2026-10-08,,50032,Mass Transportation Authority (MTA Flint),no
,,2023,self_insured_with_excess,,,,,,,,https://app.fac.gov/dissemination/report/pdf/2023-12-GSAFAC-0000064046,"FAC single-audit package FY2023 (CY2023; FY2024 not on FAC as of 2026-10); Note 10 Self Insurance and Legal Claims, printed pp. 46-47 (pdf pp. 48-49); SIR and excess vary by date of loss (current layer read as $2,000,000 SIR / $25,000,000 excess); legal and small claims payments $3,503,738 in 2023","The RTA is self-insured for general liability claims up to between $500,000 and $2,000,000 depending on the date of occurrence of the claim. Commercial insurance covers annual claims in excess of up to between $5,000,000 and $25,000,000 depending on the date of occurrence of the claim.",ok,2026-10-08,,60032,New Orleans Regional Transit Authority,no
,,2024,self_insured_with_excess,,,,,,,,https://app.fac.gov/dissemination/report/pdf/2024-03-GSAFAC-0000050369,"FAC single-audit package FY2024 (FYE 3/31/2024); Note 7 Self-Insurance, printed pp. 40-41 (pdf pp. 42-43); litigated and unlitigated claims reserve: payments/recoupments $1,124,596 in FY2024","The Authority maintains aggregate automobile liability insurance coverage of $15,000,000, including the first $1,500,000 per incident for which the Authority is self-insured.",ok,2026-10-08,,20113,Regional Transit Service (Rochester-Genesee Regional Transportation Authority),no
,,2024,self_insured,,,,,,,,https://app.fac.gov/dissemination/report/pdf/2024-09-GSAFAC-0000372853,"Parent government source: Palm Beach County ACFR FY2024 inside the FAC single-audit package; Note 11 Risk Management - Property and Liability, printed pp. 79-80 (pdf pp. 110-111); County generally self-insures property/liability to $500,000 with insurance above, Palm Tran liability self-insured to $300,000 (equals the Florida sovereign immunity cap, F.S. 768.28); claims rollforward ($4,476,398 paid) is countywide property and liability, not Palm Tran-specific","Liability claims against Palm Tran are exceptions to the forgoing and are self-insured up to $300,000.",ok,2026-10-08,,40037,Palm Tran (Palm Beach County),no
,,2024,pool,,Washington State Transit Insurance Pool (WSTIP),,,,,,https://portal.sao.wa.gov/ReportSearch/Home/ViewReportFile?isFinding=false&sp=false&arn=1038120,"WA SAO Financial and Federal audit report FY2024 (CY2024); Note 9 Risk Management, pdf pp. 48-51; WSTIP bodily injury & property damage coverage $25 million per occurrence","BFT has a $5,000 deductible for public official’s liability coverage and has no deductible for general and auto liability risks covered by WSTIP.",ok,2026-10-08,,00018,Ben Franklin Transit,no
,,2024,pool,,Ohio Transit Risk Pool (OTRP),,,,,,https://app.fac.gov/dissemination/report/pdf/2024-12-GSAFAC-0000371090,"FAC single-audit package FY2024 (CY2024); Note 9 Risk Management, printed pp. 37-38 (pdf pp. 39-40); OTRP per-occurrence retention for liability claims $2,000,000 (pool-level, member charged a deductible), OTRP reinsurance $10,000,000 per occurrence for casualty; claims rollforward ($10,980,577 paid) is combined WC/medical, not liability-specific","Effective December 1, 2021, the Authority commenced participation in the Ohio Transit Risk Pool (OTRP) related to its risk of property and casualty loss.",ok,2026-10-08,,50017,Greater Dayton Regional Transit Authority,no
,,2024,pool,,Washington State Transit Insurance Pool (WSTIP),,,,,,https://portal.sao.wa.gov/ReportSearch/Home/ViewReportFile?isFinding=false&sp=false&arn=1037885,"WA SAO Financial and Federal audit report FY2024 (CY2024); Note 8 Risk Management, pdf pp. 56-61; coverage summary table on pdf pp. 59-60 is an image (no text layer), so the liability limit is not captured","Intercity Transit has a $5,000 deductible for public official’s liability coverage and has no deductible for general and auto liability risks covered by WSTIP.",ok,2026-10-08,,00019,Intercity Transit (Thurston County PTBA),no
,,2024,self_insured_with_excess,,,,,,,,https://app.fac.gov/dissemination/report/pdf/2024-06-GSAFAC-0000349251,"FAC single-audit package FY2024 (FYE 6/30/2024), contains the ACFR; Note 6 Estimated Liability for Insurance Claims, printed pp. 32-33 (pdf pp. 70-71); statistical-section Schedule of Insurance Coverage (pdf pp. 120-121): public entity liability $5,000,000 excess of $3,000,000 SIR (Princeton Excess) plus $5,000,000 excess of $5,000,000 excess of $3,000,000 SIR (Allied World), i.e. $10,000,000 above the SIR; PL/PD payouts $808,680 FY2024","Under its insurance programs, the Agency retains the risk for each occurrence of personal liability and property damage (PL/PD) claimed up to $3 million.",ok,2026-10-08,,90023,Long Beach Transit (Long Beach Public Transportation Company),no
,,2024,self_insured_with_excess,,Louisville Area Governmental Self-Insurance Trust (excess layer only),,,,,,https://app.fac.gov/dissemination/report/pdf/2024-06-GSAFAC-0000066223,"FAC single-audit package FY2024 (FYE 6/30/2024); Note on Self-Insurance, printed p. 19 (pdf p. 21); excess liability coverage through the Louisville Area Governmental Self-Insurance Trust above TARC's deductible, limited by Trust assets; uninsured liability claim payments $1,673,966 FY2024; deductible amounts not stated",TARC is self-insured for workers' compensation and liability claims up to varying deductible amounts per occurrence for workers' compensation and liability claims.,ok,2026-10-08,,40018,Transit Authority of River City (TARC),no
,,2024,self_insured,,Texas Municipal League Intergovernmental Risk Pool (E&O and property only); rail liability pooled program with two other authorities,,,,,,https://app.fac.gov/dissemination/report/pdf/2024-09-GSAFAC-0000355927,"FAC single-audit package FY2024 (FYE 9/30/2024); Risk Management note, pdf pp. 27-28; bus vehicle/general liability fully self-insured with no excess layer described (Texas Tort Claims Act caps apply but are not cited); TMLIRP covers E&O and property; rail liability pooled program $323 million; vehicle and general liability claim payments $242,044 FY2024","The Authority is fully self-insured for vehicle and general liability damage claims and for the first $750,000 of any workers’ compensation claims and carries excess workers’ compensation insurance for claims that exceed $750,000 per claim up to the statutory limit.",ok,2026-10-08,,60007,Trinity Metro (Fort Worth Transportation Authority),no
,,2024,pool,,CalTIP (Association of California Public Transit Operators Joint Powers Insurance Authority),,,,,,https://app.fac.gov/dissemination/report/pdf/2024-06-GSAFAC-0000352492,"FAC single-audit package FY2024 (FYE 6/30/2024); Note 8 Risk Management and Self-Insurance Program, printed pp. 38-39 (pdf pp. 67-68); the $10,000,000 is stated as Omnitrans' self-insured layer within the CalTIP liability program (reads as the pooled layer; Omnitrans' own member retention is not separately stated); claims rollforward $2,607,328 paid FY2024 covers the fund's casualty/liability claims","Omnitrans is self-insured up to $10,000,000 per occurrence and has purchased re-insurance and excess insurance coverage.",ok,2026-10-08,,90029,Omnitrans,no
,,2024,self_insured_with_excess,,,,,,,,https://app.fac.gov/dissemination/report/pdf/2024-12-GSAFAC-0000374731,"FAC single-audit package FY2024 (CY2024); Note 9 Risk Management, printed pp. 57-58 (pdf pp. 59-60); umbrella policy above the retentions, limit not stated; commercial insurance for general liability; claims rollforward ($15,864,908 paid 2024) combines WC, vehicular liability and other self-insured claims","According to the Authority’s risk management program, it retains up to $600,000 per occurrence ($1,500,000 aggregate retention) for workers’ compensation and $2,000,000 per occurrence for vehicular liability.",ok,2026-10-08,,70005,Kansas City Area Transportation Authority,no
,,2024,pool,,Washington State Transit Insurance Pool (WSTIP),,,,,,https://portal.sao.wa.gov/ReportSearch/Home/ViewReportFile?isFinding=false&sp=false&arn=1037618,"WA SAO Financial and Federal audit report FY2024 (CY2024); Note 6 Risk Management, pdf pp. 46-48; WSTIP bodily injury & property damage coverage $25 million per occurrence","Clark County PTBA has a $5,000 deductible for public official’s liability coverage and has no deductible for general and auto liability risks covered by WSTIP.",ok,2026-10-08,,00024,C-TRAN (Clark County PTBA),no
,,2024,pool,,Ohio Transit Risk Pool (OTRP),,,,,,https://app.fac.gov/dissemination/report/pdf/2024-12-GSAFAC-0000373191,"FAC single-audit package FY2024 (CY2024); Note 8 Risk Management, pdf p. 76; member deductible $5,000 per liability claim, OTRP pool retention $2,000,000 per occurrence, limit $10,000,000 per occurrence; METRO contribution share 13.54%","For Auto Liability, General Liability, E&O and EBL the pool provided $10,000,000 per occurrence. For each of these lines the pool retained $2,000,000 per occurrence. METRO’s deductible for all liability claims was $5,000 for 2024.",ok,2026-10-08,,50010,METRO Regional Transit Authority (Akron),no
,,2023,self_insured_with_excess,,,,,,,,https://app.fac.gov/dissemination/report/pdf/2023-06-GSAFAC-0000034057,"Parent government source: City of Fresno ACFR FY2023 (FYE 6/30/2023) inside the FAC single-audit package (FY2024 not on FAC as of 2026-10); Note 10 Risk Management Fund, pdf p. 158; citywide program, not FAX-specific; no liability-only claims rollforward in the note","The City maintains General Liability insurance, with limits of liability of $25 million per occurrence and $25 million aggregate in Excess Liability coverage. There is a $5 million self-insured retention (SIR).",ok,2026-10-08,,90027,Fresno Area Express (City of Fresno),no
,,2023,pool,,Transit Mutual Insurance Corporation of Wisconsin (TMI),,,,,,https://app.fac.gov/dissemination/report/pdf/2023-12-GSAFAC-0000058371,"Parent government source: City of Madison ACFR FY2023 inside the FAC single-audit package (FY2024 not on FAC as of 2026-10); Note IV.B Risk Management - Public Entity Risk Pool, printed pp. 176-178 (pdf pp. 185-187); transit auto liability policy $250,000 per person / $7,000,000 per accident (TMI insures $2,000,000, reinsures $5,000,000); no member retention stated; City's share of TMI 33.93%",The City insures its transit systems' auto liability with TMI and is an owner of the corporation.,ok,2026-10-08,,50005,City of Madison Metro Transit,no
,,2024,self_insured_with_excess,,,,,,,,https://app.fac.gov/dissemination/report/pdf/2024-06-GSAFAC-0000350054,"Parent government source: City of Albuquerque ACFR FY2024 inside the FAC single-audit package; Note N Risk management, pdf pp. 115-116; citywide Risk Management Fund retention $1.05 million per tort liability claim with insurance and/or actuarially reviewed retention above; claims rollforward ($22,836,826 liquidated) is citywide all programs, not transit-specific","Under this program, the fund provides coverage for up to a maximum of $2.0 million for public safety employees, and $1.5 million for all other employees for each workers’ compensation incident, $1.05 million for each tort liability claim, and $50,000 for each City real and contents damage claim.",ok,2026-10-08,,60019,ABQ RIDE (City of Albuquerque Transit Department),no
,,2024,self_insured_with_excess,,,,,,,,https://app.fac.gov/dissemination/report/pdf/2024-06-GSAFAC-0000377397,"FAC single-audit package FY2024 (FYE 6/30/2024), MATA standalone statements (not the City of Memphis ACFR); Note 6 Risk Management (pdf p. 29) and Note 9 Insurance Risk (pdf p. 42); retention described only as 'a fairly high self-insured retention', no dollar amounts; no liability claims rollforward",MATA is also self-insured for property damage and personal liability claims up to specified limits under excess insurance coverage.,ok,2026-10-08,,40003,Memphis Area Transit Authority,no
,,2024,mixed,,Texas Municipal League Intergovernmental Risk Pool (auto vehicle coverage),,,,,,https://app.fac.gov/dissemination/report/pdf/2024-08-GSAFAC-0000356237,"Parent government source: City of El Paso ACFR FY2024 (FYE 8/31/2024) inside the FAC single-audit package; Note 10.B Property, Casualty & Liability, Self-Insurance, and Bonds, printed p. 83 (pdf p. 135); transit fleet and liability (incl. streetcar) carried under third-party insurance while the City self-insures most general liability with a self-insurance retention; retention amounts not stated; claims rollforward is citywide WC/health","The third-party property insurance includes fine arts, building replacement, boiler and machinery, aircraft hull and liability, marine hull and liability, mass transit fleet and liability including railcar, and railroad property and liability.",ok,2026-10-08,,60006,Sun Metro (City of El Paso),no
,,2024,commercial,,,,,,,,https://app.fac.gov/dissemination/report/pdf/2024-09-GSAFAC-0000351684,"FAC single-audit package FY2024 (FYE 9/30/2024); Note 5 Risk Management, printed pp. 33-34 (pdf pp. 34-35); left the Michigan Transit Pool 12/1/2009; primary $5,000,000 plus excess $5,000,000 per occurrence; $50,000 deductible","ITP currently purchases commercial insurance for property and liability with coverage of $5,000,000 per occurrence with a $50,000 deductible and has excess coverage for an additional $5,000,000.",ok,2026-10-08,,50033,The Rapid (Interurban Transit Partnership),no
,,2024,self_insured_with_excess,,,,,,,,https://app.fac.gov/dissemination/report/pdf/2024-06-GSAFAC-0000061312,"FAC single-audit package FY2024 (FYE 6/30/2024); Note 6 Insurance, printed pp. 28-29 (pdf pp. 31-32); stand-alone commercial policies above the SIR (general liability $1,000,000, vehicle liability $1,250,000 per claim); liability claim payments $529,129 FY2024","Beginning July 1, 2020, the SIR limit is $1,000,000 per claim for general liability and $1,250,000 per claim for vehicle related liability. The total coverage limit per claim is $25,000,000.",ok,2026-10-08,,90031,Riverside Transit Agency,no
,,2023,self_insured_with_excess,,,,,,,,https://app.fac.gov/dissemination/report/pdf/2023-09-GSAFAC-0000031343,"Parent government source: Lee County ACFR FY2023 (FYE 9/30/2023) inside the FAC single-audit package (FY2024 not on FAC as of 2026-10); Note IX Risk Management, printed p. 99 (pdf p. 107); countywide Self-Insured Retention program with annual loss fund limits, dollar retention not stated; countywide general liability claim payments $3,808 thousand FY2023 (not LeeTran-specific)",The County purchases commercial insurance for claims in excess of coverage provided by the fund and for all other risks of loss.,ok,2026-10-08,,40028,LeeTran (Lee County),no
,,2024,self_insured,,,,,,,,https://app.fac.gov/dissemination/report/pdf/2024-03-GSAFAC-0000050145,"FAC single-audit package FY2024 (FYE 3/31/2024); Note 6 Estimated Claims Payable and Self-Insurance Reserve, pdf p. 32; auto liability retention $1,500,000 and general liability $1,000,000 per occurrence; excess coverage above these not described in the note; claims rollforward ($9,559,925 paid) combines liability and self-insured health","The Authority is self-insured for individual, personal injury and property damage claims up to $1,500,000 for automobile liability and $1,000,000 for general liability for any one occurrence.",ok,2026-10-08,,20018,Centro (Central New York Regional Transportation Authority),no
,,2024,pool,,Washington State Transit Insurance Pool (WSTIP),,,,,,https://portal.sao.wa.gov/ReportSearch/Home/ViewReportFile?isFinding=false&sp=false&arn=1038207,"WA SAO Financial and Federal audit report FY2024 (CY2024); Note 5 Risk Management, pdf pp. 51-53; bus comprehensive liability $25,000,000/occurrence with pool SIR $1,500,000 and no agency deductible; passenger-ferry liability is commercially insured (P&I $1 billion, $50,000 deductible)","WSTIP pools its member’s premium contributions to purchase insurance and self-insure against property and liability losses and jointly contract to provide risk management, claims handling and administrative services.",ok,2026-10-08,,00020,Kitsap Transit (Kitsap County PTBA),no
,,2024,unknown,,,,,,,,https://osc.ct.gov/wp-content/uploads/2025/03/State-of-Connecticut-ACFR-FY-24-3-26-25.pdf,"Parent government source: State of Connecticut ACFR FY2024 (CTtransit is state-owned and operated under CTDOT service contracts; no separate CTtransit audit located); Note 18 Risk Management, printed p. 98 (pdf p. 98); the note is statewide and does not describe bus-operation liability financing, so the CTtransit structure is unclear from this source (highest state SIR cited is $25.0 million on a railroad liability policy)","For the general liability risk, the State is self-insured because it has sovereign immunity.",ok,2026-10-08,,10055,CTtransit New Haven (CTDOT),unclear
,,2024,self_insured_with_excess,,,,,,,,https://app.fac.gov/dissemination/report/pdf/2024-12-GSAFAC-0000374990,"FAC single-audit package FY2024 (CY2024), DRPA combined statements (PATCO is a component); Note 14 Contingencies, printed pp. 71-72 (pdf pp. 75-76); claims and judgments payments $1,102 thousand in 2024 (DRPA-wide public liability, dollars in thousands)","Public liability claim exposures are self-insured by the Authority within its self-insured retention limit of $5 million for each occurrence, after which, exists a claims-made excess liability policy with a limit of $25 million per occurrence, and in the aggregate",ok,2026-10-08,,20075,PATCO (Delaware River Port Authority),no
,,2024,self_insured_with_excess,,,,,,,,https://app.fac.gov/dissemination/report/pdf/2024-12-GSAFAC-0000367171,"FAC single-audit package FY2024 (CY2024); Note 8 Risk Management, printed pp. 44-45 (pdf pp. 46-47); public transportation liability retention $500,000 per occurrence, $5,000,000 excess; Nebraska Political Subdivisions Tort Claims Act caps $1,000,000 per person / $5,000,000 per occurrence; claims rollforward ($9,664,913 paid) combines WC, property, liability and health","Public transportation above self-insured limits is covered by a policy which provides $5,000,000 limits above the Transit Authority's retention of $500,000 per occurrence.",ok,2026-10-08,,70002,Metro Transit (Regional Metropolitan Transit Authority of Omaha),no
,,2024,pool,,Iowa Communities Assurance Pool (ICAP),,,,,,https://app.fac.gov/dissemination/report/pdf/2024-06-GSAFAC-0000351270,"FAC single-audit package FY2024 (FYE 6/30/2024); Note 9 Risk Management, printed pp. 32-33 (pdf pp. 37-38); DART joined ICAP in FY2016 (previously self-insured); deductible amounts and limits not stated; general liability reserve $256,040 at 6/30/2024","Specifically, risk coverage provided by ICAP for its members include auto liability, general liability, law enforcement liability, public official's liability, excess liability, vehicles, property, equipment breakdown and crime.",ok,2026-10-08,,70010,DART (Des Moines Area Regional Transit Authority),no
,,2024,unknown,,,,,,,,https://app.fac.gov/dissemination/report/pdf/2024-09-GSAFAC-0000358602,"FAC single-audit package FY2024 (FYE 9/30/2024); Note 5 Risk Management (pdf p. 26) describes only the workers' compensation program (excess above $500,000 per claim); liability financing is not described beyond the vehicle-liability reserve sentence in Note 9 Contingent Liabilities (pdf p. 37); the 'Casualty and liability costs' line in the supplementary schedule is $1,253,491","A provision for vehicle claims that existed at September 30, 2024 is recorded as a reserve for vehicle liability claims, as estimated by management, on the statement of net position.",ok,2026-10-08,,50036,"CATA (Capital Area Transportation Authority, Lansing)",unclear
,,2024,pool,,"SAFTI Property & Liability Pool (State Association for Transportation Insurance, PA)",,,,,,https://app.fac.gov/dissemination/report/pdf/2024-06-GSAFAC-0000065275,"FAC single-audit package FY2024 (FYE 6/30/2024), SRTA statements (sister entity Central Pennsylvania Transportation Authority files separately, 2024-06-GSAFAC-0000064982); Note 15 Risk Management, pdf p. 26; SAFTI P&L pool premiums $557,579 FY2024; no member retention or limits stated","The Authority pays annual premiums to the SAFTI Property & Liability Pool for its property, general liability, automobile liability, automobile physical damage, crime and boiler and machinery, and public officials' errors and omissions insurance coverage.",ok,2026-10-08,,30206,rabbittransit (Susquehanna Regional Transportation Authority),no
,,2024,self_insured_with_excess,,,,,,,,https://app.fac.gov/dissemination/report/pdf/2024-06-GSAFAC-0000350651,"FAC single-audit package FY2024 (FYE 6/30/2024), contains the ACFR; Note 11 Risk Management, printed pp. 53-54 (pdf pp. 87-88); table (in thousands): General Liability and Auto Liability SIR $3,000 per occurrence, excess $99,000 per occurrence/annual aggregate; claims rollforward ($4,901K paid) combines public liability, property damage and WC","The District is self-insured for a portion of its public liability, property damage and workers’ compensation liability.",ok,2026-10-08,,90009,SamTrans (San Mateo County Transit District),no
,,2024,pool,,Ohio Transit Risk Pool (OTRP),,,,,,https://app.fac.gov/dissemination/report/pdf/2024-12-GSAFAC-0000373087,"FAC single-audit package FY2024 (CY2024); Note 9 Risk Management, printed pp. 42-43 (pdf pp. 62-63); Laketran deductible $1,000 per claim, OTRP pool retention $2,000,000, limit $10,000,000 per occurrence","The following coverages were also provided: auto/transit liability, general liability, E&O, and EBL $10,000,000. These limits are per occurrence no aggregate limits apply. For each of these lines the pool retained $2,000,000.",ok,2026-10-08,,50117,Laketran,no
,,2024,pool,,CalTIP (California Transit Systems Joint Powers Authority),,,,,,https://app.fac.gov/dissemination/report/pdf/2024-06-GSAFAC-0000064061,"FAC single-audit package FY2024 (FYE 6/30/2024); Note 12 Risk Management, printed pp. 28-29 (pdf pp. 30-31); CalTIP layer $250,000-$10,000,000, CalTIP-purchased excess to $15 million per occurrence","The District is self-insured for public liability and property damage up to $250,000 per occurrence.",ok,2026-10-08,,90004,Golden Empire Transit District,no
,,2024,self_insured_with_excess,,Authority for California Cities Excess Liability (ACCEL) - excess layer only,,,,,,https://app.fac.gov/dissemination/report/pdf/2024-06-GSAFAC-0000362106,"Parent government source: City of Santa Monica ACFR FY2024 (FYE 6/30/2024) inside the FAC single-audit package; Note 9 Self-Insurance, printed pp. 58-59 (pdf pp. 104-105); the City keeps a separate Self-Insurance Bus Liability internal service fund; the claims rollforward table on printed p. 59 is an image with no text layer","The City retains self-insurance up to $1,000,000 for general liability, automobile liability, and bus operations liability.",ok,2026-10-08,,90008,Big Blue Bus (City of Santa Monica),no
,,2024,self_insured_with_excess,,,,,,,,https://www.okc.gov/files/assets/city/v/1/finance/documents/afrs/copta-afrs/cotpa-final-web-2024.pdf,"COTPA standalone Annual Financial Report FY2024 posted on okc.gov (PDF not saved: host blocks curl; text extracted in the browser pane with pdf.js); Note I.D.13 Risk Management, printed p. 27 (pdf p. 35); above the $75,000 retention, liability is carried through the City of Oklahoma City Risk Management Fund / Oklahoma City Municipal Facilities Authority, which assumes the risk of loss (city-level program, not commercial excess); no claims rollforward in the note","The Authority is self-insured for liability related to accidents involving their transportation equipment up to $75,000 per incident.",ok,2026-10-08,,60017,EMBARK (Central Oklahoma Transportation and Parking Authority),no
,,2024,unknown,,,,,,,,https://www.cityoftulsa.org/media/26838/2024-ac-financial-report.pdf,"Parent government source only: City of Tulsa ACFR FY2024 (FYE 6/30/2024), Note 8 Risk Management, printed p. 84 (pdf p. 84), which covers the primary government and does not describe MTTA (a discretely presented public-trust component unit); MTTA's own audited statements were not located (tulsatransit.org and metrolinktulsa.org unreachable; no FAC record under Metropolitan Tulsa Transit Authority)",The City purchases commercial insurance for general liability and property damage as well as employee health and dental.,note_not_found,2026-10-08,,60018,Tulsa Transit (Metropolitan Tulsa Transit Authority),unclear
,,2024,pool,,"SAFTI Property & Liability Pool (State Association for Transportation Insurance, PA)",,,,,,https://app.fac.gov/dissemination/report/pdf/2024-06-GSAFAC-0000065632,"FAC single-audit package FY2024 (FYE 6/30/2024); Note 16 Risk Management, pdf p. 46; no member retention or limits stated","The Authority pays annual premiums to the SAFTI Property & Liability Pool for its property; general liability; automobile liability; automobile physical damage; crime, boiler, and machinery; and public officials' errors and omissions insurance coverage.",ok,2026-10-08,,30202,South Central Transit Authority (PA),no
,,2024,self_insured_with_excess,,,,,,,,https://app.fac.gov/dissemination/report/pdf/2024-09-GSAFAC-0000360955,"Parent government source: County of Volusia ACFR FY2024 inside the FAC single-audit package; Note on Self-Insurance Programs - Insurance Fund, pdf p. 193; countywide SIR $500,000 per liability claim, primary excess $2,000,000 per occurrence per line plus secondary excess $3,000,000 per occurrence ($5,000,000 combined); not Votran-specific","The County has secured commercial insurance to cover specific claims for workers’ compensation and general, automobile, law enforcement and public official liability claims for incidents that exceed the self-insured retention.",ok,2026-10-08,,40032,VOTRAN (Volusia County),no
,,2024,pool,,"SAFTI Property & Liability Pool (State Association for Transportation Insurance, PA)",,,,,,https://app.fac.gov/dissemination/report/pdf/2024-06-GSAFAC-0000067597,"FAC single-audit package FY2024 (FYE 6/30/2024); Note 17 Risk Management, printed pp. 35-36 (pdf pp. 38-39); SAFTI P&L pool premiums $813,524 FY2024; no member retention or limits stated","The Authority pays annual premiums to the SAFTI Property & Liability Pool for its property; general liability; automobile liability; automobile physical damage; crime, boiler, and machinery; and public officials' errors and omissions insurance coverage.",ok,2026-10-08,,30010,LANTA (Lehigh and Northampton Transportation Authority),no
