# self-insurance-cost — gizmowarehouse.org — snapshot 2026-10-08 — license CC-BY-4.0 — sources: NY State Comptroller local government financial data; FTA National Transit Database; audited financial statements (GASB 10 notes) — questions: joe@group17a.com
ntd_id,agency,city,state,organization_type,fy,cl_expense,total_opex,vrm,upt,modes,primary_uza_population,uza_name,cl_share,cl_per_vrm,cl_per_1k_upt,structure,label_source,cap_type,cap_per_occurrence
00001,"King County Department of Metro Transit, dba: King County Metro",Seattle,WA,"City, County or Local Government Unit or Department of Transportation",2022,28631220.0,768680196.0,37189845,65299327,"FB,MB,SR,TB,VP",3544011.0,"Seattle--Tacoma, WA",0.0372,0.7699,438.4612,self_insured_with_excess,document,none,
00001,"King County, dba: King County Metro",Seattle,WA,"City, County or Local Government Unit or Department of Transportation",2023,27099780.0,835433741.0,39086276,77252802,"FB,MB,SR,TB,VP",3544011.0,"Seattle--Tacoma, WA",0.0324,0.6933,350.7935,self_insured_with_excess,document,none,
00001,"King County, dba: King County Metro",Seattle,WA,"City, County or Local Government Unit or Department of Transportation",2024,27025556.0,888267094.0,41355329,86667384,"FB,MB,SR,TB,VP",3544011.0,"Seattle--Tacoma, WA",0.0304,0.6535,311.8308,self_insured_with_excess,document,none,
00002,Spokane Transit Authority,Spokane,WA,Independent Public Agency or Authority of Transit Service,2022,1868058.0,87937977.0,8464998,6853299,"DR,MB,VP",447279.0,"Spokane, WA",0.0212,0.2207,272.5779,pool,document,none,
00002,Spokane Transit Authority,Spokane,WA,Independent Public Agency or Authority of Transit Service,2023,2225491.0,101487715.0,9057637,9238784,"DR,MB,VP",447279.0,"Spokane, WA",0.0219,0.2457,240.8857,pool,document,none,
00002,Spokane Transit Authority,Spokane,WA,Independent Public Agency or Authority of Transit Service,2024,2589990.0,110649825.0,9494716,10474588,"DR,MB,VP",447279.0,"Spokane, WA",0.0234,0.2728,247.2641,pool,document,none,
00003,Pierce County Transportation Benefit Area Authority,Lakewood,WA,Independent Public Agency or Authority of Transit Service,2022,2474016.0,80286281.0,7535022,5370825,"DR,MB,VP",3544011.0,"Seattle--Tacoma, WA",0.0308,0.3283,460.6398,pool,document,none,
00003,"Pierce County Transportation Benefit Area Authority, dba: Pierce Transit",Lakewood,WA,Independent Public Agency or Authority of Transit Service,2023,2379960.0,84121308.0,8080676,6555734,"DR,MB,VP",3544011.0,"Seattle--Tacoma, WA",0.0283,0.2945,363.0349,pool,document,none,
00003,"Pierce County Transportation Benefit Area Authority, dba: Pierce Transit",Lakewood,WA,Independent Public Agency or Authority of Transit Service,2024,2769784.0,98456122.0,7984578,7174613,"DR,MB,VP",3544011.0,"Seattle--Tacoma, WA",0.0281,0.3469,386.0534,pool,document,none,
00005,"City of Everett, dba: EVERETT TRANSIT",Everett,WA,"City, County or Local Government Unit or Department of Transportation",2022,1190292.0,23757649.0,1446138,1072281,"DR,MB",3544011.0,"Seattle--Tacoma, WA",0.0501,0.8231,1110.056,unknown,unknown,none,
00005,"City of Everett, dba: Everett Transit",Everett,WA,"City, County or Local Government Unit or Department of Transportation",2023,1693023.0,27335676.0,1562379,1404970,"DR,MB",3544011.0,"Seattle--Tacoma, WA",0.0619,1.0836,1205.0243,unknown,unknown,none,
00005,"City of Everett, dba: Everett Transit",Everett,WA,"City, County or Local Government Unit or Department of Transportation",2024,1801600.0,27581397.0,1686373,1835207,"DR,MB",3544011.0,"Seattle--Tacoma, WA",0.0653,1.0683,981.6876,unknown,unknown,none,
00006,"City of Yakima, dba: Yakima Transit",Yakima,WA,"City, County or Local Government Unit or Department of Transportation",2022,414608.0,7530794.0,710402,454913,MB,133145.0,"Yakima, WA",0.0551,0.5836,911.4006,unknown,unknown,none,
00006,"City of Yakima, dba: Yakima Transit",Yakima,WA,"City, County or Local Government Unit or Department of Transportation",2023,424560.0,7625824.0,738964,574582,MB,133145.0,"Yakima, WA",0.0557,0.5745,738.9024,unknown,unknown,none,
00006,"City of Yakima, dba: Yakima Transit",Yakima,WA,"City, County or Local Government Unit or Department of Transportation",2024,122652.0,7799052.0,672452,653426,MB,133145.0,"Yakima, WA",0.0157,0.1824,187.706,unknown,unknown,none,
00007,Lane Transit District,Eugene,OR,Independent Public Agency or Authority of Transit Service,2022,495865.0,47655447.0,2791859,4975763,"MB,RB",270179.0,"Eugene, OR",0.0104,0.1776,99.6561,unknown,unknown,per_person_and_occurrence,1805300
00007,Lane Transit District,Eugene,OR,Independent Public Agency or Authority of Transit Service,2023,847856.0,53427980.0,2797718,5959986,"MB,RB",270179.0,"Eugene, OR",0.0159,0.3031,142.2581,unknown,unknown,per_person_and_occurrence,1805300
00007,Lane Transit District,Eugene,OR,Independent Public Agency or Authority of Transit Service,2024,516269.0,59146436.0,2740241,6299815,"MB,RB",270179.0,"Eugene, OR",0.0087,0.1884,81.9499,unknown,unknown,per_person_and_occurrence,1805300
00008,Tri-County Metropolitan Transportation District of Oregon,Portland,OR,Independent Public Agency or Authority of Transit Service,2022,3806218.0,463586816.0,28458866,49074221,"LR,MB",2104238.0,"Portland, OR--WA",0.0082,0.1337,77.5604,self_insured_with_excess,document,per_person_and_occurrence,1805300
00008,"Tri-County Metropolitan Transportation District of Oregon, dba: TriMet",Portland,OR,Independent Public Agency or Authority of Transit Service,2023,6112743.0,581078570.0,27432268,56785658,"LR,MB",2104238.0,"Portland, OR--WA",0.0105,0.2228,107.6459,self_insured_with_excess,document,per_person_and_occurrence,1805300
00008,"Tri-County Metropolitan Transportation District of Oregon, dba: TriMet",Portland,OR,Independent Public Agency or Authority of Transit Service,2024,7110479.0,644915449.0,28084122,63994256,"LR,MB",2104238.0,"Portland, OR--WA",0.011,0.2532,111.1112,self_insured_with_excess,document,per_person_and_occurrence,1805300
00011,Valley Regional Transit,Meridian,ID,Independent Public Agency or Authority of Transit Service,2023,4672.0,212202.0,46413,6477,DR,433180.0,"Boise City, ID",0.022,0.1007,721.3216,unknown,unknown,per_occurrence_only,500000
00012,"Municipality of Anchorage, dba: Public Transportation",Anchorage,AK,"City, County or Local Government Unit or Department of Transportation",2022,1410550.0,30885551.0,2280229,2412726,MB,249252.0,"Anchorage, AK",0.0457,0.6186,584.6292,unknown,unknown,none,
00012,Municipality of Anchorage,Anchorage,AK,"City, County or Local Government Unit or Department of Transportation",2023,1401823.0,31188084.0,2278774,2745046,MB,249252.0,"Anchorage, AK",0.0449,0.6152,510.6738,unknown,unknown,none,
00012,Municipality of Anchorage,Anchorage,AK,"City, County or Local Government Unit or Department of Transportation",2024,1492506.0,33876425.0,2387861,3044346,MB,249252.0,"Anchorage, AK",0.0441,0.625,490.255,unknown,unknown,none,
00016,RiverCities Transit,Longview,WA,"City, County or Local Government Unit or Department of Transportation",2022,119336.0,3985777.0,356542,206261,"CB,MB",69841.0,"Longview, WA--OR",0.0299,0.3347,578.5679,unknown,unknown,none,
00016,"City of Longview, dba: RiverCities Transit",Longview,WA,"City, County or Local Government Unit or Department of Transportation",2023,136720.0,4282314.0,363830,242747,"CB,MB",69841.0,"Longview, WA--OR",0.0319,0.3758,563.2201,unknown,unknown,none,
00016,"City of Longview, dba: RiverCities Transit",Longview,WA,"City, County or Local Government Unit or Department of Transportation",2024,129046.0,4493830.0,364453,271500,MB,69841.0,"Longview, WA--OR",0.0287,0.3541,475.3076,unknown,unknown,none,
00018,Ben Franklin Transit,Richland,WA,Independent Public Agency or Authority of Transit Service,2022,751744.0,42000910.0,6527637,2243777,"DR,MB,VP",255401.0,"Kennewick--Richland--Pasco, WA",0.0179,0.1152,335.0351,pool,document,none,
00018,Ben Franklin Transit,Richland,WA,Independent Public Agency or Authority of Transit Service,2023,1100653.0,43076107.0,7045823,2988835,"DR,MB,VP",255401.0,"Kennewick--Richland--Pasco, WA",0.0256,0.1562,368.2549,pool,document,none,
00018,Ben Franklin Transit,Richland,WA,Independent Public Agency or Authority of Transit Service,2024,1316254.0,46067029.0,7385782,3356070,"DR,MB,VP",255401.0,"Kennewick--Richland--Pasco, WA",0.0286,0.1782,392.201,pool,document,none,
00019,Intercity Transit,Olympia,WA,Independent Public Agency or Authority of Transit Service,2022,1413443.0,53660015.0,5782923,3311656,"CB,DR,MB,VP",208157.0,"Olympia--Lacey, WA",0.0263,0.2444,426.8085,pool,document,none,
00019,Intercity Transit,Olympia,WA,Independent Public Agency or Authority of Transit Service,2023,1723250.0,65623355.0,6569994,3898995,"CB,DR,MB,VP",208157.0,"Olympia--Lacey, WA",0.0263,0.2623,441.9729,pool,document,none,
00019,Intercity Transit,Olympia,WA,Independent Public Agency or Authority of Transit Service,2024,2002203.0,69763188.0,7048118,4589073,"CB,DR,MB,VP",208157.0,"Olympia--Lacey, WA",0.0287,0.2841,436.2979,pool,document,none,
00020,Kitsap Transit,Bremerton,WA,Independent Public Agency or Authority of Transit Service,2022,2102372.0,63240474.0,4070572,2198252,"DR,FB,MB,VP",224449.0,"Bremerton, WA",0.0332,0.5165,956.3835,pool,document,none,
00020,"Kitsap County Public Transportation Benefit Area Authority, dba: Kitsap Transit",Bremerton,WA,Independent Public Agency or Authority of Transit Service,2023,1953792.0,67891567.0,4333057,2736356,"DR,FB,MB,VP",224449.0,"Bremerton, WA",0.0288,0.4509,714.0124,pool,document,none,
00020,"Kitsap County Public Transportation Benefit Area Authority, dba: Kitsap Transit",Bremerton,WA,Independent Public Agency or Authority of Transit Service,2024,2325799.0,75498798.0,4476062,3215114,"DR,FB,MB,VP",224449.0,"Bremerton, WA",0.0308,0.5196,723.3955,pool,document,none,
00021,Whatcom Transportation Authority,Bellingham,WA,Independent Public Agency or Authority of Transit Service,2022,727969.0,43602151.0,3121002,3101980,"DR,MB,VP",128979.0,"Bellingham, WA",0.0167,0.2332,234.6788,unknown,unknown,none,
00021,Whatcom Transportation Authority,Bellingham,WA,Independent Public Agency or Authority of Transit Service,2023,770817.0,43843315.0,3155801,3724696,"DR,MB,VP",128979.0,"Bellingham, WA",0.0176,0.2443,206.9476,unknown,unknown,none,
00021,Whatcom Transportation Authority,Bellingham,WA,Independent Public Agency or Authority of Transit Service,2024,952086.0,47049483.0,3263697,3977734,"DR,MB,VP",128979.0,"Bellingham, WA",0.0202,0.2917,239.3539,unknown,unknown,none,
00024,Clark County Public Transportation Benefit Area Authority,Vancouver,WA,Independent Public Agency or Authority of Transit Service,2022,1199212.0,63010239.0,5230303,4004631,"DR,MB,VP",2104238.0,"Portland, OR--WA",0.019,0.2293,299.4563,pool,document,none,
00024,"Clark County Public Transportation Benefit Area Authority, dba: C-TRAN",Vancouver,WA,Independent Public Agency or Authority of Transit Service,2023,966870.0,69265255.0,5741990,4492306,"DR,MB,VP",2104238.0,"Portland, OR--WA",0.014,0.1684,215.228,pool,document,none,
00024,"Clark County Public Transportation Benefit Area Authority, dba: C-TRAN",Vancouver,WA,Independent Public Agency or Authority of Transit Service,2024,1374859.0,76526623.0,5993258,4965694,"DR,MB,VP",2104238.0,"Portland, OR--WA",0.018,0.2294,276.8715,pool,document,none,
00025,"Salem Area Mass Transit District, dba: Salem-Keizer Transit or Cherriots",Salem,OR,Independent Public Agency or Authority of Transit Service,2022,355811.0,32358719.0,2268251,2039555,MB,268331.0,"Salem, OR",0.011,0.1569,174.4552,unknown,unknown,per_person_and_occurrence,1805300
00025,"Salem Area Mass Transit District, dba: Salem-Keizer Transit or Cherriots",Salem,OR,Independent Public Agency or Authority of Transit Service,2023,457392.0,37364843.0,2382460,2762649,MB,268331.0,"Salem, OR",0.0122,0.192,165.5628,unknown,unknown,per_person_and_occurrence,1805300
00025,"Salem Area Mass Transit District, dba: Salem-Keizer Transit or Cherriots",Salem,OR,Independent Public Agency or Authority of Transit Service,2024,515270.0,39917599.0,2526908,3228778,MB,268331.0,"Salem, OR",0.0129,0.2039,159.5867,unknown,unknown,per_person_and_occurrence,1805300
00029,Snohomish County Public Transportation Benefit Area Corporation,Everett,WA,Independent Public Agency or Authority of Transit Service,2022,2635796.0,120300898.0,8758738,5213063,"CB,MB,VP",3544011.0,"Seattle--Tacoma, WA",0.0219,0.3009,505.6137,pool,document,none,
00029,"Snohomish County Public Transportation Benefit Area Corporation, dba: Community Transit",Everett,WA,Independent Public Agency or Authority of Transit Service,2023,2434540.0,132635057.0,9254219,6373889,"CB,MB,VP",3544011.0,"Seattle--Tacoma, WA",0.0184,0.2631,381.9552,pool,document,none,
00029,"Snohomish County Public Transportation Benefit Area Corporation, dba: Community Transit",Everett,WA,Independent Public Agency or Authority of Transit Service,2024,2652034.0,153168499.0,10126644,7660233,"CB,MB,VP",3544011.0,"Seattle--Tacoma, WA",0.0173,0.2619,346.208,pool,document,none,
00034,Rogue Valley Transportation District,Medford,OR,Independent Public Agency or Authority of Transit Service,2022,261526.0,13132340.0,1189498,650153,MB,171640.0,"Medford, OR",0.0199,0.2199,402.253,unknown,unknown,per_person_and_occurrence,1805300
00034,Rogue Valley Transportation District,Medford,OR,Independent Public Agency or Authority of Transit Service,2023,281706.0,14585675.0,1252924,834376,MB,171640.0,"Medford, OR",0.0193,0.2248,337.6248,unknown,unknown,per_person_and_occurrence,1805300
00034,Rogue Valley Transportation District,Medford,OR,Independent Public Agency or Authority of Transit Service,2024,308953.0,16869977.0,1323617,958995,MB,171640.0,"Medford, OR",0.0183,0.2334,322.1633,unknown,unknown,per_person_and_occurrence,1805300
00035,Washington State Ferries,Olympia,WA,State Government Unit or Department of Transportation,2022,3188661.0,282506427.0,737135,17156046,FB,3544011.0,"Seattle--Tacoma, WA",0.0113,4.3257,185.8622,unknown,unknown,none,
00035,Washington State Ferries,Olympia,WA,State Government Unit or Department of Transportation,2023,2828338.0,338199141.0,755025,18241119,FB,3544011.0,"Seattle--Tacoma, WA",0.0084,3.746,155.0529,unknown,unknown,none,
00035,Washington State Ferries,Olympia,WA,State Government Unit or Department of Transportation,2024,3965383.0,353826390.0,759247,18859209,FB,3544011.0,"Seattle--Tacoma, WA",0.0112,5.2228,210.2624,unknown,unknown,none,
00040,"Central Puget Sound Regional Transit Authority, dba: Sound Transit",Seattle,WA,Independent Public Agency or Authority of Transit Service,2022,12930596.0,320383705.0,15908251,29441810,"CB,LR,SR",3544011.0,"Seattle--Tacoma, WA",0.0404,0.8128,439.1916,unknown,document,none,
00040,"Central Puget Sound Regional Transit Authority, dba: Sound Transit",Seattle,WA,Independent Public Agency or Authority of Transit Service,2023,18143146.0,369579063.0,16215049,34165876,"CB,LR,SR",3544011.0,"Seattle--Tacoma, WA",0.0491,1.1189,531.0312,unknown,document,none,
00040,"Central Puget Sound Regional Transit Authority, dba: Sound Transit",Seattle,WA,Independent Public Agency or Authority of Transit Service,2024,23670494.0,483184589.0,17068136,38256576,"CB,LR,SR",3544011.0,"Seattle--Tacoma, WA",0.049,1.3868,618.7301,unknown,document,none,
00041,Alaska Railroad Corporation,Anchorage,AK,State Government Unit or Department of Transportation,2022,1242018.0,56640750.0,1131787,219757,AR,249252.0,"Anchorage, AK",0.0219,1.0974,5651.779,unknown,unknown,none,
00041,Alaska Railroad Corporation,Anchorage,AK,State Government Unit or Department of Transportation,2023,1355300.0,60628460.0,1203718,225434,AR,249252.0,"Anchorage, AK",0.0224,1.1259,6011.9592,unknown,unknown,none,
00041,Alaska Railroad Corporation,Anchorage,AK,State Government Unit or Department of Transportation,2024,1356657.0,64294703.0,1282149,234699,AR,249252.0,"Anchorage, AK",0.0211,1.0581,5780.4124,unknown,unknown,none,
00043,"Chelan Douglas PTBA , dba: Link Transit",Wenatchee,WA,Independent Public Agency or Authority of Transit Service,2022,593695.0,20633859.0,2421795,946245,"DR,MB",78142.0,"Wenatchee, WA",0.0288,0.2451,627.4221,unknown,unknown,none,
00043,"Chelan Douglas PTBA , dba: Link Transit",Wenatchee,WA,Independent Public Agency or Authority of Transit Service,2023,678212.0,24179110.0,2638704,1112256,"DR,MB,VP",78142.0,"Wenatchee, WA",0.028,0.257,609.7625,unknown,unknown,none,
00043,"Chelan Douglas PTBA, dba: Link Transit",Wenatchee,WA,Independent Public Agency or Authority of Transit Service,2024,832173.0,27064579.0,3235299,1356690,"DR,MB,VP",78142.0,"Wenatchee, WA",0.0307,0.2572,613.3848,unknown,unknown,none,
00044,Skagit Transit,Burlington,WA,Independent Public Agency or Authority of Transit Service,2022,314115.0,18294019.0,2356794,483277,"CB,DR,MB,VP",66825.0,"Mount Vernon, WA",0.0172,0.1333,649.9689,unknown,unknown,none,
00044,Skagit Transit,Burlington,WA,Independent Public Agency or Authority of Transit Service,2023,441741.0,21910186.0,2545084,573848,"CB,DR,MB,VP",66825.0,"Mount Vernon, WA",0.0202,0.1736,769.7875,unknown,unknown,none,
00044,Skagit Transit,Burlington,WA,Independent Public Agency or Authority of Transit Service,2024,583351.0,20864799.0,2641825,623607,"CB,DR,MB,VP",66825.0,"Mount Vernon, WA",0.028,0.2208,935.4465,unknown,unknown,none,
00046,"City of Wilsonville, dba: South Metro Area Regional Transit",Wilsonville,OR,"City, County or Local Government Unit or Department of Transportation",2022,73462.0,6005164.0,606542,156663,"DR,MB",2104238.0,"Portland, OR--WA",0.0122,0.1211,468.9174,unknown,unknown,per_person_and_occurrence,1805300
00046,"City of Wilsonville, dba: South Metro Area Regional Transit",Wilsonville,OR,"City, County or Local Government Unit or Department of Transportation",2023,80178.0,6434988.0,525363,184539,"DR,MB",2104238.0,"Portland, OR--WA",0.0125,0.1526,434.4773,unknown,unknown,per_person_and_occurrence,1805300
00046,"City of Wilsonville, dba: South Metro Area Regional Transit",Wilsonville,OR,"City, County or Local Government Unit or Department of Transportation",2024,86592.0,6524265.0,538261,195289,"DR,MB",2104238.0,"Portland, OR--WA",0.0133,0.1609,443.4044,unknown,unknown,per_person_and_occurrence,1805300
00057,"Central Oregon Intergovernmental Council, dba: Cascades East Transit",Bend,OR,"MPO, COG or Other Planning Agency",2022,80372.0,3750599.0,609122,204635,"CB,DR,MB",106988.0,"Bend, OR",0.0214,0.1319,392.7578,unknown,unknown,per_person_and_occurrence,1805300
00057,"Central Oregon Intergovernmental Council, dba: Cascades East Transit",Bend,OR,"MPO, COG or Other Planning Agency",2023,110390.0,4318752.0,643680,244943,"CB,DR,MB",106988.0,"Bend, OR",0.0256,0.1715,450.6763,unknown,unknown,per_person_and_occurrence,1805300
00057,"Central Oregon Intergovernmental Council, dba: Cascades East Transit",Bend,OR,"MPO, COG or Other Planning Agency",2024,119790.0,5157201.0,686839,282796,"DR,MB",106988.0,"Bend, OR",0.0232,0.1744,423.5916,unknown,unknown,per_person_and_occurrence,1805300
00376,"Ride Connection, Inc.",Portland,OR,Private-Non-Profit Corporation,2022,202988.0,10562767.0,568171,117644,"DR,MB",2104238.0,"Portland, OR--WA",0.0192,0.3573,1725.4429,unknown,unknown,per_person_and_occurrence,1805300
00376,"Ride Connection, Inc.",Portland,OR,Private-Non-Profit Corporation,2023,188487.0,6839763.0,625799,122548,"DR,MB",2104238.0,"Portland, OR--WA",0.0276,0.3012,1538.0667,unknown,unknown,per_person_and_occurrence,1805300
00376,"Ride Connection, Inc.",Portland,OR,Private-Non-Profit Corporation,2024,151334.0,7957094.0,616409,140375,"DR,MB",2104238.0,"Portland, OR--WA",0.019,0.2455,1078.0695,unknown,unknown,per_person_and_occurrence,1805300
00415,"Ada County Highway District, dba: ACHD Commuteride",Boise,ID,"City, County or Local Government Unit or Department of Transportation",2022,21504.0,1024162.0,1375843,123058,VP,433180.0,"Boise City, ID",0.021,0.0156,174.7469,unknown,unknown,per_occurrence_only,500000
00415,"Ada County Highway District, dba: ACHD Commuteride",Anchorage,ID,"City, County or Local Government Unit or Department of Transportation",2024,41785.0,1249263.0,1326325,134302,VP,433180.0,"Boise City, ID",0.0334,0.0315,311.1272,unknown,unknown,per_occurrence_only,500000
10001,Rhode Island Public Transit Authority,Providence,RI,Independent Public Agency or Authority of Transit Service,2022,2301893.0,106809323.0,11866322,9600481,"DR,MB",1285806.0,"Providence, RI--MA",0.0216,0.194,239.7685,self_insured,document,other,
10001,"Rhode Island Public Transit Authority, dba: RIPTA",Providence,RI,Independent Public Agency or Authority of Transit Service,2023,2863442.0,128164974.0,11721747,11289810,"DR,MB",1285806.0,"Providence, RI--MA",0.0223,0.2443,253.6307,self_insured,document,other,
10001,"Rhode Island Public Transit Authority, dba: RIPTA",Providence,RI,Independent Public Agency or Authority of Transit Service,2024,6507606.0,130788291.0,11534337,12960593,"DR,MB",1285806.0,"Providence, RI--MA",0.0498,0.5642,502.1071,self_insured,document,other,
10003,Massachusetts Bay Transportation Authority,Boston,MA,Independent Public Agency or Authority of Transit Service,2022,21237501.0,1106108685.0,49191778,185250008,"HR,LR,MB,RB,TB",4382009.0,"Boston, MA--NH",0.0192,0.4317,114.6424,self_insured_with_excess,document,other,
10003,Massachusetts Bay Transportation Authority,Boston,MA,Independent Public Agency or Authority of Transit Service,2023,68006936.0,1221823450.0,43593264,206602623,"HR,LR,MB,RB",4382009.0,"Boston, MA--NH",0.0557,1.56,329.1678,self_insured_with_excess,document,other,
10003,Massachusetts Bay Transportation Authority,Boston,MA,Independent Public Agency or Authority of Transit Service,2024,33090367.0,1345221011.0,43767108,215338999,"HR,LR,MB,RB",4382009.0,"Boston, MA--NH",0.0246,0.7561,153.6664,self_insured_with_excess,document,other,
10014,Worcester Regional Transit Authority,Worcester,MA,Independent Public Agency or Authority of Transit Service,2022,1591910.0,26409696.0,2235087,3096702,"DR,MB",482085.0,"Worcester, MA--CT",0.0603,0.7122,514.0663,unknown,unknown,other,
10014,Worcester Regional Transit Authority,Worcester,MA,Independent Public Agency or Authority of Transit Service,2023,1573757.0,27660659.0,2272948,3969470,"DR,MB",482085.0,"Worcester, MA--CT",0.0569,0.6924,396.4653,unknown,unknown,other,
10014,Worcester Regional Transit Authority,Worcester,MA,Independent Public Agency or Authority of Transit Service,2024,1672350.0,28776693.0,2268195,4601355,"DR,MB",482085.0,"Worcester, MA--CT",0.0581,0.7373,363.4473,unknown,unknown,other,
10016,Greater Portland Transit District,Portland,ME,Independent Public Agency or Authority of Transit Service,2022,364131.0,12554602.0,1345771,1260110,MB,205356.0,"Portland, ME",0.029,0.2706,288.9676,unknown,unknown,per_occurrence_only,400000
10016,"Greater Portland Transit District, dba: METRO",Portland,ME,Independent Public Agency or Authority of Transit Service,2023,394403.0,13389042.0,1377464,1694203,MB,205356.0,"Portland, ME",0.0295,0.2863,232.7956,unknown,unknown,per_occurrence_only,400000
10016,"Greater Portland Transit District, dba: METRO",Portland,ME,Independent Public Agency or Authority of Transit Service,2024,423011.0,14614889.0,1450492,1817135,MB,205356.0,"Portland, ME",0.0289,0.2916,232.7901,unknown,unknown,per_occurrence_only,400000
10040,Southeast Area Transit District,Preston,CT,Independent Public Agency or Authority of Transit Service,2022,55392.0,7050611.0,1115168,805755,"DR,MB",167432.0,"Norwich--New London, CT",0.0079,0.0497,68.7455,unknown,unknown,none,
10040,Southeast Area Transit District,Preston,CT,Independent Public Agency or Authority of Transit Service,2023,80764.0,7841240.0,1178441,1205224,"DR,MB",167432.0,"Norwich--New London, CT",0.0103,0.0685,67.0116,unknown,unknown,none,
10040,Southeast Area Transit District,Preston,CT,Independent Public Agency or Authority of Transit Service,2024,88748.0,8698369.0,1206973,1059273,"DR,MB",167432.0,"Norwich--New London, CT",0.0102,0.0735,83.782,unknown,unknown,none,
10042,Valley Transit District,Derby,CT,Independent Public Agency or Authority of Transit Service,2022,17597.0,1630542.0,205544,41739,DR,916408.0,"Bridgeport--Stamford, CT--NY",0.0108,0.0856,421.5961,unknown,unknown,none,
10042,Valley Transit District,Derby,CT,Independent Public Agency or Authority of Transit Service,2023,18663.0,1922344.0,222292,48819,DR,916408.0,"Bridgeport--Stamford, CT--NY",0.0097,0.084,382.2897,unknown,unknown,none,
10042,Valley Transit District,Derby,CT,Independent Public Agency or Authority of Transit Service,2024,21165.0,2126127.0,211305,43026,DR,916408.0,"Bridgeport--Stamford, CT--NY",0.01,0.1002,491.9119,unknown,unknown,none,
10048,Connecticut Department of Transportation - CTTRANSIT - Hartford Division,Hartford,CT,State Government Unit or Department of Transportation,2022,320133.0,135609939.0,9376418,10327809,"MB,RB",977158.0,"Hartford, CT",0.0024,0.0341,30.9972,unknown,document,none,
10048,"Connecticut Department of Transportation - CTTRANSIT - Hartford Division, dba: CTTransit",Hartford,CT,State Government Unit or Department of Transportation,2023,838866.0,119594171.0,9351773,15128480,"MB,RB",977158.0,"Hartford, CT",0.007,0.0897,55.4495,unknown,document,none,
10048,"Connecticut Department of Transportation - CTTRANSIT - Hartford Division, dba: CTTransit",Hartford,CT,State Government Unit or Department of Transportation,2024,532204.0,107435601.0,9383284,12658139,"MB,RB",977158.0,"Hartford, CT",0.005,0.0567,42.0444,unknown,document,none,
10049,Greater New Haven Transit District,Hamden,CT,Independent Public Agency or Authority of Transit Service,2022,93355.0,11325435.0,1621662,185557,DR,561456.0,"New Haven, CT",0.0082,0.0576,503.1069,unknown,unknown,none,
10049,Greater New Haven Transit District,Hamden,CT,Independent Public Agency or Authority of Transit Service,2023,124751.0,12739912.0,1753087,204258,DR,561456.0,"New Haven, CT",0.0098,0.0712,610.7521,unknown,unknown,none,
10049,Greater New Haven Transit District,Hamden,CT,Independent Public Agency or Authority of Transit Service,2024,146382.0,12884159.0,1680752,186384,DR,561456.0,"New Haven, CT",0.0114,0.0871,785.3786,unknown,unknown,none,
10050,Greater Bridgeport Transit Authority,Bridgeport,CT,Independent Public Agency or Authority of Transit Service,2022,228043.0,20187564.0,1780685,3565273,MB,916408.0,"Bridgeport--Stamford, CT--NY",0.0113,0.1281,63.9623,unknown,unknown,none,
10050,Greater Bridgeport Transit Authority,Bridgeport,CT,Independent Public Agency or Authority of Transit Service,2023,249915.0,22927242.0,1775434,5199085,MB,916408.0,"Bridgeport--Stamford, CT--NY",0.0109,0.1408,48.069,unknown,unknown,none,
10050,Greater Bridgeport Transit Authority,Bridgeport,CT,Independent Public Agency or Authority of Transit Service,2024,277541.0,23291882.0,1850048,4591507,MB,916408.0,"Bridgeport--Stamford, CT--NY",0.0119,0.15,60.4466,unknown,unknown,none,
10051,Housatonic Area Regional Transit,Danbury,CT,Independent Public Agency or Authority of Transit Service,2022,296100.0,8454778.0,1393269,461000,"DR,MB",171680.0,"Danbury, CT--NY",0.035,0.2125,642.2993,unknown,unknown,none,
10051,"Housatonic Area Regional Transit , dba: HARTransit",Danbury,CT,Independent Public Agency or Authority of Transit Service,2023,286836.0,8463311.0,1384620,598732,"DR,MB",171680.0,"Danbury, CT--NY",0.0339,0.2072,479.0724,unknown,unknown,none,
10051,"Housatonic Area Regional Transit, dba: HARTransit",Danbury,CT,Independent Public Agency or Authority of Transit Service,2024,324567.0,9147764.0,1377153,579067,"DR,MB",171680.0,"Danbury, CT--NY",0.0355,0.2357,560.4999,unknown,unknown,none,
10055,Connecticut Department of Transportation - CTTRANSIT New Haven Division,Hartford,CT,State Government Unit or Department of Transportation,2022,296590.0,53456329.0,4369828,5536895,MB,561456.0,"New Haven, CT",0.0055,0.0679,53.5661,unknown,document,none,
10055,"Connecticut Department of Transportation - CTTRANSIT New Haven Division, dba: CTTransit",Hartford,CT,State Government Unit or Department of Transportation,2023,477837.0,58136792.0,4466488,7705131,MB,561456.0,"New Haven, CT",0.0082,0.107,62.0154,unknown,document,none,
10055,"Connecticut Department of Transportation - CTTRANSIT New Haven Division, dba: CTTransit",Hartford,CT,State Government Unit or Department of Transportation,2024,127317.0,57701467.0,4457762,5988941,MB,561456.0,"New Haven, CT",0.0022,0.0286,21.2587,unknown,document,none,
10056,Connecticut Department of Transportation - CTTRANSIT Stamford Division,Hartford,CT,State Government Unit or Department of Transportation,2022,104965.0,18704552.0,1534170,2366120,MB,916408.0,"Bridgeport--Stamford, CT--NY",0.0056,0.0684,44.3617,unknown,unknown,none,
10056,"Connecticut Department of Transportation - CTTRANSIT Stamford Division, dba: CTTransit",Hartford,CT,State Government Unit or Department of Transportation,2023,140344.0,21225877.0,1549293,3487909,MB,916408.0,"Bridgeport--Stamford, CT--NY",0.0066,0.0906,40.2373,unknown,unknown,none,
10056,"Connecticut Department of Transportation - CTTRANSIT Stamford Division, dba: CTTransit",Hartford,CT,State Government Unit or Department of Transportation,2024,171608.0,21458539.0,1563316,2766772,MB,916408.0,"Bridgeport--Stamford, CT--NY",0.008,0.1098,62.0246,unknown,unknown,none,
10057,Norwalk Transit District,Norwalk,CT,Independent Public Agency or Authority of Transit Service,2022,175321.0,12400658.0,1034343,1027145,"DR,MB",916408.0,"Bridgeport--Stamford, CT--NY",0.0141,0.1695,170.6877,unknown,unknown,none,
10057,Norwalk Transit District,Norwalk,CT,Independent Public Agency or Authority of Transit Service,2023,207202.0,13755985.0,1092802,1523907,"DR,MB",916408.0,"Bridgeport--Stamford, CT--NY",0.0151,0.1896,135.9676,unknown,unknown,none,
10057,Norwalk Transit District,Norwalk,CT,Independent Public Agency or Authority of Transit Service,2024,259134.0,14633990.0,1094831,1266384,"DR,MB",916408.0,"Bridgeport--Stamford, CT--NY",0.0177,0.2367,204.6251,unknown,unknown,none,
10066,Green Mountain Transit Authority,Burlington,VT,Independent Public Agency or Authority of Transit Service,2022,1517722.0,19306132.0,2940992,1991393,"CB,DR,MB",118032.0,"Burlington, VT",0.0786,0.5161,762.1409,unknown,unknown,other,
10066,Green Mountain Transit Authority,Burlington,VT,Independent Public Agency or Authority of Transit Service,2023,1574130.0,21350839.0,2886495,2383424,"CB,DR,MB",118032.0,"Burlington, VT",0.0737,0.5453,660.449,unknown,unknown,other,
10066,Green Mountain Transit Authority,Burlington,VT,Independent Public Agency or Authority of Transit Service,2024,1655004.0,25038058.0,2931235,2674829,"CB,DR,MB",118032.0,"Burlington, VT",0.0661,0.5646,618.7326,unknown,unknown,other,
10086,Cooperative Alliance for Seacoast Transportation,Dover,NH,Independent Public Agency or Authority of Transit Service,2022,479693.0,6044598.0,743933,261985,"DR,MB",72391.0,"Dover--Rochester, NH--ME",0.0794,0.6448,1830.9941,unknown,unknown,per_person_and_occurrence,925000
10086,Cooperative Alliance for Seacoast Transportation,Dover,NH,Independent Public Agency or Authority of Transit Service,2023,472397.0,6415041.0,782861,291028,"DR,MB",72391.0,"Dover--Rochester, NH--ME",0.0736,0.6034,1623.2012,unknown,unknown,per_person_and_occurrence,925000
10086,Cooperative Alliance for Seacoast Transportation,Dover,NH,Independent Public Agency or Authority of Transit Service,2024,532221.0,7183922.0,879653,373940,"DR,MB",72391.0,"Dover--Rochester, NH--ME",0.0741,0.605,1423.2791,unknown,unknown,per_person_and_occurrence,925000
10088,Casco Bay Island Transit District,Portland,ME,Independent Public Agency or Authority of Transit Service,2022,127990.0,7691901.0,102014,997335,FB,205356.0,"Portland, ME",0.0166,1.2546,128.332,unknown,unknown,per_occurrence_only,400000
10088,"Casco Bay Island Transit District, dba: Casco Bay Lines",Portland,ME,Independent Public Agency or Authority of Transit Service,2023,138747.0,9004758.0,106897,1053175,FB,205356.0,"Portland, ME",0.0154,1.298,131.7416,unknown,unknown,per_occurrence_only,400000
10088,"Casco Bay Island Transit District, dba: Casco Bay Lines",Portland,ME,Independent Public Agency or Authority of Transit Service,2024,140335.0,9434990.0,108178,1090868,FB,205356.0,"Portland, ME",0.0149,1.2973,128.6453,unknown,unknown,per_occurrence_only,400000
10098,"Western Maine Transportation Services, Inc.",Auburn,ME,Independent Public Agency or Authority of Transit Service,2022,171505.0,3410949.0,538789,123829,"CB,DR,MB",60743.0,"Lewiston, ME",0.0503,0.3183,1385.0148,unknown,unknown,per_occurrence_only,400000
10098,"Western Maine Transportation Services, Inc.",Auburn,ME,Independent Public Agency or Authority of Transit Service,2023,161005.0,3401664.0,596614,168002,"CB,DR,MB",60743.0,"Lewiston, ME",0.0473,0.2699,958.3517,unknown,unknown,per_occurrence_only,400000
10098,"Western Maine Transportation Services, Inc.",Auburn,ME,Private-Non-Profit Corporation,2024,213281.0,3689868.0,674291,224958,"CB,DR,MB",60743.0,"Lewiston, ME",0.0578,0.3163,948.0925,unknown,unknown,per_occurrence_only,400000
10107,Milford Transit District,Milford,CT,Independent Public Agency or Authority of Transit Service,2022,15009.0,2209198.0,438044,192456,"DR,MB",916408.0,"Bridgeport--Stamford, CT--NY",0.0068,0.0343,77.9867,unknown,unknown,none,
10107,Milford Transit District,Milford,CT,Independent Public Agency or Authority of Transit Service,2023,14760.0,2333221.0,443503,270092,"DR,MB",916408.0,"Bridgeport--Stamford, CT--NY",0.0063,0.0333,54.648,unknown,unknown,none,
10107,Milford Transit District,Milford,CT,Independent Public Agency or Authority of Transit Service,2024,16453.0,2702175.0,434887,255594,"DR,MB",916408.0,"Bridgeport--Stamford, CT--NY",0.0061,0.0378,64.3716,unknown,unknown,none,
10128,Connecticut Department of Transportation- CTTransit Waterbury- NET,Watertown,CT,"Subsidiary Unit of a Transit Agency, Reporting Separately",2022,59416.0,20621882.0,1796609,1540652,"DR,MB",199317.0,"Waterbury, CT",0.0029,0.0331,38.5655,unknown,unknown,none,
10128,"Connecticut Department of Transportation- CTTransit Waterbury- NET, dba: CTTransit",Watertown,CT,"Subsidiary Unit of a Transit Agency, Reporting Separately",2023,40014.0,21133649.0,1697341,2036974,"DR,MB",199317.0,"Waterbury, CT",0.0019,0.0236,19.6438,unknown,unknown,none,
10128,"Connecticut Department of Transportation- CTTransit Waterbury- NET, dba: CTTransit",Watertown,CT,"Subsidiary Unit of a Transit Agency, Reporting Separately",2024,77213.0,23538483.0,1818762,1800304,"DR,MB",199317.0,"Waterbury, CT",0.0033,0.0425,42.8889,unknown,unknown,none,
10183,"Woods Hole, Martha's Vineyard and Nantucket Steamship Authority",Falmouth,MA,Independent Public Agency or Authority of Transit Service,2022,4841074.0,105288356.0,686339,3756674,"FB,MB",303269.0,"Barnstable Town, MA",0.046,7.0535,1288.6596,unknown,unknown,other,
10183,"Woods Hole, Martha's Vineyard and Nantucket Steamship Authority, dba: The Steamship Authority",Falmouth,MA,Independent Public Agency or Authority of Transit Service,2023,5686630.0,111926525.0,673526,3860264,"FB,MB",303269.0,"Barnstable Town, MA",0.0508,8.4431,1473.1195,unknown,unknown,other,
10183,"Woods Hole, Martha's Vineyard and Nantucket Steamship Authority, dba: The Steamship Authority",Falmouth,MA,Independent Public Agency or Authority of Transit Service,2024,6464120.0,120583168.0,684278,3821383,"FB,MB",303269.0,"Barnstable Town, MA",0.0536,9.4466,1691.5656,unknown,unknown,other,
11160,"Peter Pan Bus Lines, dba: Peter Pan",Springfield,MA,Private-For-Profit Corporation,2024,580676.0,4043455.0,1050658,12073,CB,4382009.0,"Boston, MA--NH",0.1436,0.5527,48097.0761,unknown,unknown,other,
11238,"Bay State LLC, dba: Bay State Cruise Company",Boston,MA,Private-For-Profit Corporation,2022,333879.0,4672351.0,56980,96707,FB,4382009.0,"Boston, MA--NH",0.0715,5.8596,3452.4802,unknown,unknown,other,
11239,"Hyannis Harbor Tours, Inc.",Hyannis,MA,Private-For-Profit Corporation,2022,762459.0,18383764.0,162994,770496,FB,303269.0,"Barnstable Town, MA",0.0415,4.6778,989.5691,unknown,unknown,other,
11239,"Hyannis Harbor Tours, Inc. , dba: Hy-Line Cruises",Hyannis,MA,Private-For-Profit Corporation,2023,833490.0,23757628.0,188608,891899,FB,303269.0,"Barnstable Town, MA",0.0351,4.4192,934.5116,unknown,unknown,other,
11239,"Hyannis Harbor Tours, Inc., dba: Hy-Line Cruises",Hyannis,MA,Private-For-Profit Corporation,2024,925874.0,23940866.0,191630,928922,FB,303269.0,"Barnstable Town, MA",0.0387,4.8316,996.7188,unknown,unknown,other,
20002,Capital District Transportation Authority,Albany,NY,Independent Public Agency or Authority of Transit Service,2022,1627165.0,111035686.0,9335378,11264362,"DR,MB",593142.0,"Albany--Schenectady, NY",0.0147,0.1743,144.4525,self_insured_with_excess,document,none,
20002,Capital District Transportation Authority,Albany,NY,Independent Public Agency or Authority of Transit Service,2023,1737188.0,107747535.0,9469374,13418021,"DR,MB",593142.0,"Albany--Schenectady, NY",0.0161,0.1835,129.4668,self_insured_with_excess,document,none,
20002,Capital District Transportation Authority,Albany,NY,Independent Public Agency or Authority of Transit Service,2024,1965375.0,122858477.0,10430429,16123799,"DR,MB",593142.0,"Albany--Schenectady, NY",0.016,0.1884,121.8928,self_insured_with_excess,document,none,
20003,"Broome County, dba: Department of Transportation/BC Transit",Binghamton,NY,"City, County or Local Government Unit or Department of Transportation",2022,233198.0,11975537.0,1505394,1229741,"DR,MB",155942.0,"Binghamton, NY",0.0195,0.1549,189.6318,unknown,unknown,none,
20003,"Broome County, dba: BC Transit",Binghamton,NY,"City, County or Local Government Unit or Department of Transportation",2023,244972.0,11763412.0,1554817,1507413,"DR,MB",155942.0,"Binghamton, NY",0.0208,0.1576,162.5115,unknown,unknown,none,
20003,"Broome County, dba: BC Transit",Binghamton,NY,"City, County or Local Government Unit or Department of Transportation",2024,331427.0,12442243.0,1575678,1615601,"DR,MB",155942.0,"Binghamton, NY",0.0266,0.2103,205.1416,unknown,unknown,none,
20004,Niagara Frontier Transportation Authority,Buffalo,NY,Independent Public Agency or Authority of Transit Service,2022,1828186.0,138137098.0,9789394,13157440,"DR,LR,MB",948864.0,"Buffalo, NY",0.0132,0.1868,138.9469,self_insured_with_excess,document,none,
20004,"Niagara Frontier Transportation Authority, dba: NFTA - Metro Bus & Rail",Buffalo,NY,Independent Public Agency or Authority of Transit Service,2023,2295082.0,146552242.0,9323099,14531216,"DR,LR,MB",948864.0,"Buffalo, NY",0.0157,0.2462,157.9415,self_insured_with_excess,document,none,
20004,"Niagara Frontier Transportation Authority, dba: NFTA - Metro Bus & Rail",Buffalo,NY,Independent Public Agency or Authority of Transit Service,2024,2821210.0,154228388.0,9529365,15497921,"DR,LR,MB",948864.0,"Buffalo, NY",0.0183,0.2961,182.038,self_insured_with_excess,document,none,
20006,City of Long Beach,Long Beach,NY,"City, County or Local Government Unit or Department of Transportation",2022,72454.0,3831651.0,232531,91633,"DR,MB",19426449.0,"New York--Jersey City--Newark, NY--NJ",0.0189,0.3116,790.6977,unknown,unknown,none,
20006,City of Long Beach,Long Beach,NY,"City, County or Local Government Unit or Department of Transportation",2023,73135.0,3886225.0,232669,97523,"DR,MB",19426449.0,"New York--Jersey City--Newark, NY--NJ",0.0188,0.3143,749.9257,unknown,unknown,none,
20006,City of Long Beach,Long Beach,NY,"City, County or Local Government Unit or Department of Transportation",2024,71992.0,4097282.0,232640,102800,"DR,MB",19426449.0,"New York--Jersey City--Newark, NY--NJ",0.0176,0.3095,700.3113,unknown,unknown,none,
20008,MTA New York City Transit,Brooklyn,NY,"Subsidiary Unit of a Transit Agency, Reporting Separately",2022,279189093.0,8612154427.0,433331887,2271657780,"CB,HR,MB,RB",19426449.0,"New York--Jersey City--Newark, NY--NJ",0.0324,0.6443,122.901,self_insured_with_excess,document,none,
20008,MTA New York City Transit,Brooklyn,NY,"Subsidiary Unit of a Transit Agency, Reporting Separately",2023,262162669.0,9563720525.0,439668980,2629286481,"CB,HR,MB,RB",19426449.0,"New York--Jersey City--Newark, NY--NJ",0.0274,0.5963,99.7087,self_insured_with_excess,document,none,
20008,MTA New York City Transit,Brooklyn,NY,"Subsidiary Unit of a Transit Agency, Reporting Separately",2024,922822815.0,10413501388.0,444718121,2899190672,"CB,HR,MB,RB",19426449.0,"New York--Jersey City--Newark, NY--NJ",0.0886,2.0751,318.3036,self_insured_with_excess,document,none,
20010,"Dutchess County, dba: Dutchess County Public Transit",Poughkeepsie,NY,"City, County or Local Government Unit or Department of Transportation",2022,98306.0,12642230.0,1415890,703814,"DR,MB",314766.0,"Poughkeepsie--Newburgh, NY",0.0078,0.0694,139.6761,unknown,unknown,none,
20010,"Dutchess County, dba: Dutchess County Public Transit",Poughkeepsie,NY,"City, County or Local Government Unit or Department of Transportation",2023,136476.0,13507109.0,1410033,827886,"DR,MB",314766.0,"Poughkeepsie--Newburgh, NY",0.0101,0.0968,164.8488,unknown,unknown,none,
20010,"Dutchess County, dba: Dutchess County Public Transit",Poughkeepsie,NY,"City, County or Local Government Unit or Department of Transportation",2024,166816.0,14208760.0,1439863,904924,"DR,MB",314766.0,"Poughkeepsie--Newburgh, NY",0.0117,0.1159,184.3426,unknown,unknown,none,
20018,"Central New York Regional Transportation Authority, dba: New York Regional Transportation Authority",Syracuse,NY,Independent Public Agency or Authority of Transit Service,2022,2353558.0,68318412.0,4650590,4971161,"DR,MB",413660.0,"Syracuse, NY",0.0344,0.5061,473.4423,self_insured,document,none,
20018,"Central New York Regional Transportation Authority, dba: New York Regional Transportation Authority",Syracuse,NY,Independent Public Agency or Authority of Transit Service,2023,2567970.0,72118230.0,4583752,6580190,"DR,MB",413660.0,"Syracuse, NY",0.0356,0.5602,390.2577,self_insured,document,none,
20018,"Central New York Regional Transportation Authority, dba: New York Regional Transportation Authority",Syracuse,NY,Independent Public Agency or Authority of Transit Service,2024,2725430.0,71266913.0,4486194,7156371,"DR,MB",413660.0,"Syracuse, NY",0.0382,0.6075,380.8397,self_insured,document,none,
20071,"Town of Huntington, dba: Huntington Area Rapid Transit",Huntington,NY,"City, County or Local Government Unit or Department of Transportation",2022,324049.0,5804830.0,598234,87316,"DR,MB",19426449.0,"New York--Jersey City--Newark, NY--NJ",0.0558,0.5417,3711.2213,unknown,unknown,none,
20071,"Town of Huntington, dba: Huntington Area Rapid Transit",Huntington,NY,"City, County or Local Government Unit or Department of Transportation",2023,281342.0,6282231.0,643169,94877,"DR,MB",19426449.0,"New York--Jersey City--Newark, NY--NJ",0.0448,0.4374,2965.3341,unknown,unknown,none,
20071,"Town of Huntington, dba: Huntington Area Rapid Transit",Huntington,NY,"City, County or Local Government Unit or Department of Transportation",2024,433709.0,6709538.0,648798,95508,"DR,MB",19426449.0,"New York--Jersey City--Newark, NY--NJ",0.0646,0.6685,4541.0751,unknown,unknown,none,
20075,Port Authority Transit Corporation,Camden,NJ,Independent Public Agency or Authority of Transit Service,2022,3667055.0,57470237.0,4868978,4870310,HR,5696125.0,"Philadelphia, PA--NJ--DE--MD",0.0638,0.7531,752.9408,self_insured_with_excess,document,none,
20075,Port Authority Transit Corporation,Camden,NJ,Independent Public Agency or Authority of Transit Service,2023,2642671.0,59090442.0,4428814,5451983,HR,5696125.0,"Philadelphia, PA--NJ--DE--MD",0.0447,0.5967,484.7174,self_insured_with_excess,document,none,
20075,Port Authority Transit Corporation,Camden,NJ,Independent Public Agency or Authority of Transit Service,2024,2612847.0,57673291.0,4445206,5643435,HR,5696125.0,"Philadelphia, PA--NJ--DE--MD",0.0453,0.5878,462.9888,self_insured_with_excess,document,none,
20078,"Metro-North Commuter Railroad Company, dba: MTA Metro-North Railroad",New York,NY,"Subsidiary Unit of a Transit Agency, Reporting Separately",2022,33961883.0,1353483213.0,62976627,54517695,CR,19426449.0,"New York--Jersey City--Newark, NY--NJ",0.0251,0.5393,622.9516,self_insured_with_excess,document,none,
20078,"Metro-North Commuter Railroad Company, dba: MTA Metro-North Railroad",New York,NY,"Subsidiary Unit of a Transit Agency, Reporting Separately",2023,25661240.0,1606093033.0,62289006,66366290,CR,19426449.0,"New York--Jersey City--Newark, NY--NJ",0.016,0.412,386.6608,self_insured_with_excess,document,none,
20078,"Metro-North Commuter Railroad Company, dba: MTA Metro-North Railroad",New York,NY,"Subsidiary Unit of a Transit Agency, Reporting Separately",2024,49404463.0,1705088620.0,64017201,74064075,CR,19426449.0,"New York--Jersey City--Newark, NY--NJ",0.029,0.7717,667.0503,self_insured_with_excess,document,none,
20080,New Jersey Transit Corporation,Newark,NJ,Other Publicly-Owned or Privately Chartered Corporation,2022,72888886.0,2323149166.0,134017176,139041084,"CR,LR,MB",19426449.0,"New York--Jersey City--Newark, NY--NJ",0.0314,0.5439,524.2255,self_insured_with_excess,document,none,
20080,New Jersey Transit Corporation,Newark,NJ,Other Publicly-Owned or Privately Chartered Corporation,2023,75527678.0,2432348282.0,134163747,174809925,"CR,LR,MB",19426449.0,"New York--Jersey City--Newark, NY--NJ",0.0311,0.563,432.056,self_insured_with_excess,document,none,
20080,New Jersey Transit Corporation,Newark,NJ,Other Publicly-Owned or Privately Chartered Corporation,2024,69182787.0,2586258491.0,134590766,197311996,"CR,LR,MB",19426449.0,"New York--Jersey City--Newark, NY--NJ",0.0268,0.514,350.6264,self_insured_with_excess,document,none,
20082,New York City Department of Transportation,New York,NY,"City, County or Local Government Unit or Department of Transportation",2022,2016015.0,149145876.0,195767,12118089,FB,19426449.0,"New York--Jersey City--Newark, NY--NJ",0.0135,10.298,166.3641,unknown,unknown,none,
20082,New York City Department of Transportation,New York,NY,"City, County or Local Government Unit or Department of Transportation",2023,2274781.0,153811666.0,192542,14715363,FB,19426449.0,"New York--Jersey City--Newark, NY--NJ",0.0148,11.8145,154.5854,unknown,unknown,none,
20082,New York City Department of Transportation,New York,NY,"City, County or Local Government Unit or Department of Transportation",2024,12978615.0,190088824.0,207574,16214706,FB,19426449.0,"New York--Jersey City--Newark, NY--NJ",0.0683,62.5252,800.4225,unknown,unknown,none,
20084,"County of Rockland , dba: Public Transportation - Transport of Rockland",New City,NY,"City, County or Local Government Unit or Department of Transportation",2022,11182.0,3694500.0,477540,52596,DR,19426449.0,"New York--Jersey City--Newark, NY--NJ",0.003,0.0234,212.6017,unknown,unknown,none,
20084,County of Rockland,New City,NY,"City, County or Local Government Unit or Department of Transportation",2023,13335.0,3697674.0,506674,55424,DR,19426449.0,"New York--Jersey City--Newark, NY--NJ",0.0036,0.0263,240.5997,unknown,unknown,none,
20084,County of Rockland,New City,NY,"City, County or Local Government Unit or Department of Transportation",2024,12226.0,4213813.0,512792,56841,DR,19426449.0,"New York--Jersey City--Newark, NY--NJ",0.0029,0.0238,215.0912,unknown,unknown,none,
20098,Port Authority Trans-Hudson Corporation,New York,NY,Independent Public Agency or Authority of Transit Service,2022,40032342.0,481245434.0,12565499,46589043,HR,19426449.0,"New York--Jersey City--Newark, NY--NJ",0.0832,3.1859,859.2652,mixed,document,none,
20098,Port Authority Trans-Hudson Corporation,New York,NY,Independent Public Agency or Authority of Transit Service,2023,45165861.0,552255525.0,12233328,55108860,HR,19426449.0,"New York--Jersey City--Newark, NY--NJ",0.0818,3.692,819.5753,mixed,document,none,
20098,Port Authority Trans-Hudson Corporation,New York,NY,Independent Public Agency or Authority of Transit Service,2024,43812833.0,598828004.0,12526893,62489580,HR,19426449.0,"New York--Jersey City--Newark, NY--NJ",0.0732,3.4975,701.1222,mixed,document,none,
20099,"Staten Island Rapid Transit Operating Authority, dba:  MTA Staten Island Railway",Staten Island,NY,"Subsidiary Unit of a Transit Agency, Reporting Separately",2022,2522526.0,69891040.0,2444612,3757728,HR,19426449.0,"New York--Jersey City--Newark, NY--NJ",0.0361,1.0319,671.2902,unknown,unknown,none,
20099,"Staten Island Rapid Transit Operating Authority, dba:  MTA Staten Island Railway",Staten Island,NY,"Subsidiary Unit of a Transit Agency, Reporting Separately",2023,2651489.0,70411260.0,2540404,5194599,HR,19426449.0,"New York--Jersey City--Newark, NY--NJ",0.0377,1.0437,510.4319,unknown,unknown,none,
20099,"Staten Island Rapid Transit Operating Authority, dba: MTA Staten Island Railway",Staten Island,NY,"Subsidiary Unit of a Transit Agency, Reporting Separately",2024,9402724.0,89191034.0,2644089,5343041,HR,19426449.0,"New York--Jersey City--Newark, NY--NJ",0.1054,3.5561,1759.8076,unknown,unknown,none,
20100,MTA Long Island Rail Road,Jamaica,NY,"Subsidiary Unit of a Transit Agency, Reporting Separately",2022,63201198.0,1601947259.0,62918402,81613697,CR,19426449.0,"New York--Jersey City--Newark, NY--NJ",0.0395,1.0045,774.3945,self_insured_with_excess,document,none,
20100,MTA Long Island Rail Road,New York,NY,"Subsidiary Unit of a Transit Agency, Reporting Separately",2023,57876298.0,2135218700.0,76530483,83835706,CR,19426449.0,"New York--Jersey City--Newark, NY--NJ",0.0271,0.7563,690.3538,self_insured_with_excess,document,none,
20100,MTA Long Island Rail Road,New York,NY,"Subsidiary Unit of a Transit Agency, Reporting Separately",2024,88667810.0,2212613620.0,78229282,97220517,CR,19426449.0,"New York--Jersey City--Newark, NY--NJ",0.0401,1.1334,912.0278,self_insured_with_excess,document,none,
20113,"Regional Transit Service - Monroe County, dba: RTS Monroe (MB) and RTS Access (DR)",Rochester,NY,Independent Public Agency or Authority of Transit Service,2022,1456930.0,94079005.0,6844228,7690543,"DR,MB",704327.0,"Rochester, NY",0.0155,0.2129,189.4444,self_insured_with_excess,document,none,
20113,Regional Transit Service,Rochester,NY,Independent Public Agency or Authority of Transit Service,2023,3967272.0,102100302.0,7357988,9159164,"DR,MB",704327.0,"Rochester, NY",0.0389,0.5392,433.1478,self_insured_with_excess,document,none,
20113,Regional Transit Service,Rochester,NY,Independent Public Agency or Authority of Transit Service,2024,2656315.0,108696958.0,7465297,10253425,"DR,MB",704327.0,"Rochester, NY",0.0244,0.3558,259.0661,self_insured_with_excess,document,none,
20122,"Academy Lines, Inc.",Hoboken,NJ,Private-For-Profit Corporation,2022,913531.0,17512832.0,2701376,940697,CB,19426449.0,"New York--Jersey City--Newark, NY--NJ",0.0522,0.3382,971.1214,unknown,unknown,none,
20122,"Academy Lines, Inc., dba: Academy",Hoboken,NJ,Private-For-Profit Corporation,2023,868301.0,18990515.0,2312042,1064165,CB,19426449.0,"New York--Jersey City--Newark, NY--NJ",0.0457,0.3756,815.9458,unknown,unknown,none,
20122,"Academy Lines, Inc., dba: Academy",Hoboken,NJ,Private-For-Profit Corporation,2024,1234616.0,20996138.0,2460422,1119788,CB,19426449.0,"New York--Jersey City--Newark, NY--NJ",0.0588,0.5018,1102.5444,unknown,unknown,none,
20126,"Hudson Transit Lines, Inc.",Mahwah,NJ,Private-For-Profit Corporation,2022,1917571.0,29805591.0,3913235,1571923,CB,19426449.0,"New York--Jersey City--Newark, NY--NJ",0.0643,0.49,1219.8886,unknown,unknown,none,
20126,"Hudson Transit Lines, Inc., dba: Short Line",Mahwah,NJ,Private-For-Profit Corporation,2023,1955345.0,32495355.0,4265602,1832789,CB,19426449.0,"New York--Jersey City--Newark, NY--NJ",0.0602,0.4584,1066.8686,unknown,unknown,none,
20126,"Shortline Transit LLC, dba: Short Line",Mahwah,NJ,Private-For-Profit Corporation,2024,2424942.0,32010500.0,4293693,1929039,CB,19426449.0,"New York--Jersey City--Newark, NY--NJ",0.0758,0.5648,1257.0726,unknown,unknown,none,
20128,Suburban Transit Corporation,New Brunswick,NJ,Private-For-Profit Corporation,2022,300000.0,19272297.0,1186581,634497,CB,19426449.0,"New York--Jersey City--Newark, NY--NJ",0.0156,0.2528,472.8155,unknown,unknown,none,
20128,"Suburban Transit Corporation, dba: Coach USA",New Brunswick,NJ,Private-For-Profit Corporation,2023,1030021.0,8887484.0,1583721,763649,CB,19426449.0,"New York--Jersey City--Newark, NY--NJ",0.1159,0.6504,1348.8147,unknown,unknown,none,
20128,"Suburban Transit Lines LLC, dba: Suburban Transit",New Brunswick,NJ,Private-For-Profit Corporation,2024,850581.0,9703689.0,1700795,833216,CB,19426449.0,"New York--Jersey City--Newark, NY--NJ",0.0877,0.5001,1020.8409,unknown,unknown,none,
20135,Monsey New Square Trails Corporation,Spring Valley,NY,Private-For-Profit Corporation,2022,1042625.0,5196097.0,809313,463779,CB,19426449.0,"New York--Jersey City--Newark, NY--NJ",0.2007,1.2883,2248.1074,unknown,unknown,none,
20135,Monsey New Square Trails Corporation,Spring Valley,NY,Private-For-Profit Corporation,2023,1197425.0,5539614.0,819269,456140,CB,19426449.0,"New York--Jersey City--Newark, NY--NJ",0.2162,1.4616,2625.1261,unknown,unknown,none,
20145,Tompkins Consolidated Area Transit,Ithaca,NY,Private-Non-Profit Corporation,2022,1109960.0,15754544.0,1407905,2502838,MB,59102.0,"Ithaca, NY",0.0705,0.7884,443.4806,unknown,unknown,none,
20145,Tompkins Consolidated Area Transit,Ithaca,NY,Private-Non-Profit Corporation,2023,1307504.0,15465680.0,1151371,2189570,MB,59102.0,"Ithaca, NY",0.0845,1.1356,597.151,unknown,unknown,none,
20145,Tompkins Consolidated Area Transit,Ithaca,NY,Private-Non-Profit Corporation,2024,1638869.0,19297862.0,1082149,2841779,MB,59102.0,"Ithaca, NY",0.0849,1.5145,576.7053,unknown,unknown,none,
20149,"Rockland Coaches, Inc.",Westwood,NJ,Private-For-Profit Corporation,2022,547991.0,12156731.0,875974,335588,CB,19426449.0,"New York--Jersey City--Newark, NY--NJ",0.0451,0.6256,1632.9279,unknown,unknown,none,
20149,"Rockland Coaches, Inc.",Paramus,NJ,Private-For-Profit Corporation,2023,526901.0,11562113.0,900320,423369,CB,19426449.0,"New York--Jersey City--Newark, NY--NJ",0.0456,0.5852,1244.5432,unknown,unknown,none,
20149,"Rockland Coaches, Inc.",Paramus,NJ,Private-For-Profit Corporation,2024,481628.0,12035932.0,909325,446954,CB,19426449.0,"New York--Jersey City--Newark, NY--NJ",0.04,0.5297,1077.5785,unknown,unknown,none,
20161,DeCamp Bus Lines,Montclair,NJ,Private-For-Profit Corporation,2022,1300793.0,8976052.0,576077,304103,CB,19426449.0,"New York--Jersey City--Newark, NY--NJ",0.1449,2.258,4277.4751,unknown,unknown,none,
20163,"Lakeland Bus Lines, Inc.",Dover,NJ,Private-For-Profit Corporation,2022,1114881.0,10656130.0,914521,565361,CB,19426449.0,"New York--Jersey City--Newark, NY--NJ",0.1046,1.2191,1971.9807,unknown,unknown,none,
20163,"Lakeland Bus Lines, Inc.",Dover,NJ,Private-For-Profit Corporation,2023,1292426.0,12102937.0,1055587,742278,CB,19426449.0,"New York--Jersey City--Newark, NY--NJ",0.1068,1.2244,1741.1617,unknown,unknown,none,
20163,"Lakeland Bus Lines, Inc.",Dover,NJ,Private-For-Profit Corporation,2024,1287102.0,12689362.0,1052455,774656,CB,19426449.0,"New York--Jersey City--Newark, NY--NJ",0.1014,1.223,1661.5143,unknown,unknown,none,
20166,"Orange-Newark-Elizabeth, Inc.",Elizabeth,NJ,Private-For-Profit Corporation,2022,558875.0,6902049.0,758117,2678767,MB,19426449.0,"New York--Jersey City--Newark, NY--NJ",0.081,0.7372,208.6314,unknown,unknown,none,
20166,"Orange-Newark-Elizabeth, Inc., dba: Coach USA",Elizabeth,NJ,Private-For-Profit Corporation,2023,526838.0,5633386.0,488342,1692482,MB,19426449.0,"New York--Jersey City--Newark, NY--NJ",0.0935,1.0788,311.2813,unknown,unknown,none,
20169,"Trans-Bridge Lines, Inc.",Bethlehem,PA,Private-For-Profit Corporation,2022,544470.0,8495611.0,1259602,403646,CB,19426449.0,"New York--Jersey City--Newark, NY--NJ",0.0641,0.4323,1348.88,unknown,unknown,per_occurrence_only,500000
20169,"Trans-Bridge Lines, Inc.",Bethlehem,PA,Private-For-Profit Corporation,2023,706793.0,10337721.0,1540087,415601,CB,19426449.0,"New York--Jersey City--Newark, NY--NJ",0.0684,0.4589,1700.6528,unknown,unknown,per_occurrence_only,500000
20169,"Trans-Bridge Lines, Inc.",Bethlehem,PA,Private-For-Profit Corporation,2024,898541.0,11096307.0,1604043,409786,CB,19426449.0,"New York--Jersey City--Newark, NY--NJ",0.081,0.5602,2192.7079,unknown,unknown,per_occurrence_only,500000
20177,"Adirondack Transit Lines, Inc,",Hurley,NY,Private-For-Profit Corporation,2022,1114967.0,11393729.0,1292283,298376,CB,19426449.0,"New York--Jersey City--Newark, NY--NJ",0.0979,0.8628,3736.7851,unknown,unknown,none,
20177,"Adirondack Transit Lines, Inc., dba: Adirondack Trailways",Hurley,NY,Private-For-Profit Corporation,2023,1093332.0,12417320.0,1373763,362745,CB,19426449.0,"New York--Jersey City--Newark, NY--NJ",0.088,0.7959,3014.0512,unknown,unknown,none,
20177,"Adirondack Transit Lines, Inc., dba: Adirondack Trailways",Hurley,NY,Private-For-Profit Corporation,2024,944739.0,10838080.0,1312221,356975,CB,19426449.0,"New York--Jersey City--Newark, NY--NJ",0.0872,0.72,2646.5131,unknown,unknown,none,
20178,Ulster County,Kingston,NY,"City, County or Local Government Unit or Department of Transportation",2022,0.0,7550326.0,1016663,293788,"DR,MB",314766.0,"Kingston, NY",0.0,0.0,0.0,unknown,unknown,none,
20178,"Ulster County , dba: Ulster County Area Transit",Kingston,NY,"City, County or Local Government Unit or Department of Transportation",2023,0.0,5146622.0,1137063,430747,"DR,MB",314766.0,"Kingston, NY",0.0,0.0,0.0,unknown,unknown,none,
20178,"Ulster County, dba: Ulster County Area Transit",Kingston,NY,"City, County or Local Government Unit or Department of Transportation",2024,0.0,6729592.0,1149107,545472,"DR,MB",50254.0,"Kingston, NY",0.0,0.0,0.0,unknown,unknown,none,
20188,MTA Bus Company,New York,NY,"Subsidiary Unit of a Transit Agency, Reporting Separately",2022,55562855.0,792516861.0,25876153,100411771,MB,19426449.0,"New York--Jersey City--Newark, NY--NJ",0.0701,2.1473,553.35,self_insured_with_excess,document,none,
20188,MTA Bus Company,New York,NY,"Subsidiary Unit of a Transit Agency, Reporting Separately",2023,62092537.0,911729006.0,25751161,119571794,MB,19426449.0,"New York--Jersey City--Newark, NY--NJ",0.0681,2.4113,519.2908,self_insured_with_excess,document,none,
20188,MTA Bus Company,New York,NY,"Subsidiary Unit of a Transit Agency, Reporting Separately",2024,91955978.0,973676611.0,26142159,126616665,MB,19426449.0,"New York--Jersey City--Newark, NY--NJ",0.0944,3.5175,726.2549,self_insured_with_excess,document,none,
20190,"Port Imperial Ferry Corporation, dba: NY Waterway",Weehawken,NJ,Private-For-Profit Corporation,2022,4616519.0,28168410.0,758035,4802643,"FB,MB",19426449.0,"New York--Jersey City--Newark, NY--NJ",0.1639,6.0901,961.2455,unknown,unknown,none,
20190,"Port Imperial Ferry Corporation, dba: NY Waterway",Weehawken,NJ,Private-For-Profit Corporation,2023,4302515.0,27743955.0,801856,5689838,"FB,MB",19426449.0,"New York--Jersey City--Newark, NY--NJ",0.1551,5.3657,756.1753,unknown,unknown,none,
20190,"Port Imperial Ferry Corporation, dba: NY Waterway",Weehawken,NJ,Private-For-Profit Corporation,2024,4875640.0,31565129.0,976480,6230764,"FB,MB",19426449.0,"New York--Jersey City--Newark, NY--NJ",0.1545,4.9931,782.5108,unknown,unknown,none,
20192,"Bergen County, dba: Bergen County Community Transportation",Hackensack,NJ,"City, County or Local Government Unit or Department of Transportation",2022,26000.0,6393875.0,491488,107463,"DR,MB",19426449.0,"New York--Jersey City--Newark, NY--NJ",0.0041,0.0529,241.9437,unknown,unknown,none,
20192,"Bergen County, dba: Bergen County Community Transportation",Hackensack,NJ,"City, County or Local Government Unit or Department of Transportation",2023,26100.0,7002805.0,591658,139952,"DR,MB",19426449.0,"New York--Jersey City--Newark, NY--NJ",0.0037,0.0441,186.4925,unknown,unknown,none,
20199,County of Atlantic,Atlantic City,NJ,"City, County or Local Government Unit or Department of Transportation",2022,72000.0,3822291.0,364715,74753,DR,294921.0,"Atlantic City--Ocean City--Villas, NJ",0.0188,0.1974,963.172,unknown,unknown,none,
20199,County of Atlantic,Atlantic City,NJ,"City, County or Local Government Unit or Department of Transportation",2023,72000.0,3577305.0,346658,76267,DR,294921.0,"Atlantic City--Ocean City--Villas, NJ",0.0201,0.2077,944.0518,unknown,unknown,none,
20199,County of Atlantic,Atlantic City,NJ,"City, County or Local Government Unit or Department of Transportation",2024,21408.0,3593714.0,295023,72540,DR,294921.0,"Atlantic City--Ocean City--Villas, NJ",0.006,0.0726,295.1199,unknown,unknown,none,
20204,"Senior Citizens United Community Services of Camden County, Inc.",Audubon,NJ,Private-Non-Profit Corporation,2022,359400.0,3781423.0,574154,92035,DR,5696125.0,"Philadelphia, PA--NJ--DE--MD",0.095,0.626,3905.0361,unknown,unknown,none,
20204,"Senior Citizens United Community Services of Camden County, Inc.",Audubon,NJ,Private-Non-Profit Corporation,2023,354294.0,4739164.0,669776,108834,DR,5696125.0,"Philadelphia, PA--NJ--DE--MD",0.0748,0.529,3255.3614,unknown,unknown,none,
20204,"Senior Citizens United Community Services of Camden County, Inc.",Audubon,NJ,Private-Non-Profit Corporation,2024,444538.0,5322878.0,771830,129721,DR,5696125.0,"Philadelphia, PA--NJ--DE--MD",0.0835,0.576,3426.8777,unknown,unknown,none,
20209,"Somerset County, dba: Somerset County Transportation",Somerville,NJ,"City, County or Local Government Unit or Department of Transportation",2022,0.0,7646271.0,811616,122574,"DR,MB",19426449.0,"New York--Jersey City--Newark, NY--NJ",0.0,0.0,0.0,unknown,unknown,none,
20209,"Somerset County, dba: Somerset County Transportation",Somerville,NJ,"City, County or Local Government Unit or Department of Transportation",2023,0.0,8363950.0,796075,215121,"DR,MB",19426449.0,"New York--Jersey City--Newark, NY--NJ",0.0,0.0,0.0,unknown,unknown,none,
20209,"Somerset County, dba: Somerset County Transportation",Somerville,NJ,"City, County or Local Government Unit or Department of Transportation",2024,0.0,8243038.0,894904,254492,"DR,MB",19426449.0,"New York--Jersey City--Newark, NY--NJ",0.0,0.0,0.0,unknown,unknown,none,
20217,"Hampton Jitney, Inc.",Calverton,NY,Private-For-Profit Corporation,2022,1596366.0,17957368.0,2039368,521577,CB,19426449.0,"New York--Jersey City--Newark, NY--NJ",0.0889,0.7828,3060.6526,unknown,unknown,none,
20217,"Hampton Jitney, Inc.",Calverton,NY,Private-For-Profit Corporation,2023,1698385.0,18124411.0,2132186,535803,CB,19426449.0,"New York--Jersey City--Newark, NY--NJ",0.0937,0.7965,3169.7937,unknown,unknown,none,
20217,"Hampton Jitney, Inc.",Calverton,NY,Private-For-Profit Corporation,2024,2041561.0,19491178.0,2538489,543685,CB,19426449.0,"New York--Jersey City--Newark, NY--NJ",0.1047,0.8042,3755.0438,unknown,unknown,none,
20223,Cape May Lewes Ferry,New Castle,DE,Independent Public Agency or Authority of Transit Service,2022,1915911.0,24488286.0,71640,721923,FB,294921.0,"Atlantic City--Ocean City--Villas, NJ",0.0782,26.7436,2653.8994,unknown,unknown,per_occurrence_only,300000
20223,Cape May Lewes Ferry,New Castle,DE,Independent Public Agency or Authority of Transit Service,2023,1904573.0,23674255.0,73480,745196,FB,294921.0,"Atlantic City--Ocean City--Villas, NJ",0.0804,25.9196,2555.8014,unknown,unknown,per_occurrence_only,300000
20223,Cape May Lewes Ferry,New Castle,DE,Independent Public Agency or Authority of Transit Service,2024,1884777.0,24201513.0,72923,746699,FB,294921.0,"Atlantic City--Ocean City--Villas, NJ",0.0779,25.8461,2524.1456,unknown,unknown,per_occurrence_only,300000
20226,"SeaStreak, LLC",Atlantic Highlands,NJ,Private-For-Profit Corporation,2022,1366113.0,21572770.0,143935,750392,FB,19426449.0,"New York--Jersey City--Newark, NY--NJ",0.0633,9.4912,1820.5325,unknown,unknown,none,
20226,"SeaStreak, LLC",Atlantic Highlands,NJ,Private-For-Profit Corporation,2023,1562205.0,23788963.0,239568,1192351,FB,19426449.0,"New York--Jersey City--Newark, NY--NJ",0.0657,6.5209,1310.1889,unknown,unknown,none,
20226,"SeaStreak, LLC",Atlantic Highlands,NJ,Private-For-Profit Corporation,2024,1744506.0,25462304.0,230538,1310972,FB,19426449.0,"New York--Jersey City--Newark, NY--NJ",0.0685,7.5671,1330.6966,unknown,unknown,none,
20230,Barnegat Bay Decoy & Baymen's Museum,Tuckerton,NJ,Private-Non-Profit Corporation,2023,90150.0,906703.0,2312,7343,FB,19426449.0,"New York--Jersey City--Newark, NY--NJ",0.0994,38.9922,12276.9985,unknown,unknown,none,
20934,Regional Transit Service,Rochester,NY,Independent Public Agency or Authority of Transit Service,2024,0.0,1395561.0,161672,29618,MB,,New York Non-UZA,0.0,0.0,0.0,unknown,unknown,none,
20938,Regional Transit Service,Rochester,NY,Independent Public Agency or Authority of Transit Service,2024,0.0,1174385.0,203056,43709,MB,,New York Non-UZA,0.0,0.0,0.0,unknown,unknown,none,
20947,Regional Transit Service,Rochester,NY,Independent Public Agency or Authority of Transit Service,2024,0.0,735325.0,126541,33311,MB,,New York Non-UZA,0.0,0.0,0.0,unknown,unknown,none,
20962,Regional Transit Service,Rochester,NY,Independent Public Agency or Authority of Transit Service,2024,0.0,2289008.0,324075,69526,MB,,New York Non-UZA,0.0,0.0,0.0,unknown,unknown,none,
20967,Regional Transit Service,Rochester,NY,Independent Public Agency or Authority of Transit Service,2024,0.0,3150041.0,531663,151696,MB,,New York Non-UZA,0.0,0.0,0.0,unknown,unknown,none,
20980,Regional Transit Service,Rochester,NY,Independent Public Agency or Authority of Transit Service,2024,0.0,2107713.0,273164,42617,MB,,New York Non-UZA,0.0,0.0,0.0,unknown,unknown,none,
20983,Regional Transit Service,Rochester,NY,Independent Public Agency or Authority of Transit Service,2024,0.0,3145019.0,547809,101006,MB,,New York Non-UZA,0.0,0.0,0.0,unknown,unknown,none,
30001,Kanawha Valley Regional Transportation Authority,Charleston,WV,Independent Public Agency or Authority of Transit Service,2022,381028.0,12724863.0,2408728,1016520,"DR,MB",140958.0,"Charleston, WV",0.0299,0.1582,374.8357,unknown,unknown,noneconomic_only,500000
30001,Kanawha Valley Regional Transportation Authority,Charleston,WV,Independent Public Agency or Authority of Transit Service,2023,579664.0,13243130.0,2460481,1094139,"DR,MB",140958.0,"Charleston, WV",0.0438,0.2356,529.7901,unknown,unknown,noneconomic_only,500000
30001,Kanawha Valley Regional Transportation Authority,Charleston,WV,Independent Public Agency or Authority of Transit Service,2024,595562.0,15032440.0,2454718,1092102,"DR,MB",140958.0,"Charleston, WV",0.0396,0.2426,545.3355,unknown,unknown,noneconomic_only,500000
30002,The Tri-State Transit Authority,Hunnington,WV,Independent Public Agency or Authority of Transit Service,2022,121292.0,6625367.0,1183447,672455,"DR,MB",200157.0,"Huntington, WV--KY--OH",0.0183,0.1025,180.3719,unknown,unknown,noneconomic_only,500000
30002,The Tri-State Transit Authority,Huntington,WV,Independent Public Agency or Authority of Transit Service,2023,134288.0,6260039.0,1204363,731480,"DR,MB",200157.0,"Huntington, WV--KY--OH",0.0215,0.1115,183.584,unknown,unknown,noneconomic_only,500000
30002,The Tri-State Transit Authority,Huntington,WV,Independent Public Agency or Authority of Transit Service,2024,117878.0,6513787.0,1192647,743263,"DR,MB",200157.0,"Huntington, WV--KY--OH",0.0181,0.0988,158.5953,unknown,unknown,noneconomic_only,500000
30006,Greater Richmond Transit Company,Richmond,VA,Other Publicly-Owned or Privately Chartered Corporation,2022,1632839.0,52199561.0,4712935,8186544,"MB,RB",1059150.0,"Richmond, VA",0.0313,0.3465,199.454,pool,document,none,
30006,Greater Richmond Transit Company,Richmond,VA,Other Publicly-Owned or Privately Chartered Corporation,2023,1596993.0,55086401.0,4673370,9331675,"MB,RB",1059150.0,"Richmond, VA",0.029,0.3417,171.1368,pool,document,none,
30006,Greater Richmond Transit Company,Richmond,VA,Other Publicly-Owned or Privately Chartered Corporation,2024,1467882.0,64472433.0,5390674,10587937,"DR,MB,RB",1059150.0,"Richmond, VA",0.0228,0.2723,138.6372,pool,document,none,
30007,Greater Roanoke Transit Company,Roanoke,VA,Other Publicly-Owned or Privately Chartered Corporation,2022,230966.0,8515840.0,1668204,1071150,MB,217312.0,"Roanoke, VA",0.0271,0.1385,215.6243,unknown,unknown,none,
30007,"Greater Roanoke Transit Company, dba: Valley Metro",Roanoke,VA,Other Publicly-Owned or Privately Chartered Corporation,2023,290043.0,9119151.0,1611963,1216902,MB,217312.0,"Roanoke, VA",0.0318,0.1799,238.3454,unknown,unknown,none,
30007,"Greater Roanoke Transit Company, dba: Valley Metro",Roanoke,VA,Other Publicly-Owned or Privately Chartered Corporation,2024,246043.0,10384590.0,1561291,1308759,MB,217312.0,"Roanoke, VA",0.0237,0.1576,187.9972,unknown,unknown,none,
30008,Greater Lynchburg Transit Company,Lynchburg,VA,Independent Public Agency or Authority of Transit Service,2022,243427.0,7864251.0,1068761,446625,"DR,MB",125596.0,"Lynchburg, VA",0.031,0.2278,545.0367,unknown,unknown,none,
30008,Greater Lynchburg Transit Company,Lynchburg,VA,Independent Public Agency or Authority of Transit Service,2023,242517.0,8690008.0,1150848,520122,"DR,MB",125596.0,"Lynchburg, VA",0.0279,0.2107,466.2695,unknown,unknown,none,
30008,Greater Lynchburg Transit Company,Lynchburg,VA,Independent Public Agency or Authority of Transit Service,2024,250234.0,9002964.0,1158314,585759,"DR,MB",125596.0,"Lynchburg, VA",0.0278,0.216,427.1962,unknown,unknown,none,
30010,Lehigh and Northampton Transportation Authority,Allentown,PA,Independent Public Agency or Authority of Transit Service,2022,492473.0,32711342.0,3256828,2765903,MB,621703.0,"Allentown--Bethlehem, PA--NJ",0.0151,0.1512,178.0514,pool,document,per_occurrence_only,500000
30010,Lehigh and Northampton Transportation Authority,Allentown,PA,Independent Public Agency or Authority of Transit Service,2023,944335.0,37596041.0,3567129,3666743,MB,621703.0,"Allentown--Bethlehem, PA--NJ",0.0251,0.2647,257.5405,pool,document,per_occurrence_only,500000
30010,Lehigh and Northampton Transportation Authority,Allentown,PA,Independent Public Agency or Authority of Transit Service,2024,1029653.0,43383593.0,3704132,3969090,MB,621703.0,"Allentown--Bethlehem, PA--NJ",0.0237,0.278,259.4179,pool,document,per_occurrence_only,500000
30011,"Altoona Metro Transit, dba: AMTRAN",Altoona,PA,Independent Public Agency or Authority of Transit Service,2022,105374.0,5619737.0,540963,430725,"DR,MB",74426.0,"Altoona, PA",0.0188,0.1948,244.6433,unknown,unknown,per_occurrence_only,500000
30011,"Altoona Metro Transit, dba: AMTRAN",Altoona,PA,Independent Public Agency or Authority of Transit Service,2023,107996.0,5680902.0,549639,444716,"DR,MB",74426.0,"Altoona, PA",0.019,0.1965,242.8426,unknown,unknown,per_occurrence_only,500000
30011,"Altoona Metro Transit, dba: AMTRAN",Altoona,PA,Independent Public Agency or Authority of Transit Service,2024,111828.0,6071133.0,674038,488326,"DR,MB",74426.0,"Altoona, PA",0.0184,0.1659,229.0028,unknown,unknown,per_occurrence_only,500000
30012,Cambria County Transit Authority,Johnstown,PA,Independent Public Agency or Authority of Transit Service,2022,433385.0,11187607.0,1306585,711687,"DR,IP,MB",61521.0,"Johnstown, PA",0.0387,0.3317,608.9545,unknown,unknown,per_occurrence_only,500000
30012,"Cambria County Transit Authority, dba: CamTran",Johnstown,PA,Independent Public Agency or Authority of Transit Service,2023,562449.0,12832430.0,1266541,804968,"DR,IP,MB",61521.0,"Johnstown, PA",0.0438,0.4441,698.7222,unknown,unknown,per_occurrence_only,500000
30012,"Cambria County Transit Authority, dba: CamTran",Johnstown,PA,Independent Public Agency or Authority of Transit Service,2024,451902.0,13540746.0,1398654,850386,"DR,IP,MB",61521.0,"Johnstown, PA",0.0334,0.3231,531.4081,unknown,unknown,per_occurrence_only,500000
30013,Erie Metropolitan Transit Authority,Erie,PA,Independent Public Agency or Authority of Transit Service,2022,670569.0,20376520.0,2361641,1132538,"DR,MB",187820.0,"Erie, PA",0.0329,0.2839,592.094,unknown,unknown,per_occurrence_only,500000
30013,"Erie Metropolitan Transit Authority, dba: the e",Erie,PA,Independent Public Agency or Authority of Transit Service,2023,636956.0,22331761.0,2594434,1423465,"DR,MB",187820.0,"Erie, PA",0.0285,0.2455,447.4687,unknown,unknown,per_occurrence_only,500000
30013,"Erie Metropolitan Transit Authority, dba: the e",Erie,PA,Independent Public Agency or Authority of Transit Service,2024,622475.0,22658347.0,2571902,1594642,"DR,MB",187820.0,"Erie, PA",0.0275,0.242,390.3541,unknown,unknown,per_occurrence_only,500000
30014,"Cumberland Dauphin-Harrisburg Transit Authority, dba: Capital Area Transit",Harrisburg,PA,Independent Public Agency or Authority of Transit Service,2022,453351.0,18443782.0,2300576,1074580,"DR,MB",490859.0,"Harrisburg, PA",0.0246,0.1971,421.8867,unknown,unknown,per_occurrence_only,500000
30015,Luzerne County Transportation Authority,Kingston,PA,Independent Public Agency or Authority of Transit Service,2022,382634.0,14194908.0,1864638,777109,"DR,MB",366713.0,"Scranton, PA",0.027,0.2052,492.3814,unknown,unknown,per_occurrence_only,500000
30015,Luzerne County Transportation Authority,Kingston,PA,Independent Public Agency or Authority of Transit Service,2023,399213.0,16713463.0,1928117,864744,"DR,MB",366713.0,"Scranton, PA",0.0239,0.207,461.6545,unknown,unknown,per_occurrence_only,500000
30015,Luzerne County Transportation Authority,Wilkes Barre,PA,Independent Public Agency or Authority of Transit Service,2024,456921.0,17369049.0,1991860,991217,"DR,MB",366713.0,"Scranton, PA",0.0263,0.2294,460.9697,unknown,unknown,per_occurrence_only,500000
30019,Southeastern Pennsylvania Transportation Authority,Philadelphia,PA,Independent Public Agency or Authority of Transit Service,2022,30490465.0,1305195328.0,72321569,173482666,"CR,HR,MB,SR,TB",5696125.0,"Philadelphia, PA--NJ--DE--MD",0.0234,0.4216,175.7551,self_insured,document,per_occurrence_only,500000
30019,Southeastern Pennsylvania Transportation Authority,Philadelphia,PA,Independent Public Agency or Authority of Transit Service,2023,29961759.0,1386540169.0,73919281,196369788,"CR,HR,MB,SR,TB",5696125.0,"Philadelphia, PA--NJ--DE--MD",0.0216,0.4053,152.5783,self_insured,document,per_occurrence_only,500000
30019,Southeastern Pennsylvania Transportation Authority,Philadelphia,PA,Independent Public Agency or Authority of Transit Service,2024,25165647.0,1485610540.0,72773294,199763201,"CR,HR,MB,SR,TB",5696125.0,"Philadelphia, PA--NJ--DE--MD",0.0169,0.3458,125.9774,self_insured,document,per_occurrence_only,500000
30022,Port Authority of Allegheny County,Pittsburgh,PA,Independent Public Agency or Authority of Transit Service,2022,3854799.0,418334699.0,20250117,31482667,"IP,LR,MB",1745039.0,"Pittsburgh, PA",0.0092,0.1904,122.4419,self_insured,document,per_occurrence_only,500000
30022,Pittsburgh Regional Transit,Pittsburgh,PA,Independent Public Agency or Authority of Transit Service,2023,5180133.0,444845202.0,19751150,36981781,"IP,LR,MB",1745039.0,"Pittsburgh, PA",0.0116,0.2623,140.0726,self_insured,document,per_occurrence_only,500000
30022,Pittsburgh Regional Transit,Pittsburgh,PA,Independent Public Agency or Authority of Transit Service,2024,6077970.0,465768451.0,20200308,36931163,"IP,LR,MB",1745039.0,"Pittsburgh, PA",0.013,0.3009,164.5756,self_insured,document,per_occurrence_only,500000
30023,Beaver County Transit Authority,Rochester,PA,Independent Public Agency or Authority of Transit Service,2022,157767.0,7478207.0,998915,385997,"DR,MB",1745039.0,"Pittsburgh, PA",0.0211,0.1579,408.726,unknown,unknown,per_occurrence_only,500000
30023,Beaver County Transit Authority,Rochester,PA,Independent Public Agency or Authority of Transit Service,2023,239956.0,8355016.0,1037781,461712,"DR,MB",1745039.0,"Pittsburgh, PA",0.0287,0.2312,519.7093,unknown,unknown,per_occurrence_only,500000
30023,Beaver County Transit Authority,Rochester,PA,Independent Public Agency or Authority of Transit Service,2024,277260.0,9223053.0,1037825,500100,"DR,MB",1745039.0,"Pittsburgh, PA",0.0301,0.2672,554.4091,unknown,unknown,per_occurrence_only,500000
30025,County of Lackawanna Transit System,Scranton,PA,Independent Public Agency or Authority of Transit Service,2022,390099.0,13502535.0,1463927,622683,"DR,MB",366713.0,"Scranton, PA",0.0289,0.2665,626.4809,unknown,unknown,per_occurrence_only,500000
30025,County of Lackawanna Transit System,Scranton,PA,Independent Public Agency or Authority of Transit Service,2023,405660.0,14322138.0,1572455,750884,"DR,MB",366713.0,"Scranton, PA",0.0283,0.258,540.2432,unknown,unknown,per_occurrence_only,500000
30025,County of Lackawanna Transit System,Scranton,PA,Independent Public Agency or Authority of Transit Service,2024,455777.0,14513280.0,1610257,828904,"DR,MB",366713.0,"Scranton, PA",0.0314,0.283,549.855,unknown,unknown,per_occurrence_only,500000
30026,"City of Williamsport, dba: River Valley Transit",Williamsport,PA,"City, County or Local Government Unit or Department of Transportation",2022,127599.0,8270825.0,855910,688234,MB,55344.0,"Williamsport, PA",0.0154,0.1491,185.4006,unknown,unknown,per_occurrence_only,500000
30026,River Valley Transit Authority,Williamsport,PA,Independent Public Agency or Authority of Transit Service,2023,259487.0,8328045.0,875498,774502,MB,55344.0,"Williamsport, PA",0.0312,0.2964,335.0372,unknown,unknown,per_occurrence_only,500000
30027,Central Pennsylvania Transportation Authority,York,PA,Independent Public Agency or Authority of Transit Service,2022,820635.0,23627863.0,4747573,1241316,"CB,DR,MB",238549.0,"York, PA",0.0347,0.1729,661.1008,unknown,unknown,per_occurrence_only,500000
30030,Washington Metropolitan Area Transit Authority,Washington,DC,Independent Public Agency or Authority of Transit Service,2022,40393134.0,2061176964.0,88681458,154848099,"HR,MB",5174759.0,"Washington--Arlington, DC--VA--MD",0.0196,0.4555,260.8565,self_insured_with_excess,document,none,
30030,"Washington Metropolitan Area Transit Authority, dba: Washington Metro",Washington,DC,Independent Public Agency or Authority of Transit Service,2023,36452576.0,2451474123.0,110460607,229629638,"HR,MB",5174759.0,"Washington--Arlington, DC--VA--MD",0.0149,0.33,158.7451,self_insured_with_excess,document,none,
30030,"Washington Metropolitan Area Transit Authority, dba: Washington Metro",Washington,DC,Independent Public Agency or Authority of Transit Service,2024,41806602.0,2764077018.0,137205624,261077155,"HR,MB",5174759.0,"Washington--Arlington, DC--VA--MD",0.0151,0.3047,160.1312,self_insured_with_excess,document,none,
30034,Maryland Transit Administration,Baltimore,MD,State Government Unit or Department of Transportation,2022,9532299.0,500390341.0,27364830,45343226,"DR,HR,LR,MB",2212038.0,"Baltimore, MD",0.019,0.3483,210.2254,self_insured_with_excess,document,per_person_and_occurrence,800000
30034,"Maryland Transit Administration, dba: MTA",Baltimore,MD,State Government Unit or Department of Transportation,2023,10278540.0,529922606.0,27495277,50936034,"DR,HR,LR,MB",2212038.0,"Baltimore, MD",0.0194,0.3738,201.7931,self_insured_with_excess,document,per_person_and_occurrence,800000
30034,"Maryland Transit Administration, dba: MTA",Baltimore,MD,State Government Unit or Department of Transportation,2024,8456658.0,611542611.0,27374207,56180359,"DR,HR,LR,MB",2212038.0,"Baltimore, MD",0.0138,0.3089,150.5269,self_insured_with_excess,document,per_person_and_occurrence,800000
30035,Ohio Valley Regional Transportation Authority,Wheeling,WV,Independent Public Agency or Authority of Transit Service,2022,218705.0,4286723.0,776647,277912,"DR,MB",57695.0,"Wheeling, WV--OH",0.051,0.2816,786.9577,unknown,unknown,noneconomic_only,500000
30035,Ohio Valley Regional Transportation Authority,Wheeling,WV,Independent Public Agency or Authority of Transit Service,2023,223615.0,4623937.0,800208,317863,"DR,MB",57695.0,"Wheeling, WV--OH",0.0484,0.2794,703.4949,unknown,unknown,noneconomic_only,500000
30035,Ohio Valley Regional Transportation Authority,Wheeling,WV,Independent Public Agency or Authority of Transit Service,2024,273669.0,5098376.0,791548,342251,"DR,MB",57695.0,"Wheeling, WV--OH",0.0537,0.3457,799.6149,unknown,unknown,noneconomic_only,500000
30044,"Westmoreland County , dba: Westmoreland County Transit Authority",Greensburg,PA,"City, County or Local Government Unit or Department of Transportation",2022,721321.0,11420097.0,2148530,290384,"DR,MB",1745039.0,"Pittsburgh, PA",0.0632,0.3357,2484.0246,unknown,unknown,per_occurrence_only,500000
30044,Westmoreland County Transit Authority,Greensburg,PA,Independent Public Agency or Authority of Transit Service,2023,708774.0,13122334.0,2298450,350383,"DR,MB",1745039.0,"Pittsburgh, PA",0.054,0.3084,2022.855,unknown,unknown,per_occurrence_only,500000
30044,Westmoreland County Transit Authority,Greensburg,PA,Independent Public Agency or Authority of Transit Service,2024,790190.0,13883645.0,2401559,363689,"DR,MB",1745039.0,"Pittsburgh, PA",0.0569,0.329,2172.708,unknown,unknown,per_occurrence_only,500000
30045,"JAUNT, Inc.",Charlottesville,VA,Other Publicly-Owned or Privately Chartered Corporation,2022,370861.0,8979756.0,1297568,188297,"CB,DR",104191.0,"Charlottesville, VA",0.0413,0.2858,1969.5534,unknown,unknown,none,
30045,"JAUNT, Inc.",Charlottesville,VA,Other Publicly-Owned or Privately Chartered Corporation,2023,391132.0,10032918.0,1451126,240235,"CB,DR",104191.0,"Charlottesville, VA",0.039,0.2695,1628.1225,unknown,unknown,none,
30045,"JAUNT, Inc.",Charlottesville,VA,Other Publicly-Owned or Privately Chartered Corporation,2024,384699.0,10408032.0,1338149,228046,"CB,DR",104191.0,"Charlottesville, VA",0.037,0.2875,1686.936,unknown,unknown,none,
30051,"Montgomery County, Maryland, dba: Ride On, Montgomery County Transit",Rockville,MD,"City, County or Local Government Unit or Department of Transportation",2022,95354.0,142614721.0,11965887,14102952,"DR,MB",5174759.0,"Washington--Arlington, DC--VA--MD",0.0007,0.008,6.7613,self_insured_with_excess,document,per_person_and_occurrence,800000
30051,"Montgomery County, Maryland, dba: Ride On",Rockville,MD,"City, County or Local Government Unit or Department of Transportation",2023,95354.0,169001495.0,12399309,14372995,"DR,MB",5174759.0,"Washington--Arlington, DC--VA--MD",0.0006,0.0077,6.6342,self_insured_with_excess,document,per_person_and_occurrence,800000
30051,"Montgomery County, Maryland, dba: Ride On",Rockville,MD,"City, County or Local Government Unit or Department of Transportation",2024,95354.0,170612112.0,12957223,18434535,"DR,MB",5174759.0,"Washington--Arlington, DC--VA--MD",0.0006,0.0074,5.1726,self_insured_with_excess,document,per_person_and_occurrence,800000
30054,Centre Area Transportation Authority,State College,PA,Independent Public Agency or Authority of Transit Service,2022,341348.0,14587215.0,1811074,3409265,"MB,VP",83674.0,"State College, PA",0.0234,0.1885,100.1236,unknown,unknown,per_occurrence_only,500000
30054,Centre Area Transportation Authority,State College,PA,Independent Public Agency or Authority of Transit Service,2023,285597.0,16386980.0,1569754,4705689,"MB,VP",83674.0,"State College, PA",0.0174,0.1819,60.6919,unknown,unknown,per_occurrence_only,500000
30054,Centre Area Transportation Authority,State College,PA,Independent Public Agency or Authority of Transit Service,2024,337112.0,16823017.0,1293732,4888500,MB,83674.0,"State College, PA",0.02,0.2606,68.9602,unknown,unknown,per_occurrence_only,500000
30058,"City of Fairfax, dba: CUE Bus",Fairfax,VA,"City, County or Local Government Unit or Department of Transportation",2022,28854.0,4991716.0,431985,536110,MB,5174759.0,"Washington--Arlington, DC--VA--MD",0.0058,0.0668,53.821,unknown,unknown,none,
30058,"City of Fairfax, dba: CUE Bus",Fairfax,VA,"City, County or Local Government Unit or Department of Transportation",2023,33050.0,4709189.0,434730,845194,MB,5174759.0,"Washington--Arlington, DC--VA--MD",0.007,0.076,39.1034,unknown,unknown,none,
30058,"City of Fairfax, dba: CUE Bus",Fairfax,VA,"City, County or Local Government Unit or Department of Transportation",2024,36617.0,5211053.0,434414,1002134,MB,5174759.0,"Washington--Arlington, DC--VA--MD",0.007,0.0843,36.539,unknown,unknown,none,
30071,City of Alexandria,Alexandria,VA,"City, County or Local Government Unit or Department of Transportation",2022,790985.0,30502382.0,2407096,3019825,MB,5174759.0,"Washington--Arlington, DC--VA--MD",0.0259,0.3286,261.9307,unknown,unknown,none,
30071,"City of Alexandria , dba: DASH",Alexandria,VA,"City, County or Local Government Unit or Department of Transportation",2023,885695.0,35928241.0,2645300,4540860,MB,5174759.0,"Washington--Arlington, DC--VA--MD",0.0247,0.3348,195.0501,unknown,unknown,none,
30071,"City of Alexandria, dba: DASH",Alexandria,VA,"City, County or Local Government Unit or Department of Transportation",2024,903463.0,37373540.0,2659511,5310995,MB,5174759.0,"Washington--Arlington, DC--VA--MD",0.0242,0.3397,170.1118,unknown,unknown,none,
30072,"Frederick County, Maryland, dba: TransIT Services of Frederick County",Frederick,MD,"City, County or Local Government Unit or Department of Transportation",2022,37285.0,7735193.0,1067011,506394,"DR,MB",176456.0,"Frederick, MD",0.0048,0.0349,73.6284,unknown,unknown,per_person_and_occurrence,800000
30072,"Frederick County, Maryland, dba: TransIt Services of Frederick",Frederick,MD,"City, County or Local Government Unit or Department of Transportation",2023,39215.0,8193297.0,1045285,677642,"DR,MB",176456.0,"Frederick, MD",0.0048,0.0375,57.8698,unknown,unknown,per_person_and_occurrence,800000
30072,"Frederick County, Maryland, dba: TransIt Services of Frederick",Frederick,MD,"City, County or Local Government Unit or Department of Transportation",2024,41986.0,8759310.0,1046853,827027,"DR,MB",176456.0,"Frederick, MD",0.0048,0.0401,50.7674,unknown,unknown,per_person_and_occurrence,800000
30075,Delaware Transit Corporation,Dover,DE,Independent Public Agency or Authority of Transit Service,2022,1512998.0,110258479.0,13644127,5602466,"DR,MB",5696125.0,"Philadelphia, PA--NJ--DE--MD",0.0137,0.1109,270.0593,self_insured,document,per_occurrence_only,300000
30075,Delaware Transit Corporation,Dover,DE,Independent Public Agency or Authority of Transit Service,2023,1964157.0,116844908.0,13873475,6960956,"DR,MB",5696125.0,"Philadelphia, PA--NJ--DE--MD",0.0168,0.1416,282.1677,self_insured,document,per_occurrence_only,300000
30075,Delaware Transit Corporation,Dover,DE,Independent Public Agency or Authority of Transit Service,2024,3550532.0,123403158.0,14173388,7385978,"DR,MB",5696125.0,"Philadelphia, PA--NJ--DE--MD",0.0288,0.2505,480.7125,self_insured,document,per_occurrence_only,300000
30076,Williamsburg Area Transit Authority,Williamsburg,VA,Independent Public Agency or Authority of Transit Service,2022,52911.0,5736350.0,962150,687407,"DR,MB",89585.0,"Williamsburg, VA",0.0092,0.055,76.9719,unknown,unknown,none,
30076,Williamsburg Area Transit Authority,Williamsburg,VA,Independent Public Agency or Authority of Transit Service,2023,57171.0,6382232.0,974210,740818,"DR,MB",89585.0,"Williamsburg, VA",0.009,0.0587,77.1728,unknown,unknown,none,
30076,Williamsburg Area Transit Authority,Williamsburg,VA,Independent Public Agency or Authority of Transit Service,2024,86429.0,7719611.0,1127856,1423486,"DR,MB",89585.0,"Williamsburg, VA",0.0112,0.0766,60.7164,unknown,unknown,none,
30083,"Transportation District Commission of Hampton Roads, dba: Hampton Roads Transit",Hampton,VA,Independent Public Agency or Authority of Transit Service,2022,3990187.0,89412608.0,9336450,5852153,"LR,MB",1451578.0,"Virginia Beach--Norfolk, VA",0.0446,0.4274,681.8323,self_insured_with_excess,document,none,
30083,"Transportation District Commission of Hampton Roads, dba: Hampton Roads Transit",Hampton,VA,Independent Public Agency or Authority of Transit Service,2023,4269133.0,103666286.0,10094531,6542900,"LR,MB",1451578.0,"Virginia Beach--Norfolk, VA",0.0412,0.4229,652.4833,self_insured_with_excess,document,none,
30083,"Transportation District Commission of Hampton Roads, dba: Hampton Roads Transit",Hampton,VA,Independent Public Agency or Authority of Transit Service,2024,5043973.0,110740505.0,9777785,7981566,"LR,MB",1451578.0,"Virginia Beach--Norfolk, VA",0.0455,0.5159,631.9528,self_insured_with_excess,document,none,
30085,"Prince George's County, Maryland, dba: Prince George's County Transit",Upper Marlboro,MD,"City, County or Local Government Unit or Department of Transportation",2022,72485.0,4014813.0,318122,35444,DR,5174759.0,"Washington--Arlington, DC--VA--MD",0.0181,0.2279,2045.057,unknown,unknown,per_person_and_occurrence,800000
30085,"Prince George's County, Maryland, dba: Prince George's County Transit/TheBus",Upper Marlboro,MD,"City, County or Local Government Unit or Department of Transportation",2023,80831.0,4056044.0,309368,38242,DR,5174759.0,"Washington--Arlington, DC--VA--MD",0.0199,0.2613,2113.6708,unknown,unknown,per_person_and_occurrence,800000
30085,"Prince George's County, Maryland, dba: Prince George's County Transit/TheBus",Upper Marlboro,MD,"City, County or Local Government Unit or Department of Transportation",2024,90229.0,4579357.0,385906,41213,DR,5174759.0,"Washington--Arlington, DC--VA--MD",0.0197,0.2338,2189.3335,unknown,unknown,per_person_and_occurrence,800000
30087,"County of Fayette, dba: Fayette Area Coordinated Transportation",Uniontown,PA,"City, County or Local Government Unit or Department of Transportation",2022,30209.0,4103704.0,1154484,166164,"DR,MB",4196634.0,Pennsylvania Non-UZA,0.0074,0.0262,181.8023,unknown,unknown,per_occurrence_only,500000
30087,"County of Fayette, dba: Fayette Area Coordinated Transportation",Uniontown,PA,"City, County or Local Government Unit or Department of Transportation",2023,21021.0,4549566.0,1187290,181885,"DR,MB",4196634.0,Pennsylvania Non-UZA,0.0046,0.0177,115.573,unknown,unknown,per_occurrence_only,500000
30087,"County of Fayette, dba: Fayette Area Coordinated Transportation",Uniontown,PA,"City, County or Local Government Unit or Department of Transportation",2024,15915.0,4979557.0,1247219,178522,"DR,MB",4196634.0,Pennsylvania Non-UZA,0.0032,0.0128,89.1487,unknown,unknown,per_occurrence_only,500000
30091,"Town of Blacksburg, dba: Blacksburg Transit",Blacksburg,VA,"City, County or Local Government Unit or Department of Transportation",2022,101170.0,9966111.0,1050017,3267836,"DR,MB",72400.0,"Blacksburg--Christiansburg, VA",0.0102,0.0964,30.9593,unknown,unknown,none,
30091,"Town of Blacksburg, dba: Blacksburg Transit",Blacksburg,VA,"City, County or Local Government Unit or Department of Transportation",2023,116305.0,10779617.0,970178,3520078,"DR,MB",72400.0,"Blacksburg--Christiansburg, VA",0.0108,0.1199,33.0405,unknown,unknown,none,
30091,"Town of Blacksburg, dba: Blacksburg Transit",Blacksburg,VA,"City, County or Local Government Unit or Department of Transportation",2024,118453.0,12791613.0,1022384,3791431,"DR,MB",72400.0,"Blacksburg--Christiansburg, VA",0.0093,0.1159,31.2423,unknown,unknown,none,
30094,"City of Harrisonburg, dba: Harrisonburg Department of Public Transportation",Harrisonburg,VA,"City, County or Local Government Unit or Department of Transportation",2022,155636.0,5929407.0,753636,1360073,"DR,MB",73377.0,"Harrisonburg, VA",0.0262,0.2065,114.4321,unknown,unknown,none,
30094,City of Harrisonburg,Harrisonburg,VA,"City, County or Local Government Unit or Department of Transportation",2023,145462.0,5945510.0,723646,1522746,"DR,MB",73377.0,"Harrisonburg, VA",0.0245,0.201,95.5261,unknown,unknown,none,
30094,City of Harrisonburg,Harrisonburg,VA,"City, County or Local Government Unit or Department of Transportation",2024,144950.0,7041612.0,768657,1877126,"DR,MB",73377.0,"Harrisonburg, VA",0.0206,0.1886,77.2191,unknown,unknown,none,
30095,County of Lebanon Transit Authority,Lebanon,PA,Independent Public Agency or Authority of Transit Service,2022,187390.0,4676704.0,722538,226301,"DR,MB",75485.0,"Lebanon, PA",0.0401,0.2593,828.0564,unknown,unknown,per_occurrence_only,500000
30095,"County of Lebanon Transit Authority, dba: Lebanon Transit",Lebanon,PA,Independent Public Agency or Authority of Transit Service,2023,175428.0,4599131.0,691775,243772,"DR,MB",75485.0,"Lebanon, PA",0.0381,0.2536,719.6397,unknown,unknown,per_occurrence_only,500000
30095,"County of Lebanon Transit Authority, dba: Lebanon Transit",Lebanon,PA,Independent Public Agency or Authority of Transit Service,2024,166627.0,4974166.0,682609,252822,"DR,MB",75485.0,"Lebanon, PA",0.0335,0.2441,659.0684,unknown,unknown,per_occurrence_only,500000
30096,The Tri-County Council for the Lower Eastern Shore of Maryland,Salisbury,MD,Independent Public Agency or Authority of Transit Service,2022,58417.0,5022748.0,1641291,188199,"DR,MB",78075.0,"Salisbury, MD--DE",0.0116,0.0356,310.4002,unknown,unknown,per_person_and_occurrence,800000
30096,"The Tri-County Council for the Lower Eastern Shore of Maryland, dba: Shore Transit",Salisbury,MD,Independent Public Agency or Authority of Transit Service,2023,73555.0,6323664.0,1617398,213781,"DR,MB",78075.0,"Salisbury, MD--DE",0.0116,0.0455,344.0671,unknown,unknown,per_person_and_occurrence,800000
30096,"The Tri-County Council for the Lower Eastern Shore of Maryland, dba: Shore Transit",Salisbury,MD,Independent Public Agency or Authority of Transit Service,2024,42469.0,6359355.0,1483786,190581,"DR,MB",78075.0,"Salisbury, MD--DE",0.0067,0.0286,222.8396,unknown,unknown,per_person_and_occurrence,800000
30107,West Virginia University - Morgantown Personal Rapid Transit,Morgantown,WV,University,2022,38350.0,6679611.0,478552,1398893,MG,77620.0,"Morgantown, WV",0.0057,0.0801,27.4145,unknown,unknown,noneconomic_only,500000
30107,"West Virginia University, dba: Personal Rapid Transit",Morgantown,WV,University,2023,27224.0,5365216.0,517193,1600303,MG,77620.0,"Morgantown, WV",0.0051,0.0526,17.0118,unknown,unknown,noneconomic_only,500000
30107,"West Virginia University, dba: Personal Rapid Transit",Morgantown,WV,University,2024,29700.0,4930288.0,515899,1565718,MG,77620.0,"Morgantown, WV",0.006,0.0576,18.9689,unknown,unknown,noneconomic_only,500000
30137,Monroe County Transportation  Authority,Swiftwater,PA,Independent Public Agency or Authority of Transit Service,2022,437346.0,5652059.0,1037481,272106,"DR,MB",4196634.0,Pennsylvania Non-UZA,0.0774,0.4215,1607.2633,unknown,unknown,per_occurrence_only,500000
30202,South Central Transit Authority,Lancaster,PA,Independent Public Agency or Authority of Transit Service,2022,757127.0,26884612.0,3813052,2973666,"DR,MB",394530.0,"Lancaster--Manheim, PA",0.0282,0.1986,254.6106,pool,document,per_occurrence_only,500000
30202,South Central Transit Authority,Lancaster,PA,Independent Public Agency or Authority of Transit Service,2023,831279.0,28242813.0,3801610,3342450,"DR,MB",394530.0,"Lancaster--Manheim, PA",0.0294,0.2187,248.7035,pool,document,per_occurrence_only,500000
30202,South Central Transit Authority,Lancaster,PA,Independent Public Agency or Authority of Transit Service,2024,878437.0,32790155.0,3800833,3560122,"DR,MB",394530.0,"Lancaster--Manheim, PA",0.0268,0.2311,246.7435,pool,document,per_occurrence_only,500000
30205,"Transit Management of Central Maryland, Inc., dba: Regional Transportation Agency of Central Maryland",Annapolis Junction,MD,Other Publicly-Owned or Privately Chartered Corporation,2023,988028.0,17025271.0,2283006,778214,"DR,MB",2212038.0,"Baltimore, MD",0.058,0.4328,1269.6096,unknown,unknown,per_person_and_occurrence,800000
30205,"Transit Management of Central Maryland, Inc., dba: Regional Transportation Agency of Central Maryland",Ellicott City,MD,Other Publicly-Owned or Privately Chartered Corporation,2024,1105139.0,18271580.0,2506811,950166,"DR,MB",2212038.0,"Baltimore, MD",0.0605,0.4409,1163.101,unknown,unknown,per_person_and_occurrence,800000
30206,"Susquehanna Regional Transportation Authority, dba: rabbittransit",Harrisburg,PA,Independent Public Agency or Authority of Transit Service,2023,650558.0,16514531.0,4062645,461801,"CB,DR,MB",490859.0,"Harrisburg, PA",0.0394,0.1601,1408.741,pool,document,per_occurrence_only,500000
30206,"Susquehanna Regional Transportation Authority, dba: rabbittransit",Harrisburg,PA,Independent Public Agency or Authority of Transit Service,2024,476052.0,18394201.0,4218833,478734,"CB,DR,MB",490859.0,"Harrisburg, PA",0.0259,0.1128,994.3977,pool,document,per_occurrence_only,500000
30207,"RIVER VALLEY TRANSIT AUTHORITY, dba: River Valley Transit",Williamsport,PA,Independent Public Agency or Authority of Transit Service,2024,251982.0,9237622.0,871090,791679,MB,55344.0,"Williamsport, PA",0.0273,0.2893,318.2881,unknown,unknown,per_occurrence_only,500000
31036,"STEP, Inc.",Williamsport,PA,Private-Non-Profit Corporation,2024,100553.0,2695519.0,590240,74400,DR,55344.0,"Williamsport, PA",0.0373,0.1704,1351.5188,unknown,unknown,per_occurrence_only,500000
40001,Chattanooga Area Regional Transportation Authority,Chattanooga,TN,"City, County or Local Government Unit or Department of Transportation",2022,386174.0,21737517.0,2251478,1659923,"DR,IP,MB",398569.0,"Chattanooga, TN--GA",0.0178,0.1715,232.6457,unknown,unknown,per_person_and_occurrence,700000
40001,Chattanooga Area Regional Transportation Authority,Chattanooga,TN,"City, County or Local Government Unit or Department of Transportation",2023,504813.0,24121318.0,2260630,1736039,"DR,IP,MB",398569.0,"Chattanooga, TN--GA",0.0209,0.2233,290.7844,unknown,unknown,per_person_and_occurrence,700000
40001,Chattanooga Area Regional Transportation Authority,Chattanooga,TN,"City, County or Local Government Unit or Department of Transportation",2024,617701.0,24381552.0,2607159,1808673,"DR,IP,MB",398569.0,"Chattanooga, TN--GA",0.0253,0.2369,341.5217,unknown,unknown,per_person_and_occurrence,700000
40002,"City of Knoxville, dba: Knoxville Area Transit",Knoxville,TN,"City, County or Local Government Unit or Department of Transportation",2022,336733.0,22160526.0,2955446,2062007,"DR,MB",597257.0,"Knoxville, TN",0.0152,0.1139,163.3035,unknown,unknown,per_person_and_occurrence,700000
40002,"City of Knoxville, dba: Knoxville Area Transit",Knoxville,TN,"City, County or Local Government Unit or Department of Transportation",2023,569914.0,22075545.0,3125249,2312188,"DR,MB",597257.0,"Knoxville, TN",0.0258,0.1824,246.4826,unknown,unknown,per_person_and_occurrence,700000
40002,"City of Knoxville, dba: Knoxville Area Transit",Knoxville,TN,"City, County or Local Government Unit or Department of Transportation",2024,425930.0,22565285.0,3034212,2797279,"DR,MB",597257.0,"Knoxville, TN",0.0189,0.1404,152.2658,unknown,unknown,per_person_and_occurrence,700000
40003,"City of Memphis, dba: Memphis Area Transit Authority",Memphis,TN,"City, County or Local Government Unit or Department of Transportation",2022,724702.0,59932315.0,5741608,2976709,"DR,MB,SR",1056190.0,"Memphis, TN--MS--AR",0.0121,0.1262,243.4575,self_insured_with_excess,document,per_person_and_occurrence,700000
40003,"City of Memphis, dba: Memphis Area Transit Authority",Memphis,TN,"City, County or Local Government Unit or Department of Transportation",2023,899571.0,53076811.0,5445567,2819588,"DR,MB,SR",1056190.0,"Memphis, TN--MS--AR",0.0169,0.1652,319.0434,self_insured_with_excess,document,per_person_and_occurrence,700000
40003,"City of Memphis, dba: Memphis Area Transit Authority",Memphis,TN,"City, County or Local Government Unit or Department of Transportation",2024,1140744.0,51533028.0,5109210,3118613,"DR,MB,SR",1056190.0,"Memphis, TN--MS--AR",0.0221,0.2233,365.7857,self_insured_with_excess,document,per_person_and_occurrence,700000
40004,Metropolitan Transit Authority,Madison,TN,Independent Public Agency or Authority of Transit Service,2022,2940075.0,70002205.0,7675081,6281673,"DR,MB",1158642.0,"Nashville-Davidson, TN",0.042,0.3831,468.0401,self_insured_with_excess,document,per_person_and_occurrence,700000
40004,"Metropolitan Transit Authority, dba: WeGo Public Transit",Madison,TN,Independent Public Agency or Authority of Transit Service,2023,3062504.0,107199721.0,8281467,8040480,"DR,MB",1158642.0,"Nashville-Davidson, TN",0.0286,0.3698,380.8857,self_insured_with_excess,document,per_person_and_occurrence,700000
40004,"Metropolitan Transit Authority, dba: WeGo Public Transit",Madison,TN,Independent Public Agency or Authority of Transit Service,2024,4982101.0,117714465.0,8687021,8720026,"DR,MB",1158642.0,"Nashville-Davidson, TN",0.0423,0.5735,571.3402,self_insured_with_excess,document,per_person_and_occurrence,700000
40006,"Cape Fear Public Transportation Authority, dba: Wave Transit",Wilmington,NC,Independent Public Agency or Authority of Transit Service,2022,190981.0,1706596.0,341617,47866,"DR,VP",255329.0,"Wilmington, NC",0.1119,0.5591,3989.9093,unknown,unknown,other,
40006,"Cape Fear Public Transportation Authority, dba: Wave Transit",Wilmington,NC,Independent Public Agency or Authority of Transit Service,2023,114346.0,1682444.0,344211,52809,DR,255329.0,"Wilmington, NC",0.068,0.3322,2165.2749,unknown,unknown,other,
40006,"Cape Fear Public Transportation Authority, dba: Wave Transit",Wilmington,NC,Independent Public Agency or Authority of Transit Service,2024,95315.0,1766128.0,362321,55939,DR,255329.0,"Wilmington, NC",0.054,0.2631,1703.9096,unknown,unknown,other,
40008,"City of Charlotte North Carolina, dba: Charlotte Area Transit System",Charlotte,NC,"City, County or Local Government Unit or Department of Transportation",2022,3292409.0,61782631.0,3970117,4422269,"DR,LR,SR,VP",1379873.0,"Charlotte, NC--SC",0.0533,0.8293,744.5067,self_insured_with_excess,document,other,
40008,City of Charlotte North Carolina,Charlotte,NC,"City, County or Local Government Unit or Department of Transportation",2023,3876830.0,81540394.0,4027351,5920602,"DR,LR,SR,VP",1379873.0,"Charlotte, NC--SC",0.0475,0.9626,654.8033,self_insured_with_excess,document,other,
40008,City of Charlotte North Carolina,Charlotte,NC,"City, County or Local Government Unit or Department of Transportation",2024,4590962.0,86475259.0,4053235,6594969,"DR,LR,SR,VP",1379873.0,"Charlotte, NC--SC",0.0531,1.1327,696.1309,self_insured_with_excess,document,other,
40009,"City of Fayetteville, dba: Fayetteville Area System of Transit",Fayetteville,NC,"City, County or Local Government Unit or Department of Transportation",2022,214479.0,10418063.0,1422402,1779098,"DR,MB",325008.0,"Fayetteville, NC",0.0206,0.1508,120.5549,unknown,unknown,other,
40009,"City of Fayetteville, dba: Fayetteville Area System of Transit",Fayetteville,NC,"City, County or Local Government Unit or Department of Transportation",2023,252674.0,11672786.0,1564932,2190950,"DR,MB",325008.0,"Fayetteville, NC",0.0216,0.1615,115.3262,unknown,unknown,other,
40009,"City of Fayetteville, dba: Fayetteville Area System of Transit",Fayetteville,NC,"City, County or Local Government Unit or Department of Transportation",2024,190492.0,12441175.0,1592274,1521040,"DR,MB",325008.0,"Fayetteville, NC",0.0153,0.1196,125.238,unknown,unknown,other,
40012,"City of Winston Salem, dba: Winston-Salem Transit Authority",Winston Salem,NC,Independent Public Agency or Authority of Transit Service,2022,19695.0,19466120.0,2894779,1580823,"DR,MB",420924.0,"Winston-Salem, NC",0.001,0.0068,12.4587,unknown,unknown,other,
40012,"City of Winston Salem, dba: Winston-Salem Transit Authority",Winston Salem,NC,"City, County or Local Government Unit or Department of Transportation",2023,19890.0,21391020.0,2903413,1715582,"DR,MB",420924.0,"Winston-Salem, NC",0.0009,0.0069,11.5937,unknown,unknown,other,
40012,"City of Winston Salem, dba: Winston-Salem Transit Authority",Winston Salem,NC,"City, County or Local Government Unit or Department of Transportation",2024,29414.0,23512797.0,2860944,1778798,"DR,MB",420924.0,"Winston-Salem, NC",0.0013,0.0103,16.5359,unknown,unknown,other,
40014,"Ms Coast Transportation Authority, dba: Coast Transit Authority",Gulfport,MS,Independent Public Agency or Authority of Transit Service,2022,536214.0,8231140.0,1174790,577866,"DR,MB",236344.0,"Gulfport--Biloxi, MS",0.0651,0.4564,927.921,unknown,unknown,per_occurrence_only,500000
40014,"Ms Coast Transportation Authority, dba: COAST TRANSIT AUTHORITY",Gulfport,MS,Independent Public Agency or Authority of Transit Service,2023,616666.0,8515518.0,1344728,675044,"DR,MB",236344.0,"Gulfport--Biloxi, MS",0.0724,0.4586,913.5197,unknown,unknown,per_occurrence_only,500000
40014,"Ms Coast Transportation Authority, dba: COAST TRANSIT AUTHORITY",Gulfport,MS,Independent Public Agency or Authority of Transit Service,2024,619025.0,9023860.0,1274148,739893,"DR,MB",236344.0,"Gulfport--Biloxi, MS",0.0686,0.4858,836.6412,unknown,unknown,per_occurrence_only,500000
40017,"Lexington Transit Authority, dba: Lextran",Lexington,KY,Independent Public Agency or Authority of Transit Service,2022,511122.0,21269169.0,1803824,2783914,MB,315631.0,"Lexington-Fayette, KY",0.024,0.2834,183.5983,unknown,unknown,none,
40017,"Lexington Transit Authority, dba: Lextran",Lexington,KY,Independent Public Agency or Authority of Transit Service,2023,896677.0,23644848.0,1868899,3524312,MB,315631.0,"Lexington-Fayette, KY",0.0379,0.4798,254.4261,unknown,unknown,none,
40017,"Lexington Transit Authority, dba: Lextran",Lexington,KY,Independent Public Agency or Authority of Transit Service,2024,1023733.0,23415210.0,1853214,3990477,MB,315631.0,"Lexington-Fayette, KY",0.0437,0.5524,256.544,unknown,unknown,none,
40018,Transit Authority of River City,Louisville,KY,Independent Public Agency or Authority of Transit Service,2022,2875309.0,75503135.0,6372079,5018823,MB,974397.0,"Louisville/Jefferson County, KY--IN",0.0381,0.4512,572.905,self_insured_with_excess,document,none,
40018,Transit Authority of River City,Louisville,KY,Independent Public Agency or Authority of Transit Service,2023,2528414.0,78665431.0,6520834,5882872,MB,974397.0,"Louisville/Jefferson County, KY--IN",0.0321,0.3877,429.7925,self_insured_with_excess,document,none,
40018,Transit Authority of River City,Louisville,KY,Independent Public Agency or Authority of Transit Service,2024,3224152.0,81913932.0,6607823,6561028,MB,974397.0,"Louisville/Jefferson County, KY--IN",0.0394,0.4879,491.4096,self_insured_with_excess,document,none,
40019,Transit Authority of Northern Kentucky,Covington,KY,Independent Public Agency or Authority of Transit Service,2022,1025314.0,25123841.0,3590462,1505603,"DR,MB",1686744.0,"Cincinnati, OH--KY",0.0408,0.2856,680.9989,unknown,unknown,none,
40019,Transit Authority of Northern Kentucky,Covington,KY,Independent Public Agency or Authority of Transit Service,2023,1123111.0,29610176.0,3283214,1913143,"DR,MB",1686744.0,"Cincinnati, OH--KY",0.0379,0.3421,587.0502,unknown,unknown,none,
40019,Transit Authority of Northern Kentucky,Covington,KY,Independent Public Agency or Authority of Transit Service,2024,1780860.0,30122480.0,3547287,2109727,"DR,MB",1686744.0,"Cincinnati, OH--KY",0.0591,0.502,844.1187,unknown,unknown,none,
40021,"City of Albany , dba: Albany Transit System",Albany,GA,"City, County or Local Government Unit or Department of Transportation",2023,71116.0,4321784.0,419461,273626,"DR,MB",85960.0,"Albany, GA",0.0165,0.1695,259.9022,unknown,unknown,other,700000
40021,"City of Albany, dba: Albany Transit System",Albany,GA,"City, County or Local Government Unit or Department of Transportation",2024,181981.0,4520507.0,443982,316336,"DR,MB",85960.0,"Albany, GA",0.0403,0.4099,575.2776,unknown,unknown,other,700000
40022,Metropolitan Atlanta Rapid Transit Authority,Atlanta,GA,Independent Public Agency or Authority of Transit Service,2022,17141976.0,474333444.0,41909386,50891991,"HR,MB,SR",5100112.0,"Atlanta, GA",0.0361,0.409,336.8305,self_insured_with_excess,document,other,700000
40022,Metropolitan Atlanta Rapid Transit Authority,Atlanta,GA,Independent Public Agency or Authority of Transit Service,2023,38066592.0,536278698.0,41913430,61409150,"HR,MB,SR",5100112.0,"Atlanta, GA",0.071,0.9082,619.8847,self_insured_with_excess,document,other,700000
40022,Metropolitan Atlanta Rapid Transit Authority,Atlanta,GA,Independent Public Agency or Authority of Transit Service,2024,32253216.0,591211240.0,42874285,64477342,"HR,MB,SR",5100112.0,"Atlanta, GA",0.0546,0.7523,500.2256,self_insured_with_excess,document,other,700000
40025,Chatham Area Transit Authority,Savannah,GA,Independent Public Agency or Authority of Transit Service,2022,2489551.0,24187735.0,2602760,2454176,"DR,FB,MB",309466.0,"Savannah, GA",0.1029,0.9565,1014.4142,unknown,unknown,other,700000
40025,Chatham Area Transit Authority,Savannah,GA,Independent Public Agency or Authority of Transit Service,2023,2984777.0,23453220.0,2280448,2284960,"DR,FB,MB",309466.0,"Savannah, GA",0.1273,1.3089,1306.271,unknown,unknown,other,700000
40025,Chatham Area Transit Authority,Savannah,GA,Independent Public Agency or Authority of Transit Service,2024,3332573.0,25367283.0,2355901,2621178,"DR,FB,MB",309466.0,"Savannah, GA",0.1314,1.4146,1271.4028,unknown,unknown,other,700000
40026,"Manatee County Board of County Commissioners, dba: Manatee County Area Transit",Sarasota,FL,"City, County or Local Government Unit or Department of Transportation",2022,597827.0,16388173.0,1926471,1309642,"DR,MB",779075.0,"Bradenton--Sarasota--Venice, FL",0.0365,0.3103,456.4812,unknown,unknown,per_person_and_occurrence,300000
40026,"Manatee County Board of County Commissioners, dba: Manatee County Area Transit",Sarasota,FL,"City, County or Local Government Unit or Department of Transportation",2023,498661.0,17212437.0,1910207,1605257,"DR,MB",779075.0,"Bradenton--Sarasota--Venice, FL",0.029,0.2611,310.6425,unknown,unknown,per_person_and_occurrence,300000
40026,"Manatee County Board of County Commissioners, dba: Manatee County Area Transit",Sarasota,FL,"City, County or Local Government Unit or Department of Transportation",2024,747165.0,18026270.0,2025133,2214096,"DR,MB",779075.0,"Bradenton--Sarasota--Venice, FL",0.0414,0.3689,337.4583,unknown,unknown,per_person_and_occurrence,300000
40027,Pinellas Suncoast Transit Authority,Saint Petersburg,FL,Independent Public Agency or Authority of Transit Service,2022,2063148.0,80728959.0,8754054,8073968,MB,2783045.0,"Tampa--St. Petersburg, FL",0.0256,0.2357,255.5309,self_insured_with_excess,document,per_person_and_occurrence,300000
40027,Pinellas Suncoast Transit Authority,Saint Petersburg,FL,Independent Public Agency or Authority of Transit Service,2023,2513876.0,96246786.0,9347951,9592300,"MB,RB",2783045.0,"Tampa--St. Petersburg, FL",0.0261,0.2689,262.0723,self_insured_with_excess,document,per_person_and_occurrence,300000
40027,Pinellas Suncoast Transit Authority,Saint Petersburg,FL,Independent Public Agency or Authority of Transit Service,2024,768894.0,88377743.0,9128852,9355290,"MB,RB",2783045.0,"Tampa--St. Petersburg, FL",0.0087,0.0842,82.1882,self_insured_with_excess,document,per_person_and_occurrence,300000
40028,"Lee County Transit, dba: LeeTran",Fort Myers,FL,"City, County or Local Government Unit or Department of Transportation",2022,643652.0,28031267.0,4756395,2231974,"DR,MB",599242.0,"Cape Coral, FL",0.023,0.1353,288.3779,self_insured_with_excess,document,per_person_and_occurrence,300000
40028,"Lee County , dba: LeeTran",Fort Myers,FL,"City, County or Local Government Unit or Department of Transportation",2023,716222.0,29210279.0,4530957,1742894,"DR,MB",599242.0,"Cape Coral, FL",0.0245,0.1581,410.9384,self_insured_with_excess,document,per_person_and_occurrence,300000
40028,"Lee County, dba: LeeTran",Fort Myers,FL,"City, County or Local Government Unit or Department of Transportation",2024,789689.0,30770990.0,4698745,2046358,"DR,MB",599242.0,"Cape Coral, FL",0.0257,0.1681,385.8997,self_insured_with_excess,document,per_person_and_occurrence,300000
40029,"Broward County Board of County Commissioners, dba: Broward County Transit Division",Fort Lauderdale,FL,"City, County or Local Government Unit or Department of Transportation",2022,2844608.0,149483718.0,13932065,19876480,MB,6077522.0,"Miami--Fort Lauderdale, FL",0.019,0.2042,143.1143,self_insured,document,per_person_and_occurrence,300000
40029,"Broward County Board of County Commissioners, dba: Broward County Transit Division",Fort Lauderdale,FL,"City, County or Local Government Unit or Department of Transportation",2023,3170573.0,152688234.0,13892456,22162757,MB,6077522.0,"Miami--Fort Lauderdale, FL",0.0208,0.2282,143.0586,self_insured,document,per_person_and_occurrence,300000
40029,"Broward County Board of County Commissioners, dba: Broward County Transit Division",Fort Lauderdale,FL,"City, County or Local Government Unit or Department of Transportation",2024,2820774.0,174759329.0,14165895,24061962,MB,6077522.0,"Miami--Fort Lauderdale, FL",0.0161,0.1991,117.2296,self_insured,document,per_person_and_occurrence,300000
40030,"City of Gainesville, FL, dba: Regional Transit System",Gainesville,FL,"City, County or Local Government Unit or Department of Transportation",2022,973483.0,25670699.0,3139795,4302010,MB,213748.0,"Gainesville, FL",0.0379,0.31,226.2856,unknown,unknown,per_person_and_occurrence,300000
40030,"City of Gainesville, FL, dba: Regional Transit System",Gainesville,FL,"City, County or Local Government Unit or Department of Transportation",2023,993000.0,25913482.0,2993854,5106608,MB,213748.0,"Gainesville, FL",0.0383,0.3317,194.4539,unknown,unknown,per_person_and_occurrence,300000
40030,"City of Gainesville, FL, dba: Regional Transit System",Gainesville,FL,"City, County or Local Government Unit or Department of Transportation",2024,1649846.0,26849327.0,2919580,5481555,MB,213748.0,"Gainesville, FL",0.0614,0.5651,300.9814,unknown,unknown,per_person_and_occurrence,300000
40031,Lakeland Area Mass Transit District,Lakeland,FL,Independent Public Agency or Authority of Transit Service,2022,450658.0,19780867.0,1944837,653986,"DR,MB",277915.0,"Lakeland, FL",0.0228,0.2317,689.0943,unknown,unknown,per_person_and_occurrence,300000
40031,"Lakeland Area Mass Transit District , dba: Citrus Connection",Lakeland,FL,Independent Public Agency or Authority of Transit Service,2023,824330.0,21158920.0,2088439,774555,"DR,MB",277915.0,"Lakeland, FL",0.039,0.3947,1064.2627,unknown,unknown,per_person_and_occurrence,300000
40031,"Lakeland Area Mass Transit District, dba: Citrus Connection",Lakeland,FL,Independent Public Agency or Authority of Transit Service,2024,1173370.0,24456793.0,2116119,893122,"DR,MB",277915.0,"Lakeland, FL",0.048,0.5545,1313.7847,unknown,unknown,per_person_and_occurrence,300000
40032,"County of Volusia, dba: VOTRAN",Daytona Beach,FL,"City, County or Local Government Unit or Department of Transportation",2022,275343.0,22639747.0,4394554,2219115,"DR,MB",402126.0,"Daytona Beach--Palm Coast--Port Orange, FL",0.0122,0.0627,124.0778,self_insured_with_excess,document,per_person_and_occurrence,300000
40032,"County of Volusia, dba: VOTRAN",Daytona Beach,FL,"City, County or Local Government Unit or Department of Transportation",2023,358215.0,24769621.0,3984128,2182054,"DR,MB",402126.0,"Daytona Beach--Palm Coast--Port Orange, FL",0.0145,0.0899,164.1641,self_insured_with_excess,document,per_person_and_occurrence,300000
40032,"County of Volusia, dba: VOTRAN",Deland,FL,"City, County or Local Government Unit or Department of Transportation",2024,1289982.0,25260191.0,3784569,2125446,"DR,MB",402126.0,"Daytona Beach--Palm Coast--Port Orange, FL",0.0511,0.3409,606.923,self_insured_with_excess,document,per_person_and_occurrence,300000
40034,"County of Miami-Dade , dba: Transportation & Public Work",Miami,FL,"City, County or Local Government Unit or Department of Transportation",2022,8978954.0,538140013.0,32086723,52926282,"HR,MB,MG",6077522.0,"Miami--Fort Lauderdale, FL",0.0167,0.2798,169.6502,self_insured,document,per_person_and_occurrence,300000
40034,County of Miami-Dade,Miami,FL,"City, County or Local Government Unit or Department of Transportation",2023,8097812.0,635271739.0,31996582,74504338,"HR,MB,MG",6077522.0,"Miami--Fort Lauderdale, FL",0.0127,0.2531,108.6891,self_insured,document,per_person_and_occurrence,300000
40034,County of Miami-Dade,Miami,FL,"City, County or Local Government Unit or Department of Transportation",2024,3840201.0,573760937.0,30689007,84159525,"HR,MB,MG",6077522.0,"Miami--Fort Lauderdale, FL",0.0067,0.1251,45.63,self_insured,document,per_person_and_occurrence,300000
40035,Central Florida Regional Transportation Authority,Orlando,FL,Independent Public Agency or Authority of Transit Service,2022,4846466.0,113190992.0,14872235,15821169,"MB,RB",1853896.0,"Orlando, FL",0.0428,0.3259,306.3279,self_insured_with_excess,document,per_person_and_occurrence,300000
40035,Central Florida Regional Transportation Authority,Orlando,FL,Independent Public Agency or Authority of Transit Service,2023,4154803.0,138783542.0,15205750,17426273,"MB,RB",1853896.0,"Orlando, FL",0.0299,0.2732,238.4218,self_insured_with_excess,document,per_person_and_occurrence,300000
40035,Central Florida Regional Transportation Authority,Orlando,FL,Independent Public Agency or Authority of Transit Service,2024,6487107.0,160812423.0,16050003,18637593,"DR,MB,RB",1853896.0,"Orlando, FL",0.0403,0.4042,348.0657,self_insured_with_excess,document,per_person_and_occurrence,300000
40036,"City of Tallahassee, dba: StarMetro",Tallahassee,FL,"City, County or Local Government Unit or Department of Transportation",2022,675805.0,22983484.0,2185248,2304959,"DR,MB",252934.0,"Tallahassee, FL",0.0294,0.3093,293.1961,unknown,unknown,per_person_and_occurrence,300000
40036,City of Tallahassee,Tallahassee,FL,"City, County or Local Government Unit or Department of Transportation",2023,773704.0,25061869.0,2074311,2488357,"DR,MB",252934.0,"Tallahassee, FL",0.0309,0.373,310.9297,unknown,unknown,per_person_and_occurrence,300000
40036,City of Tallahassee,Tallahassee,FL,"City, County or Local Government Unit or Department of Transportation",2024,813554.0,23955293.0,1694624,2355912,"DR,MB",252934.0,"Tallahassee, FL",0.034,0.4801,345.3244,unknown,unknown,per_person_and_occurrence,300000
40037,"Board of County Commissioners, Palm Beach County, dba: Palm Tran, Inc.",West Palm Beach,FL,"City, County or Local Government Unit or Department of Transportation",2022,640026.0,74033662.0,7296517,6357425,MB,6077522.0,"Miami--Fort Lauderdale, FL",0.0086,0.0877,100.6738,self_insured,document,per_person_and_occurrence,300000
40037,"Board of County Commissioners, Palm Beach County, dba: Palm Tran, Inc.",West Palm Beach,FL,"City, County or Local Government Unit or Department of Transportation",2023,777386.0,74392851.0,7388404,7442946,MB,6077522.0,"Miami--Fort Lauderdale, FL",0.0104,0.1052,104.446,self_insured,document,per_person_and_occurrence,300000
40037,"Board of County Commissioners, Palm Beach County, dba: Palm Tran, Inc.",West Palm Beach,FL,"City, County or Local Government Unit or Department of Transportation",2024,923555.0,78505146.0,7425413,8587166,MB,6077522.0,"Miami--Fort Lauderdale, FL",0.0118,0.1244,107.5506,self_insured,document,per_person_and_occurrence,300000
40038,"Escambia County Board of County Commissioners, FL, dba: Escambia County Area Transit Authority",Pensacola,FL,"City, County or Local Government Unit or Department of Transportation",2022,151801.0,9342156.0,1208652,733141,MB,390172.0,"Pensacola, FL--AL",0.0162,0.1256,207.0557,unknown,unknown,per_person_and_occurrence,300000
40038,"Escambia County Board of County Commissioners, FL, dba: Escambia County Area Transit",Pensacola,FL,"City, County or Local Government Unit or Department of Transportation",2023,203113.0,10114732.0,1199581,781415,MB,390172.0,"Pensacola, FL--AL",0.0201,0.1693,259.9297,unknown,unknown,per_person_and_occurrence,300000
40038,"Escambia County Board of County Commissioners, FL, dba: Escambia County Area Transit",Pensacola,FL,"City, County or Local Government Unit or Department of Transportation",2024,279157.0,9737739.0,1172443,801840,MB,390172.0,"Pensacola, FL--AL",0.0287,0.2381,348.1455,unknown,unknown,per_person_and_occurrence,300000
40040,Jacksonville Transportation Authority,Jacksonville,FL,Independent Public Agency or Authority of Transit Service,2022,2588056.0,105039969.0,7751640,5423665,"MB,MG",1247374.0,"Jacksonville, FL",0.0246,0.3339,477.1784,self_insured_with_excess,document,per_person_and_occurrence,300000
40040,Jacksonville Transportation Authority,Jacksonville,FL,Independent Public Agency or Authority of Transit Service,2023,3313275.0,115357160.0,7709923,6047799,"MB,MG",1247374.0,"Jacksonville, FL",0.0287,0.4297,547.8481,self_insured_with_excess,document,per_person_and_occurrence,300000
40040,Jacksonville Transportation Authority,Jacksonville,FL,Independent Public Agency or Authority of Transit Service,2024,3985907.0,121463759.0,7827845,6618426,"MB,MG",1247374.0,"Jacksonville, FL",0.0328,0.5092,602.2439,self_insured_with_excess,document,per_person_and_occurrence,300000
40041,Hillsborough Area Regional Transit Authority,Tampa,FL,Independent Public Agency or Authority of Transit Service,2022,4171084.0,101354062.0,8376356,10936758,"DR,MB,SR",2783045.0,"Tampa--St. Petersburg, FL",0.0412,0.498,381.3821,self_insured,document,per_person_and_occurrence,300000
40041,Hillsborough Area Regional Transit Authority,Tampa,FL,Independent Public Agency or Authority of Transit Service,2023,3297055.0,97212103.0,8618698,12545773,"DR,MB,SR",2783045.0,"Tampa--St. Petersburg, FL",0.0339,0.3825,262.8021,self_insured,document,per_person_and_occurrence,300000
40041,Hillsborough Area Regional Transit Authority,Tampa,FL,Independent Public Agency or Authority of Transit Service,2024,4744750.0,107221476.0,8457586,12807993,"DR,MB,SR",2783045.0,"Tampa--St. Petersburg, FL",0.0443,0.561,370.4523,self_insured,document,per_person_and_occurrence,300000
40042,Birmingham-Jefferson County Transit Authority,Birmingham,AL,Independent Public Agency or Authority of Transit Service,2022,2023205.0,34278092.0,2587644,1785977,"DR,MB",774956.0,"Birmingham, AL",0.059,0.7819,1132.8281,unknown,unknown,per_person_and_occurrence,300000
40042,Birmingham-Jefferson County Transit Authority,Birmingham,AL,Independent Public Agency or Authority of Transit Service,2023,2142856.0,35862819.0,2688474,1783360,"DR,MB,RB",774956.0,"Birmingham, AL",0.0598,0.7971,1201.5835,unknown,unknown,per_person_and_occurrence,300000
40042,Birmingham-Jefferson County Transit Authority,Birmingham,AL,Independent Public Agency or Authority of Transit Service,2024,2220584.0,34386077.0,2549144,1997717,"DR,MB,RB",774956.0,"Birmingham, AL",0.0646,0.8711,1111.5608,unknown,unknown,per_person_and_occurrence,300000
40043,"City of Mobile, dba: THE WAVE TRANSIT SYSTEM",Mobile,AL,"City, County or Local Government Unit or Department of Transportation",2022,683670.0,10804979.0,1605194,495899,"DR,MB",321907.0,"Mobile, AL",0.0633,0.4259,1378.6477,unknown,unknown,per_person_and_occurrence,300000
40043,"City of Mobile, dba: THE WAVE TRANSIT SYSTEM",Mobile,AL,"City, County or Local Government Unit or Department of Transportation",2023,702082.0,11361859.0,1644598,568192,"DR,MB",321907.0,"Mobile, AL",0.0618,0.4269,1235.6422,unknown,unknown,per_person_and_occurrence,300000
40043,"City of Mobile, dba: THE WAVE TRANSIT SYSTEM",Mobile,AL,"City, County or Local Government Unit or Department of Transportation",2024,1047504.0,12725145.0,1626465,627574,"DR,MB",321907.0,"Mobile, AL",0.0823,0.644,1669.1322,unknown,unknown,per_person_and_occurrence,300000
40044,"City of Montgomery, dba: The M (Montgomery Area Transit System)",Montgomery,AL,"City, County or Local Government Unit or Department of Transportation",2022,178784.0,9987208.0,1382282,344795,"DR,MB",254348.0,"Montgomery, AL",0.0179,0.1293,518.5226,unknown,unknown,per_person_and_occurrence,300000
40044,"City of Montgomery, dba:  The M Transit",Montgomery,AL,"City, County or Local Government Unit or Department of Transportation",2023,209427.0,8179017.0,1412122,422109,"DR,MB",254348.0,"Montgomery, AL",0.0256,0.1483,496.1444,unknown,unknown,per_person_and_occurrence,300000
40044,"City of Montgomery, dba: The M Transit",Montgomery,AL,"City, County or Local Government Unit or Department of Transportation",2024,327108.0,8900381.0,1408901,489414,"DR,MB",254348.0,"Montgomery, AL",0.0368,0.2322,668.3667,unknown,unknown,per_person_and_occurrence,300000
40046,"Sarasota County , dba: Sarasota County Area Transit",Sarasota,FL,"City, County or Local Government Unit or Department of Transportation",2022,521338.0,16441203.0,1912248,1369743,MB,779075.0,"Bradenton--Sarasota--Venice, FL",0.0317,0.2726,380.6101,unknown,unknown,per_person_and_occurrence,300000
40046,"Sarasota County , dba: Breeze Transit",Sarasota,FL,"City, County or Local Government Unit or Department of Transportation",2023,248290.0,22259286.0,1887686,1425956,MB,779075.0,"Bradenton--Sarasota--Venice, FL",0.0112,0.1315,174.1218,unknown,unknown,per_person_and_occurrence,300000
40046,"Sarasota County, dba: Breeze Transit",Sarasota,FL,"City, County or Local Government Unit or Department of Transportation",2024,234784.0,21398030.0,1998482,1451943,MB,779075.0,"Bradenton--Sarasota--Venice, FL",0.011,0.1175,161.7033,unknown,unknown,per_person_and_occurrence,300000
40047,"Athens-Clarke County Unified Government, dba: Athens-Clarke County Transit Department",Athens,GA,"City, County or Local Government Unit or Department of Transportation",2022,84500.0,5743361.0,779873,968196,"DR,MB",143213.0,"Athens-Clarke County, GA",0.0147,0.1084,87.2757,unknown,unknown,other,700000
40047,"Athens-Clarke County Unified Government, dba: Athens-Clarke County Transit Department",Athens,GA,"City, County or Local Government Unit or Department of Transportation",2023,85100.0,7415366.0,801152,1186787,"DR,MB",143213.0,"Athens-Clarke County, GA",0.0115,0.1062,71.7062,unknown,unknown,other,700000
40047,"Athens-Clarke County Unified Government, dba: Athens-Clarke County Transit Department",Athens,GA,"City, County or Local Government Unit or Department of Transportation",2024,139700.0,7218724.0,813735,1351810,"DR,MB",143213.0,"Athens-Clarke County, GA",0.0194,0.1717,103.3429,unknown,unknown,other,700000
40051,"Town of Chapel Hill, dba: Chapel Hill Transit",Chapel Hill,NC,"City, County or Local Government Unit or Department of Transportation",2022,369545.0,22515869.0,1847214,3423392,"DR,MB",396118.0,"Durham, NC",0.0164,0.2001,107.947,unknown,unknown,other,
40051,"Town of Chapel Hill, dba: Chapel Hill Transit",Chapel Hill,NC,"City, County or Local Government Unit or Department of Transportation",2023,425031.0,26263401.0,1994220,3722063,"DR,MB",396118.0,"Durham, NC",0.0162,0.2131,114.1923,unknown,unknown,other,
40051,"Town of Chapel Hill, dba: Chapel Hill Transit",Chapel Hill,NC,"City, County or Local Government Unit or Department of Transportation",2024,468483.0,28898560.0,2031131,3885139,"DR,MB",396118.0,"Durham, NC",0.0162,0.2307,120.5833,unknown,unknown,other,
40053,"Greenville Transit Authority, dba: Greenlink",Greenville,SC,Independent Public Agency or Authority of Transit Service,2022,437248.0,7677708.0,1083010,662940,"DR,MB",387271.0,"Greenville, SC",0.057,0.4037,659.5589,unknown,unknown,per_person_and_occurrence,600000
40053,"Greenville Transit Authority, dba: Greenlink",Greenville,SC,Independent Public Agency or Authority of Transit Service,2023,523755.0,9023345.0,1075212,764307,"DR,MB",387271.0,"Greenville, SC",0.058,0.4871,685.2678,unknown,unknown,per_person_and_occurrence,600000
40053,"Greenville Transit Authority, dba: Greenlink",Greenville,SC,Independent Public Agency or Authority of Transit Service,2024,587398.0,9730572.0,1072057,779381,"DR,MB",387271.0,"Greenville, SC",0.0604,0.5479,753.6725,unknown,unknown,per_person_and_occurrence,600000
40056,Pee Dee Regional Transportation Authority,Florence,SC,Independent Public Agency or Authority of Transit Service,2024,294515.0,6148499.0,1232493,398697,"DR,MB",89436.0,"Florence, SC",0.0479,0.239,738.6938,unknown,unknown,per_person_and_occurrence,600000
40057,Jackson Transit Authority,Jackson,TN,Independent Public Agency or Authority of Transit Service,2022,99126.0,3374708.0,687756,289507,"DR,MB",72809.0,"Jackson, TN",0.0294,0.1441,342.3959,unknown,unknown,per_person_and_occurrence,700000
40057,Jackson Transit Authority,Jackson,TN,Independent Public Agency or Authority of Transit Service,2023,129533.0,3720408.0,629959,298840,"DR,MB",72809.0,"Jackson, TN",0.0348,0.2056,433.4527,unknown,unknown,per_person_and_occurrence,700000
40057,Jackson Transit Authority,Jackson,TN,Independent Public Agency or Authority of Transit Service,2024,137612.0,3488468.0,589542,322846,"DR,MB",72809.0,"Jackson, TN",0.0394,0.2334,426.2466,unknown,unknown,per_person_and_occurrence,700000
40058,"City of Rome , dba: City of Rome Transit Department",Rome,GA,"City, County or Local Government Unit or Department of Transportation",2022,28309.0,3077094.0,384663,165010,"DR,MB",60403.0,"Rome, GA",0.0092,0.0736,171.5593,unknown,unknown,other,700000
40058,City of Rome,Rome,GA,"City, County or Local Government Unit or Department of Transportation",2023,39762.0,2896839.0,358158,204548,"DR,MB",60403.0,"Rome, GA",0.0137,0.111,194.3896,unknown,unknown,other,700000
40058,City of Rome,Rome,GA,"City, County or Local Government Unit or Department of Transportation",2024,61443.0,2970492.0,373803,230824,"DR,MB",60403.0,"Rome, GA",0.0207,0.1644,266.1898,unknown,unknown,other,700000
40063,"Brevard Board of County Commissioners, dba: Space Coast Area Transit",Titusville,FL,"City, County or Local Government Unit or Department of Transportation",2022,179440.0,14781030.0,2676347,1697481,"DR,MB",510675.0,"Palm Bay--Melbourne, FL",0.0121,0.067,105.7096,unknown,unknown,per_person_and_occurrence,300000
40063,"Brevard Board of County Commissioners, dba: Space Coast Area Transit",Titusville,FL,"City, County or Local Government Unit or Department of Transportation",2023,196633.0,16545775.0,2693954,1821217,"DR,MB",510675.0,"Palm Bay--Melbourne, FL",0.0119,0.073,107.9679,unknown,unknown,per_person_and_occurrence,300000
40063,"Brevard Board of County Commissioners, dba: Space Coast Area Transit",Titusville,FL,"City, County or Local Government Unit or Department of Transportation",2024,206948.0,17432669.0,2767221,1899131,"DR,MB",510675.0,"Palm Bay--Melbourne, FL",0.0119,0.0748,108.9698,unknown,unknown,per_person_and_occurrence,300000
40068,Northwest Alabama Council of Local Governments,Muscle Shoals,AL,"MPO, COG or Other Planning Agency",2022,52945.0,1398395.0,330536,55586,DR,78925.0,"Florence, AL",0.0379,0.1602,952.488,unknown,unknown,per_person_and_occurrence,300000
40071,"City of Huntsville, Alabama, dba: Department of Parking & Public Transit",Huntsville,AL,"City, County or Local Government Unit or Department of Transportation",2022,183046.0,5998595.0,1259987,624512,"DR,MB",329066.0,"Huntsville, AL",0.0305,0.1453,293.1025,unknown,unknown,per_person_and_occurrence,300000
40071,"City of Huntsville, Alabama, dba: Huntsville Transit",Huntsville,AL,"City, County or Local Government Unit or Department of Transportation",2023,126292.0,5941870.0,1333137,701566,"DR,MB",329066.0,"Huntsville, AL",0.0213,0.0947,180.0144,unknown,unknown,per_person_and_occurrence,300000
40071,"City of Huntsville, Alabama, dba: Huntsville Transit",Huntsville,AL,"City, County or Local Government Unit or Department of Transportation",2024,159672.0,6967928.0,1286135,761075,"DR,MB",329066.0,"Huntsville, AL",0.0229,0.1241,209.798,unknown,unknown,per_person_and_occurrence,300000
40074,"Pasco County Board of County Commissioners, dba: Pasco County Public Transportation",New Port Richey,FL,"City, County or Local Government Unit or Department of Transportation",2022,108338.0,10599068.0,1852338,601717,"DR,MB",2783045.0,"Tampa--St. Petersburg, FL",0.0102,0.0585,180.0481,unknown,unknown,per_person_and_occurrence,300000
40074,"Pasco County Board of County Commissioners, dba: GoPasco",New Port Richey,FL,"City, County or Local Government Unit or Department of Transportation",2023,108337.0,11373829.0,1814388,683554,"DR,MB",2783045.0,"Tampa--St. Petersburg, FL",0.0095,0.0597,158.4908,unknown,unknown,per_person_and_occurrence,300000
40074,"Pasco County Board of County Commissioners, dba: GoPasco",New Port Richey,FL,"City, County or Local Government Unit or Department of Transportation",2024,108337.0,11516848.0,1767066,693549,"DR,MB",2783045.0,"Tampa--St. Petersburg, FL",0.0094,0.0613,156.2067,unknown,unknown,per_person_and_occurrence,300000
40082,"County of Douglas, dba: Connect Douglas",Douglasville,GA,"City, County or Local Government Unit or Department of Transportation",2022,15851.0,452666.0,25251,5106,DR,5100112.0,"Atlanta, GA",0.035,0.6277,3104.387,unknown,unknown,other,700000
40082,"County of Douglas, dba: Connect Douglas",Douglasville,GA,"City, County or Local Government Unit or Department of Transportation",2023,17739.0,371490.0,48623,12437,DR,5100112.0,"Atlanta, GA",0.0478,0.3648,1426.3086,unknown,unknown,other,700000
40082,"County of Douglas, dba: Connect Douglas",Douglasville,GA,"City, County or Local Government Unit or Department of Transportation",2024,28652.0,458828.0,61521,15860,DR,5100112.0,"Atlanta, GA",0.0624,0.4657,1806.5574,unknown,unknown,other,700000
40086,Metropolitan Bus Authority,San Juan,PR,Independent Public Agency or Authority of Transit Service,2022,2200122.0,40887737.0,2544311,2119424,"DR,MB",1844410.0,"San Juan, PR",0.0538,0.8647,1038.0754,unknown,unknown,,
40086,Metropolitan Bus Authority,San Juan,PR,Independent Public Agency or Authority of Transit Service,2023,2410666.0,46084496.0,2702979,2486681,"DR,MB",1844410.0,"San Juan, PR",0.0523,0.8919,969.4311,unknown,unknown,,
40086,Metropolitan Bus Authority,San Juan,PR,Independent Public Agency or Authority of Transit Service,2024,2558310.0,45537112.0,2855307,3079779,"DR,MB",1844410.0,"San Juan, PR",0.0562,0.896,830.6797,unknown,unknown,,
40100,Santee Wateree Regional Transportation Authority,Sumter,SC,Independent Public Agency or Authority of Transit Service,2022,195382.0,3106773.0,417247,85462,"CB,DR,MB",68825.0,"Sumter, SC",0.0629,0.4683,2286.1857,unknown,unknown,per_person_and_occurrence,600000
40100,"Santee Wateree Regional Transportation Authority, dba: Santee Wateree RTA",Sumter,SC,Independent Public Agency or Authority of Transit Service,2023,228398.0,3579316.0,471988,89873,"CB,DR,MB",68825.0,"Sumter, SC",0.0638,0.4839,2541.3417,unknown,unknown,per_person_and_occurrence,600000
40100,"Santee Wateree Regional Transportation Authority, dba: Santee Wateree RTA",Sumter,SC,Independent Public Agency or Authority of Transit Service,2024,103838.0,2854816.0,485665,90070,"CB,DR,MB",68825.0,"Sumter, SC",0.0364,0.2138,1152.8589,unknown,unknown,per_person_and_occurrence,600000
40102,"Waccamaw Regional Transportation Authority, dba: Coast RTA",Conway,SC,Independent Public Agency or Authority of Transit Service,2024,234229.0,9023773.0,1749130,569355,"DR,MB",298954.0,"Myrtle Beach--North Myrtle Beach, SC--NC",0.026,0.1339,411.3936,unknown,unknown,per_person_and_occurrence,600000
40108,"Research Triangle Regional Public Transportation Authority, dba: GoTriangle",Durham,NC,Independent Public Agency or Authority of Transit Service,2022,1701708.0,25235646.0,2417562,1428427,"DR,MB",396118.0,"Durham, NC",0.0674,0.7039,1191.316,unknown,unknown,other,
40108,"Research Triangle Regional Public Transportation Authority, dba: GoTriangle",Durham,NC,Independent Public Agency or Authority of Transit Service,2023,1821306.0,27396771.0,2273441,1540476,"DR,MB",396118.0,"Durham, NC",0.0665,0.8011,1182.3008,unknown,unknown,other,
40108,"Research Triangle Regional Public Transportation Authority, dba: GoTriangle",Durham,NC,Independent Public Agency or Authority of Transit Service,2024,1783614.0,31830213.0,2641780,1797139,"DR,MB",396118.0,"Durham, NC",0.056,0.6752,992.4741,unknown,unknown,other,
40129,"Charlotte County Government, dba: Charlotte County Transit Division",Port Charlotte,FL,"City, County or Local Government Unit or Department of Transportation",2022,100.0,68674.0,15380,1458,DR,199998.0,"Port Charlotte--North Port, FL",0.0015,0.0065,68.5871,unknown,unknown,per_person_and_occurrence,300000
40129,"Charlotte County Government, dba: Charlotte County Transit Division",Port Charlotte,FL,"City, County or Local Government Unit or Department of Transportation",2023,63.0,74383.0,12957,814,DR,199998.0,"Port Charlotte--North Port, FL",0.0008,0.0049,77.3956,unknown,unknown,per_person_and_occurrence,300000
40129,"Charlotte County Government, dba: Charlotte County Transit Division",Port Charlotte,FL,"City, County or Local Government Unit or Department of Transportation",2024,237.0,61437.0,8915,1133,DR,199998.0,"Port Charlotte--North Port, FL",0.0039,0.0266,209.1792,unknown,unknown,per_person_and_occurrence,300000
40171,"Knoxville-Knox County Community Action Committee, dba: Knox County CAC Transit",Knoxville,TN,"City, County or Local Government Unit or Department of Transportation",2022,111620.0,3421102.0,984743,110961,DR,597257.0,"Knoxville, TN",0.0326,0.1133,1005.939,unknown,unknown,per_person_and_occurrence,700000
40171,"Knoxville-Knox County Community Action Committee, dba: Knox County CAC Transit",Knoxville,TN,"City, County or Local Government Unit or Department of Transportation",2023,87877.0,3646827.0,1056374,114573,DR,597257.0,"Knoxville, TN",0.0241,0.0832,766.9957,unknown,unknown,per_person_and_occurrence,700000
40171,"Knoxville-Knox County Community Action Committee, dba: Knox County CAC Transit",Knoxville,TN,"City, County or Local Government Unit or Department of Transportation",2024,123624.0,3681487.0,983960,103062,DR,597257.0,"Knoxville, TN",0.0336,0.1256,1199.511,unknown,unknown,per_person_and_occurrence,700000
40172,"Western Piedmont Regional Transit Authority , dba: dba: Greenway Public Transportation",Conover,NC,Independent Public Agency or Authority of Transit Service,2022,244435.0,4874676.0,860479,125694,"DR,MB",201511.0,"Hickory, NC",0.0501,0.2841,1944.6831,unknown,unknown,other,
40172,"Western Piedmont Regional Transit Authority , dba: Greenway Public Transportation",Conover,NC,Independent Public Agency or Authority of Transit Service,2023,296209.0,5462726.0,822368,124319,"DR,MB",201511.0,"Hickory, NC",0.0542,0.3602,2382.6527,unknown,unknown,other,
40172,"Western Piedmont Regional Transit Authority, dba: Greenway Public Transportation",Conover,NC,Independent Public Agency or Authority of Transit Service,2024,406496.0,5562922.0,844444,123534,"DR,MB",201511.0,"Hickory, NC",0.0731,0.4814,3290.5597,unknown,unknown,other,
40173,Piedmont Authority for Regional Transportation,Greensboro,NC,Independent Public Agency or Authority of Transit Service,2022,73836.0,435342.0,457763,56681,VP,338928.0,"Greensboro, NC",0.1696,0.1613,1302.6587,unknown,unknown,other,
40173,Piedmont Authority for Regional Transportation,Greensboro,NC,Independent Public Agency or Authority of Transit Service,2023,71827.0,685591.0,1079018,108266,VP,338928.0,"Greensboro, NC",0.1048,0.0666,663.4308,unknown,unknown,other,
40173,Piedmont Authority for Regional Transportation,Greensboro,NC,Independent Public Agency or Authority of Transit Service,2024,90804.0,785329.0,1373691,124995,VP,338928.0,"Greensboro, NC",0.1156,0.0661,726.4611,unknown,unknown,other,
40175,Puerto Rico Maritime Transport Authority,San Juan,PR,"City, County or Local Government Unit or Department of Transportation",2022,2427355.0,18828115.0,37050,128736,FB,1844410.0,"San Juan, PR",0.1289,65.5157,18855.293,unknown,unknown,,
40178,The Transportation Management Association Group,Franklin,TN,Private Provider Reporting on Behalf of a Public Entity,2022,176489.0,616691.0,623156,77626,VP,1158642.0,"Nashville-Davidson, TN",0.2862,0.2832,2273.581,unknown,unknown,per_person_and_occurrence,700000
40178,"The Transportation Management Association Group, dba: The TMA Group",Franklin,TN,Private Provider Reporting on Behalf of a Public Entity,2023,174669.0,619370.0,724959,78792,VP,1158642.0,"Nashville-Davidson, TN",0.282,0.2409,2216.8367,unknown,unknown,per_person_and_occurrence,700000
40178,"The Transportation Management Association Group, dba: The TMA Group",Franklin,TN,Private Provider Reporting on Behalf of a Public Entity,2024,221191.0,703743.0,745398,74910,VP,1158642.0,"Nashville-Davidson, TN",0.3143,0.2967,2952.7566,unknown,unknown,per_person_and_occurrence,700000
40180,"University of Georgia, dba: University of Georgia Transit System",Athens,GA,University,2022,130806.0,6715444.0,470055,2531874,"DR,MB",143213.0,"Athens-Clarke County, GA",0.0195,0.2783,51.6637,unknown,unknown,other,700000
40180,"University of Georgia, dba: Transportation and Parking Services",Athens,GA,University,2023,112656.0,7355262.0,532889,2941019,"DR,MB",143213.0,"Athens-Clarke County, GA",0.0153,0.2114,38.3051,unknown,unknown,other,700000
40180,"University of Georgia, dba: Transportation and Parking Services",Athens,GA,University,2024,116128.0,7296031.0,559546,2979387,"DR,MB",143213.0,"Athens-Clarke County, GA",0.0159,0.2075,38.9771,unknown,unknown,other,700000
40191,"Transit Authority of Central Kentucky, dba: TACK Transit",Elizabethtown,KY,Independent Public Agency or Authority of Transit Service,2022,264883.0,3107906.0,1319756,103022,"DR,VP",76441.0,"Elizabethtown--Radcliff, KY",0.0852,0.2007,2571.1304,unknown,unknown,none,
40191,"Transit Authority of Central Kentucky, dba: TACK",Elizabethtown,KY,Independent Public Agency or Authority of Transit Service,2023,240921.0,3754301.0,1474748,98435,"DR,VP",76441.0,"Elizabethtown--Radcliff, KY",0.0642,0.1634,2447.5136,unknown,unknown,none,
40191,"Transit Authority of Central Kentucky, dba: TACK",Elizabethtown,KY,Independent Public Agency or Authority of Transit Service,2024,911333.0,4406630.0,1505820,99969,"DR,VP",76441.0,"Elizabethtown--Radcliff, KY",0.2068,0.6052,9116.156,unknown,unknown,none,
40196,Kentuckiana Regional Planning and Development Agency,Louisville,KY,"MPO, COG or Other Planning Agency",2022,160949.0,673600.0,414956,42933,VP,974397.0,"Louisville/Jefferson County, KY--IN",0.2389,0.3879,3748.8412,unknown,unknown,none,
40208,"City of Clemson, dba: Clemson Area Transit",Clemson,SC,"City, County or Local Government Unit or Department of Transportation",2022,206080.0,3281230.0,674809,594105,MB,118369.0,"Anderson--Clemson, SC",0.0628,0.3054,346.8747,unknown,unknown,per_person_and_occurrence,600000
40228,Mecklenburg County,Charlotte,NC,"City, County or Local Government Unit or Department of Transportation",2022,2306.0,3606065.0,351044,34957,DR,1379873.0,"Charlotte, NC--SC",0.0006,0.0066,65.9668,unknown,unknown,other,
40228,"Mecklenburg County , dba: Mecklenburg Transportation System",Charlotte,NC,"City, County or Local Government Unit or Department of Transportation",2023,27638.0,4362736.0,333683,50744,DR,1379873.0,"Charlotte, NC--SC",0.0063,0.0828,544.6555,unknown,unknown,other,
40228,"Mecklenburg County, dba: Mecklenburg Transportation System",Charlotte,NC,"City, County or Local Government Unit or Department of Transportation",2024,63402.0,4571005.0,336895,34668,DR,1379873.0,"Charlotte, NC--SC",0.0139,0.1882,1828.8335,unknown,unknown,other,
40244,"Spartanburg Regional Health Services, Inc.",Spartanburg,SC,State Government Unit or Department of Transportation,2022,257418.0,4022831.0,836661,78198,DR,196943.0,"Spartanburg, SC",0.064,0.3077,3291.8745,unknown,unknown,per_person_and_occurrence,600000
40244,"Spartanburg Regional Health Services, Inc.",Spartanburg,SC,Other Publicly-Owned or Privately Chartered Corporation,2023,287370.0,4214293.0,856769,85594,DR,196943.0,"Spartanburg, SC",0.0682,0.3354,3357.3615,unknown,unknown,per_person_and_occurrence,600000
40244,"Spartanburg Regional Health Services, Inc.",Spartanburg,SC,Other Publicly-Owned or Privately Chartered Corporation,2024,304929.0,4379901.0,863585,84306,DR,196943.0,"Spartanburg, SC",0.0696,0.3531,3616.9312,unknown,unknown,per_person_and_occurrence,600000
40265,"North Central Alabama Regional Council of Governments, dba: NARCOG Regional Transit Agency",Decatur,AL,"MPO, COG or Other Planning Agency",2022,79329.0,1469505.0,265983,87351,DR,60458.0,"Decatur, AL",0.054,0.2982,908.1636,unknown,unknown,per_person_and_occurrence,300000
40265,"North Central Alabama Regional Council of Governments, dba: NARCOG Regional Transit Agency",Decatur,AL,"MPO, COG or Other Planning Agency",2023,23928.0,769383.0,154919,38312,DR,60458.0,"Decatur, AL",0.0311,0.1545,624.5563,unknown,unknown,per_person_and_occurrence,300000
40928,"Baldwin County Commission, dba: Baldwin Regional Area Transit System",Bay Minette,AL,"City, County or Local Government Unit or Department of Transportation",2022,62653.0,3140766.0,888152,95362,DR,76807.0,"Fairhope--Daphne, AL",0.0199,0.0705,657.0017,unknown,unknown,per_person_and_occurrence,300000
40928,"Baldwin County Commission, dba: Baldwin Regional Area Transit System",Bay Minette,AL,"City, County or Local Government Unit or Department of Transportation",2023,67692.0,3224241.0,859938,101576,DR,76807.0,"Fairhope--Daphne, AL",0.021,0.0787,666.4173,unknown,unknown,per_person_and_occurrence,300000
40928,"Baldwin County Commission, dba: Baldwin Regional Area Transit System",Bay Minette,AL,"City, County or Local Government Unit or Department of Transportation",2024,90516.0,3456974.0,851744,100167,DR,76807.0,"Fairhope--Daphne, AL",0.0262,0.1063,903.6509,unknown,unknown,per_person_and_occurrence,300000
40950,First Tennessee Human Resource Agency,Johnson City,TN,Independent Public Agency or Authority of Transit Service,2022,167148.0,5057063.0,2495834,130873,DR,128519.0,"Johnson City, TN",0.0331,0.067,1277.1771,unknown,unknown,per_person_and_occurrence,700000
40950,"First Tennessee Human Resource Agency, dba: Northeast Tennessee Regional Public Transit",Johnson City,TN,Independent Public Agency or Authority of Transit Service,2023,152595.0,5344682.0,2584399,141537,DR,128519.0,"Johnson City, TN",0.0286,0.059,1078.128,unknown,unknown,per_person_and_occurrence,700000
40950,"First Tennessee Human Resource Agency, dba: Northeast Tennessee Regional Public Transit",Johnson City,TN,Independent Public Agency or Authority of Transit Service,2024,215932.0,5465761.0,2300062,135208,DR,128519.0,"Johnson City, TN",0.0395,0.0939,1597.0357,unknown,unknown,per_person_and_occurrence,700000
40954,"South Central Tennessee Development District, dba: South Central Area Transit Service",Mt Pleasant,TN,Independent Public Agency or Authority of Transit Service,2024,314480.0,8473851.0,2361903,213243,"DR,MB",60309.0,"Spring Hill, TN",0.0371,0.1331,1474.7495,unknown,unknown,per_person_and_occurrence,700000
40990,Martin County,Williamston,NC,"City, County or Local Government Unit or Department of Transportation",2024,0.0,728110.0,222215,17827,DR,,North Carolina Non-UZA,0.0,0.0,0.0,unknown,unknown,other,
41068,Flagler County Public Transportation,Bunnell,FL,"City, County or Local Government Unit or Department of Transportation",2022,0.0,2124456.0,984578,80569,DR,402126.0,"Daytona Beach--Palm Coast--Port Orange, FL",0.0,0.0,0.0,unknown,unknown,per_person_and_occurrence,300000
41105,"Audubon Area Community Services, Inc.",Owensboro,KY,Private-Non-Profit Corporation,2022,156243.0,4662740.0,1211559,113791,DR,76433.0,"Owensboro, KY",0.0335,0.129,1373.0699,unknown,unknown,none,
41105,"Audubon Area Community Services, Inc., dba: GRITS Transportation",Owensboro,KY,Private-Non-Profit Corporation,2023,150913.0,5579455.0,1492605,132537,DR,76433.0,"Owensboro, KY",0.027,0.1011,1138.6481,unknown,unknown,none,
50001,"City of Appleton, dba: Valley Transit",Appleton,WI,"City, County or Local Government Unit or Department of Transportation",2022,227600.0,5820875.0,835770,644015,MB,230967.0,"Appleton, WI",0.0391,0.2723,353.4079,unknown,unknown,other,
50001,"City of Appleton, dba: Valley Transit",Appleton,WI,"City, County or Local Government Unit or Department of Transportation",2023,286420.0,6604751.0,833392,679613,MB,230967.0,"Appleton, WI",0.0434,0.3437,421.4457,unknown,unknown,other,
50001,"City of Appleton, dba: Valley Transit",Appleton,WI,"City, County or Local Government Unit or Department of Transportation",2024,312670.0,6214370.0,743099,625816,MB,230967.0,"Appleton, WI",0.0503,0.4208,499.6197,unknown,unknown,other,
50002,"City of Green Bay, dba: Green Bay Metro",Green Bay,WI,"City, County or Local Government Unit or Department of Transportation",2022,119706.0,5605286.0,758549,681502,MB,224156.0,"Green Bay, WI",0.0214,0.1578,175.6503,unknown,unknown,other,
50002,"City of Green Bay, dba: Green Bay Metro",Green Bay,WI,"City, County or Local Government Unit or Department of Transportation",2023,128763.0,5020249.0,657256,758383,MB,224156.0,"Green Bay, WI",0.0256,0.1959,169.7862,unknown,unknown,other,
50002,"City of Green Bay, dba: Green Bay Metro",Green Bay,WI,"City, County or Local Government Unit or Department of Transportation",2024,134196.0,5163714.0,649584,804666,MB,224156.0,"Green Bay, WI",0.026,0.2066,166.7723,unknown,unknown,other,
50003,"City of Kenosha, dba: Kenosha Area Transit",Kenosha,WI,"City, County or Local Government Unit or Department of Transportation",2022,268756.0,7197788.0,834446,1188136,"MB,SR",125865.0,"Kenosha, WI",0.0373,0.3221,226.1997,unknown,unknown,other,
50003,"City of Kenosha, dba: Kenosha Area Transit",Kenosha,WI,"City, County or Local Government Unit or Department of Transportation",2023,346044.0,7504086.0,862229,1225450,"MB,SR",125865.0,"Kenosha, WI",0.0461,0.4013,282.3812,unknown,unknown,other,
50003,"City of Kenosha, dba: Kenosha Area Transit",Kenosha,WI,"City, County or Local Government Unit or Department of Transportation",2024,332440.0,7841385.0,887088,1324444,"MB,SR",125865.0,"Kenosha, WI",0.0424,0.3748,251.0034,unknown,unknown,other,
50004,"City of La Crosse, dba: LaCrosse Municipal Transit Utility",La Crosse,WI,"City, County or Local Government Unit or Department of Transportation",2022,162129.0,5539828.0,887773,587835,MB,98872.0,"La Crosse, WI--MN",0.0293,0.1826,275.807,unknown,unknown,other,
50004,"City of La Crosse, dba: City Of La Crosse MTU",La Crosse,WI,"City, County or Local Government Unit or Department of Transportation",2023,166004.0,6213958.0,896617,667034,MB,98872.0,"La Crosse, WI--MN",0.0267,0.1851,248.8689,unknown,unknown,other,
50004,"City of La Crosse, dba: City Of La Crosse MTU",La Crosse,WI,"City, County or Local Government Unit or Department of Transportation",2024,186587.0,6471554.0,885619,694659,MB,98872.0,"La Crosse, WI--MN",0.0288,0.2107,268.6023,unknown,unknown,other,
50005,City of Madison,Madison,WI,"City, County or Local Government Unit or Department of Transportation",2022,905898.0,51022930.0,4321376,8287021,MB,450305.0,"Madison, WI",0.0178,0.2096,109.3153,pool,document,other,
50005,City of Madison,Madison,WI,"City, County or Local Government Unit or Department of Transportation",2023,1021664.0,57399114.0,4690340,9403885,MB,450305.0,"Madison, WI",0.0178,0.2178,108.6428,pool,document,other,
50005,City of Madison,Madison,WI,"City, County or Local Government Unit or Department of Transportation",2024,1113525.0,62852017.0,5313577,9176868,"MB,RB",450305.0,"Madison, WI",0.0177,0.2096,121.3404,pool,document,other,
50006,"City of Racine, Wisconsin, dba: RYDE",Racine,WI,"City, County or Local Government Unit or Department of Transportation",2022,291075.0,8555585.0,1014756,589018,"DR,MB",134877.0,"Racine, WI",0.034,0.2868,494.17,unknown,unknown,other,
50006,"City of Racine, Wisconsin, dba: RYDE Racine",Racine,WI,"City, County or Local Government Unit or Department of Transportation",2023,174516.0,8888681.0,1004972,1005670,"DR,MB",134877.0,"Racine, WI",0.0196,0.1737,173.5321,unknown,unknown,other,
50006,"City of Racine, Wisconsin, dba: RYDE Racine",Racine,WI,"City, County or Local Government Unit or Department of Transportation",2024,204359.0,10623649.0,1002641,1012311,"DR,MB",134877.0,"Racine, WI",0.0192,0.2038,201.8737,unknown,unknown,other,
50009,"City of Oshkosh, Wisconsin, dba: GO Transit",Oshkosh,WI,"City, County or Local Government Unit or Department of Transportation",2022,0.0,3830321.0,471658,564372,MB,76190.0,"Oshkosh, WI",0.0,0.0,0.0,unknown,unknown,other,
50010,METRO Regional Transit Authority,Akron,OH,Independent Public Agency or Authority of Transit Service,2022,875577.0,50954382.0,4232705,3601502,"DR,MB",541879.0,"Akron, OH",0.0172,0.2069,243.1144,pool,document,noneconomic_only,
50010,METRO Regional Transit Authority,Akron,OH,Independent Public Agency or Authority of Transit Service,2023,1042637.0,54298527.0,4838462,4266090,"DR,MB",541879.0,"Akron, OH",0.0192,0.2155,244.4011,pool,document,noneconomic_only,
50010,METRO Regional Transit Authority,Akron,OH,Independent Public Agency or Authority of Transit Service,2024,944322.0,57884359.0,5416680,5288617,"DR,MB",541879.0,"Akron, OH",0.0163,0.1743,178.5575,pool,document,noneconomic_only,
50011,Stark Area Regional Transit Authority,Canton,OH,Independent Public Agency or Authority of Transit Service,2022,130987.0,27785250.0,3331477,1223686,"DR,MB",295319.0,"Canton, OH",0.0047,0.0393,107.043,unknown,unknown,noneconomic_only,
50011,Stark Area Regional Transit Authority,Canton,OH,Independent Public Agency or Authority of Transit Service,2023,29267.0,29918737.0,3662134,1387558,"DR,MB",295319.0,"Canton, OH",0.001,0.008,21.0925,unknown,unknown,noneconomic_only,
50011,Stark Area Regional Transit Authority,Canton,OH,Independent Public Agency or Authority of Transit Service,2024,756690.0,34189808.0,3696880,1456025,"DR,MB",295319.0,"Canton, OH",0.0221,0.2047,519.6957,unknown,unknown,noneconomic_only,
50012,"Southwest Ohio Regional Transit Authority, dba: Metro / Access",Cincinnati,OH,Independent Public Agency or Authority of Transit Service,2022,51974.0,127413447.0,11228781,9847273,"DR,MB",1686744.0,"Cincinnati, OH--KY",0.0004,0.0046,5.278,pool,document,noneconomic_only,
50012,"Southwest Ohio Regional Transit Authority, dba: Metro / Access",Cincinnati,OH,Independent Public Agency or Authority of Transit Service,2023,3740709.0,150262093.0,12137504,13083835,"DR,MB",1686744.0,"Cincinnati, OH--KY",0.0249,0.3082,285.9031,pool,document,noneconomic_only,
50012,"Southwest Ohio Regional Transit Authority, dba: Metro / Access",Cincinnati,OH,Independent Public Agency or Authority of Transit Service,2024,3763692.0,158628291.0,13093280,13578716,"DR,MB",1686744.0,"Cincinnati, OH--KY",0.0237,0.2875,277.1758,pool,document,noneconomic_only,
50015,The Greater Cleveland Regional Transit Authority,Cleveland,OH,Independent Public Agency or Authority of Transit Service,2022,7771094.0,224048272.0,18273450,18849055,"DR,HR,LR,MB,RB",1712178.0,"Cleveland, OH",0.0347,0.4253,412.2803,self_insured_with_excess,document,noneconomic_only,
50015,The Greater Cleveland Regional Transit Authority,Cleveland,OH,Independent Public Agency or Authority of Transit Service,2023,3266532.0,262633246.0,18658268,22114932,"DR,HR,LR,MB,RB",1712178.0,"Cleveland, OH",0.0124,0.1751,147.7071,self_insured_with_excess,document,noneconomic_only,
50015,The Greater Cleveland Regional Transit Authority,Cleveland,OH,Independent Public Agency or Authority of Transit Service,2024,6027971.0,285238272.0,18793502,24525223,"DR,HR,LR,MB,RB",1712178.0,"Cleveland, OH",0.0211,0.3207,245.7866,self_insured_with_excess,document,noneconomic_only,
50016,Central Ohio Transit Authority,Columbus,OH,Independent Public Agency or Authority of Transit Service,2022,41968.0,128984327.0,10802429,10061152,"DR,MB",1567254.0,"Columbus, OH",0.0003,0.0039,4.1713,self_insured,document,noneconomic_only,
50016,Central Ohio Transit Authority,Columbus,OH,Independent Public Agency or Authority of Transit Service,2023,1050791.0,169727466.0,10242284,11286119,"DR,MB",1567254.0,"Columbus, OH",0.0062,0.1026,93.1047,self_insured,document,noneconomic_only,
50016,Central Ohio Transit Authority,Columbus,OH,Independent Public Agency or Authority of Transit Service,2024,2376757.0,194578584.0,11805420,12088344,"DR,MB",1567254.0,"Columbus, OH",0.0122,0.2013,196.6156,self_insured,document,noneconomic_only,
50017,Greater Dayton Regional Transit Authority,Dayton,OH,Independent Public Agency or Authority of Transit Service,2022,2642847.0,64389111.0,6060304,5666081,"DR,MB,TB",674046.0,"Dayton, OH",0.041,0.4361,466.433,pool,document,noneconomic_only,
50017,Greater Dayton Regional Transit Authority,Dayton,OH,Independent Public Agency or Authority of Transit Service,2023,2273425.0,71594050.0,6799393,6578178,"DR,MB,TB",674046.0,"Dayton, OH",0.0318,0.3344,345.601,pool,document,noneconomic_only,
50017,Greater Dayton Regional Transit Authority,Dayton,OH,Independent Public Agency or Authority of Transit Service,2024,2970730.0,74599965.0,7284350,6240353,"DR,MB,TB",674046.0,"Dayton, OH",0.0398,0.4078,476.0516,pool,document,noneconomic_only,
50021,Portage Area Regional Transportation Authority,Kent,OH,Independent Public Agency or Authority of Transit Service,2022,267404.0,9306494.0,1077286,634574,"DR,MB",541879.0,"Akron, OH",0.0287,0.2482,421.3914,unknown,unknown,noneconomic_only,
50021,Portage Area Regional Transportation Authority,Kent,OH,Independent Public Agency or Authority of Transit Service,2023,286116.0,9594660.0,1136979,904481,"DR,MB",541879.0,"Akron, OH",0.0298,0.2516,316.3317,unknown,unknown,noneconomic_only,
50021,Portage Area Regional Transportation Authority,Kent,OH,Independent Public Agency or Authority of Transit Service,2024,303747.0,9936871.0,1187859,1178908,"DR,MB",541879.0,"Akron, OH",0.0306,0.2557,257.6511,unknown,unknown,noneconomic_only,
50022,Toledo Area Regional Transit Authority,Toledo,OH,Independent Public Agency or Authority of Transit Service,2022,642879.0,30854479.0,2977856,1883791,"DR,MB",497952.0,"Toledo, OH--MI",0.0208,0.2159,341.2688,unknown,unknown,noneconomic_only,
50022,Toledo Area Regional Transit Authority,Toledo,OH,Independent Public Agency or Authority of Transit Service,2023,213576.0,30685327.0,3247056,1792728,"DR,MB",497952.0,"Toledo, OH--MI",0.007,0.0658,119.1346,unknown,unknown,noneconomic_only,
50022,Toledo Area Regional Transit Authority,Toledo,OH,Independent Public Agency or Authority of Transit Service,2024,562392.0,39309073.0,3657717,2184902,"DR,MB",497952.0,"Toledo, OH--MI",0.0143,0.1538,257.3992,unknown,unknown,noneconomic_only,
50024,Western Reserve Transit Authority,Youngstown,OH,Independent Public Agency or Authority of Transit Service,2022,338623.0,15834171.0,2257750,1330784,"DR,MB",320901.0,"Youngstown, OH",0.0214,0.15,254.4538,unknown,unknown,noneconomic_only,
50024,Western Reserve Transit Authority,Youngstown,OH,Independent Public Agency or Authority of Transit Service,2023,276082.0,15516348.0,1808779,2015081,"DR,MB",320901.0,"Youngstown, OH",0.0178,0.1526,137.0079,unknown,unknown,noneconomic_only,
50024,Western Reserve Transit Authority,Youngstown,OH,Independent Public Agency or Authority of Transit Service,2024,477150.0,16462703.0,2015525,1999501,"DR,MB",320901.0,"Youngstown, OH",0.029,0.2367,238.6345,unknown,unknown,noneconomic_only,
50025,Duluth Transit Authority,Duluth,MN,Independent Public Agency or Authority of Transit Service,2022,1130272.0,21307958.0,2053452,1900040,"DR,MB",119411.0,"Duluth, MN--WI",0.053,0.5504,594.8675,unknown,unknown,per_person_and_occurrence,1500000
50025,Duluth Transit Authority,Duluth,MN,Independent Public Agency or Authority of Transit Service,2023,982040.0,21443359.0,2100689,2160263,"DR,MB",119411.0,"Duluth, MN--WI",0.0458,0.4675,454.5928,unknown,unknown,per_person_and_occurrence,1500000
50025,"Duluth Transit Authority, dba: DTA",Duluth,MN,Independent Public Agency or Authority of Transit Service,2024,991478.0,22672966.0,2163355,2341390,"DR,MB",119411.0,"Duluth, MN--WI",0.0437,0.4583,423.457,unknown,unknown,per_person_and_occurrence,1500000
50027,Metro Transit,Minneapolis,MN,"Subsidiary Unit of a Transit Agency, Reporting Separately",2022,2927907.0,400583572.0,22683859,38717565,"LR,MB",2914866.0,"Minneapolis--St. Paul, MN",0.0073,0.1291,75.6222,self_insured,document,per_person_and_occurrence,1500000
50027,Metro Transit,Minneapolis,MN,"Subsidiary Unit of a Transit Agency, Reporting Separately",2023,5112120.0,438294851.0,21365592,44879846,"LR,MB",2914866.0,"Minneapolis--St. Paul, MN",0.0117,0.2393,113.9068,self_insured,document,per_person_and_occurrence,1500000
50027,Metro Transit,Minneapolis,MN,"Subsidiary Unit of a Transit Agency, Reporting Separately",2024,4796959.0,500547621.0,21964163,47431087,"LR,MB",2914866.0,"Minneapolis--St. Paul, MN",0.0096,0.2184,101.1353,self_insured,document,per_person_and_occurrence,1500000
50028,"St. Cloud Metropolitan Transit Commission, dba: Metro Bus",Saint Cloud,MN,Independent Public Agency or Authority of Transit Service,2022,371379.0,14986887.0,1618940,726520,"CB,DR,MB",117638.0,"St. Cloud, MN",0.0248,0.2294,511.1752,unknown,unknown,per_person_and_occurrence,1500000
50028,"St. Cloud Metropolitan Transit Commission, dba: Metro Bus",Saint Cloud,MN,Independent Public Agency or Authority of Transit Service,2023,435746.0,16751747.0,1694729,774825,"CB,DR,MB",117638.0,"St. Cloud, MN",0.026,0.2571,562.3799,unknown,unknown,per_person_and_occurrence,1500000
50028,"St. Cloud Metropolitan Transit Commission, dba: Metro Bus",Saint Cloud,MN,Independent Public Agency or Authority of Transit Service,2024,477013.0,17744635.0,1776233,810505,"CB,DR,MB",117638.0,"St. Cloud, MN",0.0269,0.2686,588.538,unknown,unknown,per_person_and_occurrence,1500000
50029,Bay Metropolitan Transit Authority,Bay City,MI,Independent Public Agency or Authority of Transit Service,2022,218937.0,8072504.0,1073248,228564,"DR,MB",68472.0,"Bay City, MI",0.0271,0.204,957.8805,unknown,unknown,none,
50029,"Bay Metropolitan Transit Authority, dba: Bay Metro",Bay City,MI,Independent Public Agency or Authority of Transit Service,2023,216033.0,9590402.0,1141558,290244,"DR,MB",68472.0,"Bay City, MI",0.0225,0.1892,744.3151,unknown,unknown,none,
50029,"Bay Metropolitan Transit Authority, dba: Bay Metro",Bay City,MI,Independent Public Agency or Authority of Transit Service,2024,189324.0,10045823.0,1183701,336907,"DR,MB",68472.0,"Bay City, MI",0.0188,0.1599,561.9474,unknown,unknown,none,
50031,Suburban Mobility Authority for Regional Transportation,Detroit,MI,Independent Public Agency or Authority of Transit Service,2022,7093744.0,101687635.0,11848148,4348685,"DR,MB",3776890.0,"Detroit, MI",0.0698,0.5987,1631.2389,self_insured_with_excess,document,none,
50031,Suburban Mobility Authority for Regional Transportation,Detroit,MI,Independent Public Agency or Authority of Transit Service,2023,8578424.0,104043002.0,12322677,4728555,"DR,MB",3776890.0,"Detroit, MI",0.0825,0.6961,1814.1745,self_insured_with_excess,document,none,
50031,Suburban Mobility Authority for Regional Transportation,Detroit,MI,Independent Public Agency or Authority of Transit Service,2024,7931611.0,109119061.0,12140548,5950111,"DR,MB",3776890.0,"Detroit, MI",0.0727,0.6533,1333.019,self_insured_with_excess,document,none,
50032,Mass Transportation Authority,Flint,MI,Independent Public Agency or Authority of Transit Service,2022,1617919.0,41374265.0,7634887,2583896,"DR,MB",298964.0,"Flint, MI",0.0391,0.2119,626.1548,self_insured_with_excess,document,none,
50032,"Mass Transportation Authority , dba: MTA Flint",Flint,MI,Independent Public Agency or Authority of Transit Service,2023,2072859.0,49481055.0,7997189,2910875,"DR,MB",298964.0,"Flint, MI",0.0419,0.2592,712.1086,self_insured_with_excess,document,none,
50032,"Mass Transportation Authority, dba: MTA Flint",Flint,MI,Independent Public Agency or Authority of Transit Service,2024,2966084.0,53104811.0,7652588,3488319,"CB,DR,MB",298964.0,"Flint, MI",0.0559,0.3876,850.2904,self_insured_with_excess,document,none,
50033,"Interurban Transit Partnership, dba: The Rapid",Grand Rapids,MI,Independent Public Agency or Authority of Transit Service,2022,2420767.0,38960039.0,5619840,5291585,"DR,MB,RB,VP",605666.0,"Grand Rapids, MI",0.0621,0.4308,457.4748,commercial,document,none,
50033,"Interurban Transit Partnership, dba: The Rapid",Grand Rapids,MI,Independent Public Agency or Authority of Transit Service,2023,2437161.0,41491345.0,5403806,5819595,"DR,MB,RB",605666.0,"Grand Rapids, MI",0.0587,0.451,418.7853,commercial,document,none,
50033,"Interurban Transit Partnership, dba: The Rapid",Grand Rapids,MI,Independent Public Agency or Authority of Transit Service,2024,2560143.0,40539442.0,5000173,6197636,"DR,MB,RB",605666.0,"Grand Rapids, MI",0.0632,0.512,413.0838,commercial,document,none,
50034,"City of Jackson Transportation Authority, dba: Jackson Area Transportation Authority",Jackson,MI,Independent Public Agency or Authority of Transit Service,2022,166336.0,4980418.0,569513,314273,"DR,MB",84307.0,"Jackson, MI",0.0334,0.2921,529.2723,unknown,unknown,none,
50034,"City of Jackson Transportation Authority, dba: Jackson Area Transportation Authority",Jackson,MI,Independent Public Agency or Authority of Transit Service,2023,165561.0,4706795.0,549186,316935,"DR,MB",84307.0,"Jackson, MI",0.0352,0.3015,522.3816,unknown,unknown,none,
50034,"City of Jackson Transportation Authority, dba: Jackson Area Transportation Authority",Jackson,MI,Independent Public Agency or Authority of Transit Service,2024,185329.0,4577420.0,582129,371711,"DR,MB",84307.0,"Jackson, MI",0.0405,0.3184,498.5836,unknown,unknown,none,
50035,Central County Transportation Authority,Kalamazoo,MI,Independent Public Agency or Authority of Transit Service,2022,238489.0,11873850.0,1345175,1362692,MB,204562.0,"Kalamazoo, MI",0.0201,0.1773,175.0131,unknown,unknown,none,
50035,"Central County Transportation Authority, dba: Metro Transit",Kalamazoo,MI,Independent Public Agency or Authority of Transit Service,2023,333077.0,13057144.0,1487820,1674983,MB,204562.0,"Kalamazoo, MI",0.0255,0.2239,198.854,unknown,unknown,none,
50035,"Central County Transportation Authority, dba: Metro Transit",Kalamazoo,MI,Independent Public Agency or Authority of Transit Service,2024,271963.0,13073121.0,1471054,1736876,MB,204562.0,"Kalamazoo, MI",0.0208,0.1849,156.5817,unknown,unknown,none,
50036,Capital Area Transportation Authority,Lansing,MI,Independent Public Agency or Authority of Transit Service,2022,1081986.0,42349101.0,4103831,5206850,"DR,MB",318300.0,"Lansing, MI",0.0255,0.2637,207.8005,unknown,document,none,
50036,Capital Area Transportation Authority,Lansing,MI,Independent Public Agency or Authority of Transit Service,2023,880771.0,48324572.0,4144547,7417964,"DR,MB",318300.0,"Lansing, MI",0.0182,0.2125,118.7349,unknown,document,none,
50036,Capital Area Transportation Authority,Lansing,MI,Independent Public Agency or Authority of Transit Service,2024,863790.0,45814660.0,4245618,8598055,"DR,MB",318300.0,"Lansing, MI",0.0189,0.2035,100.4634,unknown,document,none,
50039,Saginaw Transit Authority Regional Service,Saginaw,MI,Independent Public Agency or Authority of Transit Service,2022,625727.0,9710929.0,907483,551104,"DR,MB",116058.0,"Saginaw, MI",0.0644,0.6895,1135.4064,unknown,unknown,none,
50039,Saginaw Transit Authority Regional Service,Saginaw,MI,Independent Public Agency or Authority of Transit Service,2023,686879.0,11672376.0,1207044,477324,"DR,MB",116058.0,"Saginaw, MI",0.0588,0.5691,1439.0205,unknown,unknown,none,
50039,Saginaw Transit Authority Regional Service,Saginaw,MI,Independent Public Agency or Authority of Transit Service,2024,841683.0,11513955.0,1436302,622752,"DR,MB",116058.0,"Saginaw, MI",0.0731,0.586,1351.5541,unknown,unknown,none,
50040,Ann Arbor Area Transportation Authority,Ann Arbor,MI,Independent Public Agency or Authority of Transit Service,2022,1055377.0,34395361.0,3323116,3367345,MB,317689.0,"Ann Arbor, MI",0.0307,0.3176,313.4152,unknown,unknown,none,
50040,Ann Arbor Area Transportation Authority,Ann Arbor,MI,Independent Public Agency or Authority of Transit Service,2023,1211515.0,37435963.0,3519655,4350470,MB,317689.0,"Ann Arbor, MI",0.0324,0.3442,278.4791,unknown,unknown,none,
50040,Ann Arbor Area Transportation Authority,Ann Arbor,MI,Independent Public Agency or Authority of Transit Service,2024,1342029.0,39652942.0,3557644,4786581,MB,317689.0,"Ann Arbor, MI",0.0338,0.3772,280.3732,unknown,unknown,none,
50043,"Metropolitan Evansville Transit System, dba: METS",Evansville,IN,"City, County or Local Government Unit or Department of Transportation",2022,503167.0,8148765.0,1231497,823586,"DR,MB",206855.0,"Evansville, IN",0.0617,0.4086,610.9465,unknown,unknown,per_person_and_occurrence,5000000
50043,City of Evansville,Evansville,IN,"City, County or Local Government Unit or Department of Transportation",2023,249149.0,7786856.0,1215693,906183,"DR,MB",206855.0,"Evansville, IN",0.032,0.2049,274.9434,unknown,unknown,per_person_and_occurrence,5000000
50043,City of Evansville,Evansville,IN,"City, County or Local Government Unit or Department of Transportation",2024,781329.0,8855519.0,1174484,820320,"DR,MB",206855.0,"Evansville, IN",0.0882,0.6653,952.4685,unknown,unknown,per_person_and_occurrence,5000000
50044,Fort Wayne Public Transportation Corporation,Fort Wayne,IN,Independent Public Agency or Authority of Transit Service,2022,422107.0,14575596.0,1721581,1328482,"DR,MB",335934.0,"Fort Wayne, IN",0.029,0.2452,317.7363,unknown,unknown,per_person_and_occurrence,5000000
50044,"Fort Wayne Public Transportation Corporation, dba: Citilink",Fort Wayne,IN,Independent Public Agency or Authority of Transit Service,2023,681958.0,17721032.0,1713735,1561932,"DR,MB",335934.0,"Fort Wayne, IN",0.0385,0.3979,436.6118,unknown,unknown,per_person_and_occurrence,5000000
50044,"Fort Wayne Public Transportation Corporation, dba: Citilink",Fort Wayne,IN,Independent Public Agency or Authority of Transit Service,2024,934659.0,18170345.0,1796798,1613446,"DR,MB",335934.0,"Fort Wayne, IN",0.0514,0.5202,579.2936,unknown,unknown,per_person_and_occurrence,5000000
50045,Gary Public Transportation Corporation,Gary,IN,Independent Public Agency or Authority of Transit Service,2022,294095.0,5535565.0,863687,384357,"DR,MB",8671746.0,"Chicago, IL--IN",0.0531,0.3405,765.161,unknown,unknown,per_person_and_occurrence,5000000
50045,Gary Public Transportation Corporation,Gary,IN,Independent Public Agency or Authority of Transit Service,2023,533533.0,8296006.0,887025,460489,"DR,MB",8671746.0,"Chicago, IL--IN",0.0643,0.6015,1158.6227,unknown,unknown,per_person_and_occurrence,5000000
50045,Gary Public Transportation Corporation,Gary,IN,Independent Public Agency or Authority of Transit Service,2024,717674.0,10954641.0,974384,465377,"DR,MB",8671746.0,"Chicago, IL--IN",0.0655,0.7365,1542.1347,unknown,unknown,per_person_and_occurrence,5000000
50047,Bloomington-Normal Public Transit System,Normal,IL,Independent Public Agency or Authority of Transit Service,2022,478873.0,14454337.0,1589771,1795759,"DR,MB",134100.0,"Bloomington--Normal, IL",0.0331,0.3012,266.6689,unknown,unknown,none,
50047,"Bloomington-Normal Public Transit System, dba: Connect Transit",Normal,IL,Independent Public Agency or Authority of Transit Service,2023,494361.0,16877077.0,1739522,2125519,"DR,MB",134100.0,"Bloomington--Normal, IL",0.0293,0.2842,232.5837,unknown,unknown,none,
50047,"Bloomington-Normal Public Transit System, dba: Connect Transit",Normal,IL,Independent Public Agency or Authority of Transit Service,2024,567658.0,18182415.0,1941241,2304586,"DR,MB",134100.0,"Bloomington--Normal, IL",0.0312,0.2924,246.3167,unknown,unknown,none,
50050,Indianapolis and Marion County Public Transportation,Indianapolis,IN,Independent Public Agency or Authority of Transit Service,2022,3060449.0,92713063.0,7779646,5592294,"MB,RB",1699881.0,"Indianapolis, IN",0.033,0.3934,547.2618,self_insured,document,per_person_and_occurrence,5000000
50050,"Indianapolis and Marion County Public Transportation, dba: IndyGo",Indianapolis,IN,Independent Public Agency or Authority of Transit Service,2023,3332956.0,104026348.0,7567288,6716486,"MB,RB",1699881.0,"Indianapolis, IN",0.032,0.4404,496.2351,self_insured,document,per_person_and_occurrence,5000000
50050,"Indianapolis and Marion County Public Transportation, dba: IndyGo",Indianapolis,IN,Independent Public Agency or Authority of Transit Service,2024,3187901.0,113192122.0,8024651,6955957,"MB,RB",1699881.0,"Indianapolis, IN",0.0282,0.3973,458.298,self_insured,document,per_person_and_occurrence,5000000
50051,"Greater Lafayette Public Transportation Corporation, dba: CityBus",Lafayette,IN,Independent Public Agency or Authority of Transit Service,2022,459660.0,15016477.0,1818406,3620148,"DR,MB",157100.0,"Lafayette, IN",0.0306,0.2528,126.9727,unknown,unknown,per_person_and_occurrence,5000000
50051,"Greater Lafayette Public Transportation Corporation, dba: CityBus",Lafayette,IN,Independent Public Agency or Authority of Transit Service,2023,564217.0,15065613.0,1863362,4447311,"DR,MB",157100.0,"Lafayette, IN",0.0375,0.3028,126.867,unknown,unknown,per_person_and_occurrence,5000000
50051,"Greater Lafayette Public Transportation Corporation, dba: CityBus",Lafayette,IN,Independent Public Agency or Authority of Transit Service,2024,550133.0,15972666.0,1826899,4489093,"DR,MB",157100.0,"Lafayette, IN",0.0344,0.3011,122.5488,unknown,unknown,per_person_and_occurrence,5000000
50052,South Bend Public Transportation Corporation,South Bend,IN,Independent Public Agency or Authority of Transit Service,2022,502966.0,11318388.0,1568298,1157406,"DR,MB",278921.0,"South Bend, IN--MI",0.0444,0.3207,434.5632,unknown,unknown,per_person_and_occurrence,5000000
50052,"South Bend Public Transportation Corporation, dba: Transpo",South Bend,IN,Independent Public Agency or Authority of Transit Service,2023,541487.0,11568358.0,1584095,1252820,"DR,MB",278921.0,"South Bend, IN--MI",0.0468,0.3418,432.2145,unknown,unknown,per_person_and_occurrence,5000000
50052,"South Bend Public Transportation Corporation, dba: Transpo",South Bend,IN,Independent Public Agency or Authority of Transit Service,2024,536125.0,11557862.0,1568977,1400039,"DR,MB",278921.0,"South Bend, IN--MI",0.0464,0.3417,382.9358,unknown,unknown,per_person_and_occurrence,5000000
50053,"City of Terre Haute , dba: Terre Haute Transit Utility",Terre Haute,IN,"City, County or Local Government Unit or Department of Transportation",2022,18425.0,2794194.0,421826,131633,"DR,MB",79862.0,"Terre Haute, IN",0.0066,0.0437,139.9725,unknown,unknown,per_person_and_occurrence,5000000
50053,"City of Terre Haute , dba: Terre Haute Transit Utility",Terre Haute,IN,"City, County or Local Government Unit or Department of Transportation",2023,27605.0,2683309.0,443375,145758,"DR,MB",79862.0,"Terre Haute, IN",0.0103,0.0623,189.3893,unknown,unknown,per_person_and_occurrence,5000000
50053,"City of Terre Haute, dba: Terre Haute Transit Utility",Terre Haute,IN,"City, County or Local Government Unit or Department of Transportation",2024,4887.0,2956141.0,436169,144878,"DR,MB",79862.0,"Terre Haute, IN",0.0017,0.0112,33.7318,unknown,unknown,per_person_and_occurrence,5000000
50054,Muncie Indiana Transit System,Muncie,IN,Independent Public Agency or Authority of Transit Service,2022,435270.0,7007613.0,848753,838726,"DR,MB",84382.0,"Muncie, IN",0.0621,0.5128,518.9657,unknown,unknown,per_person_and_occurrence,5000000
50054,Muncie Indiana Transit System,Muncie,IN,Independent Public Agency or Authority of Transit Service,2023,554655.0,7081781.0,828855,919115,"DR,MB",84382.0,"Muncie, IN",0.0783,0.6692,603.4664,unknown,unknown,per_person_and_occurrence,5000000
50054,Muncie Indiana Transit System,Muncie,IN,Independent Public Agency or Authority of Transit Service,2024,531220.0,7553905.0,810600,928568,"DR,MB",84382.0,"Muncie, IN",0.0703,0.6553,572.0852,unknown,unknown,per_person_and_occurrence,5000000
50056,Greater Peoria Mass Transit District,Peoria,IL,Independent Public Agency or Authority of Transit Service,2022,781326.0,22143326.0,2128576,1539326,MB,259781.0,"Peoria, IL",0.0353,0.3671,507.5767,unknown,unknown,none,
50056,"Greater Peoria Mass Transit District, dba: CityLink",Peoria,IL,Independent Public Agency or Authority of Transit Service,2023,975000.0,21035170.0,2130459,1736010,MB,259781.0,"Peoria, IL",0.0464,0.4576,561.6327,unknown,unknown,none,
50056,"Greater Peoria Mass Transit District, dba: CityLink",Peoria,IL,Independent Public Agency or Authority of Transit Service,2024,1132959.0,25983147.0,2069102,1776363,MB,259781.0,"Peoria, IL",0.0436,0.5476,637.797,unknown,unknown,none,
50057,Rock Island County Metropolitan Mass Transit District,Moline,IL,Independent Public Agency or Authority of Transit Service,2022,629957.0,19612253.0,2311866,1701431,"DR,MB",285211.0,"Davenport, IA--IL",0.0321,0.2725,370.2513,unknown,unknown,none,
50057,Rock Island County Metropolitan Mass Transit District,Moline,IL,Independent Public Agency or Authority of Transit Service,2023,721660.0,19448361.0,2423200,1871089,"DR,MB",285211.0,"Davenport, IA--IL",0.0371,0.2978,385.6898,unknown,unknown,none,
50057,Rock Island County Metropolitan Mass Transit District,Moline,IL,Independent Public Agency or Authority of Transit Service,2024,918680.0,22763438.0,2408965,2289398,"DR,MB",285211.0,"Davenport, IA--IL",0.0404,0.3814,401.2758,unknown,unknown,none,
50058,Rockford Mass Transit District,Rockford,IL,Independent Public Agency or Authority of Transit Service,2022,872608.0,19640582.0,2087076,911437,"DR,MB",276443.0,"Rockford, IL",0.0444,0.4181,957.398,unknown,unknown,none,
50058,Rockford Mass Transit District,Rockford,IL,Independent Public Agency or Authority of Transit Service,2023,1034301.0,21095203.0,2147348,994754,"DR,MB",276443.0,"Rockford, IL",0.049,0.4817,1039.7556,unknown,unknown,none,
50058,Rockford Mass Transit District,Rockford,IL,Independent Public Agency or Authority of Transit Service,2024,1130599.0,23299181.0,2254802,1368559,"DR,MB",276443.0,"Rockford, IL",0.0485,0.5014,826.1237,unknown,unknown,none,
50059,"Springfield Mass Transit District, dba: Sangamon Mass Transit District",Springfield,IL,Independent Public Agency or Authority of Transit Service,2022,701836.0,18595184.0,2243608,1030069,"DR,MB",159265.0,"Springfield, IL",0.0377,0.3128,681.3485,unknown,unknown,none,
50059,"Springfield Mass Transit District, dba: Sangamon Mass Transit District",Springfield,IL,Independent Public Agency or Authority of Transit Service,2023,544679.0,19256225.0,2238083,1319966,"DR,MB",159265.0,"Springfield, IL",0.0283,0.2434,412.6462,unknown,unknown,none,
50059,"Springfield Mass Transit District, dba: Sangamon Mass Transit District",Springfield,IL,Independent Public Agency or Authority of Transit Service,2024,626175.0,20729360.0,2314509,1439300,"DR,MB",159265.0,"Springfield, IL",0.0302,0.2705,435.0552,unknown,unknown,none,
50060,Champaign-Urbana Mass Transit District,Urbana,IL,Independent Public Agency or Authority of Transit Service,2022,892787.0,39041953.0,3055453,7280948,"DR,MB",147452.0,"Champaign, IL",0.0229,0.2922,122.6196,unknown,unknown,none,
50060,Champaign-Urbana Mass Transit District,Urbana,IL,Independent Public Agency or Authority of Transit Service,2023,1005105.0,43294559.0,3104165,8488010,"DR,MB",147452.0,"Champaign, IL",0.0232,0.3238,118.4147,unknown,unknown,none,
50060,Champaign-Urbana Mass Transit District,Urbana,IL,Independent Public Agency or Authority of Transit Service,2024,1290183.0,44189858.0,3127218,9461008,"DR,MB",147452.0,"Champaign, IL",0.0292,0.4126,136.3685,unknown,unknown,none,
50066,Chicago Transit Authority,Chicago,IL,Independent Public Agency or Authority of Transit Service,2022,11469206.0,1398273220.0,111183535,243538803,"HR,MB",8671746.0,"Chicago, IL--IN",0.0082,0.1032,47.094,self_insured_with_excess,document,none,
50066,Chicago Transit Authority,Chicago,IL,Independent Public Agency or Authority of Transit Service,2023,50828576.0,1696315817.0,107973319,279146501,"HR,MB",8671746.0,"Chicago, IL--IN",0.03,0.4708,182.0857,self_insured_with_excess,document,none,
50066,Chicago Transit Authority,Chicago,IL,Independent Public Agency or Authority of Transit Service,2024,66877485.0,1918053610.0,119147554,309197026,"HR,MB",8671746.0,"Chicago, IL--IN",0.0349,0.5613,216.2941,self_insured_with_excess,document,none,
50096,"City of Waukesha , dba: Waukesha Metro Transit",Waukesha,WI,"City, County or Local Government Unit or Department of Transportation",2022,156999.0,5572227.0,667741,338784,"DR,MB",1306795.0,"Milwaukee, WI",0.0282,0.2351,463.4192,unknown,unknown,other,
50096,"City of Waukesha , dba: Waukesha Metro Transit",Waukesha,WI,"City, County or Local Government Unit or Department of Transportation",2023,288021.0,5925242.0,774710,387620,"DR,MB",1306795.0,"Milwaukee, WI",0.0486,0.3718,743.0499,unknown,unknown,other,
50096,"City of Waukesha, dba: Waukesha Metro Transit",Waukesha,WI,"City, County or Local Government Unit or Department of Transportation",2024,314649.0,5889670.0,801644,414754,"DR,MB",1306795.0,"Milwaukee, WI",0.0534,0.3925,758.6401,unknown,unknown,other,
50099,"City of Eau Claire, dba: Eau Claire Transit",Eau Claire,WI,"City, County or Local Government Unit or Department of Transportation",2022,117413.0,5802201.0,696795,556157,MB,105475.0,"Eau Claire, WI",0.0202,0.1685,211.1148,unknown,unknown,other,
50099,"City of Eau Claire, dba: Eau Claire Transit",Eau Claire,WI,"City, County or Local Government Unit or Department of Transportation",2023,118372.0,4873712.0,709882,634749,MB,105475.0,"Eau Claire, WI",0.0243,0.1667,186.4863,unknown,unknown,other,
50099,"City of Eau Claire, dba: Eau Claire Transit",Eau Claire,WI,"City, County or Local Government Unit or Department of Transportation",2024,42777.0,4852374.0,714282,688698,MB,105475.0,"Eau Claire, WI",0.0088,0.0599,62.1129,unknown,unknown,other,
50104,Northern Indiana Commuter Transportation District,Chesterton,IN,Independent Public Agency or Authority of Transit Service,2022,5501103.0,58788044.0,2687265,1406686,CR,8671746.0,"Chicago, IL--IN",0.0936,2.0471,3910.683,unknown,unknown,per_person_and_occurrence,5000000
50104,"Northern Indiana Commuter Transportation District, dba: South Shore Line",Chesterton,IN,Independent Public Agency or Authority of Transit Service,2023,7183753.0,61575115.0,2032288,1526836,CR,8671746.0,"Chicago, IL--IN",0.1167,3.5348,4704.9932,unknown,unknown,per_person_and_occurrence,5000000
50104,"Northern Indiana Commuter Transportation District, dba: South Shore Line",Chesterton,IN,Independent Public Agency or Authority of Transit Service,2024,5082834.0,64998341.0,3684700,1771513,CR,8671746.0,"Chicago, IL--IN",0.0782,1.3794,2869.205,unknown,unknown,per_person_and_occurrence,5000000
50110,Bloomington Public Transportation Corporation,Bloomington,IN,Independent Public Agency or Authority of Transit Service,2022,205226.0,9354138.0,1003684,1955258,"DR,MB",110103.0,"Bloomington, IN",0.0219,0.2045,104.9611,unknown,unknown,per_person_and_occurrence,5000000
50110,"Bloomington Public Transportation Corporation, dba: Bloomington Transit",Bloomington,IN,Independent Public Agency or Authority of Transit Service,2023,171258.0,10163413.0,1044286,2454156,"DR,MB",110103.0,"Bloomington, IN",0.0169,0.164,69.7828,unknown,unknown,per_person_and_occurrence,5000000
50110,"Bloomington Public Transportation Corporation, dba: Bloomington Transit",Bloomington,IN,Independent Public Agency or Authority of Transit Service,2024,209770.0,10814560.0,1090271,2577427,"DR,MB",110103.0,"Bloomington, IN",0.0194,0.1924,81.3874,unknown,unknown,per_person_and_occurrence,5000000
50113,Pace - Suburban Bus Division,Arlington Heights,IL,Independent Public Agency or Authority of Transit Service,2022,5265944.0,212038606.0,23551072,13458839,"DR,MB,VP",8671746.0,"Chicago, IL--IN",0.0248,0.2236,391.2629,self_insured_with_excess,document,none,
50113,"Pace, the Suburban Bus Division of the Regional Transportation Authority, dba: Pace Suburban Bus",Arlington Heights,IL,Independent Public Agency or Authority of Transit Service,2023,12821129.0,230244216.0,24409884,14846791,"DR,MB,VP",8671746.0,"Chicago, IL--IN",0.0557,0.5252,863.5623,self_insured_with_excess,document,none,
50113,"Pace, the Suburban Bus Division of the Regional Transportation Authority, dba: Pace Suburban Bus",Arlington Heights,IL,Independent Public Agency or Authority of Transit Service,2024,2300735.0,237102070.0,25607850,16978393,"DR,MB,VP",8671746.0,"Chicago, IL--IN",0.0097,0.0898,135.5096,self_insured_with_excess,document,none,
50117,Laketran,Painesville,OH,Independent Public Agency or Authority of Transit Service,2022,636656.0,18957706.0,3217473,528911,"CB,DR,MB",1712178.0,"Cleveland, OH",0.0336,0.1979,1203.711,pool,document,noneconomic_only,
50117,Laketran,Painesville,OH,Independent Public Agency or Authority of Transit Service,2023,543496.0,23339581.0,3650201,628642,"CB,DR,MB",1712178.0,"Cleveland, OH",0.0233,0.1489,864.5557,pool,document,noneconomic_only,
50117,Laketran,Painesville,OH,Independent Public Agency or Authority of Transit Service,2024,776372.0,25967222.0,4017795,701769,"CB,DR,MB",1712178.0,"Cleveland, OH",0.0299,0.1932,1106.3071,pool,document,noneconomic_only,
50118,"Northeast Illinois Regional Commuter Railroad Corporation, dba: Metra",Chicago,IL,Independent Public Agency or Authority of Transit Service,2022,22707381.0,493424794.0,17946231,10474013,CR,8671746.0,"Chicago, IL--IN",0.046,1.2653,2167.9733,self_insured_with_excess,document,none,
50118,"Northeast Illinois Regional Commuter Railroad Corporation, dba: Metra",Chicago,IL,Independent Public Agency or Authority of Transit Service,2023,25629327.0,538808051.0,20314506,13742381,CR,8671746.0,"Chicago, IL--IN",0.0476,1.2616,1864.9845,self_insured_with_excess,document,none,
50118,"Northeast Illinois Regional Commuter Railroad Corporation, dba: Metra",Chicago,IL,Independent Public Agency or Authority of Transit Service,2024,30988012.0,596631831.0,20336280,14497490,CR,8671746.0,"Chicago, IL--IN",0.0519,1.5238,2137.4743,self_insured_with_excess,document,none,
50119,"City of Detroit , dba: Detroit Department of Transportation",Detroit,MI,"City, County or Local Government Unit or Department of Transportation",2022,11688191.0,97343885.0,8748721,8571877,MB,3776890.0,"Detroit, MI",0.1201,1.336,1363.5509,self_insured,document,none,
50119,"City of Detroit , dba: Detroit Department of Transportation",Detroit,MI,"City, County or Local Government Unit or Department of Transportation",2023,12327784.0,103323480.0,9031965,10229514,MB,3776890.0,"Detroit, MI",0.1193,1.3649,1205.1192,self_insured,document,none,
50119,"City of Detroit, dba: Detroit Department of Transportation",Detroit,MI,"City, County or Local Government Unit or Department of Transportation",2024,12886096.0,109628702.0,9132113,12857631,MB,3776890.0,"Detroit, MI",0.1175,1.4111,1002.2139,self_insured,document,none,
50141,Detroit Transportation Corporation,Detroit,MI,Independent Public Agency or Authority of Transit Service,2022,913690.0,11508050.0,20045,57099,MG,3776890.0,"Detroit, MI",0.0794,45.5819,16001.8564,unknown,unknown,none,
50141,"Detroit Transportation Corporation, dba: Detroit People Mover",Detroit,MI,Independent Public Agency or Authority of Transit Service,2023,1469678.0,15417695.0,208566,608256,MG,3776890.0,"Detroit, MI",0.0953,7.0466,2416.2162,unknown,unknown,none,
50141,"Detroit Transportation Corporation, dba: Detroit People Mover",Detroit,MI,Independent Public Agency or Authority of Transit Service,2024,1431817.0,20618955.0,269195,1040277,MG,3776890.0,"Detroit, MI",0.0694,5.3189,1376.3805,unknown,unknown,none,
50145,City of Kokomo,Kokomo,IN,"City, County or Local Government Unit or Department of Transportation",2022,31344.0,2742481.0,531433,259356,"DR,MB",62576.0,"Kokomo, IN",0.0114,0.059,120.8532,unknown,unknown,per_person_and_occurrence,5000000
50145,City of Kokomo,Kokomo,IN,"City, County or Local Government Unit or Department of Transportation",2023,41204.0,2670125.0,514478,298086,"DR,MB",62576.0,"Kokomo, IN",0.0154,0.0801,138.2286,unknown,unknown,per_person_and_occurrence,5000000
50145,City of Kokomo,Kokomo,IN,"City, County or Local Government Unit or Department of Transportation",2024,40315.0,2647953.0,501668,348230,"DR,MB",62576.0,"Kokomo, IN",0.0152,0.0804,115.7712,unknown,unknown,per_person_and_occurrence,5000000
50146,Madison County Transit District,Pontoon Beach,IL,Independent Public Agency or Authority of Transit Service,2022,263725.0,1028414.0,466615,44153,VP,2156323.0,"St. Louis, MO--IL",0.2564,0.5652,5972.9803,unknown,unknown,none,
50146,Madison County Transit District,Pontoon Beach,IL,Independent Public Agency or Authority of Transit Service,2023,291373.0,1023788.0,564784,52282,VP,2156323.0,"St. Louis, MO--IL",0.2846,0.5159,5573.1036,unknown,unknown,none,
50146,Madison County Transit District,Pontoon Beach,IL,Independent Public Agency or Authority of Transit Service,2024,309327.0,1106066.0,567930,48310,VP,2156323.0,"St. Louis, MO--IL",0.2797,0.5447,6402.96,unknown,unknown,none,
50148,"Blue Water Area Transportation Commission, dba: Blue Water Area Transit",Port Huron,MI,Independent Public Agency or Authority of Transit Service,2022,288414.0,10267277.0,1354329,637660,"CB,DR,MB",82226.0,"Port Huron, MI",0.0281,0.213,452.3006,unknown,unknown,none,
50148,"Blue Water Area Transportation Commission, dba: Blue Water Area Transit",Port Huron,MI,Independent Public Agency or Authority of Transit Service,2023,290479.0,11502647.0,1425776,768336,"CB,DR,MB",82226.0,"Port Huron, MI",0.0253,0.2037,378.0625,unknown,unknown,none,
50148,"Blue Water Area Transportation Commission, dba: Blue Water Area Transit",Port Huron,MI,Independent Public Agency or Authority of Transit Service,2024,425082.0,11551347.0,1428676,792966,"CB,DR,MB",82226.0,"Port Huron, MI",0.0368,0.2975,536.0659,unknown,unknown,none,
50157,Butler County Regional Transit Authority,Hamilton,OH,Independent Public Agency or Authority of Transit Service,2022,272382.0,7425534.0,854974,456283,"DR,MB",1686744.0,"Cincinnati, OH--KY",0.0367,0.3186,596.9585,unknown,unknown,noneconomic_only,
50157,"Butler County Regional Transit Authority, dba: BCRTA",Hamilton,OH,Independent Public Agency or Authority of Transit Service,2023,278272.0,8055488.0,1032439,492009,"DR,MB",1686744.0,"Cincinnati, OH--KY",0.0345,0.2695,565.5831,unknown,unknown,noneconomic_only,
50157,"Butler County Regional Transit Authority, dba: BCRTA",Hamilton,OH,Independent Public Agency or Authority of Transit Service,2024,313151.0,9998749.0,1510770,584571,"CB,DR,MB",1686744.0,"Cincinnati, OH--KY",0.0313,0.2073,535.6937,unknown,unknown,noneconomic_only,
50158,University of Michigan Parking and Transportation Services,Ann Arbor,MI,University,2022,302061.0,11990864.0,1119961,4256925,MB,317689.0,"Ann Arbor, MI",0.0252,0.2697,70.9576,unknown,unknown,none,
50158,University of Michigan Parking and Transportation Services,Ann Arbor,MI,University,2023,332923.0,12986920.0,1203736,5308822,MB,317689.0,"Ann Arbor, MI",0.0256,0.2766,62.7113,unknown,unknown,none,
50158,University of Michigan Parking and Transportation Services,Ann Arbor,MI,University,2024,288366.0,13612510.0,1170623,4567120,MB,317689.0,"Ann Arbor, MI",0.0212,0.2463,63.1396,unknown,unknown,none,
50163,"Licking County, Ohio, dba: Licking County Transit Board",Newark,OH,"City, County or Local Government Unit or Department of Transportation",2022,1166.0,3168743.0,721048,62845,DR,81223.0,"Newark, OH",0.0004,0.0016,18.5536,unknown,unknown,noneconomic_only,
50163,"Licking County, Ohio, dba: Licking County Transit",Newark,OH,"City, County or Local Government Unit or Department of Transportation",2023,1618.0,3859000.0,795255,73659,"DR,MB",81223.0,"Newark, OH",0.0004,0.002,21.9661,unknown,unknown,noneconomic_only,
50163,"Licking County, Ohio, dba: Licking County Transit",Newark,OH,"City, County or Local Government Unit or Department of Transportation",2024,36810.0,4372167.0,998536,110386,"DR,MB",81223.0,"Newark, OH",0.0084,0.0369,333.4662,unknown,unknown,noneconomic_only,
50166,"Board of  Clermont County Commissioners, dba: Clermont Transportation Connection",Batavia,OH,"City, County or Local Government Unit or Department of Transportation",2022,55785.0,1548484.0,253509,25851,"DR,MB",1686744.0,"Cincinnati, OH--KY",0.036,0.2201,2157.9436,unknown,unknown,noneconomic_only,
50166,"Clermont County, Ohio, dba: Clermont Transportation Connection",Batavia,OH,"City, County or Local Government Unit or Department of Transportation",2023,51774.0,1643783.0,252370,27093,"DR,MB",1686744.0,"Cincinnati, OH--KY",0.0315,0.2052,1910.9733,unknown,unknown,noneconomic_only,
50166,"Clermont County, Ohio",Batavia,OH,"City, County or Local Government Unit or Department of Transportation",2024,65263.0,1590912.0,228085,22910,"DR,MB",1686744.0,"Cincinnati, OH--KY",0.041,0.2861,2848.6687,unknown,unknown,noneconomic_only,
50184,Macatawa Area Express Transportation Authority,Holland,MI,Independent Public Agency or Authority of Transit Service,2022,327987.0,5472954.0,617725,228226,"DR,MB",107034.0,"Holland, MI",0.0599,0.531,1437.115,unknown,unknown,none,
50184,Macatawa Area Express Transportation Authority,Holland,MI,Independent Public Agency or Authority of Transit Service,2023,12032.0,5486253.0,612448,209902,"DR,MB",107034.0,"Holland, MI",0.0022,0.0196,57.322,unknown,unknown,none,
50184,Macatawa Area Express Transportation Authority,Holland,MI,Independent Public Agency or Authority of Transit Service,2024,228186.0,6650974.0,668387,245943,"DR,MB",107034.0,"Holland, MI",0.0343,0.3414,927.8003,unknown,unknown,none,
50198,Medina County Public Transit,Medina,OH,"City, County or Local Government Unit or Department of Transportation",2022,3005.0,2121960.0,405894,59090,"DR,MB",1712178.0,"Cleveland, OH",0.0014,0.0074,50.8546,unknown,unknown,noneconomic_only,
50198,Medina County,Medina,OH,"City, County or Local Government Unit or Department of Transportation",2023,5577.0,2635821.0,372508,66825,"DR,MB",1712178.0,"Cleveland, OH",0.0021,0.015,83.4568,unknown,unknown,noneconomic_only,
50198,Medina County,Medina,OH,"City, County or Local Government Unit or Department of Transportation",2024,7000.0,2535644.0,324544,67249,DR,1712178.0,"Cleveland, OH",0.0028,0.0216,104.0908,unknown,unknown,noneconomic_only,
50199,Delaware County Transit Board,Delaware,OH,Independent Public Agency or Authority of Transit Service,2022,114856.0,3533321.0,554927,104164,DR,1567254.0,"Columbus, OH",0.0325,0.207,1102.6458,unknown,unknown,noneconomic_only,
50199,Delaware County Transit Board,Delaware,OH,Independent Public Agency or Authority of Transit Service,2023,111286.0,4037181.0,639310,118332,DR,1567254.0,"Columbus, OH",0.0276,0.1741,940.4557,unknown,unknown,noneconomic_only,
50199,Delaware County Transit Board,Delaware,OH,Independent Public Agency or Authority of Transit Service,2024,126010.0,4938597.0,842217,154540,DR,1567254.0,"Columbus, OH",0.0255,0.1496,815.3876,unknown,unknown,noneconomic_only,
50204,Jackson County Mass Transit District,Carbondale,IL,Independent Public Agency or Authority of Transit Service,2022,123557.0,1846466.0,349297,83348,MB,2638201.0,Illinois Non-UZA,0.0669,0.3537,1482.4231,unknown,unknown,none,
50211,Rides Mass Transit District,Harrisburg,IL,Independent Public Agency or Authority of Transit Service,2022,1147264.0,16204281.0,3168576,594288,MB,2638201.0,Illinois Non-UZA,0.0708,0.3621,1930.4849,unknown,unknown,none,
50213,"M-1 Rail, dba: QLINE Detroit",Detroit,MI,Private-Non-Profit Corporation,2022,936758.0,9759992.0,119780,562821,SR,3776890.0,"Detroit, MI",0.096,7.8207,1664.3977,unknown,unknown,none,
50213,"M-1 Rail, dba: QLINE Detroit",Detroit,MI,Private-Non-Profit Corporation,2023,965777.0,10180307.0,113696,938611,SR,3776890.0,"Detroit, MI",0.0949,8.4944,1028.9428,unknown,unknown,none,
50213,"M-1 Rail, dba: QLINE Detroit",Detroit,MI,Private-Non-Profit Corporation,2024,1119636.0,11260261.0,108652,1143100,SR,3776890.0,"Detroit, MI",0.0994,10.3048,979.4734,unknown,unknown,none,
50342,"LINK Hendricks County, dba: Hendricks and Morgan County Connect",Danville,IN,Private-Non-Profit Corporation,2022,85559.0,1401287.0,336402,38797,DR,1699881.0,"Indianapolis, IN",0.0611,0.2543,2205.2994,unknown,unknown,per_person_and_occurrence,5000000
50342,"Hendricks County Sycamore Services, dba: LINK Hendricks County; Morgan County CONNECT",Danville,IN,Private-Non-Profit Corporation,2023,92760.0,1529497.0,424077,46443,DR,1699881.0,"Indianapolis, IN",0.0606,0.2187,1997.287,unknown,unknown,per_person_and_occurrence,5000000
50342,"Hendricks County Sycamore Services, dba: LINK Hendricks County; Morgan County CONNECT",Danville,IN,Private-Non-Profit Corporation,2024,99312.0,1475094.0,449253,52227,DR,1699881.0,"Indianapolis, IN",0.0673,0.2211,1901.5452,unknown,unknown,per_person_and_occurrence,5000000
50413,Bay Area Transportation Authority,Traverse City,MI,Independent Public Agency or Authority of Transit Service,2024,693785.0,11823329.0,2040059,384510,"DR,MB",56890.0,"Traverse City--Garfield, MI",0.0587,0.3401,1804.3354,unknown,unknown,none,
50515,University of Minnesota Transit,Minneapolis,MN,University,2022,3962.0,300734.0,9996,2413,DR,2914866.0,"Minneapolis--St. Paul, MN",0.0132,0.3964,1641.9395,unknown,unknown,per_person_and_occurrence,1500000
50521,Chicago Water Taxi (Wendella),Chicago,IL,Private-For-Profit Corporation,2022,69000.0,211296.0,600,16936,FB,8671746.0,"Chicago, IL--IN",0.3266,115.0,4074.1615,unknown,unknown,none,
50521,Chicago Water Taxi (Wendella),Chicago,IL,Private-For-Profit Corporation,2023,27078.0,124545.0,1916,14850,FB,8671746.0,"Chicago, IL--IN",0.2174,14.1326,1823.4343,unknown,unknown,none,
50521,Chicago Water Taxi (Wendella),Chicago,IL,Private-For-Profit Corporation,2024,27340.0,1195055.0,25701,384914,FB,8671746.0,"Chicago, IL--IN",0.0229,1.0638,71.0289,unknown,unknown,none,
50522,"Lake Erie Transportation Commission, dba: Lake Erie Transit",Monroe,MI,Independent Public Agency or Authority of Transit Service,2023,198904.0,5607194.0,589545,233342,"DR,MB",57260.0,"Monroe, MI",0.0355,0.3374,852.4141,unknown,unknown,none,
50522,"Lake Erie Transportation Commission, dba: Lake Erie Transit",Monroe,MI,Independent Public Agency or Authority of Transit Service,2024,192259.0,5758727.0,604695,258325,"DR,MB",57260.0,"Monroe, MI",0.0334,0.3179,744.2524,unknown,unknown,none,
60006,"City of El Paso, dba: Sun Metro",El Paso,TX,"City, County or Local Government Unit or Department of Transportation",2022,970436.0,45282767.0,5158418,4976242,"MB,SR",854584.0,"El Paso, TX--NM",0.0214,0.1881,195.0138,mixed,document,per_person_and_occurrence,500000
60006,"City of El Paso, dba: Sun Metro",El Paso,TX,"City, County or Local Government Unit or Department of Transportation",2023,1132845.0,54268198.0,5771755,5821082,"MB,SR",854584.0,"El Paso, TX--NM",0.0209,0.1963,194.6107,mixed,document,per_person_and_occurrence,500000
60006,"City of El Paso, dba: Sun Metro",El Paso,TX,"City, County or Local Government Unit or Department of Transportation",2024,1318652.0,59376617.0,5077336,6243614,"MB,SR",854584.0,"El Paso, TX--NM",0.0222,0.2597,211.2001,mixed,document,per_person_and_occurrence,500000
60007,"Fort Worth Transportation Authority, dba: Trinity Metro",Fort Worth,TX,Independent Public Agency or Authority of Transit Service,2022,105902.0,59051314.0,6397670,3619106,"DR,MB",5732354.0,"Dallas--Fort Worth--Arlington, TX",0.0018,0.0166,29.2619,self_insured,document,per_person_and_occurrence,500000
60007,"Fort Worth Transportation Authority, dba: Trinity Metro",Fort Worth,TX,Independent Public Agency or Authority of Transit Service,2023,350043.0,64430503.0,6117515,4075208,"DR,MB",5732354.0,"Dallas--Fort Worth--Arlington, TX",0.0054,0.0572,85.8957,self_insured,document,per_person_and_occurrence,500000
60007,"Fort Worth Transportation Authority, dba: Trinity Metro",Fort Worth,TX,Independent Public Agency or Authority of Transit Service,2024,174365.0,76019388.0,6565921,4643583,"DR,MB",5732354.0,"Dallas--Fort Worth--Arlington, TX",0.0023,0.0266,37.5497,self_insured,document,per_person_and_occurrence,500000
60008,"Metropolitan Transit Authority of Harris County, Texas",Houston,TX,Independent Public Agency or Authority of Transit Service,2022,8113888.0,500777493.0,35212618,46815135,"CB,LR,MB,RB,VP",5853575.0,"Houston, TX",0.0162,0.2304,173.3176,self_insured,document,per_person_and_occurrence,500000
60008,"Metropolitan Transit Authority of Harris County, Texas , dba: METRO",Houston,TX,Independent Public Agency or Authority of Transit Service,2023,9045698.0,597047896.0,36980554,55322036,"CB,LR,MB,RB,VP",5853575.0,"Houston, TX",0.0152,0.2446,163.5099,self_insured,document,per_person_and_occurrence,500000
60008,"Metropolitan Transit Authority of Harris County, Texas, dba: METRO",Houston,TX,Independent Public Agency or Authority of Transit Service,2024,11363366.0,605401305.0,40684901,61759170,"CB,LR,MB,RB,VP",5853575.0,"Houston, TX",0.0188,0.2793,183.9948,self_insured,document,per_person_and_occurrence,500000
60009,"Laredo Transit Management, Inc., dba: El Metro",Laredo,TX,"City, County or Local Government Unit or Department of Transportation",2022,1220672.0,17941106.0,1857514,1577585,"DR,MB",251462.0,"Laredo, TX",0.068,0.6572,773.7599,unknown,unknown,per_person_and_occurrence,500000
60009,"City of Laredo , dba: Laredo Transit Management Inc.",Laredo,TX,"City, County or Local Government Unit or Department of Transportation",2023,919982.0,17980264.0,1802051,1798331,"DR,MB",251462.0,"Laredo, TX",0.0512,0.5105,511.5755,unknown,unknown,per_person_and_occurrence,500000
60009,"City of Laredo, dba: Laredo Transit Management Inc.",Laredo,TX,"City, County or Local Government Unit or Department of Transportation",2024,903268.0,17944429.0,1935485,1860712,"DR,MB",251462.0,"Laredo, TX",0.0503,0.4667,485.4421,unknown,unknown,per_person_and_occurrence,500000
60010,"City of Lubbock, dba: CITIBUS",Lubbock,TX,"City, County or Local Government Unit or Department of Transportation",2022,419266.0,13806209.0,2248960,1805858,"DR,MB",272280.0,"Lubbock, TX",0.0304,0.1864,232.17,unknown,unknown,per_person_and_occurrence,500000
60010,"City of Lubbock, dba: Citibus",Lubbock,TX,"City, County or Local Government Unit or Department of Transportation",2023,422042.0,14376164.0,2291690,2230771,"DR,MB",272280.0,"Lubbock, TX",0.0294,0.1842,189.1911,unknown,unknown,per_person_and_occurrence,500000
60010,"City of Lubbock, dba: Citibus",Lubbock,TX,"City, County or Local Government Unit or Department of Transportation",2024,522863.0,15271963.0,2330921,2603678,"DR,MB",272280.0,"Lubbock, TX",0.0342,0.2243,200.8171,unknown,unknown,per_person_and_occurrence,500000
60011,VIA Metropolitan Transit,San Antonio,TX,Independent Public Agency or Authority of Transit Service,2022,1432745.0,203838738.0,22346323,24161840,"DR,MB",1992689.0,"San Antonio, TX",0.007,0.0641,59.2978,self_insured,document,per_person_and_occurrence,500000
60011,"VIA Metropolitan Transit, dba: VIA",San Antonio,TX,Independent Public Agency or Authority of Transit Service,2023,2240357.0,239743892.0,21641964,26884377,"DR,MB",1992689.0,"San Antonio, TX",0.0093,0.1035,83.333,self_insured,document,per_person_and_occurrence,500000
60011,"VIA Metropolitan Transit, dba: VIA",San Antonio,TX,Independent Public Agency or Authority of Transit Service,2024,1380385.0,233962454.0,21678610,29389026,"DR,MB",1992689.0,"San Antonio, TX",0.0059,0.0637,46.9694,self_insured,document,per_person_and_occurrence,500000
60012,"City of Waco, dba: Waco Transit System, Inc.",Waco,TX,"City, County or Local Government Unit or Department of Transportation",2022,452457.0,7080236.0,1237534,757188,"DR,MB",192844.0,"Waco, TX",0.0639,0.3656,597.5491,unknown,unknown,per_person_and_occurrence,500000
60012,"City of Waco, dba: Waco Transit System, Inc.",Waco,TX,"City, County or Local Government Unit or Department of Transportation",2023,590326.0,7525082.0,1198799,843400,"DR,MB",192844.0,"Waco, TX",0.0784,0.4924,699.936,unknown,unknown,per_person_and_occurrence,500000
60012,"City of Waco, dba: Waco Transit System, Inc.",Waco,TX,"City, County or Local Government Unit or Department of Transportation",2024,457672.0,7933639.0,1232019,853113,"DR,MB",192844.0,"Waco, TX",0.0577,0.3715,536.4729,unknown,unknown,per_person_and_occurrence,500000
60014,"City of Brownsville , dba: Brownsville Metro",Brownsville,TX,"City, County or Local Government Unit or Department of Transportation",2022,202499.0,7929827.0,882187,1001999,"DR,MB",216444.0,"Brownsville, TX",0.0255,0.2295,202.095,unknown,unknown,per_person_and_occurrence,500000
60014,"City of Brownsville , dba: Brownsville Metro",Brownsville,TX,"City, County or Local Government Unit or Department of Transportation",2023,165812.0,9164852.0,958627,1146741,"DR,MB",216444.0,"Brownsville, TX",0.0181,0.173,144.5941,unknown,unknown,per_person_and_occurrence,500000
60014,"City of Brownsville, dba: Brownsville Metro",Brownsville,TX,"City, County or Local Government Unit or Department of Transportation",2024,175858.0,8293217.0,1046660,1301770,"DR,MB",216444.0,"Brownsville, TX",0.0212,0.168,135.0915,unknown,unknown,per_person_and_occurrence,500000
60015,"City of Galveston , dba: City of Galveston Island Transit",Galveston,TX,"City, County or Local Government Unit or Department of Transportation",2022,68361.0,3255388.0,232018,191418,"MB,SR",191863.0,"Galveston--Texas City, TX",0.021,0.2946,357.1294,unknown,unknown,per_person_and_occurrence,500000
60015,"City of Galveston , dba: Galveston Island Transit",Galveston,TX,"City, County or Local Government Unit or Department of Transportation",2023,128025.0,3685745.0,232748,210295,"MB,SR",191863.0,"Galveston--Texas City, TX",0.0347,0.5501,608.7877,unknown,unknown,per_person_and_occurrence,500000
60015,"City of Galveston, dba: Galveston Island Transit",Galveston,TX,"City, County or Local Government Unit or Department of Transportation",2024,124570.0,4210913.0,233631,233126,"MB,SR",191863.0,"Galveston--Texas City, TX",0.0296,0.5332,534.3462,unknown,unknown,per_person_and_occurrence,500000
60017,"Central Oklahoma Transportation and Parking Authority, dba: EMBARK",Oklahoma City,OK,"City, County or Local Government Unit or Department of Transportation",2022,923416.0,27846412.0,3795819,2269705,"DR,MB",982276.0,"Oklahoma City, OK",0.0332,0.2433,406.8441,self_insured_with_excess,document,per_person_and_occurrence,1000000
60017,"Central Oklahoma Transportation and Parking Authority, dba: EMBARK",Oklahoma City,OK,"City, County or Local Government Unit or Department of Transportation",2023,289643.0,36180139.0,3797035,2695199,"DR,MB",982276.0,"Oklahoma City, OK",0.008,0.0763,107.4663,self_insured_with_excess,document,per_person_and_occurrence,1000000
60017,"Central Oklahoma Transportation and Parking Authority, dba: EMBARK",Oklahoma City,OK,"City, County or Local Government Unit or Department of Transportation",2024,482887.0,41838116.0,3921164,3002211,"DR,MB,RB",982276.0,"Oklahoma City, OK",0.0115,0.1231,160.8438,self_insured_with_excess,document,per_person_and_occurrence,1000000
60018,Metropolitan Tulsa Transit Authority,Tulsa,OK,"City, County or Local Government Unit or Department of Transportation",2022,247104.0,15903279.0,2354249,1417951,MB,722810.0,"Tulsa, OK",0.0155,0.105,174.2684,unknown,document,per_person_and_occurrence,1000000
60018,"Metropolitan Tulsa Transit Authority, dba: Tulsa Transit, MetroLink Tulsa",Tulsa,OK,"City, County or Local Government Unit or Department of Transportation",2023,273159.0,17252185.0,2575778,1854623,MB,722810.0,"Tulsa, OK",0.0158,0.106,147.2855,unknown,document,per_person_and_occurrence,1000000
60018,"Metropolitan Tulsa Transit Authority, dba: Tulsa Transit, MetroLink Tulsa",Tulsa,OK,"City, County or Local Government Unit or Department of Transportation",2024,728717.0,24632541.0,3848694,2197793,"DR,MB",722810.0,"Tulsa, OK",0.0296,0.1893,331.5676,unknown,document,per_person_and_occurrence,1000000
60019,"City of Albuquerque, dba: ABQRIDE",Albuquerque,NM,"City, County or Local Government Unit or Department of Transportation",2022,4292035.0,58180293.0,6139884,5253683,"DR,MB,RB",769837.0,"Albuquerque, NM",0.0738,0.699,816.9574,self_insured_with_excess,document,per_person_and_occurrence,750000
60019,"City of Albuquerque, dba: ABQRIDE",Albuquerque,NM,"City, County or Local Government Unit or Department of Transportation",2023,4451380.0,64866320.0,5901636,6840961,"DR,MB,RB",769837.0,"Albuquerque, NM",0.0686,0.7543,650.6951,self_insured_with_excess,document,per_person_and_occurrence,750000
60019,"City of Albuquerque, dba: ABQRIDE",Albuquerque,NM,"City, County or Local Government Unit or Department of Transportation",2024,3890440.0,61794411.0,5298349,6903362,"DR,MB,RB",769837.0,"Albuquerque, NM",0.063,0.7343,563.5573,self_insured_with_excess,document,per_person_and_occurrence,750000
60022,Capital Area Transit System,Baton Rouge,LA,Independent Public Agency or Authority of Transit Service,2022,2144473.0,32020206.0,2517700,1263657,MB,631326.0,"Baton Rouge, LA",0.067,0.8518,1697.0372,unknown,unknown,noneconomic_only,
60022,Capital Area Transit System,Baton Rouge,LA,Independent Public Agency or Authority of Transit Service,2023,1375491.0,26957753.0,2473049,1322516,MB,631326.0,"Baton Rouge, LA",0.051,0.5562,1040.0562,unknown,unknown,noneconomic_only,
60022,Capital Area Transit System,Baton Rouge,LA,Independent Public Agency or Authority of Transit Service,2024,1130189.0,29660813.0,2431598,1450616,MB,631326.0,"Baton Rouge, LA",0.0381,0.4648,779.1097,unknown,unknown,noneconomic_only,
60024,"City of Shreveport, dba: Shreveport Area Transit System",Shreveport,LA,"City, County or Local Government Unit or Department of Transportation",2022,404402.0,15335437.0,2749227,2521237,"DR,MB",288052.0,"Shreveport, LA",0.0264,0.1471,160.3982,unknown,unknown,noneconomic_only,
60024,"City of Shreveport, dba: SporTran",Shreveport,LA,"City, County or Local Government Unit or Department of Transportation",2023,504018.0,17031686.0,2759655,3333319,"DR,MB",288052.0,"Shreveport, LA",0.0296,0.1826,151.2061,unknown,unknown,noneconomic_only,
60024,"City of Shreveport, dba: SporTran",Shreveport,LA,"City, County or Local Government Unit or Department of Transportation",2024,622103.0,17303433.0,2932094,4282070,"DR,MB",288052.0,"Shreveport, LA",0.036,0.2122,145.2809,unknown,unknown,noneconomic_only,
60032,New Orleans Regional Transit Authority,New Orleans,LA,Independent Public Agency or Authority of Transit Service,2022,8235060.0,124961945.0,7565265,11131256,"DR,MB,SR",963212.0,"New Orleans, LA",0.0659,1.0885,739.8141,self_insured_with_excess,document,noneconomic_only,
60032,New Orleans Regional Transit Authority,New Orleans,LA,Independent Public Agency or Authority of Transit Service,2023,6620801.0,116155078.0,8062818,12812283,"DR,MB,SR",963212.0,"New Orleans, LA",0.057,0.8212,516.7542,self_insured_with_excess,document,noneconomic_only,
60032,New Orleans Regional Transit Authority,New Orleans,LA,Independent Public Agency or Authority of Transit Service,2024,10510373.0,129023340.0,7499635,13269246,"DR,MB,SR",963212.0,"New Orleans, LA",0.0815,1.4015,792.0852,self_insured_with_excess,document,noneconomic_only,
60033,Rock Region Metropolitan Transit Authority,North Little Rock,AR,Independent Public Agency or Authority of Transit Service,2022,398534.0,19231664.0,2648080,1705617,"DR,MB,SR",461864.0,"Little Rock, AR",0.0207,0.1505,233.6597,unknown,unknown,other,
60033,"Rock Region Metropolitan Transit Authority, dba: Rock Region METRO",North Little Rock,AR,Independent Public Agency or Authority of Transit Service,2023,442692.0,20182413.0,2910688,1990945,"DR,MB,SR",461864.0,"Little Rock, AR",0.0219,0.1521,222.3527,unknown,unknown,other,
60033,"Rock Region Metropolitan Transit Authority, dba: Rock Region METRO",North Little Rock,AR,Independent Public Agency or Authority of Transit Service,2024,482341.0,21035370.0,2783480,2025545,"DR,MB,SR",461864.0,"Little Rock, AR",0.0229,0.1733,238.129,unknown,unknown,other,
60038,"Lafayette City-Parish Consolidated Government, dba: Lafayette Transit System",Lafayette,LA,"City, County or Local Government Unit or Department of Transportation",2022,234719.0,4299475.0,748618,733888,MB,227316.0,"Lafayette, LA",0.0546,0.3135,319.8295,unknown,unknown,noneconomic_only,
60038,"Lafayette City-Parish Consolidated Government, dba: Lafayette Transit System",Lafayette,LA,"City, County or Local Government Unit or Department of Transportation",2023,501250.0,4583634.0,752581,1008582,MB,227316.0,"Lafayette, LA",0.1094,0.666,496.9849,unknown,unknown,noneconomic_only,
60038,"Lafayette City-Parish Consolidated Government, dba: Lafayette Transit System",Lafayette,LA,"City, County or Local Government Unit or Department of Transportation",2024,964094.0,4981332.0,795822,1512681,MB,227316.0,"Lafayette, LA",0.1935,1.2114,637.3413,unknown,unknown,noneconomic_only,
60041,"City of Arlington, dba: Arlington Transportation",Arlington,TX,"City, County or Local Government Unit or Department of Transportation",2022,6934.0,1580837.0,196394,30963,DR,5732354.0,"Dallas--Fort Worth--Arlington, TX",0.0044,0.0353,223.9447,unknown,unknown,per_person_and_occurrence,500000
60041,"City of Arlington, dba: Arlington Transportation",Arlington,TX,"City, County or Local Government Unit or Department of Transportation",2023,0.0,1413103.0,164594,23956,DR,5732354.0,"Dallas--Fort Worth--Arlington, TX",0.0,0.0,0.0,unknown,unknown,per_person_and_occurrence,500000
60041,"City of Arlington, dba: Arlington Transportation",Arlington,TX,"City, County or Local Government Unit or Department of Transportation",2024,0.0,1249320.0,284013,33139,DR,5732354.0,"Dallas--Fort Worth--Arlington, TX",0.0,0.0,0.0,unknown,unknown,per_person_and_occurrence,500000
60051,"Corpus Christi Regional Transportation Authority, dba: The B",Corpus Christi,TX,Independent Public Agency or Authority of Transit Service,2022,279244.0,29024705.0,2235666,2336999,MB,339066.0,"Corpus Christi, TX",0.0096,0.1249,119.4883,unknown,unknown,per_person_and_occurrence,500000
60051,"Corpus Christi Regional Transportation Authority, dba: The B",Corpus Christi,TX,Independent Public Agency or Authority of Transit Service,2023,293131.0,30699040.0,2212372,2745076,MB,339066.0,"Corpus Christi, TX",0.0095,0.1325,106.7843,unknown,unknown,per_person_and_occurrence,500000
60051,"Corpus Christi Regional Transportation Authority, dba: The B",Corpus Christi,TX,Independent Public Agency or Authority of Transit Service,2024,359095.0,32098280.0,2416219,3163219,MB,339066.0,"Corpus Christi, TX",0.0112,0.1486,113.522,unknown,unknown,per_person_and_occurrence,500000
60056,Dallas Area Rapid Transit,Dallas,TX,Independent Public Agency or Authority of Transit Service,2022,5798769.0,489601349.0,30203493,39370564,"LR,MB,SR",5732354.0,"Dallas--Fort Worth--Arlington, TX",0.0118,0.192,147.2869,unknown,document,per_person_and_occurrence,500000
60056,Dallas Area Rapid Transit,Dallas,TX,Independent Public Agency or Authority of Transit Service,2023,4905259.0,579477777.0,35100337,46534173,"LR,MB,SR",5732354.0,"Dallas--Fort Worth--Arlington, TX",0.0085,0.1397,105.412,unknown,document,per_person_and_occurrence,500000
60056,Dallas Area Rapid Transit,Dallas,TX,Independent Public Agency or Authority of Transit Service,2024,7918993.0,646495730.0,35785184,51361137,"LR,MB,SR",5732354.0,"Dallas--Fort Worth--Arlington, TX",0.0122,0.2213,154.1826,unknown,document,per_person_and_occurrence,500000
60059,Brazos Transit District,Bryan,TX,Independent Public Agency or Authority of Transit Service,2022,421155.0,9800073.0,2100243,281300,"DR,MB",206137.0,"College Station--Bryan, TX",0.043,0.2005,1497.1738,unknown,unknown,per_person_and_occurrence,500000
60059,Brazos Transit District,Bryan,TX,Independent Public Agency or Authority of Transit Service,2023,458887.0,10177309.0,2207080,491004,"DR,MB",206137.0,"College Station--Bryan, TX",0.0451,0.2079,934.5891,unknown,unknown,per_person_and_occurrence,500000
60059,Brazos Transit District,Bryan,TX,Independent Public Agency or Authority of Transit Service,2024,509951.0,11828759.0,2224753,499013,"DR,MB",206137.0,"College Station--Bryan, TX",0.0431,0.2292,1021.9193,unknown,unknown,per_person_and_occurrence,500000
60077,"City of Santa Fe, dba: Santa Fe Trails",Santa Fe,NM,"City, County or Local Government Unit or Department of Transportation",2023,211951.0,8598834.0,668727,382381,"DR,MB",94241.0,"Santa Fe, NM",0.0246,0.3169,554.2927,unknown,unknown,per_person_and_occurrence,750000
60077,"City of Santa Fe, dba: Santa Fe Trails",Santa Fe,NM,"City, County or Local Government Unit or Department of Transportation",2024,5350.0,8126812.0,709021,391251,"DR,MB",94241.0,"Santa Fe, NM",0.0007,0.0075,13.6741,unknown,unknown,per_person_and_occurrence,750000
60090,Lower Rio Grande Valley Development Council,Weslaco,TX,"MPO, COG or Other Planning Agency",2022,275574.0,7872862.0,1849859,267048,"DR,MB",779553.0,"McAllen, TX",0.035,0.149,1031.9268,unknown,unknown,per_person_and_occurrence,500000
60090,Lower Rio Grande Valley Development Council,Weslaco,TX,"MPO, COG or Other Planning Agency",2023,285018.0,8263283.0,1924470,298042,"DR,MB",779553.0,"McAllen, TX",0.0345,0.1481,956.3015,unknown,unknown,per_person_and_occurrence,500000
60090,Lower Rio Grande Valley Development Council,Weslaco,TX,"MPO, COG or Other Planning Agency",2024,247802.0,8533532.0,2101653,331004,"DR,MB",779553.0,"McAllen, TX",0.029,0.1179,748.6375,unknown,unknown,per_person_and_occurrence,500000
60091,Hill Country Transit District,San Saba,TX,Independent Public Agency or Authority of Transit Service,2022,272734.0,10611714.0,1227407,343187,"DR,MB",257222.0,"Killeen, TX",0.0257,0.2222,794.7096,unknown,unknown,per_person_and_occurrence,500000
60091,"Hill Country Transit District, dba: The Hop",Belton,TX,Independent Public Agency or Authority of Transit Service,2023,272876.0,10665255.0,1158770,377448,"DR,MB",257222.0,"Killeen, TX",0.0256,0.2355,722.9499,unknown,unknown,per_person_and_occurrence,500000
60091,"Hill Country Transit District, dba: The Hop",Belton,TX,Independent Public Agency or Authority of Transit Service,2024,225700.0,10643874.0,1261464,364532,"CB,DR,MB",257222.0,"Killeen, TX",0.0212,0.1789,619.15,unknown,unknown,per_person_and_occurrence,500000
60095,Golden Crescent Regional Planning Commission,Victoria,TX,"MPO, COG or Other Planning Agency",2022,116866.0,4908503.0,994564,363119,"CB,DR,MB",65986.0,"Victoria, TX",0.0238,0.1175,321.8394,unknown,unknown,per_person_and_occurrence,500000
60095,"Golden Crescent Regional Planning Commission, dba: Victoria Transit",Victoria,TX,"MPO, COG or Other Planning Agency",2023,127662.0,4616263.0,1008760,390418,"CB,DR,MB",65986.0,"Victoria, TX",0.0277,0.1266,326.988,unknown,unknown,per_person_and_occurrence,500000
60095,"Golden Crescent Regional Planning Commission, dba: Victoria Transit",Victoria,TX,"MPO, COG or Other Planning Agency",2024,126342.0,4793068.0,962148,272572,"CB,DR,MB",65986.0,"Victoria, TX",0.0264,0.1313,463.5179,unknown,unknown,per_person_and_occurrence,500000
60101,Denton County Transportation Authority,Lewisville,TX,Independent Public Agency or Authority of Transit Service,2022,355176.0,11819429.0,957922,1174783,"DR,MB",429461.0,"Denton--Lewisville, TX",0.0301,0.3708,302.3333,unknown,unknown,per_person_and_occurrence,500000
60101,Denton County Transportation Authority,Lewisville,TX,Independent Public Agency or Authority of Transit Service,2023,216761.0,10105988.0,863318,1607243,"DR,MB",429461.0,"Denton--Lewisville, TX",0.0214,0.2511,134.8651,unknown,unknown,per_person_and_occurrence,500000
60101,Denton County Transportation Authority,Lewisville,TX,Independent Public Agency or Authority of Transit Service,2024,324681.0,10337374.0,895964,1811201,"DR,MB",429461.0,"Denton--Lewisville, TX",0.0314,0.3624,179.2628,unknown,unknown,per_person_and_occurrence,500000
60102,Concho Valley Transit District,San Angelo,TX,Independent Public Agency or Authority of Transit Service,2022,87402.0,5364347.0,1095760,231255,"DR,MB",99982.0,"San Angelo, TX",0.0163,0.0798,377.9464,unknown,unknown,per_person_and_occurrence,500000
60102,Concho Valley Transit District,San Angelo,TX,Independent Public Agency or Authority of Transit Service,2023,83351.0,5364576.0,1128023,265636,"DR,MB",99982.0,"San Angelo, TX",0.0155,0.0739,313.779,unknown,unknown,per_person_and_occurrence,500000
60102,Concho Valley Transit District,San Angelo,TX,Independent Public Agency or Authority of Transit Service,2024,115751.0,5938958.0,1134910,291455,"DR,MB",99982.0,"San Angelo, TX",0.0195,0.102,397.1488,unknown,unknown,per_person_and_occurrence,500000
60111,Rio Metro Regional Transit District,Albuquerque,NM,Independent Public Agency or Authority of Transit Service,2022,357488.0,3504485.0,507724,50972,"DR,MB",769837.0,"Albuquerque, NM",0.102,0.7041,7013.4191,unknown,unknown,per_person_and_occurrence,750000
60111,Rio Metro Regional Transit District,Albuquerque,NM,Independent Public Agency or Authority of Transit Service,2023,407474.0,3704169.0,516294,59757,"DR,MB",769837.0,"Albuquerque, NM",0.11,0.7892,6818.8497,unknown,unknown,per_person_and_occurrence,750000
60111,Rio Metro Regional Transit District,Albuquerque,NM,Independent Public Agency or Authority of Transit Service,2024,419281.0,4249700.0,622678,77785,"DR,MB",769837.0,"Albuquerque, NM",0.0987,0.6734,5390.2552,unknown,unknown,per_person_and_occurrence,750000
60114,STAR Transit,Terrell,TX,"City, County or Local Government Unit or Department of Transportation",2022,168334.0,6482701.0,1305276,154979,"DR,MB",5732354.0,"Dallas--Fort Worth--Arlington, TX",0.026,0.129,1086.173,unknown,unknown,per_person_and_occurrence,500000
60114,STAR Transit,Terrell,TX,Independent Public Agency or Authority of Transit Service,2023,158468.0,7021294.0,1408767,193119,"DR,MB",5732354.0,"Dallas--Fort Worth--Arlington, TX",0.0226,0.1125,820.5718,unknown,unknown,per_person_and_occurrence,500000
60114,STAR Transit,Terrell,TX,Independent Public Agency or Authority of Transit Service,2024,232035.0,6771093.0,1395078,208724,"DR,MB",5732354.0,"Dallas--Fort Worth--Arlington, TX",0.0343,0.1663,1111.6834,unknown,unknown,per_person_and_occurrence,500000
60130,Alamo Area Council of Governments,San Antonio,TX,"MPO, COG or Other Planning Agency",2022,180560.0,6721417.0,1416893,121948,DR,100736.0,"New Braunfels, TX",0.0269,0.1274,1480.6311,unknown,unknown,per_person_and_occurrence,500000
60130,"Alamo Area Council of Governments, dba: Alamo Regional Transit",San Antonio,TX,"MPO, COG or Other Planning Agency",2023,148645.0,6217186.0,1279067,130544,"DR,MB",100736.0,"New Braunfels, TX",0.0239,0.1162,1138.6582,unknown,unknown,per_person_and_occurrence,500000
60130,"Alamo Area Council of Governments, dba: Alamo Regional Transit",San Antonio,TX,"MPO, COG or Other Planning Agency",2024,174963.0,6245006.0,1166381,136199,"DR,MB",100736.0,"New Braunfels, TX",0.028,0.15,1284.613,unknown,unknown,per_person_and_occurrence,500000
60133,McKinney Avenue Transit Authority,Dallas,TX,Private-Non-Profit Corporation,2022,258203.0,1898291.0,69748,437311,SR,5732354.0,"Dallas--Fort Worth--Arlington, TX",0.136,3.7019,590.4334,unknown,unknown,per_person_and_occurrence,500000
60133,McKinney Avenue Transit Authority,Dallas,TX,Private-Non-Profit Corporation,2023,204054.0,2003265.0,68368,370528,SR,5732354.0,"Dallas--Fort Worth--Arlington, TX",0.1019,2.9846,550.7114,unknown,unknown,per_person_and_occurrence,500000
60133,McKinney Avenue Transit Authority,Dallas,TX,Private-Non-Profit Corporation,2024,247516.0,2173164.0,67067,361451,SR,5732354.0,"Dallas--Fort Worth--Arlington, TX",0.1139,3.6906,684.7844,unknown,unknown,per_person_and_occurrence,500000
60134,The Woodlands Township,Spring,TX,"City, County or Local Government Unit or Department of Transportation",2022,17469.0,1057408.0,92259,137425,MB,402454.0,"The Woodlands--Conroe, TX",0.0165,0.1893,127.1166,unknown,unknown,per_person_and_occurrence,500000
60134,The Woodlands Township,Spring,TX,"City, County or Local Government Unit or Department of Transportation",2023,17469.0,1188807.0,97842,179281,MB,402454.0,"The Woodlands--Conroe, TX",0.0147,0.1785,97.4392,unknown,unknown,per_person_and_occurrence,500000
60134,The Woodlands Township,Spring,TX,"City, County or Local Government Unit or Department of Transportation",2024,20034.0,1289748.0,97259,200655,MB,402454.0,"The Woodlands--Conroe, TX",0.0155,0.206,99.843,unknown,unknown,per_person_and_occurrence,500000
60246,"Central Arkansas Development Council, dba: South Central Arkansas Transit",Benton,AR,Private-Non-Profit Corporation,2024,696766.0,14543230.0,5103022,393783,DR,461864.0,"Little Rock, AR",0.0479,0.1365,1769.4162,unknown,unknown,other,
60256,Southwest Area Regional Transit District,Uvalde,TX,Independent Public Agency or Authority of Transit Service,2022,0.0,2880919.0,693549,93425,"DR,MB",54083.0,"Eagle Pass, TX",0.0,0.0,0.0,unknown,unknown,per_person_and_occurrence,500000
60273,University of Texas Rio Grande Valley,Edinburg,TX,University,2023,42750.0,2570960.0,514610,210472,MB,779553.0,"McAllen, TX",0.0166,0.0831,203.1149,unknown,unknown,per_person_and_occurrence,500000
60273,University of Texas Rio Grande Valley,Edinburg,TX,University,2024,23739.0,2737095.0,506165,274210,MB,779553.0,"McAllen, TX",0.0087,0.0469,86.5723,unknown,unknown,per_person_and_occurrence,500000
60276,Plaquemines Port Harbor Terminal District,Belle Chasse,LA,"City, County or Local Government Unit or Department of Transportation",2022,276414.0,3607212.0,16198,477166,FB,963212.0,"New Orleans, LA",0.0766,17.0647,579.2827,unknown,unknown,noneconomic_only,
60276,"Plaquemines Port, Harbor and Terminal District",Belle Chasse,LA,Independent Public Agency or Authority of Transit Service,2023,345152.0,3698646.0,13227,555015,FB,963212.0,"New Orleans, LA",0.0933,26.0945,621.8787,unknown,unknown,noneconomic_only,
60276,"Plaquemines Port, Harbor and Terminal District",Belle Chasse,LA,Independent Public Agency or Authority of Transit Service,2024,380307.0,4027851.0,13883,629214,FB,963212.0,"New Orleans, LA",0.0944,27.3937,604.416,unknown,unknown,noneconomic_only,
70001,"City of Lincoln, dba: StarTran",Lincoln,NE,"City, County or Local Government Unit or Department of Transportation",2022,286029.0,15173303.0,2020118,2281907,"DR,MB",291217.0,"Lincoln, NE",0.0189,0.1416,125.3465,unknown,unknown,per_person_and_occurrence,5000000
70001,"City of Lincoln, dba: StarTran",Lincoln,NE,"City, County or Local Government Unit or Department of Transportation",2023,466280.0,16871517.0,2137516,2112119,"DR,MB",291217.0,"Lincoln, NE",0.0276,0.2181,220.7641,unknown,unknown,per_person_and_occurrence,5000000
70001,"City of Lincoln, dba: StarTran",Lincoln,NE,"City, County or Local Government Unit or Department of Transportation",2024,486381.0,19232254.0,2395213,2265753,"DR,MB",291217.0,"Lincoln, NE",0.0253,0.2031,214.6664,unknown,unknown,per_person_and_occurrence,5000000
70002,Transit Authority of Omaha,Omaha,NE,Independent Public Agency or Authority of Transit Service,2022,660652.0,35613826.0,4117820,2714471,"DR,MB",819508.0,"Omaha, NE--IA",0.0186,0.1604,243.3815,self_insured_with_excess,document,per_person_and_occurrence,5000000
70002,"Transit Authority of Omaha, dba: Metro",Omaha,NE,Independent Public Agency or Authority of Transit Service,2023,4104050.0,41854974.0,4531536,3314631,"DR,MB",819508.0,"Omaha, NE--IA",0.0981,0.9057,1238.162,self_insured_with_excess,document,per_person_and_occurrence,5000000
70002,"Transit Authority of Omaha, dba: Metro",Omaha,NE,Independent Public Agency or Authority of Transit Service,2024,3247560.0,42291293.0,4444462,3477106,"DR,MB",819508.0,"Omaha, NE--IA",0.0768,0.7307,933.9836,self_insured_with_excess,document,per_person_and_occurrence,5000000
70003,"City of Springfield, dba: City Utilities of Springfield, MO",Springfield,MO,"City, County or Local Government Unit or Department of Transportation",2022,583347.0,11423256.0,1214925,925826,"DR,MB",282651.0,"Springfield, MO",0.0511,0.4802,630.0828,unknown,unknown,per_person_and_occurrence,3547658
70003,"City of Springfield, dba: City Utilities of Springfield MO",Springfield,MO,"City, County or Local Government Unit or Department of Transportation",2023,118510.0,12065443.0,1230110,1081702,"DR,MB",282651.0,"Springfield, MO",0.0098,0.0963,109.5588,unknown,unknown,per_person_and_occurrence,3547658
70003,"City of Springfield, dba: City Utilities of Springfield MO",Springfield,MO,"City, County or Local Government Unit or Department of Transportation",2024,118591.0,12198874.0,1235064,1148084,"DR,MB",282651.0,"Springfield, MO",0.0097,0.096,103.2947,unknown,unknown,per_person_and_occurrence,3547658
70005,Kansas City Area Transportation Authority,Kansas City,MO,Independent Public Agency or Authority of Transit Service,2022,1823730.0,86694911.0,5737736,10271799,"DR,MB,RB",1674218.0,"Kansas City, MO--KS",0.021,0.3178,177.5473,self_insured_with_excess,document,per_person_and_occurrence,3547658
70005,Kansas City Area Transportation Authority,Kansas City,MO,Independent Public Agency or Authority of Transit Service,2023,2776736.0,92709074.0,6213408,11851169,"DR,MB,RB",1674218.0,"Kansas City, MO--KS",0.03,0.4469,234.3006,self_insured_with_excess,document,per_person_and_occurrence,3547658
70005,Kansas City Area Transportation Authority,Kansas City,MO,Independent Public Agency or Authority of Transit Service,2024,3432699.0,99011772.0,6330383,11957671,"DR,MB,RB",1674218.0,"Kansas City, MO--KS",0.0347,0.5423,287.0709,self_insured_with_excess,document,per_person_and_occurrence,3547658
70006,"Bi-State Development Agency of the Missouri-Illinois Metropolitan District, dba: (St. Louis) Metro",Saint Louis,MO,Independent Public Agency or Authority of Transit Service,2022,5711262.0,265759598.0,23081769,18508770,"DR,LR,MB",2156323.0,"St. Louis, MO--IL",0.0215,0.2474,308.5706,self_insured_with_excess,document,per_person_and_occurrence,3547658
70006,"Bi-State Development Agency of the Missouri-Illinois Metropolitan District, dba: (St. Louis) Metro",Saint Louis,MO,Independent Public Agency or Authority of Transit Service,2023,11793850.0,280467769.0,20012926,19690804,"DR,LR,MB",2156323.0,"St. Louis, MO--IL",0.0421,0.5893,598.9522,self_insured_with_excess,document,per_person_and_occurrence,3547658
70006,"Bi-State Development Agency of the Missouri-Illinois Metropolitan District, dba: (St. Louis) Metro",Saint Louis,MO,Independent Public Agency or Authority of Transit Service,2024,14624670.0,287325676.0,20040272,19787659,"DR,LR,MB",2156323.0,"St. Louis, MO--IL",0.0509,0.7298,739.0804,self_insured_with_excess,document,per_person_and_occurrence,3547658
70008,"City of Cedar Rapids, dba: Cedar Rapids Transit",Cedar Rapids,IA,"City, County or Local Government Unit or Department of Transportation",2022,159944.0,7750834.0,968950,739445,MB,192844.0,"Cedar Rapids, IA",0.0206,0.1651,216.3028,unknown,unknown,none,
70008,"City of Cedar Rapids, dba: Cedar Rapids Transit",Cedar Rapids,IA,"City, County or Local Government Unit or Department of Transportation",2023,156985.0,8166755.0,951829,982336,MB,192844.0,"Cedar Rapids, IA",0.0192,0.1649,159.8078,unknown,unknown,none,
70008,"City of Cedar Rapids, dba: Cedar Rapids Transit",Cedar Rapids,IA,"City, County or Local Government Unit or Department of Transportation",2024,159674.0,9082767.0,1006591,1123065,MB,192844.0,"Cedar Rapids, IA",0.0176,0.1586,142.177,unknown,unknown,none,
70010,Des Moines Area Regional Transit Authority,Des Moines,IA,Independent Public Agency or Authority of Transit Service,2022,1286452.0,31992904.0,4562030,2584135,"DR,MB,VP",542486.0,"Des Moines, IA",0.0402,0.282,497.8269,pool,document,none,
70010,Des Moines Area Regional Transit Authority,Des Moines,IA,Independent Public Agency or Authority of Transit Service,2023,1347331.0,35266951.0,4468878,3214180,"DR,MB,VP",542486.0,"Des Moines, IA",0.0382,0.3015,419.1834,pool,document,none,
70010,Des Moines Area Regional Transit Authority,Des Moines,IA,Independent Public Agency or Authority of Transit Service,2024,1539262.0,37215318.0,4326590,3505059,"DR,MB,VP",542486.0,"Des Moines, IA",0.0414,0.3558,439.1544,pool,document,none,
70012,"City of Sioux City, dba: Sioux City Transit System",Sioux City,IA,"City, County or Local Government Unit or Department of Transportation",2022,446168.0,4299137.0,579880,587085,MB,113066.0,"Sioux City, IA--NE--SD",0.1038,0.7694,759.9717,unknown,unknown,none,
70012,"City of Sioux City, dba: Sioux City Transit System",Sioux City,IA,"City, County or Local Government Unit or Department of Transportation",2023,331442.0,4697096.0,601974,644143,MB,113066.0,"Sioux City, IA--NE--SD",0.0706,0.5506,514.5472,unknown,unknown,none,
70012,"City of Sioux City, dba: Sioux City Transit System",Sioux City,IA,"City, County or Local Government Unit or Department of Transportation",2024,124383.0,4699724.0,601842,653477,MB,113066.0,"Sioux City, IA--NE--SD",0.0265,0.2067,190.3403,unknown,unknown,none,
70014,Topeka Metropolitan Transit Authority,Topeka,KS,Independent Public Agency or Authority of Transit Service,2022,140485.0,7431986.0,875943,690203,"DR,MB",148956.0,"Topeka, KS",0.0189,0.1604,203.5416,unknown,unknown,per_occurrence_only,500000
70014,"Topeka Metropolitan Transit Authority, dba: Topeka Metro",Topeka,KS,Independent Public Agency or Authority of Transit Service,2023,141939.0,7854076.0,900808,914070,"DR,MB",148956.0,"Topeka, KS",0.0181,0.1576,155.2824,unknown,unknown,per_occurrence_only,500000
70014,"Topeka Metropolitan Transit Authority, dba: Topeka Metro",Topeka,KS,Independent Public Agency or Authority of Transit Service,2024,119241.0,8056618.0,931254,957384,"DR,MB",148956.0,"Topeka, KS",0.0148,0.128,124.5488,unknown,unknown,per_occurrence_only,500000
70015,"City of Wichita , dba: Wichita Transit",Wichita,KS,"City, County or Local Government Unit or Department of Transportation",2022,110833.0,13431530.0,2314083,1076276,"DR,MB",500231.0,"Wichita, KS",0.0083,0.0479,102.9782,unknown,unknown,per_occurrence_only,500000
70015,"City of Wichita , dba: Wichita Transit",Wichita,KS,"City, County or Local Government Unit or Department of Transportation",2023,136405.0,14432066.0,2337819,1250111,"DR,MB",500231.0,"Wichita, KS",0.0095,0.0583,109.1143,unknown,unknown,per_occurrence_only,500000
70015,"City of Wichita, dba: Wichita Transit",Wichita,KS,"City, County or Local Government Unit or Department of Transportation",2024,136465.0,14769396.0,2340509,1228959,"DR,MB",500231.0,"Wichita, KS",0.0092,0.0583,111.0411,unknown,unknown,per_occurrence_only,500000
70016,"City of Columbia, dba: Go COMO",Columbia,MO,"City, County or Local Government Unit or Department of Transportation",2022,340051.0,6016702.0,629318,1089440,"DR,MB",141831.0,"Columbia, MO",0.0565,0.5403,312.1338,unknown,unknown,per_person_and_occurrence,3547658
70016,"City of Columbia, dba: GoCOMO",Columbia,MO,"City, County or Local Government Unit or Department of Transportation",2023,233047.0,5862822.0,484320,911115,"DR,MB",141831.0,"Columbia, MO",0.0397,0.4812,255.7822,unknown,unknown,per_person_and_occurrence,3547658
70016,"City of Columbia, dba: GoCOMO",Columbia,MO,"City, County or Local Government Unit or Department of Transportation",2024,276668.0,6799339.0,521498,683430,"DR,MB",141831.0,"Columbia, MO",0.0407,0.5305,404.8227,unknown,unknown,per_person_and_occurrence,3547658
70018,"City of Iowa City, dba: Iowa City Transit",Iowa City,IA,"City, County or Local Government Unit or Department of Transportation",2022,184897.0,6502213.0,717837,851383,MB,126810.0,"Iowa City, IA",0.0284,0.2576,217.1725,unknown,unknown,none,
70018,"City of Iowa City, dba: Iowa City Transit",Iowa City,IA,"City, County or Local Government Unit or Department of Transportation",2023,173607.0,6606297.0,700682,1050132,MB,126810.0,"Iowa City, IA",0.0263,0.2478,165.3192,unknown,unknown,none,
70018,"City of Iowa City, dba: Iowa City Transit",Iowa City,IA,"City, County or Local Government Unit or Department of Transportation",2024,260609.0,7419298.0,777789,1505184,MB,126810.0,"Iowa City, IA",0.0351,0.3351,173.141,unknown,unknown,none,
70019,University of Iowa,Iowa City,IA,University,2022,90941.0,4234687.0,647936,2358538,"DR,MB",126810.0,"Iowa City, IA",0.0215,0.1404,38.5582,unknown,unknown,none,
70019,University of Iowa,Iowa City,IA,University,2023,103763.0,4637585.0,597570,2522946,"DR,MB",126810.0,"Iowa City, IA",0.0224,0.1736,41.1277,unknown,unknown,none,
70019,University of Iowa,Iowa City,IA,University,2024,65762.0,4780327.0,604699,2594072,"DR,MB",126810.0,"Iowa City, IA",0.0138,0.1088,25.3509,unknown,unknown,none,
70030,City of Coralville,Coralville,IA,"City, County or Local Government Unit or Department of Transportation",2022,64500.0,1610077.0,196951,268006,MB,126810.0,"Iowa City, IA",0.0401,0.3275,240.6663,unknown,unknown,none,
70030,"City of Coralville, dba: Coralville Transit System",Coralville,IA,"City, County or Local Government Unit or Department of Transportation",2023,75985.0,1735085.0,196431,316685,MB,126810.0,"Iowa City, IA",0.0438,0.3868,239.9387,unknown,unknown,none,
70030,"City of Coralville, dba: Coralville Transit System",Coralville,IA,"City, County or Local Government Unit or Department of Transportation",2024,109131.0,1732797.0,195792,338871,MB,126810.0,"Iowa City, IA",0.063,0.5574,322.0429,unknown,unknown,none,
70041,"Ames Transit Agency, dba: CyRide",Ames,IA,"City, County or Local Government Unit or Department of Transportation",2022,264722.0,11291892.0,1276110,3656805,MB,66342.0,"Ames, IA",0.0234,0.2074,72.3916,unknown,unknown,none,
70041,"Ames Transit Agency, dba: CyRide",Ames,IA,"City, County or Local Government Unit or Department of Transportation",2023,294208.0,12470377.0,1268158,4128413,MB,66342.0,"Ames, IA",0.0236,0.232,71.2642,unknown,unknown,none,
70041,"Ames Transit Agency, dba: CyRide",Ames,IA,"City, County or Local Government Unit or Department of Transportation",2024,339395.0,13401234.0,1320410,4700906,MB,66342.0,"Ames, IA",0.0253,0.257,72.1978,unknown,unknown,none,
70045,"County of Johnson, Iowa, dba: Johnson County SEATS",Iowa City,IA,"City, County or Local Government Unit or Department of Transportation",2022,100589.0,2812241.0,370743,71317,DR,126810.0,"Iowa City, IA",0.0358,0.2713,1410.4491,unknown,unknown,none,
70045,"County of Johnson, Iowa, dba: Johnson County SEATS",Iowa City,IA,"City, County or Local Government Unit or Department of Transportation",2023,19267.0,3512952.0,461570,93697,DR,126810.0,"Iowa City, IA",0.0055,0.0417,205.6309,unknown,unknown,none,
70045,"County of Johnson, Iowa, dba: Johnson County SEATS",Iowa City,IA,"City, County or Local Government Unit or Department of Transportation",2024,112096.0,4021884.0,532333,109610,DR,126810.0,"Iowa City, IA",0.0279,0.2106,1022.6804,unknown,unknown,none,
70049,River Bend Transit,Davenport,IA,Private-Non-Profit Corporation,2022,263737.0,3971105.0,766959,164517,"DR,MB",285211.0,"Davenport, IA--IL",0.0664,0.3439,1603.0988,unknown,unknown,none,
70049,River Bend Transit,Davenport,IA,Private-Non-Profit Corporation,2023,287742.0,4358378.0,865402,189817,"DR,MB",285211.0,"Davenport, IA--IL",0.066,0.3325,1515.8916,unknown,unknown,none,
70049,River Bend Transit,Davenport,IA,Private-Non-Profit Corporation,2024,320810.0,4735670.0,844159,179348,"DR,MB",285211.0,"Davenport, IA--IL",0.0677,0.38,1788.7571,unknown,unknown,none,
70066,"Heart of Iowa Regional Transit Agency, dba: HIRTA",Urbandale,IA,Independent Public Agency or Authority of Transit Service,2022,14505.0,3391025.0,311034,71409,DR,66342.0,"Ames, IA",0.0043,0.0466,203.1257,unknown,unknown,none,
70066,"Heart of Iowa Regional Transit Agency, dba: HIRTA Public Transit",Urbandale,IA,Independent Public Agency or Authority of Transit Service,2023,201031.0,3654954.0,443835,92295,DR,66342.0,"Ames, IA",0.055,0.4529,2178.1353,unknown,unknown,none,
70066,"Heart of Iowa Regional Transit Agency, dba: HIRTA Public Transit",Urbandale,IA,Independent Public Agency or Authority of Transit Service,2024,248706.0,3650120.0,543999,108408,DR,66342.0,"Ames, IA",0.0681,0.4572,2294.1665,unknown,unknown,none,
80001,Utah Transit Authority,Salt Lake City,UT,Independent Public Agency or Authority of Transit Service,2022,5436903.0,404372219.0,34980539,31000468,"CB,CR,DR,LR,MB,VP",1178533.0,"Salt Lake City, UT",0.0134,0.1554,175.3813,self_insured_with_excess,document,per_person_and_occurrence,3329100
80001,Utah Transit Authority,Salt Lake City,UT,Independent Public Agency or Authority of Transit Service,2023,3517343.0,411923019.0,35823351,34416030,"CB,CR,DR,LR,MB,VP",1178533.0,"Salt Lake City, UT",0.0085,0.0982,102.2007,self_insured_with_excess,document,per_person_and_occurrence,3329100
80001,Utah Transit Authority,Salt Lake City,UT,Independent Public Agency or Authority of Transit Service,2024,2951680.0,433892235.0,37163372,39690252,"CB,CR,DR,LR,MB,VP",1178533.0,"Salt Lake City, UT",0.0068,0.0794,74.3679,self_insured_with_excess,document,per_person_and_occurrence,3329100
80002,"Su Tran LLC , dba: Sioux Area Metro",Sioux Falls,SD,Private Provider Reporting on Behalf of a Public Entity,2022,586449.0,9838936.0,802945,441148,"DR,MB",194283.0,"Sioux Falls, SD",0.0596,0.7304,1329.3702,unknown,unknown,none,
80002,"City of Sioux Falls, dba: Sioux Area Metro",Sioux Falls,SD,"City, County or Local Government Unit or Department of Transportation",2023,641313.0,10491843.0,832047,554670,"DR,MB",194283.0,"Sioux Falls, SD",0.0611,0.7708,1156.2064,unknown,unknown,none,
80004,"City of Billings, dba: Metropolitan Transit System",Billings,MT,"City, County or Local Government Unit or Department of Transportation",2022,244184.0,6023616.0,748332,337500,"DR,MB",128787.0,"Billings, MT",0.0405,0.3263,723.5081,unknown,unknown,per_person_and_occurrence,1500000
80004,"City of Billings, dba: Billings Metropolitan Transit System",Billings,MT,"City, County or Local Government Unit or Department of Transportation",2023,239789.0,6007884.0,775841,367584,"DR,MB",128787.0,"Billings, MT",0.0399,0.3091,652.338,unknown,unknown,per_person_and_occurrence,1500000
80004,"City of Billings, dba: Billings Metropolitan Transit System",Billings,MT,"City, County or Local Government Unit or Department of Transportation",2024,131241.0,6785076.0,974707,429393,"DR,MB",128787.0,"Billings, MT",0.0193,0.1346,305.6431,unknown,unknown,per_person_and_occurrence,1500000
80005,"City of Colorado Springs, dba: Mountain Metropolitan Transit",Colorado Springs,CO,"City, County or Local Government Unit or Department of Transportation",2022,46924.0,215451.0,153756,9612,VP,632494.0,"Colorado Springs, CO",0.2178,0.3052,4881.8144,unknown,unknown,per_person_and_occurrence,1421000
80005,"City of Colorado Springs, dba: Mountain Metropolitan Transit",Colorado Springs,CO,"City, County or Local Government Unit or Department of Transportation",2023,53172.0,199528.0,129688,7781,VP,632494.0,"Colorado Springs, CO",0.2665,0.41,6833.569,unknown,unknown,per_person_and_occurrence,1421000
80005,"City of Colorado Springs, dba: Mountain Metropolitan Transit",Colorado Springs,CO,"City, County or Local Government Unit or Department of Transportation",2024,36615.0,203631.0,114744,6959,VP,632494.0,"Colorado Springs, CO",0.1798,0.3191,5261.5318,unknown,unknown,per_person_and_occurrence,1421000
80006,Denver Regional Transportation District,Denver,CO,Independent Public Agency or Authority of Transit Service,2022,13220244.0,444294927.0,25240829,39912538,"CR,LR,MB",2686147.0,"Denver--Aurora, CO",0.0298,0.5238,331.2304,self_insured,document,per_person_and_occurrence,1421000
80006,"Denver Regional Transportation District, dba: RTD-Denver",Denver,CO,Independent Public Agency or Authority of Transit Service,2023,14148154.0,505859281.0,23516028,40643776,"CR,LR,MB",2686147.0,"Denver--Aurora, CO",0.028,0.6016,348.1014,self_insured,document,per_person_and_occurrence,1421000
80006,"Denver Regional Transportation District, dba: RTD-Denver",Denver,CO,Independent Public Agency or Authority of Transit Service,2024,14647405.0,597416458.0,22677327,40162169,"CR,LR,MB",2686147.0,"Denver--Aurora, CO",0.0245,0.6459,364.7065,self_insured,document,per_person_and_occurrence,1421000
80007,"City of Pueblo, dba: Pueblo Transit",Pueblo,CO,"City, County or Local Government Unit or Department of Transportation",2022,28130.0,4013846.0,482040,497528,MB,120642.0,"Pueblo, CO",0.007,0.0584,56.5395,unknown,unknown,per_person_and_occurrence,1421000
80007,"City of Pueblo, dba: Pueblo Transit",Pueblo,CO,"City, County or Local Government Unit or Department of Transportation",2023,52863.0,4373520.0,493818,570690,MB,120642.0,"Pueblo, CO",0.0121,0.107,92.63,unknown,unknown,per_person_and_occurrence,1421000
80007,"City of Pueblo, dba: Pueblo Transit",Pueblo,CO,"City, County or Local Government Unit or Department of Transportation",2024,18650.0,5015523.0,538785,559814,MB,120642.0,"Pueblo, CO",0.0037,0.0346,33.3146,unknown,unknown,per_person_and_occurrence,1421000
80008,Cities Area Transit,Grand Forks,ND,"City, County or Local Government Unit or Department of Transportation",2022,74336.0,4178208.0,610945,288487,"DR,MB",68160.0,"Grand Forks, ND--MN",0.0178,0.1217,257.6754,unknown,unknown,per_person_and_occurrence,2000000
80008,City of Grand Forks,Grand Forks,ND,"City, County or Local Government Unit or Department of Transportation",2023,79475.0,4595743.0,630457,315404,"DR,MB",68160.0,"Grand Forks, ND--MN",0.0173,0.1261,251.9784,unknown,unknown,per_person_and_occurrence,2000000
80008,City of Grand Forks,Grand Forks,ND,"City, County or Local Government Unit or Department of Transportation",2024,95972.0,4836104.0,597096,338965,"DR,MB",68160.0,"Grand Forks, ND--MN",0.0198,0.1607,283.1325,unknown,unknown,per_person_and_occurrence,2000000
80009,"Missoula Urban Transportation District, dba: Mountain Line",Missoula,MT,Independent Public Agency or Authority of Transit Service,2022,276646.0,9599911.0,866620,874250,"DR,MB",88109.0,"Missoula, MT",0.0288,0.3192,316.4381,unknown,unknown,per_person_and_occurrence,1500000
80009,"Missoula Urban Transportation District, dba: Mountain Line",Missoula,MT,Independent Public Agency or Authority of Transit Service,2023,361845.0,12039157.0,1200473,1155032,"DR,MB",88109.0,"Missoula, MT",0.0301,0.3014,313.277,unknown,unknown,per_person_and_occurrence,1500000
80009,"Missoula Urban Transportation District, dba: Mountain Line",Missoula,MT,Independent Public Agency or Authority of Transit Service,2024,468015.0,14114272.0,1262105,1298724,"DR,MB",88109.0,"Missoula, MT",0.0332,0.3708,360.3653,unknown,unknown,per_person_and_occurrence,1500000
80011,"City of Fort Collins, dba: Transfort",Fort Collins,CO,"City, County or Local Government Unit or Department of Transportation",2022,294449.0,12817132.0,1192012,1734329,"MB,RB",326332.0,"Fort Collins, CO",0.023,0.247,169.7769,unknown,unknown,per_person_and_occurrence,1421000
80011,"City of Fort Collins, dba: Transfort",Fort Collins,CO,"City, County or Local Government Unit or Department of Transportation",2023,307867.0,14141443.0,1176752,2038210,"MB,RB",326332.0,"Fort Collins, CO",0.0218,0.2616,151.0477,unknown,unknown,per_person_and_occurrence,1421000
80011,"City of Fort Collins, dba: Transfort",Fort Collins,CO,"City, County or Local Government Unit or Department of Transportation",2024,32713.0,16040290.0,1304086,2601800,"MB,RB",326332.0,"Fort Collins, CO",0.002,0.0251,12.5732,unknown,unknown,per_person_and_occurrence,1421000
80012,Great Falls Transit District,Great Falls,MT,Independent Public Agency or Authority of Transit Service,2022,352374.0,4234803.0,666012,320621,"DR,MB",67097.0,"Great Falls, MT",0.0832,0.5291,1099.0359,unknown,unknown,per_person_and_occurrence,1500000
80012,Great Falls Transit District,Great Falls,MT,Independent Public Agency or Authority of Transit Service,2023,379608.0,4419789.0,708524,376690,"DR,MB",67097.0,"Great Falls, MT",0.0859,0.5358,1007.7464,unknown,unknown,per_person_and_occurrence,1500000
80012,Great Falls Transit District,Great Falls,MT,Independent Public Agency or Authority of Transit Service,2024,396314.0,4835839.0,712660,421377,"DR,MB",67097.0,"Great Falls, MT",0.082,0.5561,940.5212,unknown,unknown,per_person_and_occurrence,1500000
80025,"City of Loveland, Colorado, dba: City of Loveland Transit",Loveland,CO,"City, County or Local Government Unit or Department of Transportation",2022,18014.0,2276230.0,310768,89996,MB,326332.0,"Fort Collins, CO",0.0079,0.058,200.1645,unknown,unknown,per_person_and_occurrence,1421000
80025,"City of Loveland, Colorado, dba: City of Loveland Transit",Loveland,CO,"City, County or Local Government Unit or Department of Transportation",2023,18942.0,2719954.0,347828,111971,MB,326332.0,"Fort Collins, CO",0.007,0.0545,169.1688,unknown,unknown,per_person_and_occurrence,1421000
80025,"City of Loveland, Colorado, dba: City of Loveland Transit",Loveland,CO,"City, County or Local Government Unit or Department of Transportation",2024,23738.0,3262721.0,411371,129983,MB,326332.0,"Fort Collins, CO",0.0073,0.0577,182.6239,unknown,unknown,per_person_and_occurrence,1421000
80028,Cache Valley Transit District,Logan,UT,Independent Public Agency or Authority of Transit Service,2022,107287.0,8712207.0,1265509,967171,"DR,MB",113927.0,"Logan, UT",0.0123,0.0848,110.9287,unknown,unknown,per_person_and_occurrence,3329100
80028,Cache Valley Transit District,Logan,UT,Independent Public Agency or Authority of Transit Service,2023,115524.0,9138854.0,1206303,1285571,"DR,MB",113927.0,"Logan, UT",0.0126,0.0958,89.862,unknown,unknown,per_person_and_occurrence,3329100
80028,"Cache Valley Transit District, dba: Connect Transit",North Logan,UT,Independent Public Agency or Authority of Transit Service,2024,127817.0,9594519.0,1320697,1495652,"DR,MB",113927.0,"Logan, UT",0.0133,0.0968,85.4591,unknown,unknown,per_person_and_occurrence,3329100
80106,"North Front Range Transportation and Air Quality Planning Council, dba: North Front Range MPO / VanGo",Fort Collins,CO,"MPO, COG or Other Planning Agency",2022,93903.0,400064.0,368136,12462,VP,326332.0,"Fort Collins, CO",0.2347,0.2551,7535.1468,unknown,unknown,per_person_and_occurrence,1421000
80106,"North Front Range Transportation and Air Quality Planning Council, dba: North Front Range MPO / VanGo",Fort Collins,CO,"MPO, COG or Other Planning Agency",2023,77117.0,369664.0,292756,11452,VP,326332.0,"Fort Collins, CO",0.2086,0.2634,6733.9329,unknown,unknown,per_person_and_occurrence,1421000
80106,"North Front Range Transportation and Air Quality Planning Council, dba: North Front Range MPO / VanGo",Fort Collins,CO,"MPO, COG or Other Planning Agency",2024,76548.0,379223.0,395365,16508,VP,326332.0,"Fort Collins, CO",0.2019,0.1936,4637.0245,unknown,unknown,per_person_and_occurrence,1421000
80107,"University of Montana, dba: UDASH",Missoula,MT,University,2022,8447.0,515002.0,62142,81853,MB,88109.0,"Missoula, MT",0.0164,0.1359,103.1972,unknown,unknown,per_person_and_occurrence,1500000
80107,"University of Montana, dba: ASUM Transportation",Missoula,MT,University,2023,6791.0,693917.0,59648,119957,MB,88109.0,"Missoula, MT",0.0098,0.1139,56.612,unknown,unknown,per_person_and_occurrence,1500000
80107,"University of Montana, dba: ASUM Transportation",Missoula,MT,University,2024,0.0,856088.0,64996,148142,MB,88109.0,"Missoula, MT",0.0,0.0,0.0,unknown,unknown,per_person_and_occurrence,1500000
80285,Via Mobility Services,Boulder,CO,Private-Non-Profit Corporation,2022,726388.0,9927247.0,750630,107745,DR,120828.0,"Boulder, CO",0.0732,0.9677,6741.7328,unknown,unknown,per_person_and_occurrence,1421000
80285,"Via Mobility Services, dba: Via",Boulder,CO,Private-Non-Profit Corporation,2023,707131.0,10563341.0,976815,189357,DR,120828.0,"Boulder, CO",0.0669,0.7239,3734.38,unknown,unknown,per_person_and_occurrence,1421000
80285,"Via Mobility Services, dba: Via",Boulder,CO,Private-Non-Profit Corporation,2024,813558.0,10098408.0,801710,147418,DR,120828.0,"Boulder, CO",0.0806,1.0148,5518.7155,unknown,unknown,per_person_and_occurrence,1421000
90003,San Francisco Bay Area Rapid Transit District,Oakland,CA,Independent Public Agency or Authority of Transit Service,2022,7921176.0,677508274.0,78292789,37846464,"HR,YR",3515933.0,"San Francisco--Oakland, CA",0.0117,0.1012,209.2977,self_insured_with_excess,document,none,
90003,"San Francisco Bay Area Rapid Transit District, dba: SF BART",Oakland,CA,Independent Public Agency or Authority of Transit Service,2023,16245621.0,773805065.0,84975426,50307036,"HR,YR",3515933.0,"San Francisco--Oakland, CA",0.021,0.1912,322.9294,self_insured_with_excess,document,none,
90003,"San Francisco Bay Area Rapid Transit District, dba: SF BART",Oakland,CA,Independent Public Agency or Authority of Transit Service,2024,33401416.0,874025646.0,72971664,54495345,"HR,YR",3515933.0,"San Francisco--Oakland, CA",0.0382,0.4577,612.9224,self_insured_with_excess,document,none,
90004,Golden Empire Transit District,Bakersfield,CA,Independent Public Agency or Authority of Transit Service,2022,1492028.0,34015271.0,3758507,3201046,"DR,MB",570235.0,"Bakersfield, CA",0.0439,0.397,466.1064,pool,document,none,
90004,Golden Empire Transit District,Bakersfield,CA,Independent Public Agency or Authority of Transit Service,2023,1239413.0,36554386.0,3924016,3293593,"DR,MB",570235.0,"Bakersfield, CA",0.0339,0.3159,376.3103,pool,document,none,
90004,Golden Empire Transit District,Bakersfield,CA,Independent Public Agency or Authority of Transit Service,2024,1597172.0,39479680.0,4000435,3835221,"DR,MB",570235.0,"Bakersfield, CA",0.0405,0.3992,416.4485,pool,document,none,
90006,Santa Cruz Metropolitan Transit District,Santa Cruz,CA,Independent Public Agency or Authority of Transit Service,2022,1171441.0,50108301.0,2952329,2837891,"CB,DR,MB",169038.0,"Santa Cruz, CA",0.0234,0.3968,412.7858,unknown,unknown,none,
90006,Santa Cruz Metropolitan Transit District,Santa Cruz,CA,Independent Public Agency or Authority of Transit Service,2023,1292526.0,48569321.0,2975126,3350026,"CB,DR,MB",169038.0,"Santa Cruz, CA",0.0266,0.4344,385.8257,unknown,unknown,none,
90006,Santa Cruz Metropolitan Transit District,Santa Cruz,CA,Independent Public Agency or Authority of Transit Service,2024,2203577.0,56975771.0,3085619,3911718,"CB,DR,MB",169038.0,"Santa Cruz, CA",0.0387,0.7141,563.3272,unknown,unknown,none,
90008,"City of Santa Monica, dba: Big Blue Bus",Santa Monica,CA,"City, County or Local Government Unit or Department of Transportation",2022,5649785.0,74036446.0,3921249,6312168,MB,12237376.0,"Los Angeles--Long Beach--Anaheim, CA",0.0763,1.4408,895.0625,self_insured_with_excess,document,none,
90008,"City of Santa Monica, dba: Big Blue Bus",Santa Monica,CA,"City, County or Local Government Unit or Department of Transportation",2023,5739902.0,80133019.0,3860997,7741258,MB,12237376.0,"Los Angeles--Long Beach--Anaheim, CA",0.0716,1.4866,741.4689,self_insured_with_excess,document,none,
90008,"City of Santa Monica, dba: Big Blue Bus",Santa Monica,CA,"City, County or Local Government Unit or Department of Transportation",2024,5385010.0,88575877.0,3925400,8604201,MB,12237376.0,"Los Angeles--Long Beach--Anaheim, CA",0.0608,1.3718,625.8582,self_insured_with_excess,document,none,
90009,San Mateo County Transit District,San Carlos,CA,Independent Public Agency or Authority of Transit Service,2022,3490906.0,115577002.0,4154942,5432149,MB,3515933.0,"San Francisco--Oakland, CA",0.0302,0.8402,642.6381,self_insured_with_excess,document,none,
90009,"San Mateo County Transit District, dba: SamTrans",San Carlos,CA,Independent Public Agency or Authority of Transit Service,2023,9383936.0,146336295.0,4155546,6956810,MB,3515933.0,"San Francisco--Oakland, CA",0.0641,2.2582,1348.8849,self_insured_with_excess,document,none,
90009,"San Mateo County Transit District, dba: SamTrans",San Carlos,CA,Independent Public Agency or Authority of Transit Service,2024,7535942.0,154247173.0,4177512,7915890,MB,3515933.0,"San Francisco--Oakland, CA",0.0489,1.8039,952.0019,self_insured_with_excess,document,none,
90010,"City of Torrance, dba: Torrance Transit System",Torrance,CA,"City, County or Local Government Unit or Department of Transportation",2022,1437156.0,22383416.0,1521332,2096578,MB,12237376.0,"Los Angeles--Long Beach--Anaheim, CA",0.0642,0.9447,685.477,unknown,unknown,none,
90010,"City of Torrance, dba: Torrance Transit System",Torrance,CA,"City, County or Local Government Unit or Department of Transportation",2023,2936910.0,25276908.0,1310986,1813540,MB,12237376.0,"Los Angeles--Long Beach--Anaheim, CA",0.1162,2.2402,1619.4349,unknown,unknown,none,
90010,"City of Torrance, dba: Torrance Transit System",Torrance,CA,"City, County or Local Government Unit or Department of Transportation",2024,2208635.0,30738655.0,1800382,2037725,MB,12237376.0,"Los Angeles--Long Beach--Anaheim, CA",0.0719,1.2268,1083.8729,unknown,unknown,none,
90012,San Joaquin Regional Transit District,Stockton,CA,Independent Public Agency or Authority of Transit Service,2022,1006439.0,31161251.0,1952912,1797818,"CB,DR,MB",414847.0,"Stockton, CA",0.0323,0.5154,559.8114,unknown,unknown,none,
90012,"San Joaquin Regional Transit District, dba: San Joaquin RTD",Stockton,CA,Independent Public Agency or Authority of Transit Service,2023,1934189.0,39288685.0,2325845,2251853,"CB,DR,MB",414847.0,"Stockton, CA",0.0492,0.8316,858.9322,unknown,unknown,none,
90012,"San Joaquin Regional Transit District, dba: San Joaquin RTD",Stockton,CA,Independent Public Agency or Authority of Transit Service,2024,1409023.0,41797761.0,2831413,2499105,"CB,DR,MB",414847.0,"Stockton, CA",0.0337,0.4976,563.811,unknown,unknown,none,
90013,Santa Clara Valley Transportation Authority,San Jose,CA,Independent Public Agency or Authority of Transit Service,2022,7161968.0,398628500.0,15643177,17422725,"LR,MB",1837446.0,"San Jose, CA",0.018,0.4578,411.0705,self_insured_with_excess,document,none,
90013,"Santa Clara Valley Transportation Authority, dba: Valley Transportation Authority",San Jose,CA,Independent Public Agency or Authority of Transit Service,2023,7072210.0,428403358.0,18159789,23414765,"LR,MB",1837446.0,"San Jose, CA",0.0165,0.3894,302.0406,self_insured_with_excess,document,none,
90013,"Santa Clara Valley Transportation Authority, dba: Valley Transportation Authority",San Jose,CA,Independent Public Agency or Authority of Transit Service,2024,4197795.0,456715876.0,18129248,27156792,"LR,MB",1837446.0,"San Jose, CA",0.0092,0.2315,154.5762,self_insured_with_excess,document,none,
90014,Alameda-Contra Costa Transit District,Oakland,CA,Independent Public Agency or Authority of Transit Service,2022,21358728.0,418329883.0,16771859,28908863,"CB,MB,RB",3515933.0,"San Francisco--Oakland, CA",0.0511,1.2735,738.8297,self_insured_with_excess,document,none,
90014,"Alameda-Contra Costa Transit District, dba: AC Transit",Oakland,CA,Independent Public Agency or Authority of Transit Service,2023,14520004.0,484780557.0,17545698,34603649,"CB,MB,RB",3515933.0,"San Francisco--Oakland, CA",0.03,0.8276,419.609,self_insured_with_excess,document,none,
90014,"Alameda-Contra Costa Transit District, dba: AC Transit",Oakland,CA,Independent Public Agency or Authority of Transit Service,2024,23922304.0,505331963.0,17595592,39266682,"CB,MB,RB",3515933.0,"San Francisco--Oakland, CA",0.0473,1.3596,609.2265,self_insured_with_excess,document,none,
90015,"City and County of San Francisco, dba: San Francisco Municipal Transportation Agency",San Francisco,CA,"City, County or Local Government Unit or Department of Transportation",2022,8877854.0,900502620.0,21011802,102511550,"CC,LR,MB,SR,TB",3515933.0,"San Francisco--Oakland, CA",0.0099,0.4225,86.6035,self_insured,document,none,
90015,"City and County of San Francisco, dba: San Francisco Municipal Transportation Agency",San Francisco,CA,"City, County or Local Government Unit or Department of Transportation",2023,19742906.0,951913102.0,22957408,138890340,"CC,LR,MB,SR,TB",3515933.0,"San Francisco--Oakland, CA",0.0207,0.86,142.1474,self_insured,document,none,
90015,"City and County of San Francisco, dba: San Francisco Municipal Transportation Agency",San Francisco,CA,"City, County or Local Government Unit or Department of Transportation",2024,45440390.0,1104958367.0,23895254,160289880,"CC,LR,MB,SR,TB",3515933.0,"San Francisco--Oakland, CA",0.0411,1.9016,283.4888,self_insured,document,none,
90016,"Golden Gate Bridge, Highway and Transportation District",San Francisco,CA,Independent Public Agency or Authority of Transit Service,2022,6331658.0,91303617.0,2226603,1728288,"FB,MB",3515933.0,"San Francisco--Oakland, CA",0.0693,2.8436,3663.5433,unknown,unknown,none,
90016,"Golden Gate Bridge, Highway and Transportation District",San Francisco,CA,Independent Public Agency or Authority of Transit Service,2023,5476903.0,118305233.0,2228840,2464080,"FB,MB",3515933.0,"San Francisco--Oakland, CA",0.0463,2.4573,2222.6969,unknown,unknown,none,
90016,"Golden Gate Bridge, Highway and Transportation District",San Francisco,CA,Independent Public Agency or Authority of Transit Service,2024,4810784.0,136182795.0,2263866,2853588,"FB,MB",3515933.0,"San Francisco--Oakland, CA",0.0353,2.125,1685.872,unknown,unknown,none,
90017,City of Santa Rosa,Santa Rosa,CA,"City, County or Local Government Unit or Department of Transportation",2022,402133.0,11646205.0,734176,1028492,MB,297329.0,"Santa Rosa, CA",0.0345,0.5477,390.9928,unknown,unknown,none,
90017,"City of Santa Rosa, dba: Santa Rosa CityBus",Santa Rosa,CA,"City, County or Local Government Unit or Department of Transportation",2023,381248.0,11995106.0,761911,1288970,MB,297329.0,"Santa Rosa, CA",0.0318,0.5004,295.7772,unknown,unknown,none,
90017,"City of Santa Rosa, dba: Santa Rosa CityBus",Santa Rosa,CA,"City, County or Local Government Unit or Department of Transportation",2024,341643.0,12940968.0,796922,1419472,MB,297329.0,"Santa Rosa, CA",0.0264,0.4287,240.6832,unknown,unknown,none,
90019,"Sacramento Regional Transit District, dba: Sacramento RT",Sacramento,CA,Independent Public Agency or Authority of Transit Service,2022,15828720.0,215143459.0,13554706,11315065,"DR,LR,MB",1946618.0,"Sacramento, CA",0.0736,1.1678,1398.9067,self_insured_with_excess,document,none,
90019,"Sacramento Regional Transit District, dba: Sacramento RT",Sacramento,CA,Independent Public Agency or Authority of Transit Service,2023,20531559.0,235483325.0,13504083,14285377,"DR,LR,MB",1946618.0,"Sacramento, CA",0.0872,1.5204,1437.2431,self_insured_with_excess,document,none,
90019,"Sacramento Regional Transit District, dba: Sacramento RT",Sacramento,CA,Independent Public Agency or Authority of Transit Service,2024,18279717.0,250333848.0,14039835,16273910,"DR,LR,MB",1946618.0,"Sacramento, CA",0.073,1.302,1123.2529,self_insured_with_excess,document,none,
90020,Santa Barbara Metropolitan Transit District,Santa Barbara,CA,Independent Public Agency or Authority of Transit Service,2022,826641.0,25109479.0,2237670,4076921,MB,202197.0,"Santa Barbara, CA",0.0329,0.3694,202.7611,unknown,unknown,none,
90020,Santa Barbara Metropolitan Transit District,Santa Barbara,CA,Independent Public Agency or Authority of Transit Service,2023,776199.0,27092500.0,2045235,4534476,MB,202197.0,"Santa Barbara, CA",0.0286,0.3795,171.1772,unknown,unknown,none,
90020,Santa Barbara Metropolitan Transit District,Santa Barbara,CA,Independent Public Agency or Authority of Transit Service,2024,1039774.0,27826171.0,2088528,4684415,MB,202197.0,"Santa Barbara, CA",0.0374,0.4979,221.9645,unknown,unknown,none,
90022,"City of Norwalk , dba: Norwalk Transit System",Norwalk,CA,"City, County or Local Government Unit or Department of Transportation",2022,642402.0,14240024.0,1006323,789462,MB,12237376.0,"Los Angeles--Long Beach--Anaheim, CA",0.0451,0.6384,813.7212,unknown,unknown,none,
90022,"City of Norwalk , dba: Norwalk Transit System",Norwalk,CA,"City, County or Local Government Unit or Department of Transportation",2023,606545.0,15022878.0,971236,1022686,MB,12237376.0,"Los Angeles--Long Beach--Anaheim, CA",0.0404,0.6245,593.0902,unknown,unknown,none,
90022,"City of Norwalk, dba: Norwalk Transit System",Norwalk,CA,"City, County or Local Government Unit or Department of Transportation",2024,588842.0,15602226.0,950139,1140644,MB,12237376.0,"Los Angeles--Long Beach--Anaheim, CA",0.0377,0.6197,516.2364,unknown,unknown,none,
90023,Long Beach Transit,Long Beach,CA,Other Publicly-Owned or Privately Chartered Corporation,2022,3302526.0,101173374.0,5819512,17389283,MB,12237376.0,"Los Angeles--Long Beach--Anaheim, CA",0.0326,0.5675,189.9173,self_insured_with_excess,document,none,
90023,Long Beach Transit,Long Beach,CA,Other Publicly-Owned or Privately Chartered Corporation,2023,4501072.0,110893921.0,6359244,16780493,MB,12237376.0,"Los Angeles--Long Beach--Anaheim, CA",0.0406,0.7078,268.2324,self_insured_with_excess,document,none,
90023,Long Beach Transit,Long Beach,CA,Other Publicly-Owned or Privately Chartered Corporation,2024,3498195.0,121797731.0,6625950,18481114,MB,12237376.0,"Los Angeles--Long Beach--Anaheim, CA",0.0287,0.528,189.2849,self_insured_with_excess,document,none,
90026,San Diego Metropolitan Transit System,San Diego,CA,Independent Public Agency or Authority of Transit Service,2022,11364094.0,204601868.0,21052982,42837456,"LR,MB",3070300.0,"San Diego, CA",0.0555,0.5398,265.2841,self_insured_with_excess,document,none,
90026,San Diego Metropolitan Transit System,San Diego,CA,Independent Public Agency or Authority of Transit Service,2023,5997034.0,250103858.0,21526962,52566392,"LR,MB",3070300.0,"San Diego, CA",0.024,0.2786,114.0849,self_insured_with_excess,document,none,
90026,San Diego Metropolitan Transit System,San Diego,CA,Independent Public Agency or Authority of Transit Service,2024,8920852.0,262573439.0,21208394,57468504,"LR,MB",3070300.0,"San Diego, CA",0.034,0.4206,155.2303,self_insured_with_excess,document,none,
90027,"City of Fresno, dba: Fresno Area Express",Fresno,CA,"City, County or Local Government Unit or Department of Transportation",2022,1809500.0,54609841.0,4788756,6985740,MB,717589.0,"Fresno, CA",0.0331,0.3779,259.0277,self_insured_with_excess,document,none,
90027,"City of Fresno, dba: Fresno Area Express",Fresno,CA,"City, County or Local Government Unit or Department of Transportation",2023,1968200.0,63053188.0,4833579,8184511,MB,717589.0,"Fresno, CA",0.0312,0.4072,240.4786,self_insured_with_excess,document,none,
90027,"City of Fresno, dba: Fresno Area Express",Fresno,CA,"City, County or Local Government Unit or Department of Transportation",2024,2583600.0,68552615.0,5361880,9606251,MB,717589.0,"Fresno, CA",0.0377,0.4818,268.9499,self_insured_with_excess,document,none,
90029,Omnitrans,San Bernardino,CA,Independent Public Agency or Authority of Transit Service,2022,5526354.0,61371917.0,5752876,4844815,MB,2276703.0,"Riverside--San Bernardino, CA",0.09,0.9606,1140.6739,pool,document,none,
90029,"Omnitrans, dba: OMNI",San Bernardino,CA,Independent Public Agency or Authority of Transit Service,2023,4731031.0,63717255.0,6000815,5819310,MB,2276703.0,"Riverside--San Bernardino, CA",0.0743,0.7884,812.9883,pool,document,none,
90029,"Omnitrans, dba: OMNI",San Bernardino,CA,Independent Public Agency or Authority of Transit Service,2024,5017626.0,75333137.0,6407218,6646951,MB,2276703.0,"Riverside--San Bernardino, CA",0.0666,0.7831,754.8763,pool,document,none,
90030,North County Transit District,Oceanside,CA,Independent Public Agency or Authority of Transit Service,2022,19825.0,1074546.0,33414,33348,"CR,YR",3070300.0,"San Diego, CA",0.0184,0.5933,594.4884,unknown,unknown,none,
90030,North County Transit District,Oceanside,CA,Independent Public Agency or Authority of Transit Service,2023,4463023.0,65926357.0,2285669,2497793,"CR,YR",3070300.0,"San Diego, CA",0.0677,1.9526,1786.7866,unknown,unknown,none,
90030,North County Transit District,Oceanside,CA,Independent Public Agency or Authority of Transit Service,2024,4812161.0,71180854.0,2130712,2675842,"CR,YR",3070300.0,"San Diego, CA",0.0676,2.2585,1798.3726,unknown,unknown,none,
90031,Riverside Transit Agency,Riverside,CA,Independent Public Agency or Authority of Transit Service,2022,5114793.0,52505300.0,4625004,3292772,"CB,MB",2276703.0,"Riverside--San Bernardino, CA",0.0974,1.1059,1553.3396,self_insured_with_excess,document,none,
90031,Riverside Transit Agency,Riverside,CA,Independent Public Agency or Authority of Transit Service,2023,5846360.0,59756392.0,4907588,4246249,"CB,MB",2276703.0,"Riverside--San Bernardino, CA",0.0978,1.1913,1376.8293,self_insured_with_excess,document,none,
90031,Riverside Transit Agency,Riverside,CA,Independent Public Agency or Authority of Transit Service,2024,6899876.0,63803295.0,4737581,4657743,"CB,MB",2276703.0,"Riverside--San Bernardino, CA",0.1081,1.4564,1481.3776,self_insured_with_excess,document,none,
90034,City of Glendale,Glendale,AZ,"City, County or Local Government Unit or Department of Transportation",2022,235509.0,3206267.0,302388,110194,"DR,MB",3976313.0,"Phoenix--Mesa--Scottsdale, AZ",0.0735,0.7788,2137.2216,unknown,unknown,none,
90034,City of Glendale,Glendale,AZ,"City, County or Local Government Unit or Department of Transportation",2023,225240.0,3515515.0,317444,117578,"DR,MB",3976313.0,"Phoenix--Mesa--Scottsdale, AZ",0.0641,0.7095,1915.6645,unknown,unknown,none,
90034,City of Glendale,Glendale,AZ,"City, County or Local Government Unit or Department of Transportation",2024,229368.0,4267099.0,352612,113194,"DR,MB",3976313.0,"Phoenix--Mesa--Scottsdale, AZ",0.0538,0.6505,2026.3265,unknown,unknown,none,
90035,Gold Coast Transit District,Oxnard,CA,Independent Public Agency or Authority of Transit Service,2022,1008438.0,27030511.0,2071300,2261605,MB,376117.0,"Oxnard--San Buenaventura (Ventura), CA",0.0373,0.4869,445.8948,unknown,unknown,none,
90035,Gold Coast Transit District,Oxnard,CA,Independent Public Agency or Authority of Transit Service,2023,1278609.0,28127039.0,2091036,2958434,MB,376117.0,"Oxnard--San Buenaventura (Ventura), CA",0.0455,0.6115,432.1912,unknown,unknown,none,
90035,Gold Coast Transit District,Oxnard,CA,Independent Public Agency or Authority of Transit Service,2024,1627035.0,28568092.0,2063036,3530561,MB,376117.0,"Oxnard--San Buenaventura (Ventura), CA",0.057,0.7887,460.8432,unknown,unknown,none,
90036,Orange County Transportation Authority,Orange,CA,Independent Public Agency or Authority of Transit Service,2022,3384407.0,154520772.0,9886451,19351262,MB,12237376.0,"Los Angeles--Long Beach--Anaheim, CA",0.0219,0.3423,174.8933,self_insured,document,none,
90036,Orange County Transportation Authority,Orange,CA,Independent Public Agency or Authority of Transit Service,2023,2632908.0,165818953.0,10462390,22637653,MB,12237376.0,"Los Angeles--Long Beach--Anaheim, CA",0.0159,0.2517,116.3066,self_insured,document,none,
90036,Orange County Transportation Authority,Orange,CA,Independent Public Agency or Authority of Transit Service,2024,1255620.0,163566385.0,10144329,24433436,MB,12237376.0,"Los Angeles--Long Beach--Anaheim, CA",0.0077,0.1238,51.3894,self_insured,document,none,
90039,"City of Culver City, dba: Culver City Municipal Bus Lines",Culver City,CA,"City, County or Local Government Unit or Department of Transportation",2022,569434.0,23679378.0,1342113,2271602,"DR,MB",12237376.0,"Los Angeles--Long Beach--Anaheim, CA",0.024,0.4243,250.6751,unknown,unknown,none,
90039,"City of Culver City, dba: Culver CityBus",Culver City,CA,"City, County or Local Government Unit or Department of Transportation",2023,604678.0,24145353.0,1331999,2668340,"DR,MB",12237376.0,"Los Angeles--Long Beach--Anaheim, CA",0.025,0.454,226.6121,unknown,unknown,none,
90039,"City of Culver City, dba: Culver CityBus",Culver City,CA,"City, County or Local Government Unit or Department of Transportation",2024,533060.0,29588181.0,1429118,2891288,"DR,MB",12237376.0,"Los Angeles--Long Beach--Anaheim, CA",0.018,0.373,184.3677,unknown,unknown,none,
90041,"City of Montebello, dba: Montebello Bus Lines",Montebello,CA,"City, County or Local Government Unit or Department of Transportation",2022,2057563.0,26021936.0,1726508,2581161,MB,12237376.0,"Los Angeles--Long Beach--Anaheim, CA",0.0791,1.1917,797.1463,unknown,unknown,none,
90041,"City of Montebello, dba: Montebello Bus Lines",Montebello,CA,"City, County or Local Government Unit or Department of Transportation",2023,2323811.0,29395505.0,1709514,2611349,MB,12237376.0,"Los Angeles--Long Beach--Anaheim, CA",0.0791,1.3593,889.8891,unknown,unknown,none,
90041,"City of Montebello, dba: Montebello Bus Lines",Montebello,CA,"City, County or Local Government Unit or Department of Transportation",2024,2641147.0,31440416.0,1571985,2720889,MB,12237376.0,"Los Angeles--Long Beach--Anaheim, CA",0.084,1.6801,970.6927,unknown,unknown,none,
90042,"City of Gardena, dba: GTrans",Gardena,CA,"City, County or Local Government Unit or Department of Transportation",2022,1058763.0,23022741.0,1182570,1606377,"DR,MB",12237376.0,"Los Angeles--Long Beach--Anaheim, CA",0.046,0.8953,659.0999,unknown,unknown,none,
90042,"City of Gardena, dba: GTrans",Gardena,CA,"City, County or Local Government Unit or Department of Transportation",2023,1636769.0,24354212.0,1227446,1910285,"DR,MB",12237376.0,"Los Angeles--Long Beach--Anaheim, CA",0.0672,1.3335,856.8193,unknown,unknown,none,
90042,"City of Gardena, dba: GTrans",Gardena,CA,"City, County or Local Government Unit or Department of Transportation",2024,1397219.0,24800227.0,1311008,2180296,"DR,MB",12237376.0,"Los Angeles--Long Beach--Anaheim, CA",0.0563,1.0658,640.8391,unknown,unknown,none,
90043,"City of Commerce, dba: City of Commerce Municipal Buslines",Commerce,CA,"City, County or Local Government Unit or Department of Transportation",2022,499564.0,6775505.0,442589,246643,"DR,MB",12237376.0,"Los Angeles--Long Beach--Anaheim, CA",0.0737,1.1287,2025.4538,unknown,unknown,none,
90043,"City of Commerce, dba: City of Commerce Transit",Commerce,CA,"City, County or Local Government Unit or Department of Transportation",2023,126208.0,7863282.0,537120,453890,"DR,MB",12237376.0,"Los Angeles--Long Beach--Anaheim, CA",0.0161,0.235,278.0586,unknown,unknown,none,
90043,"City of Commerce, dba: City of Commerce Transit",Commerce,CA,"City, County or Local Government Unit or Department of Transportation",2024,139266.0,8626882.0,547400,561711,"DR,MB",12237376.0,"Los Angeles--Long Beach--Anaheim, CA",0.0161,0.2544,247.9318,unknown,unknown,none,
90062,Monterey-Salinas Transit,Monterey,CA,Independent Public Agency or Authority of Transit Service,2022,733324.0,33351110.0,2251510,1516682,MB,123495.0,"Seaside--Monterey--Pacific Grove, CA",0.022,0.3257,483.5054,unknown,unknown,none,
90062,Monterey-Salinas Transit,Monterey,CA,Independent Public Agency or Authority of Transit Service,2023,1466919.0,36048220.0,2187584,1800163,MB,123495.0,"Seaside--Monterey--Pacific Grove, CA",0.0407,0.6706,814.8812,unknown,unknown,none,
90062,Monterey-Salinas Transit,Monterey,CA,Independent Public Agency or Authority of Transit Service,2024,1119587.0,38568752.0,2217516,2204401,MB,123495.0,"Seaside--Monterey--Pacific Grove, CA",0.029,0.5049,507.8872,unknown,unknown,none,
90078,"Central Contra Costa Transit Authority, dba: COUNTY CONNECTION",Concord,CA,Independent Public Agency or Authority of Transit Service,2022,788059.0,31305539.0,2082268,1833742,MB,538583.0,"Concord--Walnut Creek, CA",0.0252,0.3785,429.7546,unknown,unknown,none,
90078,"Central Contra Costa Transit Authority, dba: County Connection",Concord,CA,Independent Public Agency or Authority of Transit Service,2023,894268.0,33022741.0,1775507,2422774,MB,538583.0,"Concord--Walnut Creek, CA",0.0271,0.5037,369.1091,unknown,unknown,none,
90078,"Central Contra Costa Transit Authority, dba: County Connection",Concord,CA,Independent Public Agency or Authority of Transit Service,2024,1138413.0,36373622.0,2221961,2572370,MB,538583.0,"Concord--Walnut Creek, CA",0.0313,0.5123,442.5541,unknown,unknown,none,
90079,SunLine Transit Agency,Thousand Palms,CA,Independent Public Agency or Authority of Transit Service,2022,3193167.0,39805046.0,3786033,2281695,"DR,MB",361075.0,"Indio--Palm Desert--Palm Springs, CA",0.0802,0.8434,1399.4714,unknown,unknown,none,
90079,"SunLine Transit Agency, dba: SunLine",Thousand Palms,CA,Independent Public Agency or Authority of Transit Service,2023,4591424.0,43692640.0,3747853,2669583,"DR,MB",361075.0,"Indio--Palm Desert--Palm Springs, CA",0.1051,1.2251,1719.9031,unknown,unknown,none,
90079,"SunLine Transit Agency, dba: SunLine",Thousand Palms,CA,Independent Public Agency or Authority of Transit Service,2024,4327373.0,45595632.0,3527742,2705280,"DR,MB",361075.0,"Indio--Palm Desert--Palm Springs, CA",0.0949,1.2267,1599.6026,unknown,unknown,none,
90086,City of Riverside,Riverside,CA,"City, County or Local Government Unit or Department of Transportation",2022,90440.0,2988250.0,324618,65225,DR,2276703.0,"Riverside--San Bernardino, CA",0.0303,0.2786,1386.5849,unknown,unknown,none,
90086,"City of Riverside, dba: Riverside Connect",Riverside,CA,"City, County or Local Government Unit or Department of Transportation",2023,73658.0,4504692.0,375059,74107,DR,2276703.0,"Riverside--San Bernardino, CA",0.0164,0.1964,993.9412,unknown,unknown,none,
90086,"City of Riverside, dba: Riverside Connect",Riverside,CA,"City, County or Local Government Unit or Department of Transportation",2024,88476.0,5298282.0,432901,88259,DR,2276703.0,"Riverside--San Bernardino, CA",0.0167,0.2044,1002.4587,unknown,unknown,none,
90140,"City of Peoria , dba: Peoria Transit",Peoria,AZ,"City, County or Local Government Unit or Department of Transportation",2022,15043.0,1407549.0,88518,22946,DR,3976313.0,"Phoenix--Mesa--Scottsdale, AZ",0.0107,0.1699,655.5827,unknown,unknown,none,
90140,City of Peoria,Peoria,AZ,"City, County or Local Government Unit or Department of Transportation",2023,13866.0,1395876.0,89288,21795,DR,3976313.0,"Phoenix--Mesa--Scottsdale, AZ",0.0099,0.1553,636.201,unknown,unknown,none,
90140,City of Peoria,Peoria,AZ,"City, County or Local Government Unit or Department of Transportation",2024,13875.0,1494957.0,96970,23414,DR,3976313.0,"Phoenix--Mesa--Scottsdale, AZ",0.0093,0.1431,592.5942,unknown,unknown,none,
90142,"University of California, Davis, dba: ASUCD-Unitrans",Davis,CA,University,2022,108609.0,7373680.0,613801,1985107,MB,77034.0,"Davis, CA",0.0147,0.1769,54.7119,unknown,unknown,none,
90142,"University of California, Davis, dba: Unitrans",Davis,CA,University,2023,73634.0,8411384.0,697377,3028186,MB,77034.0,"Davis, CA",0.0088,0.1056,24.3162,unknown,unknown,none,
90142,"University of California, Davis, dba: Unitrans",Davis,CA,University,2024,75831.0,9190678.0,763955,3481877,MB,77034.0,"Davis, CA",0.0083,0.0993,21.7788,unknown,unknown,none,
90154,"Los Angeles County Metropolitan Transportation Authority , dba: Metro",Los Angeles,CA,Independent Public Agency or Authority of Transit Service,2022,53414600.0,1735002520.0,80408954,243616771,"DR,HR,LR,MB,RB",12237376.0,"Los Angeles--Long Beach--Anaheim, CA",0.0308,0.6643,219.2567,self_insured_with_excess,document,none,
90154,"Los Angeles County Metropolitan Transportation Authority , dba: Metro",Los Angeles,CA,Independent Public Agency or Authority of Transit Service,2023,66736249.0,2126379711.0,86051602,265177656,"DR,HR,LR,MB,RB",12237376.0,"Los Angeles--Long Beach--Anaheim, CA",0.0314,0.7755,251.6662,self_insured_with_excess,document,none,
90154,"Los Angeles County Metropolitan Transportation Authority, dba: Metro",Los Angeles,CA,Independent Public Agency or Authority of Transit Service,2024,95540629.0,2332858567.0,92235287,290222598,"DR,HR,LR,MB,RB",12237376.0,"Los Angeles--Long Beach--Anaheim, CA",0.041,1.0358,329.1978,self_insured_with_excess,document,none,
90196,"County of Placer, dba: Placer County Department of Public Works",Auburn,CA,"City, County or Local Government Unit or Department of Transportation",2022,284220.0,9757240.0,1228383,435067,MB,1946618.0,"Sacramento, CA",0.0291,0.2314,653.2787,unknown,unknown,none,
90196,"County of Placer, dba: Placer County Transit/TART",Auburn,CA,"City, County or Local Government Unit or Department of Transportation",2023,276623.0,9965758.0,1093862,515870,"CB,MB",1946618.0,"Sacramento, CA",0.0278,0.2529,536.2262,unknown,unknown,none,
90196,"County of Placer, dba: Placer County Transit/TART",Auburn,CA,"City, County or Local Government Unit or Department of Transportation",2024,310367.0,11056341.0,1086508,517374,"CB,MB",1946618.0,"Sacramento, CA",0.0281,0.2857,599.8891,unknown,unknown,none,
90206,San Luis Obispo Regional Transit Authority,San Luis Obispo,CA,Independent Public Agency or Authority of Transit Service,2022,672504.0,13327251.0,1483743,652425,"DR,MB",56904.0,"San Luis Obispo, CA",0.0505,0.4532,1030.776,unknown,unknown,none,
90206,San Luis Obispo Regional Transit Authority,San Luis Obispo,CA,Independent Public Agency or Authority of Transit Service,2023,767693.0,14811016.0,1542116,739238,"DR,MB",56904.0,"San Luis Obispo, CA",0.0518,0.4978,1038.4923,unknown,unknown,none,
90206,San Luis Obispo Regional Transit Authority,San Luis Obispo,CA,Independent Public Agency or Authority of Transit Service,2024,858046.0,14723371.0,1556417,798761,"DR,MB",56904.0,"San Luis Obispo, CA",0.0583,0.5513,1074.2212,unknown,unknown,none,
90219,"Northern Arizona Intergovernmental Public Transportation Authority, dba: Mountain Line public transit",Flagstaff,AZ,Independent Public Agency or Authority of Transit Service,2022,516413.0,9751315.0,970446,1308940,"DR,MB",79842.0,"Flagstaff, AZ",0.053,0.5321,394.5276,unknown,unknown,none,
90219,"Northern Arizona Intergovernmental Public Transportation Authority, dba: Mountain Line",Flagstaff,AZ,Independent Public Agency or Authority of Transit Service,2023,540113.0,10802918.0,923816,1581330,"DR,MB",79842.0,"Flagstaff, AZ",0.05,0.5847,341.5562,unknown,unknown,none,
90219,"Northern Arizona Intergovernmental Public Transportation Authority, dba: Mountain Line",Flagstaff,AZ,Independent Public Agency or Authority of Transit Service,2024,547863.0,10958037.0,947899,1643040,"DR,MB",79842.0,"Flagstaff, AZ",0.05,0.578,333.4447,unknown,unknown,none,
90223,"Paratransit, Inc.",Sacramento,CA,Independent Public Agency or Authority of Transit Service,2022,18331.0,1708776.0,277756,19792,DR,1946618.0,"Sacramento, CA",0.0107,0.066,926.1823,unknown,unknown,none,
90223,"Paratransit, Inc.",Sacramento,CA,Independent Public Agency or Authority of Transit Service,2023,12100.0,2373789.0,424440,41481,DR,1946618.0,"Sacramento, CA",0.0051,0.0285,291.6998,unknown,unknown,none,
90223,"Paratransit, Inc.",Sacramento,CA,Independent Public Agency or Authority of Transit Service,2024,28182.0,3050655.0,473307,54053,"DR,MB",1946618.0,"Sacramento, CA",0.0092,0.0595,521.3772,unknown,unknown,none,
90230,"California Vanpool Authority, dba: CalVans",Hanford,CA,Independent Public Agency or Authority of Transit Service,2022,2412430.0,13558160.0,10003280,3703926,VP,66638.0,"Visalia, CA",0.1779,0.2412,651.317,commercial,document,none,
90230,"California Vanpool Authority, dba: CalVans",Hanford,CA,Independent Public Agency or Authority of Transit Service,2023,2514203.0,13241371.0,9257212,3569288,VP,66638.0,"Visalia, CA",0.1899,0.2716,704.399,commercial,document,none,
90230,"California Vanpool Authority, dba: CalVans",Visalia,CA,Independent Public Agency or Authority of Transit Service,2024,2131612.0,13661944.0,9200278,3466955,VP,160578.0,"Visalia, CA",0.156,0.2317,614.8369,commercial,document,none,
90299,Sonoma-Marin Area Rail Transit District,Petaluma,CA,Independent Public Agency or Authority of Transit Service,2022,2170655.0,27834598.0,679245,354328,CR,297329.0,"Santa Rosa, CA",0.078,3.1957,6126.1176,unknown,unknown,none,
90299,Sonoma-Marin Area Rail Transit District,Petaluma,CA,Independent Public Agency or Authority of Transit Service,2023,2241252.0,30585066.0,977309,640099,CR,297329.0,"Santa Rosa, CA",0.0733,2.2933,3501.4146,unknown,unknown,none,
90299,Sonoma-Marin Area Rail Transit District,Petaluma,CA,Independent Public Agency or Authority of Transit Service,2024,2623614.0,35581765.0,1013842,850270,CR,297329.0,"Santa Rosa, CA",0.0737,2.5878,3085.6246,unknown,unknown,none,
90313,"City of Clovis, dba: Clovis Transit",Clovis,CA,"City, County or Local Government Unit or Department of Transportation",2024,276565.0,8700172.0,834888,278487,"DR,MB",717589.0,"Fresno, CA",0.0318,0.3313,993.0984,unknown,unknown,none,
91092,Tahoe Transportation District,Stateline,NV,Independent Public Agency or Authority of Transit Service,2022,273670.0,6131022.0,423821,269576,"CB,DR,MB",210000.0,"Lake Tahoe, CA-NV",0.0446,0.6457,1015.1868,unknown,unknown,other,
91092,Tahoe Transportation District,Stateline,NV,Independent Public Agency or Authority of Transit Service,2023,268953.0,6147197.0,336294,277769,"DR,MB",210000.0,"Lake Tahoe, CA-NV",0.0438,0.7998,968.2614,unknown,unknown,other,
91092,Tahoe Transportation District,Stateline,NV,Independent Public Agency or Authority of Transit Service,2024,273134.0,6837872.0,381327,248406,"DR,MB",210000.0,"Lake Tahoe, CA-NV",0.0399,0.7163,1099.5467,unknown,unknown,other,
