# Data-center restriction & condition actions — snapshot 2026-08-15. License CC-BY-4.0. Includes data from Moratorium Nation (ALEA Institute, https://mjbommar.github.io/moratorium-data-2026/, CC-BY-4.0) and datacentertracker.org (CC BY 4.0). Documented actions, not a census.
id,dataset,level,state,state_fips,jurisdiction,jurisdiction_type,action_type,class,status,date,mw_threshold,lat,lon,geocode,county_fips,county_name,county_wide,summary,source_name,source_url,note
az-incentive-pause-2026,curated_state,state,AZ,04,Arizona (statewide),state,incentive_rollback,condition,in_force,2026-07-01,,,,none,,,,"Three-year pause: the Arizona Commerce Authority may not accept applications for, or grant tax relief to, any new computer data center from July 1, 2026 through June 30, 2029. Existing certificates unaffected, and the provision self-repeals July 1, 2029. The Governor's office estimates about $57M in savings over the window (an administration estimate, not a formal fiscal note). ACA received 113 applications in the final two weeks before the window closed","Arizona Legislature, SB 1861/HB 4168 as-enacted fact sheet",https://www.azleg.gov/legtext/57leg/2R/summary/S.1861-4168ATT_ASENACTED.DOCX.htm,"Instrument: HB 4168 / SB 1861 (Laws 2026, Ch. 140)"
fl-sb484-2026,curated_state,state,FL,12,Florida (statewide),state,ratepayer_law,condition,enacted,,,,,none,,,,SB 484 (enacted 2026): large-load tariff and cost-allocation law for data centers,Clean Energy Group 2026 inventory (NCSL deck corroborates),https://www.cleanegroup.org/states-are-stepping-up-to-protect-households-from-rising-energy-bills-due-to-data-centers/,Instrument: SB 484
ga-sb410-2026,curated_state,state,GA,13,Georgia (statewide),state,incentive_rollback,condition,pending,2026-02-12,,,,none,,,,"SB 410 would end the sales-tax exemption for future data centers; passed the Senate in February 2026, not enacted",NCSL May 2026 deck (Montana Legislature mirror),https://static.legmt.gov/Divisions/LFD/Committees/MARA/NCSL-Data-Centers-Legislative-Trends-May2026.pdf,Instrument: SB 410
id-hb911-2026,curated_state,state,ID,16,Idaho (statewide),state,ratepayer_law,condition,enacted,,,,,none,,,,HB 911 (enacted 2026): large-load tariff and cost-allocation law for data centers,Clean Energy Group 2026 inventory (NCSL deck corroborates),https://www.cleanegroup.org/states-are-stepping-up-to-protect-households-from-rising-energy-bills-due-to-data-centers/,Instrument: HB 911
il-incentive-pause-2026,curated_state,state,IL,17,Illinois (statewide),state,incentive_rollback,condition,in_force,2026-06-05,,,,none,,,,"DCEO stopped accepting or processing new Data Center Investment Program applications as of July 1, 2026, per the Governor's June 5, 2026 directive. Existing agreements honored. No stated end date, pending legislative action","Office of Governor JB Pritzker, June 5, 2026 release",https://gov-pritzker-newsroom.prezly.com/gov-pritzker-pauses-new-data-center-tax-incentives,Instrument: Executive directive (Governor Pritzker to DCEO)
in-hb1210-2026,curated_state,state,IN,18,Indiana (statewide),state,tax_action,condition,enacted,2026-03-12,,,,none,,,,"HB 1210 (signed March 12, 2026): recipients of the data center exemption must share 1% of exemption savings with local governments",NCSL May 2026 deck / ArentFox Schiff (per research corpus),https://static.legmt.gov/Divisions/LFD/Committees/MARA/NCSL-Data-Centers-Legislative-Trends-May2026.pdf,Instrument: HB 1210
md-sb937-2025,curated_state,state,MD,24,Maryland (statewide),state,ratepayer_law,condition,enacted,,,,,none,,,,SB 937 (enacted 2025): large-load ratepayer-protection law for data centers,NCSL May 2026 deck (Montana Legislature mirror),https://static.legmt.gov/Divisions/LFD/Committees/MARA/NCSL-Data-Centers-Legislative-Trends-May2026.pdf,Instrument: SB 937
me-ld307-2026,curated_state,state,ME,23,Maine (statewide),state,moratorium,restriction,vetoed,2026-04-24,20,,,none,,,,"LD 307 would have paused 20 MW+ data centers through late 2027; passed the legislature, vetoed by Governor Mills, override failed 72-65",Maine Morning Star,https://mainemorningstar.com/2026/04/29/despite-initial-support-legislature-fails-to-override-mills-veto-of-landmark-data-center-ban/,Instrument: LD 307
mn-hf16-2025,curated_state,state,MN,27,Minnesota (statewide),state,ratepayer_law,condition,enacted,,,,,none,,,,"HF 16 (enacted 2025): very-large-customer rate class due by December 15, 2026, plus a water-use preapplication review for facilities over 100M gallons/yr",NCSL May 2026 deck (Montana Legislature mirror),https://static.legmt.gov/Divisions/LFD/Committees/MARA/NCSL-Data-Centers-Legislative-Trends-May2026.pdf,Instrument: HF 16
ne-lb1010-2026,curated_state,state,NE,31,Nebraska (statewide),state,ratepayer_law,condition,enacted,,,,,none,,,,LB 1010 (enacted 2026): energy and water reporting requirements for data centers,Clean Energy Group 2026 inventory (NCSL deck corroborates),https://www.cleanegroup.org/states-are-stepping-up-to-protect-households-from-rising-energy-bills-due-to-data-centers/,Instrument: LB 1010
nj-a796-2026,curated_state,state,NJ,34,New Jersey (statewide),state,ratepayer_law,condition,enacted,,,,,none,,,,A796 (enacted 2026): large-load tariff and cost-allocation law for data centers,Clean Energy Group 2026 inventory (NCSL deck corroborates),https://www.cleanegroup.org/states-are-stepping-up-to-protect-households-from-rising-energy-bills-due-to-data-centers/,Instrument: A796
ny-eo62-2026,curated_state,state,NY,36,New York (statewide),state,executive_order,restriction,in_force,2026-07-14,50,,,none,,,,Executive Order 62 pauses discretionary environmental permit review for data centers of 50 MW and up while a statewide impact statement is prepared,Governor of New York,https://www.governor.ny.gov/executive-order/no-62-establishing-temporary-moratorium-data-centers-new-york-while-state-develops,Instrument: Executive Order 62
oh-incentive-pause-2026,curated_state,state,OH,39,Ohio (statewide),state,incentive_rollback,condition,in_force,2026-05-27,,,,none,,,,"The Tax Credit Authority stopped accepting new data center sales-and-use tax exemption proposals after its June 1, 2026 meeting, at Governor DeWine's direction, pending the Joint Data Center Committee's study. Existing exemptions unaffected","Office of Governor Mike DeWine, May 27, 2026 release",https://governor.ohio.gov/media/news-and-media/governor-dewine-announces-pause-of-data-center-tax-exemption,Instrument: Executive directive (Governor DeWine to the Ohio Tax Credit Authority)
ok-hb2992-2026,curated_state,state,OK,40,Oklahoma (statewide),state,ratepayer_law,condition,enacted,,,,,none,,,,HB 2992 (enacted 2026): large-load tariff and cost-allocation law for data centers,Clean Energy Group 2026 inventory (NCSL deck corroborates),https://www.cleanegroup.org/states-are-stepping-up-to-protect-households-from-rising-energy-bills-due-to-data-centers/,Instrument: HB 2992
or-hb3546-2025,curated_state,state,OR,41,Oregon (statewide),state,ratepayer_law,condition,enacted,,20,,,none,,,,POWER Act (enacted June 2025): separate rate class for 20 MW+ loads with 10-year take-or-pay power agreements; implemented through PGE Schedule 96,NCSL May 2026 deck (Montana Legislature mirror),https://static.legmt.gov/Divisions/LFD/Committees/MARA/NCSL-Data-Centers-Legislative-Trends-May2026.pdf,Instrument: HB 3546 (POWER Act)
sc-rate-law-2025,curated_state,state,SC,45,South Carolina (statewide),state,ratepayer_law,condition,enacted,2025-05-12,,,,none,,,,"Authorizes (does not require) utilities to negotiate economic-development rates for large loads, with a marginal-cost floor and PSC just-and-reasonable review. The Senate's data-center PPA mandate was stripped before passage","South Carolina Legislature, H.3309 (Act No. 41 of 2025)",https://www.scstatehouse.gov/sess126_2025-2026/bills/3309.htm,"Instrument: H.3309, Energy Security Act (Act No. 41 of 2025)"
sd-sb135-2026,curated_state,state,SD,46,South Dakota (statewide),state,ratepayer_law,condition,enacted,,,,,none,,,,SB 135 (enacted 2026): large-load law that also protects local siting authority over data centers,Clean Energy Group 2026 inventory (NCSL deck corroborates),https://www.cleanegroup.org/states-are-stepping-up-to-protect-households-from-rising-energy-bills-due-to-data-centers/,Instrument: SB 135
tn-hb1847-2026,curated_state,state,TN,47,Tennessee (statewide),state,ratepayer_law,condition,enacted,,,,,none,,,,HB 1847 (enacted 2026): large-load tariff and cost-allocation law for data centers,Clean Energy Group 2026 inventory (NCSL deck corroborates),https://www.cleanegroup.org/states-are-stepping-up-to-protect-households-from-rising-energy-bills-due-to-data-centers/,Instrument: HB 1847
tx-sb6-2025,curated_state,state,TX,48,Texas (statewide),state,ratepayer_law,condition,enacted,2025-06-20,75,,,none,,,,"SB 6: 75 MW+ ERCOT loads accept mandatory emergency curtailment with 24-hour notice, pay interconnection study fees, and disclose behind-the-meter generation",McGuireWoods client alert,https://www.mcguirewoods.com/client-resources/alerts/2025/7/texas-senate-bill-6-significantly-expands-regulatory-oversight-over-large-loads-in-ercot/,Instrument: SB 6
ut-sb132-2025,curated_state,state,UT,49,Utah (statewide),state,ratepayer_law,condition,enacted,,,,,none,,,,SB 132 (enacted 2025): large-load tariff and cost-allocation law for data centers,NCSL May 2026 deck (Montana Legislature mirror),https://static.legmt.gov/Divisions/LFD/Committees/MARA/NCSL-Data-Centers-Legislative-Trends-May2026.pdf,Instrument: SB 132
va-consumption-tax-2026,curated_state,state,VA,51,Virginia (statewide),state,tax_action,condition,enacted,2026-06-30,,,,none,,,,"First-in-nation $0.011/kWh data center electricity consumption tax, capped at $600M/yr with pro-rata refunds, effective July 1, 2026, expires June 30, 2028; the sales-tax exemption was preserved",Williams Mullen client alert,https://www.williamsmullen.com/insights/news/legal-news/virginia-budget-creates-new-electricity-consumption-tax-data-centers,Instrument: 2026 budget (HB 30)
va-hb284-2026,curated_state,state,VA,51,Virginia (statewide),state,ratepayer_law,condition,enacted,,,,,none,,,,"HB 284 (enacted 2026): large-load ratepayer law, one of 15 data-center bills Virginia passed in the 2026 session",Clean Energy Group 2026 inventory (NCSL deck corroborates),https://www.cleanegroup.org/states-are-stepping-up-to-protect-households-from-rising-energy-bills-due-to-data-centers/,Instrument: HB 284
wa-sb6231-2026,curated_state,state,WA,53,Washington (statewide),state,incentive_rollback,condition,enacted,,,,,none,,,,SB 6231 (enacted 2026): narrows the data center tax exemption to refurbished facilities only,NCSL May 2026 deck (Montana Legislature mirror),https://static.legmt.gov/Divisions/LFD/Committees/MARA/NCSL-Data-Centers-Legislative-Trends-May2026.pdf,Instrument: SB 6231
wv-hb2014-2025,curated_state,state,WV,54,West Virginia (statewide),state,preemption,preemption,enacted,2025-04-30,,,,none,,,,HB 2014 preempts local regulation of data centers and creates microgrid districts insulated from ratepayer grids,MultiState,https://www.multistate.us/insider/2026/1/15/state-data-center-legislation-faces-local-zoning-battles,Instrument: HB 2014
ga-psc-rule-tariff-2025,curated_tariff,puc,GA,13,Georgia Power (PSC rule) territory,utility,large_load_tariff,condition,in_force,2025-02-01,100,,,none,,,,"Georgia PSC rule effective February 1, 2025: new 100 MW+ customers take custom contracts with minimum billing, terms up to 15 years, and PSC review 30 days before execution",Georgia PSC media advisory,https://psc.ga.gov/site/assets/files/8617/media_advisory_data_centers_rule_1-23-2025.pdf,Docket GA PSC docket 44280; term 15 yr
in-im-tariff-2025,curated_tariff,puc,IN,18,Indiana Michigan Power territory,utility,large_load_tariff,condition,in_force,2025-02-19,,,,none,,,,"IURC-approved settlement (order February 19, 2025): 80% minimum billing demand and 12-year minimum contracts after a 5-year ramp; signed by Amazon, Microsoft, Google, the Data Center Coalition, and consumer advocates",Indiana Capital Chronicle / IURC order 46097,https://indianacapitalchronicle.com/2024/11/26/ratepayer-advocates-hail-landmark-settlement-with-data-centers-utility-company/,Docket IURC cause 46097; minimum take 80%; term 12 yr
mi-consumers-tariff-2025,curated_tariff,puc,MI,26,Consumers Energy territory,utility,large_load_tariff,condition,enacted,2025-11-06,100,,,none,,,,"Rate GPD data-center provisions: 100 MW threshold (or 100 MW aggregated across 20 MW+ common-owner sites), 15-year minimum contracts, 80% minimum billing demand, ramp of up to 5 years, automatic 5-year extensions absent 4 years' notice","Michigan PSC news release, Case U-21859",https://www.michigan.gov/mpsc/commission/news-releases/2025/11/06/mpsc-approves-terms-of-service-between-consumers-energy-and-data-centers,Docket MPSC U-21859; minimum take 80%; term 15 yr
mo-evergy-tariff-2025,curated_tariff,puc,MO,29,Evergy territory,utility,large_load_tariff,condition,enacted,2025-11-13,75,,,none,,,,"Large Load Power Service plan approved 4-0 (effective Dec 13, 2025) implementing SB 4: 75 MW+ eligibility, minimum monthly bill with an 80% demand-charge floor, 12-year minimum terms plus up to a 5-year ramp, exit charges and a cost stabilization rider","Missouri PSC Report and Order, Case EO-2025-0154",https://efis.psc.mo.gov/Document/Display/857331,Docket MO PSC EO-2025-0154; minimum take 80%; term 12 yr
oh-aep-tariff-2025,curated_tariff,puc,OH,39,AEP Ohio territory,utility,large_load_tariff,condition,in_force,2025-07-09,25,,,none,,,,"PUCO-approved tariff (July 9, 2025, effective July 23): 25 MW+ data centers pay at least 85% of subscribed capacity for up to 12 years (4-year ramp), with an exit fee equal to three years of minimum charges; under appeal at the Ohio Supreme Court",PUCO,https://puco.ohio.gov/news/puco-orders-aep-ohio-to-create-data-center-specific-tariff,Docket PUCO 24-0508-EL-ATA; minimum take 85%; term 12 yr
or-pge-sch96-tariff-2026,curated_tariff,puc,OR,41,Portland General Electric (Schedule 96) territory,utility,large_load_tariff,condition,in_force,2026-05-07,,,,none,,,,"OPUC-approved Schedule 96 (May 7, 2026) under the POWER Act: 90% minimum demand charge, 100% of distribution upgrades paid by the customer, 10-30 year contracts, and a 1 cent/kWh surcharge above 100 MW funding low-income energy programs",Utility Dive / OPUC docket UM 2377,https://www.utilitydive.com/news/oregon-puc-approves-pges-large-load-tariff-framework-for-data-centers/821361/,Docket OPUC UM 2377; minimum take 90%
tx-epe-tariff-2025,curated_tariff,puc,TX,48,El Paso Electric territory,utility,large_load_tariff,condition,enacted,2025-07-31,,,,none,,,,"Economic-development rate riders (Schedules 33A/33B) approved by settlement for a 100 MW+ data center, with a floor at the utility's incremental cost. A negotiated economic-development rate rather than a restrictive large-load tariff, noted for honesty. A follow-on update (Docket 59948) was pending as of mid-2026",PUCT Docket 56903 Final Order,https://interchange.puc.texas.gov/Documents/56903_55_1526529.PDF,Docket PUCT Docket 56903
va-dominion-energy-tariff-2026,curated_tariff,puc,VA,51,Dominion Energy territory,utility,large_load_tariff,condition,enacted,2026-07-31,,,,none,,,,"Mandatory contribution in aid of construction directly assigning the cost of substations and transmission lines built to serve new direct-connect large loads (data centers foremost) to those customers instead of all ratepayers. Cut the residential share of Dominion's ~$1.5B Rider T1 filing from $2.90 to $0.94 a month, and the SCC flagged a future docket on assigning more upstream transmission costs","Virginia Mercury (Aug 5, 2026); Governor's office release (Aug 10, 2026)",https://virginiamercury.com/2026/08/05/scc-orders-dominion-to-develop-tariff-to-assign-more-transmission-costs-to-data-centers/,"Docket SCC order on Dominion Rider T1 transmission cost allocation (July 31, 2026)"
va-dominion-gs5-tariff-2025,curated_tariff,puc,VA,51,Dominion Energy (GS-5) territory,utility,large_load_tariff,condition,enacted,2025-11-25,25,,,none,,,,"SCC-approved GS-5 class (November 25, 2025, effective January 1, 2027): 25 MW+ customers pay at least 85% of contracted distribution and transmission demand plus 60% of generation demand, minimum 14-year contracts, $1.5M/MW collateral",Virginia SCC news release,https://www.scc.virginia.gov/about-the-scc/newsreleases/release/scc-issues-order-on-dev-biennial-review-2025/scc-rules-in-dev-biennial-review-case.html,Docket VA SCC PUR-2025-00058; minimum take 85%; term 14 yr
dct-anchorage-ak-2026-03-03,datacentertracker,local,AK,02,Anchorage,municipality,zoning_exclusion,restriction,enacted,2026-03-27,,61.2181,-149.9003,source_dataset,,,False,"The Anchorage Assembly adopted Ordinance AO 2026-27 on March 27, 2026, establishing a new land use and permitting framework for data centers before receiving any large-scale applications. Data centers are defined as facilities requiring… (datacentertracker.org)",datacentertracker.org,https://www.dwt.com/blogs/energy--environmental-law-blog/2026/04/anchorage-adopts-data-center-framework,
dct-bessemer-al-2025-08-01,datacentertracker,local,AL,01,Bessemer,municipality,zoning_exclusion,restriction,enacted,2026-07-13,,33.4012,-86.9544,source_dataset,01073,Jefferson County,False,"Bessemer City Council voted 5-2 on November 18, 2025 to approve the Project Marvel data center on ~700 acres. The decision followed extensive community opposition. [Update 2026-07-14]: The Southern Environmental Law Center and Alabama… (datacentertracker.org)",datacentertracker.org,https://insideclimatenews.org/news/25092025/naacp-opposes-massive-alabama-data-center/,
dct-bessemer-al-expansion-2026-01,datacentertracker,local,AL,01,Bessemer (900-acre expansion),municipality,zoning_exclusion,restriction,enacted,2026-04-21,,33.4012,-86.9544,source_dataset,01073,Jefferson County,False,"On April 21, 2026, the Bessemer City Council voted 5-2 (Donna Thigpen and Cleo King opposed) to rezone approximately 914 acres from agricultural to light industrial for the 'Project Marvel' hyperscale data center campus, expanding the… (datacentertracker.org)",datacentertracker.org,https://insideclimatenews.org/news/11052025/bessemer-alabama-proposed-data-center/,
al-birmingham-2026,moratorium_nation,local,AL,01,Birmingham (city),municipality,moratorium,restriction,in_force,2026-03-03,20,33.52068,-86.80243,source_dataset,01073,Jefferson County,False,"180-day data-center moratorium, adopted 2026-03-03, active per tracker (Moratorium Nation)",Moratorium Nation (ALEA Institute),https://mjbommar.github.io/moratorium-data-2026/,
dct-brookwood-al-rezoning-2026-08-11,datacentertracker,local,AL,01,Brookwood,municipality,zoning_exclusion,restriction,pending,2026-08-11,,33.2246,-87.3125,source_dataset,01125,Tuscaloosa County,False,"A roughly 1,200-acre data center rezoning request near Brookwood Middle School is headed to an August 11, 2026 vote. The mayor denied a request to pause the process for a referendum. Black Warrior Riverkeeper has raised concerns about… (datacentertracker.org)",datacentertracker.org,https://tuscaloosathread.com/alabama-data-center-election-debate/,
dct-columbiana-shelby-county-al-2026-02-17,datacentertracker,local,AL,01,Columbiana (Shelby County),municipality,zoning_exclusion,restriction,enacted,2026-02-17,,33.1782,-86.6064,source_dataset,01117,Shelby County,False,"Columbiana City Council unanimously approved a new ordinance imposing zoning restrictions on future data centers, becoming the first Alabama municipality to pass such restrictions ($200M). Requirements include: 60 ft max height (including… (datacentertracker.org)",datacentertracker.org,https://www.wbrc.com/2026/02/18/columbiana-passes-new-zoning-restrictions-data-centers/,
al-cullman-2026,moratorium_nation,local,AL,01,Cullman (city),municipality,moratorium,restriction,in_force,2026-06,,34.13353,-86.87793,source_dataset,01043,Cullman County,False,"365-day data-center moratorium, adopted 2026-06, active per tracker (Moratorium Nation)",Moratorium Nation (ALEA Institute),https://mjbommar.github.io/moratorium-data-2026/,
dct-cullman-al-moratorium-2026-06-22,datacentertracker,local,AL,01,Cullman City Council,municipality,moratorium,restriction,enacted,2026-06-22,,34.1748,-86.8433,source_dataset,01043,Cullman County,False,Cullman City Council unanimously passed a 1-year moratorium on data centers and directed staff to draft a potential outright prohibition. (datacentertracker.org),datacentertracker.org,https://www.wbrc.com/2026/06/26/cullman-city-council-unanimously-passes-12-month-temporary-moratorium-data-centers/,
al-fairfield-2026,moratorium_nation,local,AL,01,Fairfield (city),municipality,moratorium,restriction,in_force,2026-07-27,,33.49168,-86.91503,source_dataset,01073,Jefferson County,False,"180-day data-center moratorium, adopted 2026-07-27, active per tracker (Moratorium Nation)",Moratorium Nation (ALEA Institute),https://mjbommar.github.io/moratorium-data-2026/,
al-fort-payne-2026,moratorium_nation,local,AL,01,Fort Payne (city),municipality,moratorium,restriction,in_force,2026-06-16,,34.44425,-85.71969,source_dataset,01049,DeKalb County,False,"180-day data-center moratorium, adopted 2026-06-16, active per tracker (Moratorium Nation)",Moratorium Nation (ALEA Institute),https://mjbommar.github.io/moratorium-data-2026/,
al-homewood-2026,moratorium_nation,local,AL,01,Homewood (city),municipality,moratorium,restriction,in_force,2026-06-22,,33.47371,-86.80845,source_dataset,01073,Jefferson County,False,"365-day data-center moratorium, adopted 2026-06-22, active per tracker (Moratorium Nation)",Moratorium Nation (ALEA Institute),https://mjbommar.github.io/moratorium-data-2026/,
dct-hoover-al-2026-05-11,datacentertracker,local,AL,01,Hoover,municipality,ordinance_conditions,condition,enacted,2026-05-11,,33.4054,-86.8114,source_dataset,01073,Jefferson County,False,The Hoover City Council approved an ordinance in May 2026 requiring case-by-case council review of future data center projects rather than allowing them by-right. The measure gives the city discretionary control over whether to permit… (datacentertracker.org),datacentertracker.org,https://datacentertracker.org/,
al-hueytown-undated,moratorium_nation,local,AL,01,Hueytown (city),municipality,moratorium,restriction,pending,,,33.45122,-86.99666,source_dataset,01073,Jefferson County,False,"Data-center moratorium, adoption pending or unconfirmed (Moratorium Nation)",Moratorium Nation (ALEA Institute),https://mjbommar.github.io/moratorium-data-2026/,
al-leeds-2026,moratorium_nation,local,AL,01,Leeds (city),municipality,moratorium,restriction,in_force,2026-06-08,,33.54392,-86.54275,source_dataset,01073,Jefferson County,False,"365-day data-center moratorium, adopted 2026-06-08, active per tracker (Moratorium Nation)",Moratorium Nation (ALEA Institute),https://mjbommar.github.io/moratorium-data-2026/,
al-prichard-undated,moratorium_nation,local,AL,01,Prichard (city),municipality,moratorium,restriction,pending,,,30.7388,-88.07889,source_dataset,01097,Mobile County,False,"480-day data-center moratorium, adoption pending or unconfirmed (Moratorium Nation)",Moratorium Nation (ALEA Institute),https://mjbommar.github.io/moratorium-data-2026/,
ar-carroll-county-2026,moratorium_nation,local,AR,05,Carroll County,county,moratorium,restriction,in_force,2026-06-16,,36.33867,-93.5093,source_dataset,05015,Carroll County,True,"365-day data-center moratorium, adopted 2026-06-16, active per tracker (Moratorium Nation)",Moratorium Nation (ALEA Institute),https://mjbommar.github.io/moratorium-data-2026/,
dct-fayetteville-ar-conditional-use-2026-06-04,datacentertracker,local,AR,05,"Fayetteville (data center conditional-use amendments proposed), AR",municipality,zoning_exclusion,restriction,enacted,2026-06-16,,36.0626,-94.1574,source_dataset,05143,Washington County,False,"On June 4, 2026 Fayetteville Mayor Molly Rawn (with Councilman Scott Berna) announced proposed ordinance amendments making data centers a conditional use across all zoning districts (currently by-right in I-2 industrial), giving the… (datacentertracker.org)",datacentertracker.org,https://datacentertracker.org/,
ar-harrison-2023,moratorium_nation,local,AR,05,Harrison (city),municipality,moratorium,restriction,expired,2023-05-30,,36.22979,-93.10768,source_dataset,05009,Boone County,False,"365-day data-center moratorium, adopted 2023-05-30, since rescinded (Moratorium Nation)",Moratorium Nation (ALEA Institute),https://mjbommar.github.io/moratorium-data-2026/,
dct-little-rock-ar-2025-06-01,datacentertracker,local,AR,05,Little Rock,municipality,zoning_exclusion,restriction,enacted,2025-06-01,,34.7465,-92.2896,source_dataset,05119,Pulaski County,False,"AVAIO Digital's 'Project Leo' — a $6B, 760-acre hyperscale data center campus near Little Rock — has broken ground with a fully approved Site Plan. The first phase (150 MW) is expected to be complete and energized by June 2027, with power… (datacentertracker.org)",datacentertracker.org,https://arkansasadvocate.com/2025/07/30/two-arkansas-cities-chase-data-center-gold-but-might-be-competing-against-each-other/,
dct-little-rock-ar-ordinance-2026-06-03,datacentertracker,local,AR,05,"Little Rock (citywide data center regulations approved), AR",municipality,zoning_exclusion,restriction,enacted,2026-06-03,,34.7465,-92.2896,source_dataset,05119,Pulaski County,False,"On June 3, 2026, Little Rock's Board of Directors unanimously approved new citywide data center regulations during an hours-long meeting that featured heavy criticism of a proposed ~$1B Google-backed data center project. (datacentertracker.org)",datacentertracker.org,https://datacentertracker.org/,
ar-russellville-2026,moratorium_nation,local,AR,05,Russellville (city),municipality,moratorium,restriction,in_force,2026-07-16,,35.27842,-93.13379,source_dataset,05115,Pope County,False,"180-day data-center moratorium, adopted 2026-07-16, active per tracker (Moratorium Nation)",Moratorium Nation (ALEA Institute),https://mjbommar.github.io/moratorium-data-2026/,
ar-union-county-2026,moratorium_nation,local,AR,05,Union County,county,moratorium,restriction,in_force,2026-06-30,,33.16374,-92.6171,source_dataset,05139,Union County,True,"365-day data-center moratorium, adopted 2026-06-30, active per tracker (Moratorium Nation)",Moratorium Nation (ALEA Institute),https://mjbommar.github.io/moratorium-data-2026/,
dct-cochise-county-az-regulations-2026-04-07,datacentertracker,local,AZ,04,Cochise County,county,zoning_exclusion,restriction,enacted,2026-04-07,,31.879,-109.756,source_dataset,04003,Cochise County,True,"Cochise County Board of Supervisors voted 3-0 on April 7, 2026 to adopt new data center regulations requiring special use authorization, noise impact analyses, water use plans, proof that power supply won't adversely impact existing users… (datacentertracker.org)",datacentertracker.org,https://news.azpm.org/p/azpmnews/2026/4/10/229272-cochise-county-will-regulate-data-centers-but-some-residents-want-more/,
dct-goodyear-az-zoning-ordinance-2026-07-06,datacentertracker,local,AZ,04,Goodyear,municipality,zoning_exclusion,restriction,enacted,2026-07-06,,33.4353,-112.3576,source_dataset,04013,Maricopa County,False,"Goodyear City Council passed the city's first zoning ordinance overhaul since 1999, adding first-time data center and battery energy storage system (BESS) standards. Data centers now require a 300-ft residential setback plus noise… (datacentertracker.org)",datacentertracker.org,https://www.westvalleyview.com/news/goodyear-updates-zoning-ordinance/article_77028a57-b824-4794-92f5-f981749e0570.html,
dct-maricopa-county-zoning-ordinance-az-2025,datacentertracker,local,AZ,04,Maricopa County,county,zoning_exclusion,restriction,enacted,2025-12-10,,33.3484,-112.4955,source_dataset,04013,Maricopa County,True,"The Maricopa County, Arizona, Board of Supervisors unanimously approved a modernized zoning ordinance establishing specific rules for data center development, effective January 9, 2026. The new rules limit data centers to two industrial… (datacentertracker.org)",datacentertracker.org,https://www.kjzz.org/business/2025-12-11/maricopa-county-is-the-latest-arizona-government-to-set-up-data-center-zoning-rules,
dct-maricopa-county-az-project-baccara-2026-05-06,datacentertracker,local,AZ,04,"Maricopa County Board of Supervisors (Project Baccara military compatibility permit near Luke AFB), AZ",municipality,zoning_exclusion,restriction,enacted,2026-05-06,,33.4484,-112.074,source_dataset,04013,Maricopa County,True,"Maricopa County Board of Supervisors approved a military compatibility permit 4-1 (Supervisor Steve Gallardo dissenting) for Michigan-based Takanock's $10B Project Baccara — 160 acres, multiple buildings 100,000-500,000 sq ft, with a 700… (datacentertracker.org)",datacentertracker.org,https://datacentertracker.org/,
dct-mesa-az-2025-07-08,datacentertracker,local,AZ,04,Mesa,municipality,zoning_exclusion,restriction,enacted,2025-07-08,,33.4152,-111.8315,source_dataset,04013,Maricopa County,False,"Mesa City Council adopted new zoning rules on July 8, 2025, restricting data centers to General Industrial and Heavy Industrial zones (roughly 4.1% of city land) and requiring special use permits with City Council approval, design… (datacentertracker.org)",datacentertracker.org,https://www.kjzz.org/business/2025-07-14/mesa-city-council-approves-new-data-center-zoning-rules,
dct-mesa-az-2026-05-18,datacentertracker,local,AZ,04,Mesa,municipality,zoning_exclusion,restriction,pending,2026-05-18,,33.4152,-111.8315,source_dataset,04013,Maricopa County,False,A 2.3M sq ft NTT Global Data Centers campus in southeast Mesa passed its first Planning & Zoning review. A City Council vote was set for June 8. (datacentertracker.org),datacentertracker.org,https://datacentertracker.org/,
dct-pima-county-zoning-amendment-az-2026,datacentertracker,local,AZ,04,Pima County (CUP zoning amendment),county,zoning_exclusion,restriction,enacted,2025-12-16,,32.2226,-110.9747,source_dataset,04019,Pima County,True,"The Pima County Board of Supervisors approved Project Blue's CUP zoning amendment and the sale of 290 acres for nearly $21M to Beale Infrastructure on Christmas Eve 2025, despite significant community opposition. Project Blue (originally… (datacentertracker.org)",datacentertracker.org,https://www.kgun9.com/news/community-inspired-journalism/marana/maranas-data-center-ordinance,
dct-surprise-maricopa-county-az-2025-11-01,datacentertracker,local,AZ,04,Surprise (Maricopa County),municipality,zoning_exclusion,restriction,enacted,2026-05-06,,33.6292,-112.3679,source_dataset,04013,Maricopa County,False,"Takanock LLC (DigitalBridge-backed) Project Baccara: The Maricopa County Planning & Zoning Commission unanimously approved a military Special Use Permit on April 9, 2026 for the 2 million sq ft data center campus with a 700 MW gas plant… (datacentertracker.org)",datacentertracker.org,https://ktar.com/arizona-business/valley-data-center-scrutiny/5812647/,
dct-tonopah-maricopa-638-acre-rezoning-az-2026-04-15,datacentertracker,local,AZ,04,Tonopah (Maricopa County),county,zoning_exclusion,restriction,enacted,2026-04-15,,33.4942,-112.941,source_dataset,04013,Maricopa County,True,"On April 15, 2026, the Maricopa County Board of Supervisors approved a request to rezone a 638-acre site at the northeast corner of 491st Avenue and Thomas Road outside Tonopah (west of Phoenix). The site is approved for up to nine… (datacentertracker.org)",datacentertracker.org,https://www.datacenterdynamics.com/en/news/225-million-sq-ft-data-center-campus-proposed-outside-phoenix-arizona/,
dct-tucson-az-zoning-2026-02,datacentertracker,local,AZ,04,Tucson,municipality,zoning_exclusion,restriction,pending,2026-06-17,,32.2226,-110.9747,source_dataset,04019,Pima County,False,"Tucson, Arizona is advancing a Unified Development Code (UDC) amendment to regulate data centers. The proposed amendment requires a minimum 400 ft setback from residential uses, mandates a developer-hosted neighborhood meeting, eliminates… (datacentertracker.org)",datacentertracker.org,https://www.kjzz.org/fronteras-desk/2026-03-30/tucson-public-has-until-end-of-month-to-weigh-in-on-proposed-amendment-for-data-centers,
ca-calipatria-undated,moratorium_nation,local,CA,06,Calipatria (city),municipality,moratorium,restriction,pending,,,33.12558,-115.51403,source_dataset,06025,Imperial County,False,"1825-day data-center moratorium, adoption pending or unconfirmed (Moratorium Nation)",Moratorium Nation (ALEA Institute),https://mjbommar.github.io/moratorium-data-2026/,
dct-calipatria-ca-moratorium-introduced-2026-05-12,datacentertracker,local,CA,06,"Calipatria City Council (Imperial County — interim 5-year moratorium introduced), CA",municipality,moratorium,restriction,pending,2026-05-12,,33.1256,-115.5142,source_dataset,06025,Imperial County,False,Calipatria City Council voted 4-0 to advance an interim urgency ordinance for a temporary 5-year moratorium on large-scale data center approval/permitting/construction — the first Imperial County-area jurisdiction to formally consider… (datacentertracker.org),datacentertracker.org,https://datacentertracker.org/,
dct-brawley-ca-moratorium-2026-05-19,datacentertracker,local,CA,06,"City of Brawley (data center moratorium passed 3-2), CA",municipality,moratorium,restriction,enacted,2026-05-19,,32.9787,-115.5303,source_dataset,06025,Imperial County,False,"On May 19, 2026, the Brawley City Council voted 3-2 (Grass and Kelley dissenting) to approve Ordinance No. 2026-03, an immediate moratorium on data centers requiring more than 50 MW of electrical demand or exceeding 250,000 sq ft of gross… (datacentertracker.org)",datacentertracker.org,https://datacentertracker.org/,
dct-imperial-city-ca-moratorium-2026-05-20,datacentertracker,local,CA,06,"City of Imperial (hyperscale data center moratorium advancing), CA",municipality,moratorium,restriction,pending,2026-05-20,,32.8475,-115.5694,source_dataset,06025,Imperial County,False,"On May 20, 2026, the City of Imperial council voted 4-0 to direct staff to return with a moratorium on hyperscale data centers within city limits; the item returned June 3 with the council moving to advance it (Mayor Ida Obeso: 'we have a… (datacentertracker.org)",datacentertracker.org,https://datacentertracker.org/,
dct-city-of-industry-ca-zoning-2025,datacentertracker,local,CA,06,City of Industry,municipality,zoning_exclusion,restriction,enacted,2025-01-15,,34.0197,-117.9587,source_dataset,06037,Los Angeles County,False,City of Industry's Planning Commission voted in December 2025 to recommend zoning changes allowing data centers citywide (proposed by EdgeCore) (62 acres). City Manager Joshua Nelson wrote in May 2025 that the city was 'working on a change… (datacentertracker.org),datacentertracker.org,https://investigatela.org/2026/03/02/city-of-industry-discussed-data-center-sites-months-before-zoning-vote/,
ca-coachella-2026,moratorium_nation,local,CA,06,Coachella (city),municipality,moratorium,restriction,in_force,2026-06-04,,33.6795,-116.17628,source_dataset,06065,Riverside County,False,"Data-center moratorium, adopted 2026-06-04, extended and active per tracker (Moratorium Nation)",Moratorium Nation (ALEA Institute),https://mjbommar.github.io/moratorium-data-2026/,
ca-desert-hot-springs-2026,moratorium_nation,local,CA,06,Desert Hot Springs (city),municipality,moratorium,restriction,in_force,2026-06-16,,33.96112,-116.50168,source_dataset,06065,Riverside County,False,"45-day data-center moratorium, adopted 2026-06-16, extended and active per tracker (Moratorium Nation)",Moratorium Nation (ALEA Institute),https://mjbommar.github.io/moratorium-data-2026/,
ca-el-monte-2026,moratorium_nation,local,CA,06,El Monte (city),municipality,moratorium,restriction,in_force,2026-03-18,,34.07516,-118.03685,source_dataset,06037,Los Angeles County,False,"45-day data-center moratorium, adopted 2026-03-18, extended and active per tracker (Moratorium Nation)",Moratorium Nation (ALEA Institute),https://mjbommar.github.io/moratorium-data-2026/,
dct-gilroy-ca-2025-07-03,datacentertracker,local,CA,06,Gilroy,municipality,zoning_exclusion,restriction,enacted,2026-06-15,,37.0058,-121.5683,source_dataset,06085,Santa Clara County,False,"Amazon Web Services received approval on July 3, 2025 for a 218,000 sq ft, 49 MW data center requiring 25 emergency generators on a 56-acre site in Gilroy, California. Two Change.org petitions were created — one to stop the project and… (datacentertracker.org)",datacentertracker.org,https://www.change.org/p/stop-the-ai-data-centers-in-gilroy,
ca-imperial-2026,moratorium_nation,local,CA,06,Imperial (city),municipality,moratorium,restriction,expired,2026-06-03,,33.03055,-115.35957,source_dataset,06025,Imperial County,False,"45-day data-center moratorium, adopted 2026-06-03, since expired (Moratorium Nation)",Moratorium Nation (ALEA Institute),https://mjbommar.github.io/moratorium-data-2026/,
ca-imperial-county-2026,moratorium_nation,local,CA,06,Imperial County,county,moratorium,restriction,in_force,2026-06-17,,33.03055,-115.35957,source_dataset,06025,Imperial County,True,"45-day data-center moratorium, adopted 2026-06-17, active per tracker (Moratorium Nation)",Moratorium Nation (ALEA Institute),https://mjbommar.github.io/moratorium-data-2026/,
dct-imperial-county-ca-moratorium-by-right-2026-06-02,datacentertracker,local,CA,06,"Imperial County (data center moratorium + by-right elimination advancing), CA",county,moratorium,restriction,enacted,2026-06-16,,32.792,-115.5631,source_dataset,06025,Imperial County,True,"On June 2, 2026, after 1+ hour of public comment and 296 emailed comments, the Imperial County Board of Supervisors declined to adopt staff-drafted 'Data Center Development Guidelines' (21 safeguards including elimination of by-right… (datacentertracker.org)",datacentertracker.org,https://inewsource.org/2026/07/14/data-center-moratorium-imperial-county/,
ca-indio-2026,moratorium_nation,local,CA,06,Indio (city),municipality,moratorium,restriction,in_force,2026-06-03,,33.71928,-116.21881,source_dataset,06065,Riverside County,False,"45-day data-center moratorium, adopted 2026-06-03, extended and active per tracker (Moratorium Nation)",Moratorium Nation (ALEA Institute),https://mjbommar.github.io/moratorium-data-2026/,
ca-irwindale-undated,moratorium_nation,local,CA,06,Irwindale (city),municipality,moratorium,restriction,pending,,,34.10699,-117.93421,source_dataset,06037,Los Angeles County,False,"45-day data-center moratorium, adoption pending or unconfirmed (Moratorium Nation)",Moratorium Nation (ALEA Institute),https://mjbommar.github.io/moratorium-data-2026/,
ca-montebello-2026,moratorium_nation,local,CA,06,Montebello (city),municipality,moratorium,restriction,expired,2026-02-11,,34.01594,-118.11198,source_dataset,06037,Los Angeles County,False,"45-day data-center moratorium, adopted 2026-02-11, since expired (Moratorium Nation)",Moratorium Nation (ALEA Institute),https://mjbommar.github.io/moratorium-data-2026/,
ca-monterey-park-2026,moratorium_nation,local,CA,06,Monterey Park (city),municipality,moratorium,restriction,replaced,2026-01-21,,34.05152,-118.12981,source_dataset,06037,Los Angeles County,False,"45-day data-center moratorium, adopted 2026-01-21, since replaced by permanent regulations (Moratorium Nation)",Moratorium Nation (ALEA Institute),https://mjbommar.github.io/moratorium-data-2026/,
dct-monterey-park-ca-ballot-ban-2026-06,datacentertracker,local,CA,06,Monterey Park (permanent ballot ban),municipality,zoning_exclusion,restriction,pending,2026-03-04,,34.0625,-118.1228,source_dataset,06037,Los Angeles County,False,"Monterey Park, California, City Council voted unanimously to place a permanent data center ban on the June 2, 2026 ballot (by HMC Capital / HMC StratCap). If approved by voters, it would permanently ban all data centers citywide — an… (datacentertracker.org)",datacentertracker.org,https://www.montereypark.ca.gov/m/newsflash/home/detail/1306,
ca-oakley-2026,moratorium_nation,local,CA,06,Oakley (city),municipality,moratorium,restriction,in_force,2026-04-14,,37.99742,-121.71245,source_dataset,06013,Contra Costa County,False,"45-day data-center moratorium, adopted 2026-04-14, extended and active per tracker (Moratorium Nation)",Moratorium Nation (ALEA Institute),https://mjbommar.github.io/moratorium-data-2026/,
dct-santa-clara-ca-2024-03-06,datacentertracker,local,CA,06,Santa Clara (GI Partners),municipality,zoning_exclusion,restriction,enacted,2024-03-06,,37.354,-121.955,source_dataset,06085,Santa Clara County,False,"Santa Clara Planning Commission denied a 72MW data center permit at 2805 Bowers Ave (3-2 in favor; failed the required 4-vote majority, so the permit was denied). Chair noted the city has 50+ data centers consuming 60% of its energy and… (datacentertracker.org)",datacentertracker.org,https://www.svvoice.com/planning-commission-blocks-data-center-project/,
co-archuleta-county-2026,moratorium_nation,local,CO,08,Archuleta County,county,moratorium,restriction,in_force,2026-06-16,,37.1996,-107.08425,source_dataset,08007,Archuleta County,True,"180-day data-center moratorium, adopted 2026-06-16, active per tracker (Moratorium Nation)",Moratorium Nation (ALEA Institute),https://mjbommar.github.io/moratorium-data-2026/,
co-boulder-county-2026,moratorium_nation,local,CO,08,Boulder County,county,moratorium,restriction,in_force,2026-06-02,,40.10256,-105.36321,source_dataset,08013,Boulder County,True,"180-day data-center moratorium, adopted 2026-06-02, active per tracker (Moratorium Nation)",Moratorium Nation (ALEA Institute),https://mjbommar.github.io/moratorium-data-2026/,
co-broomfield-2026,moratorium_nation,local,CO,08,Broomfield (city),municipality,moratorium,restriction,in_force,2026-07-07,,39.9404,-105.05208,source_dataset,08014,Broomfield County,False,"548-day data-center moratorium, adopted 2026-07-07, active per tracker (Moratorium Nation)",Moratorium Nation (ALEA Institute),https://mjbommar.github.io/moratorium-data-2026/,
co-buena-vista-2026,moratorium_nation,local,CO,08,Buena Vista (town),municipality,moratorium,restriction,in_force,2026-06-09,,38.84222,-106.13113,source_dataset,08015,Chaffee County,False,"Data-center moratorium running to a set end date, adopted 2026-06-09, active per tracker (Moratorium Nation)",Moratorium Nation (ALEA Institute),https://mjbommar.github.io/moratorium-data-2026/,
co-delta-county-2026,moratorium_nation,local,CO,08,Delta County,county,moratorium,restriction,in_force,2026-07-07,,38.83688,-107.85683,source_dataset,08029,Delta County,True,"Data-center moratorium running to a set end date, adopted 2026-07-07, active per tracker (Moratorium Nation)",Moratorium Nation (ALEA Institute),https://mjbommar.github.io/moratorium-data-2026/,
dct-denver-co-2026-02-24,datacentertracker,local,CO,08,Denver,municipality,moratorium,restriction,in_force,2026-02-24,,39.7392,-104.9903,source_dataset,08031,Denver County,True,"Denver City Council planning committee approved on March 31, 2026 a measure for a one-year moratorium on acceptance/processing of data center permit and site development applications. First reading before full City Council was held April… (datacentertracker.org)",datacentertracker.org,https://www.denvergazette.com/2026/03/31/denver-proposes-yearlong-moratorium-on-new-data-centers/,
co-denver-2026,moratorium_nation,local,CO,08,Denver (city),municipality,moratorium,restriction,in_force,2026-05-18,,39.73924,-104.98486,source_dataset,08031,Denver County,True,"365-day data-center moratorium, adopted 2026-05-18, active per tracker (Moratorium Nation)",Moratorium Nation (ALEA Institute),https://mjbommar.github.io/moratorium-data-2026/,
co-hudson-2026,moratorium_nation,local,CO,08,Hudson (town),municipality,moratorium,restriction,in_force,2026-07-01,,40.07344,-104.64299,source_dataset,08123,Weld County,False,"Data-center moratorium, adopted 2026-07-01, active per tracker (Moratorium Nation)",Moratorium Nation (ALEA Institute),https://mjbommar.github.io/moratorium-data-2026/,
co-jefferson-county-2026,moratorium_nation,local,CO,08,Jefferson County,county,moratorium,restriction,in_force,2026-05-19,,39.56998,-105.25619,source_dataset,08059,Jefferson County,True,"Data-center moratorium running to a set end date, adopted 2026-05-19, active per tracker (Moratorium Nation)",Moratorium Nation (ALEA Institute),https://mjbommar.github.io/moratorium-data-2026/,
co-larimer-county-2026,moratorium_nation,local,CO,08,Larimer County,county,moratorium,restriction,in_force,2026-01-27,,40.68102,-105.47269,source_dataset,08069,Larimer County,True,"30-day data-center moratorium, adopted 2026-01-27, extended and active per tracker (Moratorium Nation)",Moratorium Nation (ALEA Institute),https://mjbommar.github.io/moratorium-data-2026/,
co-logan-county-2025,moratorium_nation,local,CO,08,Logan County,county,moratorium,restriction,replaced,2025-10-21,,40.7251,-103.12214,source_dataset,08075,Logan County,True,"180-day data-center moratorium, adopted 2025-10-21, since replaced by permanent regulations (Moratorium Nation)",Moratorium Nation (ALEA Institute),https://mjbommar.github.io/moratorium-data-2026/,
dct-logan-county-co-regulations-2026-02,datacentertracker,local,CO,08,Logan County (regulations adopted),county,zoning_exclusion,restriction,enacted,2026-02-18,,40.7246,-103.2218,source_dataset,08075,Logan County,True,"Logan County, Colorado, adopted new data center regulations on February 18, 2026, lifting its moratorium and allowing Granite Renewables' proposed $15B, 2GW project on 4,198 acres to proceed. The New York-based company had been visiting… (datacentertracker.org)",datacentertracker.org,https://www.kunc.org/2026-03-27/some-mountain-west-counties-impose-moratoriums-on-data-centers-as-national-pause-is-proposed,
dct-longmont-co-2026-05-19,datacentertracker,local,CO,08,Longmont,municipality,moratorium,restriction,enacted,2026-06-09,,40.1672,-105.1019,source_dataset,08013,Boulder County,False,"Longmont is considering a ban on hyperscale data centers (100+ MW) amid energy and water concerns. A decision is expected around June 9. UPDATE May 19, 2026: Council gave initial approval 5-1 to the hyperscale ban ordinance (threshold ~70… (datacentertracker.org)",datacentertracker.org,https://datacentertracker.org/,
co-monument-2026,moratorium_nation,local,CO,08,Monument (town),municipality,moratorium,restriction,in_force,2026-07-20,,39.09166,-104.87276,source_dataset,08041,El Paso County,False,"180-day data-center moratorium, adopted 2026-07-20, active per tracker (Moratorium Nation)",Moratorium Nation (ALEA Institute),https://mjbommar.github.io/moratorium-data-2026/,
co-south-fork-2026,moratorium_nation,local,CO,08,South Fork (town),municipality,moratorium,restriction,in_force,2026-06-18,,37.67093,-106.64249,source_dataset,08105,Rio Grande County,False,"365-day data-center moratorium, adopted 2026-06-18, active per tracker (Moratorium Nation)",Moratorium Nation (ALEA Institute),https://mjbommar.github.io/moratorium-data-2026/,
dct-weld-county-co-2026-02-27,datacentertracker,local,CO,08,Weld County,county,zoning_exclusion,restriction,enacted,2026-04-06,,40.3886,-104.7527,source_dataset,08123,Weld County,True,"Weld County, Colorado, commissioners PASSED Code Ordinance 2026-01 on a 4-1 vote on April 6, 2026. The ordinance prohibits data centers on agricultural land and requires site plan or special review for 60+ MW facilities. Triggered by… (datacentertracker.org)",datacentertracker.org,https://www.denvergazette.com/2026/02/27/weld-county-wades-into-data-center-issue/,
co-woodland-park-2026,moratorium_nation,local,CO,08,Woodland Park (city),municipality,moratorium,restriction,in_force,2026-07-16,,38.9938,-105.05705,source_dataset,08119,Teller County,False,"Data-center moratorium, adopted 2026-07-16, active per tracker (Moratorium Nation)",Moratorium Nation (ALEA Institute),https://mjbommar.github.io/moratorium-data-2026/,
ct-groton-2022,moratorium_nation,local,CT,09,Groton (town),municipality,moratorium,restriction,replaced,2022-06-14,,41.34655,-72.03888,source_dataset,09180,Southeastern Connecticut Planning Region,False,"365-day data-center moratorium, adopted 2022-06-14, since replaced by permanent regulations (Moratorium Nation)",Moratorium Nation (ALEA Institute),https://mjbommar.github.io/moratorium-data-2026/,
ct-morris-2026,moratorium_nation,local,CT,09,Morris (town),municipality,moratorium,restriction,in_force,2026-05,,41.68366,-73.19966,source_dataset,09160,Northwest Hills Planning Region,False,"365-day data-center moratorium, adopted 2026-05, active per tracker (Moratorium Nation)",Moratorium Nation (ALEA Institute),https://mjbommar.github.io/moratorium-data-2026/,
ct-new-haven-undated,moratorium_nation,local,CT,09,New Haven (city),municipality,moratorium,restriction,pending,,,41.30821,-72.92505,source_dataset,09170,South Central Connecticut Planning Region,False,"365-day data-center moratorium, adoption pending or unconfirmed (Moratorium Nation)",Moratorium Nation (ALEA Institute),https://mjbommar.github.io/moratorium-data-2026/,
dct-new-haven-ct-moratorium-2026-07-06,datacentertracker,local,CT,09,New Haven Board of Alders (12-month data center moratorium ordinance),municipality,moratorium,restriction,pending,2026-07-06,,41.3083,-72.9279,source_dataset,09170,South Central Connecticut Planning Region,False,"Alderman Richard Furlow introduced a 12-month moratorium ordinance on new data center development and conversions, scheduled for City Plan Commission review on 2026-07-15. The ordinance would convene a 6-month Department of Economic… (datacentertracker.org)",datacentertracker.org,https://www.newhavenindependent.org/2026/07/06/12-month-pause-pitched-for-data-center-dev/,
ct-west-haven-2026,moratorium_nation,local,CT,09,West Haven (city),municipality,moratorium,restriction,in_force,2026-06-08,,41.27065,-72.94705,source_dataset,09170,South Central Connecticut Planning Region,False,"365-day data-center moratorium, adopted 2026-06-08, active per tracker (Moratorium Nation)",Moratorium Nation (ALEA Institute),https://mjbommar.github.io/moratorium-data-2026/,
dct-new-castle-county-de-2026-02-04,datacentertracker,local,DE,10,New Castle County,county,zoning_exclusion,restriction,in_force,2026-02-04,,39.5776,-75.7502,source_dataset,10003,New Castle County,True,"In New Castle County, Delaware, Starwood Digital Ventures proposed 'Project Washington,' a $10 billion, 1.2GW datacenter on 580 acres near Delaware City. The facility would consume as much power as approximately 1 million homes, nearly… (datacentertracker.org)",datacentertracker.org,https://www.delawarepublic.org/science-health-tech/2026-02-25/starwood-appeals-denial-of-permit-for-data-center-in-ncc,
dct-new-castle-county-zoning-de-2026,datacentertracker,local,DE,10,New Castle County,county,zoning_exclusion,restriction,enacted,2026-03-11,,39.5776,-75.7502,source_dataset,10003,New Castle County,True,"New Castle County Council passed 12-0 (with one absent) first-of-their-kind data center regulations after 7 months of debate. Requires 1,000-foot buffer from residential zones (reducible to 500 ft with noise study), bans open-loop water… (datacentertracker.org)",datacentertracker.org,https://spotlightdelaware.org/2026/03/19/new-data-center-regulations-go-into-effect-but-not-for-del-city-proposal/,
dct-newark-de-white-clay-2026-01,datacentertracker,local,DE,10,Newark,county,zoning_exclusion,restriction,in_force,2026-01-30,,39.6837,-75.7497,source_dataset,10003,New Castle County,True,"Verdantas/Shelbourne proposed an 847,000 sq ft data center complex on a 44-acre site at the White Clay Center Industrial Park off Ogletown Road in Newark, DE. The proposal would demolish seven existing buildings and replace them with a… (datacentertracker.org)",datacentertracker.org,https://www.newarkpostonline.com/news/data-center-complex-proposed-near-newark/article_25f31b5b-71d7-4975-9ace-213c3dbf35ff.html,
fl-citrus-county-2026,moratorium_nation,local,FL,12,Citrus County,county,moratorium,restriction,in_force,2026-05-26,,28.85129,-82.51412,source_dataset,12017,Citrus County,True,"365-day data-center moratorium, adopted 2026-05-26, active per tracker (Moratorium Nation)",Moratorium Nation (ALEA Institute),https://mjbommar.github.io/moratorium-data-2026/,
dct-citrus-county-lecanto-fl-2026-02-01,datacentertracker,local,FL,12,Citrus County (Lecanto),municipality,zoning_exclusion,restriction,enacted,2026-05-26,,28.8436,-82.4879,source_dataset,12017,Citrus County,True,"In Citrus County, Florida, Deltona Corp proposed an 813-acre AI data center near CR 491 and Tram Road in Lecanto. The Planning & Development Commission voted 4-3 to postpone any decision. Nearly 200 residents packed meetings to challenge… (datacentertracker.org)",datacentertracker.org,https://www.chronicleonline.com/news/local/data-center-debate-heads-to-planning-board/article_c998935f-03bb-5f47-8592-bc118bb1cdcd.html,
fl-clay-county-2026,moratorium_nation,local,FL,12,Clay County,county,moratorium,restriction,in_force,2026-06-23,,29.97665,-81.84706,source_dataset,12019,Clay County,True,"365-day data-center moratorium, adopted 2026-06-23, active per tracker (Moratorium Nation)",Moratorium Nation (ALEA Institute),https://mjbommar.github.io/moratorium-data-2026/,
dct-clay-county-fl-moratorium-2026-06-09,datacentertracker,local,FL,12,"Clay County (12-month data center moratorium, first hearing), FL",county,moratorium,restriction,enacted,2026-06-23,,29.9919,-81.6784,source_dataset,12019,Clay County,True,"On June 9, 2026 the Clay County (FL) Commission held the first of two required public hearings on a proposed 12-month moratorium halting rezoning and permitting for data centers in unincorporated Clay County while staff study water, grid… (datacentertracker.org)",datacentertracker.org,https://www.firstcoastnews.com/article/news/local/clay-county-approves-1-year-moratorium-data-center-development/77-b4f84bb0-cf9e-41ab-bfc1-7770c9dd6c12,
dct-fort-meade-polk-county-fl-2026-02-25,datacentertracker,local,FL,12,Fort Meade (Polk County),county,zoning_exclusion,restriction,enacted,2026-02-25,,27.7534,-81.801,source_dataset,12105,Polk County,True,"Community members rallied outside Fort Meade, Florida, City Hall to protest a proposed $2.6 billion, 1.2-gigawatt, 4.4-million-square-foot hyperscale data center on over 1,330 acres being developed by Stonebridge (developer entity Florida… (datacentertracker.org)",datacentertracker.org,https://www.fox13news.com/news/residents-fort-meade-protest-proposed-data-center-developers-respond-questions,
fl-hernando-county-2026,moratorium_nation,local,FL,12,Hernando County,county,moratorium,restriction,in_force,2026-06-23,,28.57102,-82.46051,source_dataset,12053,Hernando County,True,"365-day data-center moratorium, adopted 2026-06-23, active per tracker (Moratorium Nation)",Moratorium Nation (ALEA Institute),https://mjbommar.github.io/moratorium-data-2026/,
dct-hernando-county-fl-moratorium-2026-06-04,datacentertracker,local,FL,12,"Hernando County (1-year data center moratorium), FL",county,moratorium,restriction,pending,2026-06-04,,28.5544,-82.3885,source_dataset,12053,Hernando County,True,"In early June 2026, the Hernando County Commission approved a one-year data center moratorium. No company is named. [Validation: status corrected to pending — June 2 was a first-reading approval; final adoption vote set for July 7, 2026.]… (datacentertracker.org)",datacentertracker.org,https://datacentertracker.org/,
dct-holmes-county-fl-ban-draft-2026-06-02,datacentertracker,local,FL,12,"Holmes County (moving toward permanent AI data center ban), FL",county,moratorium,restriction,pending,2026-06-02,,30.8694,-85.8158,source_dataset,12059,Holmes County,True,"On June 2, 2026, the Holmes County Commission directed the county attorney to draft a permanent ban on AI data centers, with a public hearing set for June 16. (datacentertracker.org)",datacentertracker.org,https://datacentertracker.org/,
dct-jackson-county-fl-moratorium-2026-05-26,datacentertracker,local,FL,12,"Jackson County (1-year AI data center moratorium), FL",municipality,moratorium,restriction,enacted,2026-05-26,,30.7744,-85.2266,source_dataset,12063,Jackson County,True,"On May 26, 2026, Jackson County commissioners passed a one-year moratorium on AI data centers — proactive, with no project yet proposed — to research impacts and draft local rules before any proposal arrives. Residents cited rural… (datacentertracker.org)",datacentertracker.org,https://datacentertracker.org/,
fl-lakeland-undated,moratorium_nation,local,FL,12,Lakeland (city),municipality,moratorium,restriction,pending,,,28.03946,-81.9498,source_dataset,12105,Polk County,False,"365-day data-center moratorium, adoption pending or unconfirmed (Moratorium Nation)",Moratorium Nation (ALEA Institute),https://mjbommar.github.io/moratorium-data-2026/,
dct-lakeland-fl-moratorium-2026-07-06,datacentertracker,local,FL,12,Lakeland City Commission,municipality,moratorium,restriction,pending,2026-07-06,,28.0395,-81.9498,source_dataset,12105,Polk County,False,"The City of Lakeland released a proposed ordinance creating a temporary moratorium on data centers and large-load electric customers (over 50 MW/month); a public hearing was held July 6, 2026. The move follows Florida SB484, signed by Gov.… (datacentertracker.org)",datacentertracker.org,https://www.lakelandgov.net/news/posts/2026/july/legal-notice-proposed-moratorium-on-data-center-and-large-load-customers/,
fl-lynn-haven-2026,moratorium_nation,local,FL,12,Lynn Haven (city),municipality,moratorium,restriction,in_force,2026-06-23,,30.24548,-85.64826,source_dataset,12005,Bay County,False,"60-day data-center moratorium, adopted 2026-06-23, active per tracker (Moratorium Nation)",Moratorium Nation (ALEA Institute),https://mjbommar.github.io/moratorium-data-2026/,
fl-madison-county-2026,moratorium_nation,local,FL,12,Madison County,county,moratorium,restriction,in_force,2026-07-22,,30.45144,-83.45245,source_dataset,12079,Madison County,True,"365-day data-center moratorium, adopted 2026-07-22, active per tracker (Moratorium Nation)",Moratorium Nation (ALEA Institute),https://mjbommar.github.io/moratorium-data-2026/,
fl-nassau-county-2026,moratorium_nation,local,FL,12,Nassau County,county,moratorium,restriction,in_force,2026-06-08,,30.66243,-81.77073,source_dataset,12089,Nassau County,True,"365-day data-center moratorium, adopted 2026-06-08, active per tracker (Moratorium Nation)",Moratorium Nation (ALEA Institute),https://mjbommar.github.io/moratorium-data-2026/,
dct-osceola-county-fl-2024-10-01,datacentertracker,local,FL,12,Osceola County,county,zoning_exclusion,restriction,in_force,2024-10-01,,27.837,-81.163,source_dataset,12097,Osceola County,True,"US Development filed to rezone 434 acres from agricultural to industrial near Yeehaw Junction for a nine-building, 7+ million sq ft data center campus, with each three-story building spanning 675,000 sq ft. The site on U.S. 441 is adjacent… (datacentertracker.org)",datacentertracker.org,https://www.datacenterdynamics.com/en/news/company-seeks-to-rezone-434-acres-for-data-center-in-osceola-county-florida/,
fl-palm-beach-county-2026,moratorium_nation,local,FL,12,Palm Beach County,county,moratorium,restriction,in_force,2026-07-07,,26.62798,-80.44942,source_dataset,12099,Palm Beach County,True,"Data-center moratorium, adopted 2026-07-07, active per tracker (Moratorium Nation)",Moratorium Nation (ALEA Institute),https://mjbommar.github.io/moratorium-data-2026/,
fl-pasco-county-2026,moratorium_nation,local,FL,12,Pasco County,county,moratorium,restriction,in_force,2026-07-14,,28.29885,-82.45267,source_dataset,12101,Pasco County,True,"365-day data-center moratorium, adopted 2026-07-14, active per tracker (Moratorium Nation)",Moratorium Nation (ALEA Institute),https://mjbommar.github.io/moratorium-data-2026/,
fl-pensacola-undated,moratorium_nation,local,FL,12,Pensacola (city),municipality,moratorium,restriction,pending,,,30.42131,-87.21692,source_dataset,12033,Escambia County,False,"365-day data-center moratorium, adoption pending or unconfirmed (Moratorium Nation)",Moratorium Nation (ALEA Institute),https://mjbommar.github.io/moratorium-data-2026/,
fl-pinellas-park-undated,moratorium_nation,local,FL,12,Pinellas Park (city),municipality,moratorium,restriction,pending,,,27.8428,-82.69954,source_dataset,12103,Pinellas County,False,"365-day data-center moratorium, adoption pending or unconfirmed (Moratorium Nation)",Moratorium Nation (ALEA Institute),https://mjbommar.github.io/moratorium-data-2026/,
fl-santa-rosa-county-2026,moratorium_nation,local,FL,12,Santa Rosa County,county,moratorium,restriction,in_force,2026-07-23,,30.69645,-87.00975,source_dataset,12113,Santa Rosa County,True,"365-day data-center moratorium, adopted 2026-07-23, active per tracker (Moratorium Nation)",Moratorium Nation (ALEA Institute),https://mjbommar.github.io/moratorium-data-2026/,
fl-sarasota-county-2026,moratorium_nation,local,FL,12,Sarasota County,county,moratorium,restriction,in_force,2026-07-08,50,27.18136,-82.36092,source_dataset,12115,Sarasota County,True,"365-day data-center moratorium, adopted 2026-07-08, active per tracker (Moratorium Nation)",Moratorium Nation (ALEA Institute),https://mjbommar.github.io/moratorium-data-2026/,
fl-zephyrhills-2026,moratorium_nation,local,FL,12,Zephyrhills (city),municipality,moratorium,restriction,in_force,2026-06-22,,28.23362,-82.1812,source_dataset,12101,Pasco County,False,"365-day data-center moratorium, adopted 2026-06-22, active per tracker (Moratorium Nation)",Moratorium Nation (ALEA Institute),https://mjbommar.github.io/moratorium-data-2026/,
ga-adel-cook-county-2026,moratorium_nation,local,GA,13,Adel (Cook County) (city),municipality,moratorium,restriction,in_force,2026-07-06,,31.13714,-83.42349,source_dataset,13075,Cook County,False,"180-day data-center moratorium, adopted 2026-07-06, active per tracker (Moratorium Nation)",Moratorium Nation (ALEA Institute),https://mjbommar.github.io/moratorium-data-2026/,
ga-albany-2026,moratorium_nation,local,GA,13,Albany (city),municipality,moratorium,restriction,in_force,2026-07-28,,31.57821,-84.15568,source_dataset,13095,Dougherty County,False,"365-day data-center moratorium, adopted 2026-07-28, active per tracker (Moratorium Nation)",Moratorium Nation (ALEA Institute),https://mjbommar.github.io/moratorium-data-2026/,
dct-athens-clarke-county-ga-2025-12-01,datacentertracker,local,GA,13,Athens-Clarke County,county,moratorium,restriction,enacted,2026-04-09,,33.9519,-83.3576,source_dataset,13059,Clarke County,True,"Athens-Clarke County Commission originally imposed an emergency moratorium on data centers in December 2025, extended it to June 5, 2026, and used the time to develop permanent regulations. On April 9, 2026, the Commission voted to lift… (datacentertracker.org)",datacentertracker.org,https://www.wuga.org/local-news/2025-12-03/acc-commission-pauses-new-data-centers-manager-says-athena-studios-data-center-would-need-rezone,
ga-athens-clarke-county-2025,moratorium_nation,local,GA,13,Athens-Clarke County,county,moratorium,restriction,replaced,2025-12-02,,33.95927,-83.37947,source_dataset,13059,Clarke County,True,"Data-center moratorium running to a set end date, adopted 2025-12-02, since replaced by permanent regulations (Moratorium Nation)",Moratorium Nation (ALEA Institute),https://mjbommar.github.io/moratorium-data-2026/,
dct-augusta-ga-2026-05-19,datacentertracker,local,GA,13,Augusta,municipality,moratorium,restriction,enacted,2026-07-21,,33.4735,-82.0105,source_dataset,13245,Richmond County,False,"Augusta (Richmond County) is moving toward a data center moratorium pending the development of new zoning rules. QTS has ongoing data center activity in the area, and officials are weighing a pause while standards are drafted. On June 2… (datacentertracker.org)",datacentertracker.org,https://theaugustapress.com/augusta-moves-toward-data-center-moratorium/,
ga-augusta-richmond-county-undated,moratorium_nation,local,GA,13,Augusta-Richmond County,county,moratorium,restriction,in_force,2026-06-02,,33.46855,-82.07015,source_dataset,13245,Richmond County,True,"49-day data-center moratorium, adopted 2026-06-02, extended and active per tracker (Moratorium Nation)",Moratorium Nation (ALEA Institute),https://mjbommar.github.io/moratorium-data-2026/,
dct-early-county-blakely-ga-2026-03-01,datacentertracker,local,GA,13,Blakely (Early County),county,zoning_exclusion,restriction,in_force,2026-03-01,,31.3774,-84.934,source_dataset,13099,Early County,True,"QTS filed a Developments of Regional Impact application for a 12 million sq ft QTS Technology Services data center campus on the outskirts of Blakely, Georgia, the 'Peanut Capital of the World.' Construction is targeted to begin July 2026… (datacentertracker.org)",datacentertracker.org,https://www.datacenterdynamics.com/en/news/qts-targets-two-data-center-campuses-in-georgia/,
ga-brooks-county-2026,moratorium_nation,local,GA,13,Brooks County,county,moratorium,restriction,in_force,2026-02-02,,30.83366,-83.59584,source_dataset,13027,Brooks County,True,"90-day data-center moratorium, adopted 2026-02-02, extended and active per tracker (Moratorium Nation)",Moratorium Nation (ALEA Institute),https://mjbommar.github.io/moratorium-data-2026/,
ga-bulloch-county-2026,moratorium_nation,local,GA,13,Bulloch County,county,moratorium,restriction,in_force,2026-02-17,,32.38463,-81.74483,source_dataset,13031,Bulloch County,True,"90-day data-center moratorium, adopted 2026-02-17, extended and active per tracker (Moratorium Nation)",Moratorium Nation (ALEA Institute),https://mjbommar.github.io/moratorium-data-2026/,
dct-bulloch-county-ga-moratorium-extension-ban-draft-2026-05-05,datacentertracker,local,GA,13,"Bulloch County Commissioners (5-0 moratorium extension through Dec 31; 5-0 to draft permanent prohibition), GA",municipality,moratorium,restriction,enacted,2026-05-05,,32.4001,-81.7401,source_dataset,13031,Bulloch County,True,"Bulloch County Commissioners voted 5-0 to extend their moratorium through Dec 31, 2026 and 5-0 to direct staff to draft a permanent prohibition on data centers in unincorporated areas. No application pending. An initial draft ban ordinance… (datacentertracker.org)",datacentertracker.org,https://datacentertracker.org/,
ga-calhoun-gordon-county-undated,moratorium_nation,local,GA,13,Calhoun (Gordon County) (city),municipality,moratorium,restriction,in_force,,,34.5023,-84.9516,manual,13129,Gordon County,False,"Data-center moratorium running to a set end date, extended and active per tracker (Moratorium Nation)",Moratorium Nation (ALEA Institute),https://mjbommar.github.io/moratorium-data-2026/,
ga-camden-county-2026,moratorium_nation,local,GA,13,Camden County,county,moratorium,restriction,in_force,2026-05,,30.92982,-81.62251,source_dataset,13039,Camden County,True,"180-day data-center moratorium, adopted 2026-05, active per tracker (Moratorium Nation)",Moratorium Nation (ALEA Institute),https://mjbommar.github.io/moratorium-data-2026/,
ga-carroll-county-2026,moratorium_nation,local,GA,13,Carroll County,county,moratorium,restriction,in_force,2026-03-03,,33.5588,-85.06413,source_dataset,13045,Carroll County,True,"100-day data-center moratorium, adopted 2026-03-03, extended and active per tracker (Moratorium Nation)",Moratorium Nation (ALEA Institute),https://mjbommar.github.io/moratorium-data-2026/,
ga-cedartown-2026,moratorium_nation,local,GA,13,Cedartown (city),municipality,moratorium,restriction,in_force,2026-03-23,,34.01244,-85.25594,source_dataset,13233,Polk County,False,"183-day data-center moratorium, adopted 2026-03-23, active per tracker (Moratorium Nation)",Moratorium Nation (ALEA Institute),https://mjbommar.github.io/moratorium-data-2026/,
ga-cherokee-county-2026,moratorium_nation,local,GA,13,Cherokee County,county,moratorium,restriction,in_force,2026-07-22,,34.23913,-84.47203,source_dataset,13057,Cherokee County,True,"30-day data-center moratorium, adopted 2026-07-22, active per tracker (Moratorium Nation)",Moratorium Nation (ALEA Institute),https://mjbommar.github.io/moratorium-data-2026/,
dct-city-of-atlanta-ga-2024-09-01,datacentertracker,local,GA,13,City of Atlanta,municipality,zoning_exclusion,restriction,enacted,2024-09-01,,33.749,-84.388,source_dataset,13121,Fulton County,False,"Atlanta City Council enacted data center zoning restrictions in phases. In September 2024, data centers were prohibited within 2,640 feet of high-capacity transit stops and banned within the Beltline Overlay District. In June 2025, the… (datacentertracker.org)",datacentertracker.org,https://www.gpb.org/news/2024/09/04/atlanta-city-council-bans-data-centers-along-beltline,
dct-city-of-south-fulton-ga-2025-09-22,datacentertracker,local,GA,13,City of South Fulton,municipality,zoning_exclusion,restriction,enacted,2025-09-22,,33.5803,-84.5799,source_dataset,13121,Fulton County,False,"City of South Fulton approved a data center ordinance in June 2025 with criteria for noise levels and residential distance. In August 2025, the council approved T5 Data Centers' ATL IV campus: a 91-acre, three-building, 1.32M sq ft… (datacentertracker.org)",datacentertracker.org,https://atlanta.capitalbnews.org/black-community-in-south-fulton-fight-georgias-data-center-boom/,
ga-clayton-county-2025,moratorium_nation,local,GA,13,Clayton County,county,moratorium,restriction,in_force,2025-09-03,,33.5205,-84.35917,source_dataset,13063,Clayton County,True,"120-day data-center moratorium, adopted 2025-09-03, extended and active per tracker (Moratorium Nation)",Moratorium Nation (ALEA Institute),https://mjbommar.github.io/moratorium-data-2026/,
ga-cobb-county-2026,moratorium_nation,local,GA,13,Cobb County,county,moratorium,restriction,in_force,2026-02-24,,33.9374,-84.5732,source_dataset,13067,Cobb County,True,"180-day data-center moratorium, adopted 2026-02-24, active per tracker (Moratorium Nation)",Moratorium Nation (ALEA Institute),https://mjbommar.github.io/moratorium-data-2026/,
ga-covington-2026,moratorium_nation,local,GA,13,Covington (city),municipality,moratorium,restriction,in_force,2026-01-05,,33.5966,-83.85987,source_dataset,13217,Newton County,False,"Data-center moratorium running to a set end date, adopted 2026-01-05, active per tracker (Moratorium Nation)",Moratorium Nation (ALEA Institute),https://mjbommar.github.io/moratorium-data-2026/,
dct-coweta-county-ga-2025-05-01,datacentertracker,local,GA,13,Coweta County,county,moratorium,restriction,enacted,2026-06-16,,33.3518,-84.7616,source_dataset,13077,Coweta County,True,"Coweta County's moratorium on data center applications expired December 17, 2025, and the Board adopted a data center ordinance on December 16. On April 10-11, 2026, Coweta County commissioners voted 3-2 to rezone 829 acres from Rural… (datacentertracker.org)",datacentertracker.org,https://www.gpb.org/news/2025/10/22/wave-of-data-center-ordinances-sweep-through-ga-counties-how-strict-are-they,
ga-coweta-county-2025,moratorium_nation,local,GA,13,Coweta County,county,moratorium,restriction,replaced,2025-05-06,,33.35007,-84.75457,source_dataset,13077,Coweta County,True,"180-day data-center moratorium, adopted 2025-05-06, since replaced by permanent regulations (Moratorium Nation)",Moratorium Nation (ALEA Institute),https://mjbommar.github.io/moratorium-data-2026/,
dct-crawford-county-ga-2026-01-06,datacentertracker,local,GA,13,Crawford County,county,moratorium,restriction,enacted,2026-01-06,,32.714,-83.987,source_dataset,13079,Crawford County,True,"Crawford County, Georgia, Board of Commissioners passed a 6-month (180-day) moratorium on data center permits on January 6, 2026, by a unanimous 5-0 vote, on the recommendation of Planning & Zoning. County attorney Joel Sherlock stated… (datacentertracker.org)",datacentertracker.org,https://www.13wmaz.com/article/news/local/peach-crawford/crawford-county-commissioners-pass-moratorium-on-data-centers/93-3f2eec12-3bb9-4963-aaee-dc7cdc800d14,
dct-dekalb-county-ga-2024-07-01,datacentertracker,local,GA,13,DeKalb County,county,moratorium,restriction,enacted,2026-06-09,,33.7712,-84.2263,source_dataset,13089,DeKalb County,True,"DeKalb County, Georgia Commission extended its data center moratorium until June 23, 2026 at the December 16, 2025 meeting due to community concerns about public health and environmental impacts. A public hearing on a proposed… (datacentertracker.org)",datacentertracker.org,https://www.cbsnews.com/atlanta/news/dekalb-leaders-extend-data-center-moratorium-to-june-as-residents-raise-health-cost-concerns/,
ga-dekalb-county-2025,moratorium_nation,local,GA,13,DeKalb County,county,moratorium,restriction,in_force,2025-06-25,,33.75756,-84.21865,source_dataset,13089,DeKalb County,True,"100-day data-center moratorium, adopted 2025-06-25, extended and active per tracker (Moratorium Nation)",Moratorium Nation (ALEA Institute),https://mjbommar.github.io/moratorium-data-2026/,
ga-decatur-county-2026,moratorium_nation,local,GA,13,Decatur County,county,moratorium,restriction,in_force,2026-04-14,,30.87366,-84.57409,source_dataset,13087,Decatur County,True,"Data-center moratorium, adopted 2026-04-14, active per tracker (Moratorium Nation)",Moratorium Nation (ALEA Institute),https://mjbommar.github.io/moratorium-data-2026/,
ga-dougherty-county-2026,moratorium_nation,local,GA,13,Dougherty County,county,moratorium,restriction,in_force,2026-07-21,,31.5427,-84.19608,source_dataset,13095,Dougherty County,True,"45-day data-center moratorium, adopted 2026-07-21, active per tracker (Moratorium Nation)",Moratorium Nation (ALEA Institute),https://mjbommar.github.io/moratorium-data-2026/,
dct-douglas-county-ga-2025-03-01,datacentertracker,local,GA,13,Douglas County,county,moratorium,restriction,in_force,2025-10-22,,33.7015,-84.7477,source_dataset,13097,Douglas County,True,"Douglas County imposed a 90-day data center moratorium in a 4-1 vote in March 2025, later extended in August 2025 to study ratepayer impacts. DC BLOX closed $1.15B in green loan financing in August 2025 for its 120MW Atlanta West campus on… (datacentertracker.org)",datacentertracker.org,https://www.fox5atlanta.com/news/douglas-county-data-centers-moratorium,
ga-douglas-county-2025,moratorium_nation,local,GA,13,Douglas County,county,moratorium,restriction,expired,2025-03-18,,33.69956,-84.7623,source_dataset,13097,Douglas County,True,"90-day data-center moratorium, adopted 2025-03-18, since expired (Moratorium Nation)",Moratorium Nation (ALEA Institute),https://mjbommar.github.io/moratorium-data-2026/,
ga-east-point-fulton-county-undated,moratorium_nation,local,GA,13,East Point (Fulton County) (city),municipality,moratorium,restriction,in_force,,,33.67955,-84.43937,source_dataset,13121,Fulton County,False,"90-day data-center moratorium, extended and active per tracker (Moratorium Nation)",Moratorium Nation (ALEA Institute),https://mjbommar.github.io/moratorium-data-2026/,
dct-fayetteville-ga-2026-01-28,datacentertracker,local,GA,13,Fayetteville,municipality,zoning_exclusion,restriction,enacted,2026-01-27,,33.4487,-84.455,source_dataset,13113,Fayette County,False,Fayetteville's Planning & Zoning Commission denied Corvus Investment Group's request to rezone 240+ acres along Highway 85 North and Highway 314 to Business Park — a classification that allows data centers as a permitted use — and… (datacentertracker.org),datacentertracker.org,https://thecitizen.com/2026/01/28/fayetteville-planning-commission-denies-data-center/,
ga-fayetteville-2026,moratorium_nation,local,GA,13,Fayetteville (city),municipality,moratorium,restriction,replaced,2026-01-29,,33.44873,-84.45493,source_dataset,13113,Fayette County,False,"90-day data-center moratorium, adopted 2026-01-29, since replaced by permanent regulations (Moratorium Nation)",Moratorium Nation (ALEA Institute),https://mjbommar.github.io/moratorium-data-2026/,
ga-floyd-county-2026,moratorium_nation,local,GA,13,Floyd County,county,moratorium,restriction,in_force,2026-06-09,,34.2422,-85.22293,source_dataset,13115,Floyd County,True,"80-day data-center moratorium, adopted 2026-06-09, active per tracker (Moratorium Nation)",Moratorium Nation (ALEA Institute),https://mjbommar.github.io/moratorium-data-2026/,
dct-forsyth-county-ga-2025-10,datacentertracker,local,GA,13,Forsyth County,county,zoning_exclusion,restriction,enacted,2025-10-01,,34.2284,-84.1255,source_dataset,13117,Forsyth County,True,"Forsyth County, Georgia, enacted a strict data center ordinance that prohibits data center cooling systems from using the county water system, one of the most restrictive approaches among Georgia counties. The ordinance is part of a wave… (datacentertracker.org)",datacentertracker.org,https://www.gpb.org/news/2025/10/22/wave-of-data-center-ordinances-sweep-through-ga-counties-how-strict-are-they,
ga-garden-city-chatham-county-2026,moratorium_nation,local,GA,13,Garden City (Chatham County) (city),municipality,moratorium,restriction,in_force,2026-06-15,,32.11437,-81.154,source_dataset,13051,Chatham County,False,"180-day data-center moratorium, adopted 2026-06-15, active per tracker (Moratorium Nation)",Moratorium Nation (ALEA Institute),https://mjbommar.github.io/moratorium-data-2026/,
dct-gilmer-county-ga-2024-11-01,datacentertracker,local,GA,13,Gilmer County,municipality,zoning_exclusion,restriction,enacted,2024-11-01,,34.6932,-84.4525,source_dataset,13123,Gilmer County,True,"Gilmer County residents successfully blocked a proposed cryptocurrency server farm on Eller Road in Ellijay. Cyndie Roberson, cofounder of Gilmer County Citizens Against Crypto Mining, mobilized hundreds of residents to challenge the… (datacentertracker.org)",datacentertracker.org,https://www.gpb.org/news/2025/12/04/the-costs-of-crypto-mining-in-georgia-will-it-be-regulated-along-new-data-center,
dct-glynn-county-ga-2026-04-17,datacentertracker,local,GA,13,Glynn County Board of Commissioners,county,zoning_exclusion,restriction,enacted,2026-04-16,,31.2174,-81.4998,source_dataset,13127,Glynn County,True,"On April 17, 2026, the Glynn County Board of Commissioners unanimously approved new zoning ordinances that include a section permitting data centers, rejecting calls from the planning commission for a 120-day moratorium. Commissioners… (datacentertracker.org)",datacentertracker.org,https://thecurrentga.org/2026/04/15/glynn-county-to-vote-on-zoning-residents-ask-to-delay-data-center-rule/,
ga-gordon-county-undated,moratorium_nation,local,GA,13,Gordon County,county,moratorium,restriction,in_force,,,34.50196,-84.89863,source_dataset,13129,Gordon County,True,"Data-center moratorium running to a set end date, extended and active per tracker (Moratorium Nation)",Moratorium Nation (ALEA Institute),https://mjbommar.github.io/moratorium-data-2026/,
ga-griffin-2026,moratorium_nation,local,GA,13,Griffin (city),municipality,moratorium,restriction,replaced,2026-01-13,,33.24678,-84.26409,source_dataset,13255,Spalding County,False,"180-day data-center moratorium, adopted 2026-01-13, since replaced by permanent regulations (Moratorium Nation)",Moratorium Nation (ALEA Institute),https://mjbommar.github.io/moratorium-data-2026/,
ga-hall-county-2026,moratorium_nation,local,GA,13,Hall County,county,moratorium,restriction,in_force,2026-02-26,,34.29059,-83.8194,source_dataset,13139,Hall County,True,"180-day data-center moratorium, adopted 2026-02-26, active per tracker (Moratorium Nation)",Moratorium Nation (ALEA Institute),https://mjbommar.github.io/moratorium-data-2026/,
ga-hart-county-2026,moratorium_nation,local,GA,13,Hart County,county,moratorium,restriction,in_force,2026-05-26,,34.34105,-82.95033,source_dataset,13147,Hart County,True,"180-day data-center moratorium, adopted 2026-05-26, active per tracker (Moratorium Nation)",Moratorium Nation (ALEA Institute),https://mjbommar.github.io/moratorium-data-2026/,
dct-henry-county-ga-2026-01-06,datacentertracker,local,GA,13,Henry County,county,zoning_exclusion,restriction,in_force,2026-01-06,,33.452,-84.1474,source_dataset,13151,Henry County,True,"Henry County began drafting strict data center regulations following interest from developers including Hampton Technology Park. Proposed rules include 200-foot buffers, 1,000-foot residential setbacks, noise limits of 55/45 dBA day/night… (datacentertracker.org)",datacentertracker.org,https://www.atlantanewsfirst.com/2026/01/06/henry-county-commissioners-look-put-guardrails-any-future-data-centers/,
ga-jones-county-2025,moratorium_nation,local,GA,13,Jones County,county,moratorium,restriction,expired,2025-09-16,,33.01377,-83.55667,source_dataset,13169,Jones County,True,"90-day data-center moratorium, adopted 2025-09-16, since rescinded (Moratorium Nation)",Moratorium Nation (ALEA Institute),https://mjbommar.github.io/moratorium-data-2026/,
ga-kingsland-camden-county-2026,moratorium_nation,local,GA,13,Kingsland (Camden County) (city),municipality,moratorium,restriction,in_force,2026-05-11,,30.79996,-81.68983,source_dataset,13039,Camden County,False,"365-day data-center moratorium, adopted 2026-05-11, active per tracker (Moratorium Nation)",Moratorium Nation (ALEA Institute),https://mjbommar.github.io/moratorium-data-2026/,
ga-lagrange-2025,moratorium_nation,local,GA,13,LaGrange (city),municipality,moratorium,restriction,expired,2025-09-23,,33.03929,-85.03133,source_dataset,13285,Troup County,False,"180-day data-center moratorium, adopted 2025-09-23, since expired (Moratorium Nation)",Moratorium Nation (ALEA Institute),https://mjbommar.github.io/moratorium-data-2026/,
ga-lamar-county-2025,moratorium_nation,local,GA,13,Lamar County,county,moratorium,restriction,in_force,2025-09-16,,33.06494,-84.14459,source_dataset,13171,Lamar County,True,"Data-center moratorium, adopted 2025-09-16, extended and active per tracker (Moratorium Nation)",Moratorium Nation (ALEA Institute),https://mjbommar.github.io/moratorium-data-2026/,
ga-lee-county-undated,moratorium_nation,local,GA,13,Lee County,county,moratorium,restriction,in_force,,,31.76202,-84.13462,source_dataset,13177,Lee County,True,"Data-center moratorium running to a set end date, extended and active per tracker (Moratorium Nation)",Moratorium Nation (ALEA Institute),https://mjbommar.github.io/moratorium-data-2026/,
dct-lee-county-ga-moratorium-extension-2026-05-27,datacentertracker,local,GA,13,"Lee County (moratorium extension + dedicated data center zoning district), GA",municipality,moratorium,restriction,pending,2026-06-23,,31.7327,-84.173,source_dataset,13177,Lee County,True,"As reported May 27, 2026, Lee County commissioners are weighing extending their data center moratorium (currently expiring in July) through the end of 2026 and creating a dedicated data-center zoning district to prevent developers from… (datacentertracker.org)",datacentertracker.org,https://datacentertracker.org/,
dct-lowndes-county-ga-2026-02-17,datacentertracker,local,GA,13,Lowndes County,county,zoning_exclusion,restriction,in_force,2026-02-17,,30.8327,-83.2785,source_dataset,13185,Lowndes County,True,"DC BLOX is the company behind the Lowndes County, Georgia, data center proposal (720 acres). DC BLOX's CEO informed the landowner (Pope Langdale) the facility could create up to 400 jobs with $135,000 average salary and would use… (datacentertracker.org)",datacentertracker.org,https://www.walb.com/2026/02/10/rural-communities-raise-concerns-data-centers-expand-across-georgia-beyond/,
ga-marietta-2026,moratorium_nation,local,GA,13,Marietta (city),municipality,moratorium,restriction,in_force,2026-07,,33.95285,-84.54962,source_dataset,13067,Cobb County,False,"Data-center moratorium running to a set end date, adopted 2026-07, active per tracker (Moratorium Nation)",Moratorium Nation (ALEA Institute),https://mjbommar.github.io/moratorium-data-2026/,
ga-milton-fulton-county-2026,moratorium_nation,local,GA,13,Milton (Fulton County) (city),municipality,moratorium,restriction,in_force,2026-06-15,,34.1134,-84.26937,source_dataset,13121,Fulton County,False,"180-day data-center moratorium, adopted 2026-06-15, extended and active per tracker (Moratorium Nation)",Moratorium Nation (ALEA Institute),https://mjbommar.github.io/moratorium-data-2026/,
ga-monroe-county-2025,moratorium_nation,local,GA,13,Monroe County,county,moratorium,restriction,expired,2025-12-02,,33.01423,-83.90442,source_dataset,13207,Monroe County,True,"Data-center moratorium running to a set end date, adopted 2025-12-02, since expired (Moratorium Nation)",Moratorium Nation (ALEA Institute),https://mjbommar.github.io/moratorium-data-2026/,
dct-newton-county-ga-2025,datacentertracker,local,GA,13,Newton County,county,moratorium,restriction,enacted,2025-11-01,,33.554,-83.861,source_dataset,13217,Newton County,True,"Newton County Board of Commissioners unanimously enacted an emergency moratorium on data center applications in February 2026, joining a wave of Georgia moratoriums. Previously, SC Infrastructure / Technology Park Atlanta proposed a $5B… (datacentertracker.org)",datacentertracker.org,https://www.covnews.com/news/county/newton-county-enacts-moratoriums-data-centers-convenience-stores/,
ga-newton-county-2026,moratorium_nation,local,GA,13,Newton County,county,moratorium,restriction,in_force,2026-02-17,,33.57155,-83.84461,source_dataset,13217,Newton County,True,"Data-center moratorium running to a set end date, adopted 2026-02-17, extended and active per tracker (Moratorium Nation)",Moratorium Nation (ALEA Institute),https://mjbommar.github.io/moratorium-data-2026/,
ga-paulding-county-2026,moratorium_nation,local,GA,13,Paulding County,county,moratorium,restriction,in_force,2026-07-28,,33.89085,-84.85692,source_dataset,13223,Paulding County,True,"Data-center moratorium running to a set end date, adopted 2026-07-28, active per tracker (Moratorium Nation)",Moratorium Nation (ALEA Institute),https://mjbommar.github.io/moratorium-data-2026/,
ga-pike-county-2025,moratorium_nation,local,GA,13,Pike County,county,moratorium,restriction,in_force,2025-09,,33.08148,-84.39695,source_dataset,13231,Pike County,True,"Data-center moratorium, adopted 2025-09, active per tracker (Moratorium Nation)",Moratorium Nation (ALEA Institute),https://mjbommar.github.io/moratorium-data-2026/,
ga-polk-county-2026,moratorium_nation,local,GA,13,Polk County,county,moratorium,restriction,replaced,2026-03-03,,33.99816,-85.15675,source_dataset,13233,Polk County,True,"60-day data-center moratorium, adopted 2026-03-03, since replaced by permanent regulations (Moratorium Nation)",Moratorium Nation (ALEA Institute),https://mjbommar.github.io/moratorium-data-2026/,
ga-rockdale-county-undated,moratorium_nation,local,GA,13,Rockdale County,county,moratorium,restriction,in_force,,,33.64303,-84.03221,source_dataset,13247,Rockdale County,True,"Data-center moratorium running to a set end date, extended and active per tracker (Moratorium Nation)",Moratorium Nation (ALEA Institute),https://mjbommar.github.io/moratorium-data-2026/,
dct-rockdale-county-ga-moratorium-extension-2026-05-12,datacentertracker,local,GA,13,"Rockdale County (data center + battery-energy-storage moratorium extended through Sept 8), GA",municipality,moratorium,restriction,enacted,2026-05-12,,33.654,-84.026,source_dataset,13247,Rockdale County,True,"Rockdale County extended its data center and battery-energy-storage moratorium (originally 180 days from March 2026) through Sept 8, 2026 to overhaul its Unified Development Ordinance (noise, water, power rules). (datacentertracker.org)",datacentertracker.org,https://datacentertracker.org/,
ga-roswell-2026,moratorium_nation,local,GA,13,Roswell (city),municipality,moratorium,restriction,in_force,2026-01-12,,34.02332,-84.36002,source_dataset,13121,Fulton County,False,"90-day data-center moratorium, adopted 2026-01-12, extended and active per tracker (Moratorium Nation)",Moratorium Nation (ALEA Institute),https://mjbommar.github.io/moratorium-data-2026/,
ga-social-circle-2025,moratorium_nation,local,GA,13,Social Circle (city),municipality,moratorium,restriction,replaced,2025-09,,33.65639,-83.71864,source_dataset,13297,Walton County,False,"90-day data-center moratorium, adopted 2025-09, since replaced by permanent regulations (Moratorium Nation)",Moratorium Nation (ALEA Institute),https://mjbommar.github.io/moratorium-data-2026/,
ga-south-fulton-undated,moratorium_nation,local,GA,13,South Fulton (city),municipality,moratorium,restriction,in_force,,,33.59027,-84.67123,source_dataset,13121,Fulton County,False,"Data-center moratorium running to a set end date, extended and active per tracker (Moratorium Nation)",Moratorium Nation (ALEA Institute),https://mjbommar.github.io/moratorium-data-2026/,
ga-stephens-county-undated,moratorium_nation,local,GA,13,Stephens County,county,moratorium,restriction,in_force,,,34.55119,-83.29765,source_dataset,13257,Stephens County,True,"Data-center moratorium running to a set end date, extended and active per tracker (Moratorium Nation)",Moratorium Nation (ALEA Institute),https://mjbommar.github.io/moratorium-data-2026/,
ga-thomas-county-2026,moratorium_nation,local,GA,13,Thomas County,county,moratorium,restriction,in_force,2026-01-20,,30.86686,-83.94606,source_dataset,13275,Thomas County,True,"365-day data-center moratorium, adopted 2026-01-20, active per tracker (Moratorium Nation)",Moratorium Nation (ALEA Institute),https://mjbommar.github.io/moratorium-data-2026/,
ga-troup-county-2025,moratorium_nation,local,GA,13,Troup County,county,moratorium,restriction,replaced,2025-09-16,,33.02376,-85.0254,source_dataset,13285,Troup County,True,"90-day data-center moratorium, adopted 2025-09-16, since replaced by permanent regulations (Moratorium Nation)",Moratorium Nation (ALEA Institute),https://mjbommar.github.io/moratorium-data-2026/,
ga-walker-county-2026,moratorium_nation,local,GA,13,Walker County,county,moratorium,restriction,in_force,2026-07-09,,34.74186,-85.32097,source_dataset,13295,Walker County,True,"30-day data-center moratorium, adopted 2026-07-09, active per tracker (Moratorium Nation)",Moratorium Nation (ALEA Institute),https://mjbommar.github.io/moratorium-data-2026/,
dct-adair-county-ia-2024-04-24,datacentertracker,local,IA,19,Adair County,county,zoning_exclusion,restriction,in_force,2024-04-24,,41.331,-94.471,source_dataset,19001,Adair County,True,"Applied Digital proposed a 200MW, $1.5B data center with two 300,000 sq ft buildings adjacent to a NextEra substation connected to wind farms in Guthrie and Audubon counties. Supervisors drafted a setback ordinance after a county meeting… (datacentertracker.org)",datacentertracker.org,https://www.datacenterdynamics.com/en/news/applied-digital-faces-opposition-to-planned-data-center-in-adair-county-iowa/,
ia-adair-county-2026,moratorium_nation,local,IA,19,Adair County,county,moratorium,restriction,in_force,2026-03-18,,41.31278,-94.49533,source_dataset,19001,Adair County,True,"Data-center moratorium, adopted 2026-03-18, active per tracker (Moratorium Nation)",Moratorium Nation (ALEA Institute),https://mjbommar.github.io/moratorium-data-2026/,
ia-audubon-county-2026,moratorium_nation,local,IA,19,Audubon County,county,moratorium,restriction,in_force,2026-05-05,,41.67021,-94.91065,source_dataset,19009,Audubon County,True,"Data-center moratorium running to a set end date, adopted 2026-05-05, active per tracker (Moratorium Nation)",Moratorium Nation (ALEA Institute),https://mjbommar.github.io/moratorium-data-2026/,
ia-cedar-county-2026,moratorium_nation,local,IA,19,Cedar County,county,moratorium,restriction,in_force,2026-05-26,,41.76086,-91.12632,source_dataset,19031,Cedar County,True,"180-day data-center moratorium, adopted 2026-05-26, active per tracker (Moratorium Nation)",Moratorium Nation (ALEA Institute),https://mjbommar.github.io/moratorium-data-2026/,
ia-clarke-county-2025,moratorium_nation,local,IA,19,Clarke County,county,moratorium,restriction,in_force,2025-06-23,,41.01521,-93.7843,source_dataset,19039,Clarke County,True,"Data-center moratorium, adopted 2025-06-23, active per tracker (Moratorium Nation)",Moratorium Nation (ALEA Institute),https://mjbommar.github.io/moratorium-data-2026/,
ia-clayton-county-2025,moratorium_nation,local,IA,19,Clayton County,county,moratorium,restriction,in_force,2025-02-25,,42.85477,-91.36671,source_dataset,19043,Clayton County,True,"Data-center moratorium running to a set end date, adopted 2025-02-25, extended and active per tracker (Moratorium Nation)",Moratorium Nation (ALEA Institute),https://mjbommar.github.io/moratorium-data-2026/,
dct-clinton-county-ia-2025-10-01,datacentertracker,local,IA,19,Clinton County,county,moratorium,restriction,in_force,2025-12-08,,41.894,-90.534,source_dataset,19045,Clinton County,True,"Clinton County enacted a moratorium on wind project applications on June 10, 2024, extended multiple times through September 2025, prompted by NextEra Energy and Sky Pilot Wind/Ranger Power outreach to Delmar and Grand Mound residents. A… (datacentertracker.org)",datacentertracker.org,https://www.clintonherald.com/news/county-supervisors-place-moratorium-on-wind-project-applications/article_1a96408a-29d3-11ef-9b45-47e3bc50532b.html,
ia-des-moines-county-2026,moratorium_nation,local,IA,19,Des Moines County,county,moratorium,restriction,in_force,2026-05-19,,40.91954,-91.1971,source_dataset,19057,Des Moines County,True,"365-day data-center moratorium, adopted 2026-05-19, active per tracker (Moratorium Nation)",Moratorium Nation (ALEA Institute),https://mjbommar.github.io/moratorium-data-2026/,
ia-dickinson-county-2026,moratorium_nation,local,IA,19,Dickinson County,county,moratorium,restriction,in_force,2026-05-12,,43.3753,-95.16543,source_dataset,19059,Dickinson County,True,"180-day data-center moratorium, adopted 2026-05-12, active per tracker (Moratorium Nation)",Moratorium Nation (ALEA Institute),https://mjbommar.github.io/moratorium-data-2026/,
ia-dubuque-county-2026,moratorium_nation,local,IA,19,Dubuque County,county,moratorium,restriction,in_force,2026-05-26,,42.4693,-90.87421,source_dataset,19061,Dubuque County,True,"365-day data-center moratorium, adopted 2026-05-26, active per tracker (Moratorium Nation)",Moratorium Nation (ALEA Institute),https://mjbommar.github.io/moratorium-data-2026/,
ia-franklin-county-2026,moratorium_nation,local,IA,19,Franklin County,county,moratorium,restriction,in_force,2026-03-31,,42.72859,-93.25132,source_dataset,19069,Franklin County,True,"Data-center moratorium, adopted 2026-03-31, active per tracker (Moratorium Nation)",Moratorium Nation (ALEA Institute),https://mjbommar.github.io/moratorium-data-2026/,
dct-henry-county-ia-2026-05-14,datacentertracker,local,IA,19,Henry County,county,moratorium,restriction,enacted,2026-05-14,,40.9876,-91.5443,source_dataset,19087,Henry County,True,"Henry County imposed a moratorium, effective through December 31, halting data centers, large battery arrays, and data-mining sites while it drafts policy. The pause gives the county time to develop standards. (datacentertracker.org)",datacentertracker.org,https://datacentertracker.org/,
ia-ida-county-2026,moratorium_nation,local,IA,19,Ida County,county,moratorium,restriction,in_force,2026-06-30,,42.37884,-95.49494,source_dataset,19093,Ida County,True,"Data-center moratorium, adopted 2026-06-30, active per tracker (Moratorium Nation)",Moratorium Nation (ALEA Institute),https://mjbommar.github.io/moratorium-data-2026/,
dct-jackson-county-ia-2025-03-01,datacentertracker,local,IA,19,Jackson County,county,moratorium,restriction,expired,2024-09-17,,42.167,-90.576,source_dataset,19097,Jackson County,True,"Jackson County enacted a data mining facility moratorium in September 2024 (Resolution #1066), which was lifted in November 2024 after supervisors and county staff studied the issue. The moratorium was described as a 'pause for… (datacentertracker.org)",datacentertracker.org,https://jacksoncounty.iowa.gov/supervisors/resolutions/,
ia-johnson-county-2025,moratorium_nation,local,IA,19,Johnson County,county,moratorium,restriction,in_force,2025-11-06,,41.68618,-91.60611,source_dataset,19103,Johnson County,True,"Data-center moratorium running to a set end date, adopted 2025-11-06, active per tracker (Moratorium Nation)",Moratorium Nation (ALEA Institute),https://mjbommar.github.io/moratorium-data-2026/,
dct-jones-county-ia-2024-10-01,datacentertracker,local,IA,19,Jones County,county,moratorium,restriction,expired,2025-05-13,,42.122,-91.129,source_dataset,19105,Jones County,True,"Jones County enacted a moratorium on data center development circa October 2024. The moratorium was replaced by a permanent Cryptocurrency and Data Center Ordinance restricting such facilities to agricultural, commercial, and industrial… (datacentertracker.org)",datacentertracker.org,https://www.jonescountyiowa.gov/files/land_use/jones_county_cryptocurrency_and_data_center_ordinance_78407.pdf,
ia-jones-county-2024,moratorium_nation,local,IA,19,Jones County,county,moratorium,restriction,replaced,2024-10-15,,42.1082,-91.14272,source_dataset,19105,Jones County,True,"Data-center moratorium running to a set end date, adopted 2024-10-15, since replaced by permanent regulations (Moratorium Nation)",Moratorium Nation (ALEA Institute),https://mjbommar.github.io/moratorium-data-2026/,
ia-lee-county-2026,moratorium_nation,local,IA,19,Lee County,county,moratorium,restriction,in_force,2026-06-16,,40.65249,-91.50731,source_dataset,19111,Lee County,True,"365-day data-center moratorium, adopted 2026-06-16, active per tracker (Moratorium Nation)",Moratorium Nation (ALEA Institute),https://mjbommar.github.io/moratorium-data-2026/,
dct-linn-county-new-ordinance-ia-2026-03-01,datacentertracker,local,IA,19,Linn County,county,zoning_exclusion,restriction,enacted,2026-03-01,,42.0355,-91.591,source_dataset,19113,Linn County,True,"Linn County Board of Supervisors unanimously approved one of the most comprehensive local data center zoning ordinances in the country on Feb. 18, 2026, in response to Google's proposed $7 billion, 565MW data center on 545 acres. The… (datacentertracker.org)",datacentertracker.org,https://www.planetizen.com/news/2026/03/137049-iowa-county-passes-restrictive-data-center-ordinance,
ia-linn-county-2026,moratorium_nation,local,IA,19,Linn County,county,moratorium,restriction,in_force,2026-07-01,,42.06318,-91.60379,source_dataset,19113,Linn County,True,"Data-center moratorium running to a set end date, adopted 2026-07-01, active per tracker (Moratorium Nation)",Moratorium Nation (ALEA Institute),https://mjbommar.github.io/moratorium-data-2026/,
dct-linn-county-ia-eu3-rezoning-moratorium-2026-07-01,datacentertracker,local,IA,19,Linn County Board of Supervisors (18-month pause on EU-3 large-scale data center rezoning applications),county,moratorium,restriction,enacted,2026-07-01,,41.9779,-91.6656,source_dataset,19113,Linn County,True,"Linn County Board of Supervisors voted 2-1 (Sami Scheetz opposed) for an 18-month pause on new rezoning applications to the county's EU-3 large-scale data center district, distinct from the county's existing data center ordinance passed in… (datacentertracker.org)",datacentertracker.org,https://www.kcrg.com/2026/07/01/despite-putting-ordinance-place-linn-county-passes-data-center-moratorium/,
ia-madison-county-2026,moratorium_nation,local,IA,19,Madison County,county,moratorium,restriction,in_force,2026-05,,41.31334,-94.0168,source_dataset,19121,Madison County,True,"365-day data-center moratorium, adopted 2026-05, active per tracker (Moratorium Nation)",Moratorium Nation (ALEA Institute),https://mjbommar.github.io/moratorium-data-2026/,
ia-mitchell-county-2025,moratorium_nation,local,IA,19,Mitchell County,county,moratorium,restriction,in_force,2025-11-25,,43.34203,-92.78402,source_dataset,19131,Mitchell County,True,"Data-center moratorium running to a set end date, adopted 2025-11-25, active per tracker (Moratorium Nation)",Moratorium Nation (ALEA Institute),https://mjbommar.github.io/moratorium-data-2026/,
dct-palo-google-annexation-bypass-ia-2026-03-04,datacentertracker,local,IA,19,Palo (Google annexation bypass),municipality,zoning_exclusion,restriction,enacted,2026-06-15,,42.0669,-91.7929,source_dataset,19113,Linn County,False,"Google abandoned unincorporated Linn County and is pursuing annexation into the City of Palo, Iowa (pop. 1,407) to avoid the county's strict data center zoning. Palo held a town hall on March 25 where residents pressed city leaders for… (datacentertracker.org)",datacentertracker.org,https://www.iowapublicradio.org/ipr-news/2026-03-25/palo-google-data-center-mayor-townhall-linn-county,
ia-palo-alto-county-2026,moratorium_nation,local,IA,19,Palo Alto County,county,moratorium,restriction,in_force,2026-07-08,,43.07628,-94.6625,source_dataset,19147,Palo Alto County,True,"Data-center moratorium running to a set end date, adopted 2026-07-08, active per tracker (Moratorium Nation)",Moratorium Nation (ALEA Institute),https://mjbommar.github.io/moratorium-data-2026/,
ia-city-of-peosta-2026,moratorium_nation,local,IA,19,Peosta (city),municipality,moratorium,restriction,in_force,2026-06-23,,42.44695,-90.84338,source_dataset,19061,Dubuque County,False,"180-day data-center moratorium, adopted 2026-06-23, active per tracker (Moratorium Nation)",Moratorium Nation (ALEA Institute),https://mjbommar.github.io/moratorium-data-2026/,
ia-plymouth-county-2026,moratorium_nation,local,IA,19,Plymouth County,county,moratorium,restriction,in_force,2026-06-16,,42.73691,-96.22136,source_dataset,19149,Plymouth County,True,"365-day data-center moratorium, adopted 2026-06-16, active per tracker (Moratorium Nation)",Moratorium Nation (ALEA Institute),https://mjbommar.github.io/moratorium-data-2026/,
ia-shelby-county-2026,moratorium_nation,local,IA,19,Shelby County,county,moratorium,restriction,in_force,2026-03-17,,41.66824,-95.31636,source_dataset,19165,Shelby County,True,"Data-center moratorium running to a set end date, adopted 2026-03-17, active per tracker (Moratorium Nation)",Moratorium Nation (ALEA Institute),https://mjbommar.github.io/moratorium-data-2026/,
ia-sioux-county-2026,moratorium_nation,local,IA,19,Sioux County,county,moratorium,restriction,in_force,2026-06-16,,43.05741,-96.16024,source_dataset,19167,Sioux County,True,"365-day data-center moratorium, adopted 2026-06-16, active per tracker (Moratorium Nation)",Moratorium Nation (ALEA Institute),https://mjbommar.github.io/moratorium-data-2026/,
ia-story-county-2025,moratorium_nation,local,IA,19,Story County,county,moratorium,restriction,in_force,2025-06-17,,42.01616,-93.48919,source_dataset,19169,Story County,True,"Data-center moratorium running to a set end date, adopted 2025-06-17, active per tracker (Moratorium Nation)",Moratorium Nation (ALEA Institute),https://mjbommar.github.io/moratorium-data-2026/,
ia-tama-county-2025,moratorium_nation,local,IA,19,Tama County,county,moratorium,restriction,in_force,2025-11-10,,42.05681,-92.54339,source_dataset,19171,Tama County,True,"Data-center moratorium, adopted 2025-11-10, active per tracker (Moratorium Nation)",Moratorium Nation (ALEA Institute),https://mjbommar.github.io/moratorium-data-2026/,
ia-taylor-county-2026,moratorium_nation,local,IA,19,Taylor County,county,moratorium,restriction,in_force,2026-05-07,,40.73825,-94.68474,source_dataset,19173,Taylor County,True,"Data-center moratorium, adopted 2026-05-07, active per tracker (Moratorium Nation)",Moratorium Nation (ALEA Institute),https://mjbommar.github.io/moratorium-data-2026/,
ia-union-county-2026,moratorium_nation,local,IA,19,Union County,county,moratorium,restriction,in_force,2026-03-25,,41.0157,-94.24727,source_dataset,19175,Union County,True,"365-day data-center moratorium, adopted 2026-03-25, active per tracker (Moratorium Nation)",Moratorium Nation (ALEA Institute),https://mjbommar.github.io/moratorium-data-2026/,
ia-woodbury-county-2026,moratorium_nation,local,IA,19,Woodbury County,county,moratorium,restriction,in_force,2026-06-23,,42.37754,-96.06072,source_dataset,19193,Woodbury County,True,"365-day data-center moratorium, adopted 2026-06-23, active per tracker (Moratorium Nation)",Moratorium Nation (ALEA Institute),https://mjbommar.github.io/moratorium-data-2026/,
dct-woodbury-county-ia-moratorium-2026-06-23,datacentertracker,local,IA,19,Woodbury County Board of Supervisors,county,moratorium,restriction,enacted,2026-06-23,,42.4999,-96.4003,source_dataset,19193,Woodbury County,True,"Woodbury County Board of Supervisors voted 5-0 for a 12-month moratorium on data center applications in unincorporated county land, prompted by the town of Salix's April annexation of ~900 acres that MidAmerican Energy confirmed is being… (datacentertracker.org)",datacentertracker.org,https://www.ktiv.com/2026/06/23/woodbury-county-passes-moratorium-data-center-projects/,
dct-ada-county-id-2025-02-05,datacentertracker,local,ID,16,Ada County,county,zoning_exclusion,restriction,enacted,2025-11-01,,43.452,-116.242,source_dataset,16001,Ada County,True,Ada County proactively developed data center zoning standards following Meta's data center in nearby Kuna and Diode Ventures' 620-acre Gemstone Technology Park (approved 3-2 by Kuna City Council in April 2025). Ada County updated its… (datacentertracker.org),datacentertracker.org,https://adacounty.id.gov/blog/news/zoning-ordinance-update-public-hearing/,
id-kootenai-county-2025,moratorium_nation,local,ID,16,Kootenai County,county,moratorium,restriction,replaced,2025-03-11,,47.65486,-116.71629,source_dataset,16055,Kootenai County,True,"182-day data-center moratorium, adopted 2025-03-11, since replaced by permanent regulations (Moratorium Nation)",Moratorium Nation (ALEA Institute),https://mjbommar.github.io/moratorium-data-2026/,
dct-pocatello-id-2026-05-14,datacentertracker,local,ID,16,Pocatello,municipality,project_rejection,restriction,enacted,2026-05-18,,42.8713,-112.4455,source_dataset,16005,Bannock County,False,"A Pocatello hearing examiner denied a conditional-use permit for a data center on the former Hoku polysilicon site (about $2.26B projected), citing insufficient water and design detail. The developer, Lex Developments, vowed to return… (datacentertracker.org)",datacentertracker.org,https://www.idahostatejournal.com/news/local/pocatello-hearing-examiner-denies-hoku-site-data-center-permit-but-lex-developments-vows-return/article_c80a0e12-3fe8-4ed0-b755-89321377a95d.html,
dct-aurora-il-2026-02-19,datacentertracker,local,IL,17,Aurora,municipality,zoning_exclusion,restriction,pending,2026-02-19,,41.7606,-88.3201,source_dataset,17089,Kane County,False,"Aurora (IL) is debating what supporters describe as the strictest-in-Illinois data center noise and setback ordinance. The February 19, 2026 Planning & Development Committee meeting did not finalize rules; regulations remain under active… (datacentertracker.org)",datacentertracker.org,https://www.chicagotribune.com/2026/02/19/aurora-considers-new-data-center-regulations-around-noise-water-and-power/,
il-aurora-2025,moratorium_nation,local,IL,17,Aurora (city),municipality,moratorium,restriction,replaced,2025-09-25,,41.75717,-88.31475,source_dataset,17089,Kane County,False,"180-day data-center moratorium, adopted 2025-09-25, since replaced by permanent regulations (Moratorium Nation)",Moratorium Nation (ALEA Institute),https://mjbommar.github.io/moratorium-data-2026/,
il-city-of-bloomington-2026,moratorium_nation,local,IL,17,Bloomington (city),municipality,moratorium,restriction,in_force,2026-05-26,,40.65852,-88.93454,source_dataset,17113,McLean County,False,"180-day data-center moratorium, adopted 2026-05-26, active per tracker (Moratorium Nation)",Moratorium Nation (ALEA Institute),https://mjbommar.github.io/moratorium-data-2026/,
il-city-of-carbondale-2026,moratorium_nation,local,IL,17,Carbondale (city),municipality,moratorium,restriction,in_force,2026-06-23,,37.71503,-89.21487,source_dataset,17077,Jackson County,False,"365-day data-center moratorium, adopted 2026-06-23, active per tracker (Moratorium Nation)",Moratorium Nation (ALEA Institute),https://mjbommar.github.io/moratorium-data-2026/,
il-champaign-county-2026,moratorium_nation,local,IL,17,Champaign County,county,moratorium,restriction,in_force,2026-04-23,10,40.13469,-88.19756,source_dataset,17019,Champaign County,True,"365-day data-center moratorium, adopted 2026-04-23, active per tracker (Moratorium Nation)",Moratorium Nation (ALEA Institute),https://mjbommar.github.io/moratorium-data-2026/,
il-collinsville-undated,moratorium_nation,local,IL,17,Collinsville (city),municipality,moratorium,restriction,in_force,,,38.67033,-89.98455,source_dataset,17119,Madison County,False,"365-day data-center moratorium, active per tracker (Moratorium Nation)",Moratorium Nation (ALEA Institute),https://mjbommar.github.io/moratorium-data-2026/,
il-city-of-effingham-2026,moratorium_nation,local,IL,17,Effingham (city),municipality,moratorium,restriction,in_force,2026-06-02,,39.12014,-88.54348,source_dataset,17049,Effingham County,False,"365-day data-center moratorium, adopted 2026-06-02, active per tracker (Moratorium Nation)",Moratorium Nation (ALEA Institute),https://mjbommar.github.io/moratorium-data-2026/,
dct-essex-il-2025-11-01,datacentertracker,local,IL,17,Essex,municipality,zoning_exclusion,restriction,in_force,2025-11-01,,41.1786,-88.1884,source_dataset,17091,Kankakee County,False,"Constellation Energy purchased over 600 acres near Essex, Illinois, and is seeking rezoning and annexation. Much of the land was sold by village board members or their relatives. The Essex Coalition launched a petition urging industrial… (datacentertracker.org)",datacentertracker.org,https://www.thecentersquare.com/illinois/article_05a303b2-1a7c-430a-ab7f-8a7c9ed27437.html,
il-godfrey-2026,moratorium_nation,local,IL,17,Godfrey (village),municipality,moratorium,restriction,in_force,2026-01-20,,38.9556,-90.18678,source_dataset,17119,Madison County,False,"180-day data-center moratorium, adopted 2026-01-20, active per tracker (Moratorium Nation)",Moratorium Nation (ALEA Institute),https://mjbommar.github.io/moratorium-data-2026/,
il-la-salle-county-2026,moratorium_nation,local,IL,17,La Salle County,county,moratorium,restriction,in_force,2026-06-08,,41.33012,-88.89778,source_dataset,17099,LaSalle County,True,"365-day data-center moratorium, adopted 2026-06-08, active per tracker (Moratorium Nation)",Moratorium Nation (ALEA Institute),https://mjbommar.github.io/moratorium-data-2026/,
dct-logan-county-il-2025-12-01,datacentertracker,local,IL,17,Logan County,county,zoning_exclusion,restriction,in_force,2025-12-01,,40.1246,-89.3651,source_dataset,17107,Logan County,True,"The Logan County (IL) Board voted 9-2 in February 2026 to approve a 60-day moratorium on accepting data center applications, prompted by Hut 8 Corp's proposal for a $5B, 500 MW data center on 200 acres of farmland in Laenna Township near… (datacentertracker.org)",datacentertracker.org,https://www.illinoistimes.com/news/logan-county-takes-its-time-on-data-center-proposal/,
dct-logan-county-il-2026-05-19,datacentertracker,local,IL,17,Logan County,county,moratorium,restriction,enacted,2026-05-19,,40.1255,-89.3656,source_dataset,17107,Logan County,True,The Logan County Board approved a 12-month moratorium on large-scale data centers. Hut 8 had been considering a project in the county. (datacentertracker.org),datacentertracker.org,https://datacentertracker.org/,
dct-minooka-il-2025-10-01,datacentertracker,local,IL,17,Minooka,municipality,zoning_exclusion,restriction,enacted,2025-10-01,,41.4553,-88.2617,source_dataset,17063,Grundy County,False,"Equinix was approved for a $2B, 368-acre, 700MW campus in Minooka, Illinois, about 50 miles southwest of Chicago, requiring 3 million gallons of water per day from a $1.54 billion Lake Michigan pipeline currently under construction. The… (datacentertracker.org)",datacentertracker.org,https://www.wcsjnews.com/news/local/progress-update-on-equinix-data-center-in-minooka/article_a83b2af7-f341-4bf8-a050-cb64e461edba.html,
il-morgan-county-2026,moratorium_nation,local,IL,17,Morgan County,county,moratorium,restriction,in_force,2026-04-27,,39.70623,-90.19034,source_dataset,17137,Morgan County,True,"180-day data-center moratorium, adopted 2026-04-27, active per tracker (Moratorium Nation)",Moratorium Nation (ALEA Institute),https://mjbommar.github.io/moratorium-data-2026/,
il-town-of-normal-2026,moratorium_nation,local,IL,17,Normal (town),municipality,moratorium,restriction,in_force,2026-05-18,,40.51792,-88.97255,source_dataset,17113,McLean County,False,"Data-center moratorium running to a set end date, adopted 2026-05-18, active per tracker (Moratorium Nation)",Moratorium Nation (ALEA Institute),https://mjbommar.github.io/moratorium-data-2026/,
dct-ottawa-il-moratorium-2026-03,datacentertracker,local,IL,17,Ottawa,municipality,moratorium,restriction,enacted,2026-03-03,,41.3456,-88.8426,source_dataset,17099,LaSalle County,False,"Ottawa City Council established a 180-day moratorium on data centers across all zoning districts, the first such moratorium in the Illinois Valley. Mayor Robert Hasty cited the need for electrical, water, and sound guardrails before… (datacentertracker.org)",datacentertracker.org,https://www.shawlocal.com/illinois-valley/2026/03/11/ottawa-city-council-establishes-six-month-moratorium-on-data-centers/,
dct-plainfield-il-moratorium-2026-04-21,datacentertracker,local,IL,17,Plainfield,municipality,moratorium,restriction,enacted,2026-04-21,,41.6147,-88.2034,source_dataset,17197,Will County,False,"On April 21, 2026, Plainfield Village Board unanimously approved a 180-day moratorium on data center and warehouse-for-computing-infrastructure proposals. The moratorium pauses applications while the village monitors pending Illinois… (datacentertracker.org)",datacentertracker.org,https://patch.com/illinois/plainfield/data-center-moratorium-imposed-plainfield-after-unanimous-village-board-vote,
dct-rockford-il-2025-11-01,datacentertracker,local,IL,17,Rockford,municipality,moratorium,restriction,in_force,2025-11-01,,42.2711,-89.094,source_dataset,17201,Winnebago County,False,"Monarch Energy's proposed $12B, 800 MW data center on 1,100+ acres near Chicago-Rockford International Airport is advancing. Monarch Rock Air LLC was formed April 2025. On February 17, 2026, FERC accepted an agreement allowing Monarch Rock… (datacentertracker.org)",datacentertracker.org,https://www.change.org/p/oppose-high-impact-data-center-development-and-demand-sustainable-growth-for-rockford-il,
dct-sangamon-county-il-2026-02-01,datacentertracker,local,IL,17,Sangamon County,county,moratorium,restriction,enacted,2026-02-01,,39.7817,-89.6501,source_dataset,17167,Sangamon County,True,"Sangamon County Board voted 17-10 on April 7, 2026 to approve CyrusOne's $500M data center on 280 acres of farmland near Waverly, ~14 miles southwest of Springfield, despite hundreds of opponents packing the meeting. The 636 MW, 1.4… (datacentertracker.org)",datacentertracker.org,https://www.wcia.com/news/sangamon-county/sangamon-county-will-not-adopt-6-month-moratorium-on-data-centers/,
dct-tazewell-county-il-ordinance-2026-05-07,datacentertracker,local,IL,17,"Tazewell County Board, IL",municipality,moratorium,restriction,enacted,2026-05-07,,40.5236,-89.5008,source_dataset,17179,Tazewell County,True,Tazewell County Board approved a resolution directing the zoning department to stop accepting data center petitions while drafting a new ordinance. Zoning code amended so unlisted land uses are prohibited rather than permitted by default. (datacentertracker.org),datacentertracker.org,https://datacentertracker.org/,
dct-normal-il-moratorium-2026-05-18,datacentertracker,local,IL,17,"Town of Normal, IL",municipality,moratorium,restriction,enacted,2026-05-18,,40.5142,-88.9906,source_dataset,17113,McLean County,False,"Town of Normal approved a 6-month data center moratorium effective through Nov 30, 2026. No company named. (datacentertracker.org)",datacentertracker.org,https://datacentertracker.org/,
il-city-of-troy-2026,moratorium_nation,local,IL,17,Troy (city),municipality,moratorium,restriction,in_force,2026-03,,38.72472,-89.87296,source_dataset,17119,Madison County,False,"180-day data-center moratorium, adopted 2026-03, active per tracker (Moratorium Nation)",Moratorium Nation (ALEA Institute),https://mjbommar.github.io/moratorium-data-2026/,
il-city-of-west-chicago-2026,moratorium_nation,local,IL,17,West Chicago (city),municipality,moratorium,restriction,in_force,2026-07-06,,41.93095,-87.77255,source_dataset,17031,Cook County,False,"180-day data-center moratorium, adopted 2026-07-06, active per tracker (Moratorium Nation)",Moratorium Nation (ALEA Institute),https://mjbommar.github.io/moratorium-data-2026/,
in-boone-county-2026,moratorium_nation,local,IN,18,Boone County,county,moratorium,restriction,in_force,2026-06-15,,40.04599,-86.46508,source_dataset,18011,Boone County,True,"365-day data-center moratorium, adopted 2026-06-15, active per tracker (Moratorium Nation)",Moratorium Nation (ALEA Institute),https://mjbommar.github.io/moratorium-data-2026/,
dct-boone-county-in-moratorium-apc-2026-05-07,datacentertracker,local,IN,18,"Boone County Area Plan Commission (moratorium recommendation), IN",municipality,moratorium,restriction,enacted,2026-06-15,,40.0481,-86.4685,source_dataset,18011,Boone County,True,Boone County Area Plan Commission unanimously forwarded a favorable recommendation to the County Commissioners for a one-year moratorium on data centers in unincorporated areas. Meta's $10B Lebanon campus is incorporated and would not be… (datacentertracker.org),datacentertracker.org,https://datacentertracker.org/,
in-dekalb-county-2026,moratorium_nation,local,IN,18,DeKalb County,county,moratorium,restriction,in_force,2026-04-13,,41.39915,-85.00124,source_dataset,18033,DeKalb County,True,"180-day data-center moratorium, adopted 2026-04-13, active per tracker (Moratorium Nation)",Moratorium Nation (ALEA Institute),https://mjbommar.github.io/moratorium-data-2026/,
in-dearborn-county-2026,moratorium_nation,local,IN,18,Dearborn County,county,moratorium,restriction,in_force,2026-02-24,,39.13403,-84.9821,source_dataset,18029,Dearborn County,True,"365-day data-center moratorium, adopted 2026-02-24, active per tracker (Moratorium Nation)",Moratorium Nation (ALEA Institute),https://mjbommar.github.io/moratorium-data-2026/,
dct-elkhart-county-bristol-in-2024-09-01,datacentertracker,local,IN,18,Elkhart County (Bristol),municipality,zoning_exclusion,restriction,enacted,2024-09-01,,41.721,-85.818,source_dataset,18039,Elkhart County,True,"Pinnacle Properties, representing landowner Christine Truee Wilhelm, sought to rezone 247 acres of farmland on County Road 23 in Bristol, Indiana, for a data center campus of 800,000 to 1.2 million sq ft with an estimated $1B investment.… (datacentertracker.org)",datacentertracker.org,https://www.datacenterdynamics.com/en/news/locals-voice-concerns-over-upcoming-data-center-in-bristol-indiana/,
in-fayette-county-2026,moratorium_nation,local,IN,18,Fayette County,county,moratorium,restriction,in_force,2026-05-05,,39.61924,-85.17938,source_dataset,18041,Fayette County,True,"365-day data-center moratorium, adopted 2026-05-05, active per tracker (Moratorium Nation)",Moratorium Nation (ALEA Institute),https://mjbommar.github.io/moratorium-data-2026/,
dct-franklin-county-in-2026-02-24,datacentertracker,local,IN,18,Franklin County,county,moratorium,restriction,in_force,2026-02-24,,39.4228,-85.0589,source_dataset,18047,Franklin County,True,"Franklin County, Indiana, Commissioners voted unanimously to extend the data center moratorium through February 2027, preventing new applications while the county gathers information and develops regulations for large-scale data center… (datacentertracker.org)",datacentertracker.org,https://www.eaglecountryonline.com/news/local-news/franklin-co-commissioners-place-year-long-moratorium-on-data-centers/,
in-franklin-county-2025,moratorium_nation,local,IN,18,Franklin County,county,moratorium,restriction,in_force,2025-12-24,,39.4149,-85.05632,source_dataset,18047,Franklin County,True,"60-day data-center moratorium, adopted 2025-12-24, extended and active per tracker (Moratorium Nation)",Moratorium Nation (ALEA Institute),https://mjbommar.github.io/moratorium-data-2026/,
in-fulton-county-2026,moratorium_nation,local,IN,18,Fulton County,county,moratorium,restriction,in_force,2026-03-02,,41.04214,-86.28752,source_dataset,18049,Fulton County,True,"365-day data-center moratorium, adopted 2026-03-02, active per tracker (Moratorium Nation)",Moratorium Nation (ALEA Institute),https://mjbommar.github.io/moratorium-data-2026/,
dct-grant-county-in-moratorium-2026-02,datacentertracker,local,IN,18,Grant County,county,moratorium,restriction,enacted,2026-03-02,,40.5153,-85.6614,source_dataset,18053,Grant County,True,"Grant County Commissioners passed a 24-month moratorium on data centers on March 2, 2026. The Area Plan Commission began drafting ordinance language focusing on transparency, resource impacts, and local benefits, including questions about… (datacentertracker.org)",datacentertracker.org,https://www.chronicle-tribune.com/news/commissioners-pass-data-center-moratorium/article_a55a569b-62b5-578c-912e-f183d461f1b9.html,
in-huntington-county-2026,moratorium_nation,local,IN,18,Huntington County,county,moratorium,restriction,in_force,2026-02-23,,40.80083,-85.50185,source_dataset,18069,Huntington County,True,"Data-center moratorium, adopted 2026-02-23, active per tracker (Moratorium Nation)",Moratorium Nation (ALEA Institute),https://mjbommar.github.io/moratorium-data-2026/,
dct-indianapolis-council-dc-regulations-in-2026-01-28,datacentertracker,local,IN,18,Indianapolis (Department of Metropolitan Development / City-County Council),municipality,zoning_exclusion,restriction,pending,2026-04-23,,39.7684,-86.1581,source_dataset,18097,Marion County,True,"On April 23, 2026, the Indianapolis Department of Metropolitan Development released draft zoning rules to regulate where data centers can be built in Marion County. The draft creates a new zoning category for data centers, caps noise at 65… (datacentertracker.org)",datacentertracker.org,https://mirrorindy.org/indianapolis-city-county-council-sustainability-committee-data-centers/,
in-indianapolis-marion-county-undated,moratorium_nation,local,IN,18,Indianapolis (Marion County) (city),municipality,moratorium,restriction,pending,,,39.76833,-86.15835,source_dataset,18097,Marion County,True,"Data-center moratorium running to a set end date, adoption pending or unconfirmed (Moratorium Nation)",Moratorium Nation (ALEA Institute),https://mjbommar.github.io/moratorium-data-2026/,
dct-indianapolis-council-moratorium-resolution-in-2026-05-15,datacentertracker,local,IN,18,"Indianapolis / Marion County (City-County Council nonbinding moratorium resolution, Prop. 158), IN",municipality,moratorium,restriction,enacted,2026-05-15,,39.7684,-86.1581,source_dataset,18097,Marion County,True,"In mid-May 2026 the Indianapolis City-County Council unanimously passed Proposal No. 158 (sponsor Jesse Brown), a nonbinding resolution urging the Metropolitan Development Commission to pause new data center approvals until May 7, 2027 or… (datacentertracker.org)",datacentertracker.org,https://datacentertracker.org/,
dct-indianapolis-metrobloks-martindale-brightwood-in-2026-05-04,datacentertracker,local,IN,18,"Indianapolis City-County Council (Metrobloks Martindale-Brightwood rezoning), IN",municipality,zoning_exclusion,restriction,enacted,2026-05-04,,39.8089,-86.1336,source_dataset,18097,Marion County,True,Indianapolis City-County Council approved rezoning for a Metrobloks (California-based) data center in the historically Black Martindale-Brightwood neighborhood. Simultaneously passed a non-binding resolution calling for a citywide pause.… (datacentertracker.org),datacentertracker.org,https://datacentertracker.org/,
dct-indianapolis-mdc-data-center-standards-2026-07-01,datacentertracker,local,IN,18,Indianapolis Metropolitan Development Commission (data center development standards recommendation),municipality,moratorium,restriction,pending,2026-07-01,,39.7684,-86.1581,source_dataset,18097,Marion County,True,"Indianapolis Metropolitan Development Commission voted 5-3 to loosen the draft data center ordinance's noise limit from 55 decibels (the standard set in the June 26 revised draft, following community feedback) back up to 65 decibels, while… (datacentertracker.org)",datacentertracker.org,https://www.wfyi.org/statewide/2026-07-06/indiana-counties-data-center-moratoriums-bans-2026,
dct-jay-county-in-2026-05-11,datacentertracker,local,IN,18,Jay County,county,zoning_exclusion,restriction,enacted,2026-05-11,,40.4376,-85.0058,source_dataset,18075,Jay County,True,"Jay County approved two ordinances establishing among the strictest data center standards in the nation: a 1,000-ft property setback, 2,500-ft dwelling setback, 35-ft height cap, closed-loop cooling requirement, and a 50 dB noise limit.… (datacentertracker.org)",datacentertracker.org,https://datacentertracker.org/,
dct-laporte-in-2026-05-18,datacentertracker,local,IN,18,LaPorte,municipality,zoning_exclusion,restriction,enacted,2026-05-18,,41.6106,-86.7228,source_dataset,18091,LaPorte County,False,"The LaPorte Common Council weighed an annexation tied to a second Microsoft data center along Boyd Boulevard amid community opposition. The first Microsoft facility in LaPorte was a $1B, 245,000 sq ft project on 489 acres. UPDATE May 18… (datacentertracker.org)",datacentertracker.org,https://datacentertracker.org/,
dct-lake-county-in-zoning-2026-02,datacentertracker,local,IN,18,Lake County,county,zoning_exclusion,restriction,enacted,2026-02-18,,41.473,-87.337,source_dataset,18089,Lake County,True,"Lake County, Indiana, Council approved stringent data center regulations: only permitted in industrial zones with special approval, 200-ft setbacks from residential/agricultural, 55dB noise max, underground utilities, decommissioning… (datacentertracker.org)",datacentertracker.org,https://www.insideindianabusiness.com/articles/another-potential-data-center-entering-lake-county,
dct-lebanon-boone-county-in-2025-08-01,datacentertracker,local,IN,18,Lebanon (Boone County),county,zoning_exclusion,restriction,enacted,2025-08-01,,40.0484,-86.4694,source_dataset,18011,Boone County,True,"Meta officially broke ground on its $10B+, 1500-acre data center campus at the LEAP Innovation and Research District in Lebanon, Indiana on February 11, 2026. The campus will feature 13 buildings (10 data centers plus support facilities)… (datacentertracker.org)",datacentertracker.org,https://lebanon.in.gov/2026/02/11/meta-makes-lebanon-data-center-announcement-official/,
dct-madison-in-2026-05-20,datacentertracker,local,IN,18,Madison,municipality,zoning_exclusion,restriction,enacted,2026-05-20,,38.7359,-85.3797,source_dataset,18077,Jefferson County,False,"The Jefferson County Board of Zoning Appeals upheld heavy-industrial zoning for a 7.1M sq ft, 549-acre data center at the former Jefferson Proving Grounds. The board denied a resident appeal after a 5.5-hour hearing. (datacentertracker.org)",datacentertracker.org,https://datacentertracker.org/,
in-madison-county-2026,moratorium_nation,local,IN,18,Madison County,county,moratorium,restriction,in_force,2026-06-16,,40.16245,-85.72608,source_dataset,18095,Madison County,True,"180-day data-center moratorium, adopted 2026-06-16, active per tracker (Moratorium Nation)",Moratorium Nation (ALEA Institute),https://mjbommar.github.io/moratorium-data-2026/,
dct-madison-county-in-moratorium-request-2026-05-12,datacentertracker,local,IN,18,"Madison County Plan Commission (moratorium requested by Citizens Action Coalition + 27 orgs), IN",municipality,moratorium,restriction,enacted,2026-06-17,,40.1612,-85.7,source_dataset,18095,Madison County,True,"Citizens Action Coalition and 27 public-interest organizations pushed Madison County to adopt a data center moratorium at the May 12 Plan Commission meeting, part of a statewide local-moratorium campaign. Outcome not confirmed. RESOLVED… (datacentertracker.org)",datacentertracker.org,https://www.heraldbulletin.com/news/local_news/madison-county-being-asked-for-data-center-moratorium/article_57dc7598-1ead-4570-81c9-2e8306d8268a.html,
dct-marshall-county-in-2025-02-01,datacentertracker,local,IN,18,Marshall County,county,moratorium,restriction,enacted,2026-04-20,,41.3234,-86.27,source_dataset,18099,Marshall County,True,"On April 20, 2026, Marshall County Commissioners voted to enact a permanent ban on data centers across the county, replacing the prior one-year moratorium. The action is reported as the first permanent county-level data center ban in… (datacentertracker.org)",datacentertracker.org,https://www.datacenterwatch.org/report,
in-marshall-county-2025,moratorium_nation,local,IN,18,Marshall County,county,moratorium,restriction,replaced,2025-02-03,,41.32284,-86.28096,source_dataset,18099,Marshall County,True,"730-day data-center moratorium, adopted 2025-02-03, since replaced by permanent regulations (Moratorium Nation)",Moratorium Nation (ALEA Institute),https://mjbommar.github.io/moratorium-data-2026/,
in-merrillville-lake-county-2026,moratorium_nation,local,IN,18,Merrillville (Lake County) (town),municipality,moratorium,restriction,in_force,2026-05-26,,41.48281,-87.33281,source_dataset,18089,Lake County,False,"365-day data-center moratorium, adopted 2026-05-26, active per tracker (Moratorium Nation)",Moratorium Nation (ALEA Institute),https://mjbommar.github.io/moratorium-data-2026/,
in-miami-county-2026,moratorium_nation,local,IN,18,Miami County,county,moratorium,restriction,in_force,2026-05-04,,40.74549,-86.06395,source_dataset,18103,Miami County,True,"Data-center moratorium, adopted 2026-05-04, active per tracker (Moratorium Nation)",Moratorium Nation (ALEA Institute),https://mjbommar.github.io/moratorium-data-2026/,
dct-new-albany-in-moratorium-2026-07-08,datacentertracker,local,IN,18,New Albany,municipality,moratorium,restriction,enacted,2026-07-08,,38.2859,-85.8241,source_dataset,18043,Floyd County,False,"City Council advanced Mayor Jeff Gahan's proposed one-year moratorium blocking new data centers/campuses over 100,000 sq ft, covering city limits plus a 2-mile fringe, to study infrastructure, utility, and environmental impacts. Final vote… (datacentertracker.org)",datacentertracker.org,https://www.wdrb.com/news/new-albany-data-center-moratorium-heads-to-final-vote/article_ffbf5690-e759-4b6b-8be5-16d36fe5c253.html,
in-new-albany-floyd-county-2026,moratorium_nation,local,IN,18,New Albany (Floyd County) (city),municipality,moratorium,restriction,in_force,2026-07-16,,38.28563,-85.82413,source_dataset,18043,Floyd County,False,"365-day data-center moratorium, adopted 2026-07-16, active per tracker (Moratorium Nation)",Moratorium Nation (ALEA Institute),https://mjbommar.github.io/moratorium-data-2026/,
in-pulaski-county-2026,moratorium_nation,local,IN,18,Pulaski County,county,moratorium,restriction,in_force,2026-01-20,,41.03139,-86.69907,source_dataset,18131,Pulaski County,True,"365-day data-center moratorium, adopted 2026-01-20, active per tracker (Moratorium Nation)",Moratorium Nation (ALEA Institute),https://mjbommar.github.io/moratorium-data-2026/,
in-putnam-county-2025,moratorium_nation,local,IN,18,Putnam County,county,moratorium,restriction,in_force,2025-11-17,,39.66662,-86.8374,source_dataset,18133,Putnam County,True,"365-day data-center moratorium, adopted 2025-11-17, active per tracker (Moratorium Nation)",Moratorium Nation (ALEA Institute),https://mjbommar.github.io/moratorium-data-2026/,
in-shelby-county-2026,moratorium_nation,local,IN,18,Shelby County,county,moratorium,restriction,in_force,2026-02-23,,39.49348,-85.81906,source_dataset,18145,Shelby County,True,"180-day data-center moratorium, adopted 2026-02-23, active per tracker (Moratorium Nation)",Moratorium Nation (ALEA Institute),https://mjbommar.github.io/moratorium-data-2026/,
dct-st-joseph-county-in-third-new-carlisle-rezoning-2026-05-13,datacentertracker,local,IN,18,"St. Joseph County Council (third New Carlisle-area data center rezoning, ~$13B), IN",municipality,zoning_exclusion,restriction,pending,2026-05-13,,41.7011,-86.5097,source_dataset,18141,St. Joseph County,True,"A rezoning petition (~1,057 acres ag→industrial) for a THIRD New Carlisle-area data center (~$13B) had its first reading May 13, in the same cluster as the AWS Project Rainier (Anthropic) site. Opposition (Citizens for Responsible Economic… (datacentertracker.org)",datacentertracker.org,https://datacentertracker.org/,
in-starke-county-2025,moratorium_nation,local,IN,18,Starke County,county,moratorium,restriction,in_force,2025-12-15,,41.27532,-86.64576,source_dataset,18149,Starke County,True,"365-day data-center moratorium, adopted 2025-12-15, active per tracker (Moratorium Nation)",Moratorium Nation (ALEA Institute),https://mjbommar.github.io/moratorium-data-2026/,
in-valparaiso-porter-county-undated,moratorium_nation,local,IN,18,Valparaiso (Porter County) (city),municipality,moratorium,restriction,pending,,,41.46726,-87.06045,source_dataset,18127,Porter County,False,"Data-center moratorium, adoption pending or unconfirmed (Moratorium Nation)",Moratorium Nation (ALEA Institute),https://mjbommar.github.io/moratorium-data-2026/,
in-warrick-county-undated,moratorium_nation,local,IN,18,Warrick County,county,moratorium,restriction,pending,,,38.09061,-87.27589,source_dataset,18173,Warrick County,True,"Data-center moratorium running to a set end date, adoption pending or unconfirmed (Moratorium Nation)",Moratorium Nation (ALEA Institute),https://mjbommar.github.io/moratorium-data-2026/,
dct-washington-in-outrigger-cancel-moratorium-2026-05-11,datacentertracker,local,IN,18,"Washington City Council, IN",municipality,moratorium,restriction,enacted,2026-05-11,,38.6594,-87.1728,source_dataset,18027,Daviess County,False,"Washington City Council voted unanimously to cease all dealings with Outrigger Industrial after the developer failed to answer questions about a proposed 1,000,000-gallon/day water-demand facility. Council also directed the city attorney… (datacentertracker.org)",datacentertracker.org,https://datacentertracker.org/,
in-white-county-2025,moratorium_nation,local,IN,18,White County,county,moratorium,restriction,replaced,2025-10-20,,40.74224,-86.87139,source_dataset,18181,White County,True,"180-day data-center moratorium, adopted 2025-10-20, since replaced by permanent regulations (Moratorium Nation)",Moratorium Nation (ALEA Institute),https://mjbommar.github.io/moratorium-data-2026/,
dct-americus-lyon-county-ks-listening-session-2026-07-15,datacentertracker,local,KS,20,"Americus / Lyon County (Flint Hills Digital Campus), KS",county,moratorium,restriction,in_force,2026-07-15,,38.4547,-96.2911,source_dataset,20111,Lyon County,True,"Americus City Council held a listening session on the proposed Flint Hills Digital Campus (developer Kanza Park Place; publicly described as a potential gigawatt-scale, roughly 1,000-acre data center campus west of Emporia) but took no… (datacentertracker.org)",datacentertracker.org,https://writing.strisker.com/data-centers-daily-notes-july-15-2026/,
dct-bourbon-county-ks-moratorium-2026-06,datacentertracker,local,KS,20,Bourbon County Commission,county,moratorium,restriction,enacted,2026-06-15,,37.8398,-94.7061,source_dataset,20011,Bourbon County,True,"Bourbon County Commission approved a 365-day development moratorium (Resolution 24-26) by a 3-0 vote, with Commissioners Joe Allen and Gregg Motley abstaining, covering utility-scale power generation, crypto mining, data centers, and waste… (datacentertracker.org)",datacentertracker.org,https://www.bourboncountymonitor.com/bourbon-county-enacts-365-day-development-moratorium-selects-planning-zoning-consulting-firm/,
ks-brown-county-2026,moratorium_nation,local,KS,20,Brown County,county,moratorium,restriction,in_force,2026-03-02,,39.82422,-95.582,source_dataset,20013,Brown County,True,"540-day data-center moratorium, adopted 2026-03-02, active per tracker (Moratorium Nation)",Moratorium Nation (ALEA Institute),https://mjbommar.github.io/moratorium-data-2026/,
dct-emporia-lyon-county-ks-ordinances-2026-07-23,datacentertracker,local,KS,20,City of Emporia (Lyon County),municipality,ordinance_conditions,condition,enacted,2026-07-23,,38.4039,-96.1817,source_dataset,20111,Lyon County,False,"The Emporia City Commission approved three ordinances establishing a digital infrastructure district. Commissioners declined to act on a citizen petition to prohibit data centers, which may instead go to a November ballot; a man was… (datacentertracker.org)",datacentertracker.org,https://www.wibw.com/2026/07/23/emporia-city-commission-votes-next-steps-with-data-centers-man-arrested-meeting/,
dct-lawrence-douglas-county-ks-moratorium-2026-07-14,datacentertracker,local,KS,20,City of Lawrence (Douglas County),municipality,moratorium,restriction,enacted,2026-07-14,,38.9717,-95.2353,source_dataset,20045,Douglas County,False,"The Lawrence City Commission unanimously approved a 2-year moratorium on large-scale data centers, extended from an originally proposed 1-year moratorium, and initiated a text amendment to close a by-right zoning loophole. This is a City… (datacentertracker.org)",datacentertracker.org,https://lawrencekstimes.com/2026/07/14/lawrencecitycomm-oks-2yr-moratorium/,
ks-geary-county-2026,moratorium_nation,local,KS,20,Geary County,county,moratorium,restriction,in_force,2026-06-22,,38.98855,-96.762,source_dataset,20061,Geary County,True,"365-day data-center moratorium, adopted 2026-06-22, active per tracker (Moratorium Nation)",Moratorium Nation (ALEA Institute),https://mjbommar.github.io/moratorium-data-2026/,
ks-harvey-county-2026,moratorium_nation,local,KS,20,Harvey County,county,moratorium,restriction,in_force,2026-01-13,,38.03523,-97.44863,source_dataset,20079,Harvey County,True,"Data-center moratorium running to a set end date, adopted 2026-01-13, active per tracker (Moratorium Nation)",Moratorium Nation (ALEA Institute),https://mjbommar.github.io/moratorium-data-2026/,
ks-kingman-county-2026,moratorium_nation,local,KS,20,Kingman County,county,moratorium,restriction,in_force,2026-02-09,,37.54209,-98.12217,source_dataset,20095,Kingman County,True,"540-day data-center moratorium, adopted 2026-02-09, active per tracker (Moratorium Nation)",Moratorium Nation (ALEA Institute),https://mjbommar.github.io/moratorium-data-2026/,
ks-lyon-county-2026,moratorium_nation,local,KS,20,Lyon County,county,moratorium,restriction,in_force,2026-07-23,,38.4574,-96.16831,source_dataset,20111,Lyon County,True,"Data-center moratorium running to a set end date, adopted 2026-07-23, active per tracker (Moratorium Nation)",Moratorium Nation (ALEA Institute),https://mjbommar.github.io/moratorium-data-2026/,
ks-marion-county-2026,moratorium_nation,local,KS,20,Marion County,county,moratorium,restriction,in_force,2026-03-02,10,38.37345,-97.13059,source_dataset,20115,Marion County,True,"Data-center moratorium running to a set end date, adopted 2026-03-02, extended and active per tracker (Moratorium Nation)",Moratorium Nation (ALEA Institute),https://mjbommar.github.io/moratorium-data-2026/,
ks-mcpherson-county-2025,moratorium_nation,local,KS,20,McPherson County,county,moratorium,restriction,in_force,2025-08-04,,38.3659,-97.65752,source_dataset,20113,McPherson County,True,"Data-center moratorium running to a set end date, adopted 2025-08-04, extended and active per tracker (Moratorium Nation)",Moratorium Nation (ALEA Institute),https://mjbommar.github.io/moratorium-data-2026/,
ks-riley-county-2026,moratorium_nation,local,KS,20,Riley County,county,moratorium,restriction,in_force,2026-05-18,,39.30264,-96.77093,source_dataset,20161,Riley County,True,"178-day data-center moratorium, adopted 2026-05-18, active per tracker (Moratorium Nation)",Moratorium Nation (ALEA Institute),https://mjbommar.github.io/moratorium-data-2026/,
ks-saline-county-2026,moratorium_nation,local,KS,20,Saline County,county,moratorium,restriction,in_force,2026-03-17,,38.77045,-97.66698,source_dataset,20169,Saline County,True,"365-day data-center moratorium, adopted 2026-03-17, active per tracker (Moratorium Nation)",Moratorium Nation (ALEA Institute),https://mjbommar.github.io/moratorium-data-2026/,
ks-sedgwick-county-2026,moratorium_nation,local,KS,20,Sedgwick County,county,moratorium,restriction,in_force,2026-01-14,,37.64482,-97.46414,source_dataset,20173,Sedgwick County,True,"90-day data-center moratorium, adopted 2026-01-14, extended and active per tracker (Moratorium Nation)",Moratorium Nation (ALEA Institute),https://mjbommar.github.io/moratorium-data-2026/,
dct-spring-hill-ks-2026-02-26,datacentertracker,local,KS,20,Spring Hill,municipality,zoning_exclusion,restriction,in_force,2026-03-25,,38.7539,-94.826,source_dataset,20091,Johnson County,False,"Spring Hill, Kansas, City Council voted on October 23, 2025 to move forward with rezoning 316 acres from Rural Residential to M-1 Industrial for a potential data center, though no end user or specific business has been identified (proposed… (datacentertracker.org)",datacentertracker.org,https://fox4kc.com/news/spring-hill-residents-raise-concerns-over-rezoning-plan-for-data-center/,
ky-ashland-2026,moratorium_nation,local,KY,21,Ashland (city),municipality,moratorium,restriction,replaced,2026-02-26,,38.47841,-82.63794,source_dataset,21019,Boyd County,False,"180-day data-center moratorium, adopted 2026-02-26, since replaced by permanent regulations (Moratorium Nation)",Moratorium Nation (ALEA Institute),https://mjbommar.github.io/moratorium-data-2026/,
ky-bell-county-2026,moratorium_nation,local,KY,21,Bell County,county,moratorium,restriction,in_force,2026-07-02,,36.73703,-83.64917,source_dataset,21013,Bell County,True,"730-day data-center moratorium, adopted 2026-07-02, active per tracker (Moratorium Nation)",Moratorium Nation (ALEA Institute),https://mjbommar.github.io/moratorium-data-2026/,
dct-boyd-county-ky-terawulf-2026-06-02,datacentertracker,local,KY,21,"Boyd County (TeraWulf ""Muskie"" data campus opposition), KY",municipality,moratorium,restriction,enacted,2026-06-02,,38.359,-82.6877,source_dataset,21019,Boyd County,True,"At a June 2, 2026 town hall, Boyd County neighbors raised concerns about TeraWulf's proposed ~300-acre 'Muskie Data Campus' at the East Park Industrial Center (closed-loop water; phase one ~2028). The company is hosting its own town hall… (datacentertracker.org)",datacentertracker.org,https://www.wsaz.com/2026/06/02/neighbors-ask-questions-address-concerns-data-center-town-hall/,
ky-boyle-county-2026,moratorium_nation,local,KY,21,Boyle County,county,moratorium,restriction,in_force,2026-06-09,,37.62409,-84.85406,source_dataset,21021,Boyle County,True,"365-day data-center moratorium, adopted 2026-06-09, active per tracker (Moratorium Nation)",Moratorium Nation (ALEA Institute),https://mjbommar.github.io/moratorium-data-2026/,
ky-breckinridge-county-2025,moratorium_nation,local,KY,21,Breckinridge County,county,moratorium,restriction,in_force,2025-12-05,,37.74064,-86.41093,source_dataset,21027,Breckinridge County,True,"365-day data-center moratorium, adopted 2025-12-05, active per tracker (Moratorium Nation)",Moratorium Nation (ALEA Institute),https://mjbommar.github.io/moratorium-data-2026/,
ky-bullitt-county-2026,moratorium_nation,local,KY,21,Bullitt County,county,moratorium,restriction,in_force,2026-07-21,,37.97495,-85.67424,source_dataset,21029,Bullitt County,True,"365-day data-center moratorium, adopted 2026-07-21, active per tracker (Moratorium Nation)",Moratorium Nation (ALEA Institute),https://mjbommar.github.io/moratorium-data-2026/,
dct-burgin-mercer-county-ky-annexation-2026-07-09,datacentertracker,local,KY,21,Burgin City Council (annexation for hyperscale data center),municipality,moratorium,restriction,pending,2026-07-09,,37.7745,-84.7522,source_dataset,21167,Mercer County,False,"Burgin City Council voted 3-2 to give first reading to an ordinance annexing farmland from Mercer County -- roughly doubling the town's size (pop. ~1,000) -- to enable a hyperscale data center project; a moratorium amendment failed. Second… (datacentertracker.org)",datacentertracker.org,https://www.lpm.org/news/2026-07-10/city-council-in-mercer-county-advances-annexation-that-could-clear-way-for-data-center,
dct-butler-county-ky-moratorium-2026-06,datacentertracker,local,KY,21,Butler County Fiscal Court,county,moratorium,restriction,enacted,2026-06-30,,37.2034,-86.6822,source_dataset,21031,Butler County,True,"Butler County passed a 1-year data center moratorium, the third south-central Kentucky county to do so after Edmonson and Allen counties. Exact vote date is approximate. (datacentertracker.org)",datacentertracker.org,https://bgdailynews.com/2026/07/02/butler-county-oks-data-center-moratorium/,
ky-cave-city-2026,moratorium_nation,local,KY,21,Cave City (city),municipality,moratorium,restriction,in_force,2026-05-21,,37.13675,-85.95622,source_dataset,21009,Barren County,False,"365-day data-center moratorium, adopted 2026-05-21, active per tracker (Moratorium Nation)",Moratorium Nation (ALEA Institute),https://mjbommar.github.io/moratorium-data-2026/,
dct-cave-city-ky-moratorium-first-reading-2026-05-12,datacentertracker,local,KY,21,"Cave City Council, KY",municipality,moratorium,restriction,in_force,2026-07-20,,37.137,-85.943,source_dataset,21009,Barren County,False,"Cave City Council voted 4-1 in favor of a one-year moratorium ordinance and 4-1 against a zoning amendment that would have allowed data centers with 200-ft/1,000-ft setbacks. Council Member Leticia Cline: 'Communities still have a right to… (datacentertracker.org)",datacentertracker.org,https://bgdailynews.com/2026/05/12/data-center-regulations-in-cave-city-voted-down-council-supports-moratorium/,
ky-daviess-county-2026,moratorium_nation,local,KY,21,Daviess County,county,moratorium,restriction,in_force,2026-05-28,,37.68779,-87.08184,source_dataset,21059,Daviess County,True,"365-day data-center moratorium, adopted 2026-05-28, active per tracker (Moratorium Nation)",Moratorium Nation (ALEA Institute),https://mjbommar.github.io/moratorium-data-2026/,
ky-edmonson-county-2026,moratorium_nation,local,KY,21,Edmonson County,county,moratorium,restriction,in_force,2026-06-08,,37.19992,-86.22067,source_dataset,21061,Edmonson County,True,"365-day data-center moratorium, adopted 2026-06-08, active per tracker (Moratorium Nation)",Moratorium Nation (ALEA Institute),https://mjbommar.github.io/moratorium-data-2026/,
dct-hancock-county-hawesville-ky-2026-02-02,datacentertracker,local,KY,21,Hancock County (Hawesville),county,zoning_exclusion,restriction,in_force,2026-02-02,,37.9001,-86.755,source_dataset,21091,Hancock County,True,"In Hancock County, Kentucky, Change.org petition with 1,052 signatures voicing concerns about TeraWulf's data center at the former Century Aluminum smelter site in Hawesville. TeraWulf (via Justified DataPower LLC) purchased the 750-acre… (datacentertracker.org)",datacentertracker.org,https://spectrumnews1.com/ky/louisville/news/2026/02/14/ai-database-hawesville,
ky-la-grange-2025,moratorium_nation,local,KY,21,La Grange (city),municipality,moratorium,restriction,expired,2025-06-02,,38.40755,-85.37883,source_dataset,21185,Oldham County,False,"150-day data-center moratorium, adopted 2025-06-02, since expired (Moratorium Nation)",Moratorium Nation (ALEA Institute),https://mjbommar.github.io/moratorium-data-2026/,
ky-lexington-fayette-2026,moratorium_nation,local,KY,21,Lexington-Fayette,municipality,moratorium,restriction,in_force,2026-06-09,,38.03681,-84.42394,source_dataset,21067,Fayette County,True,"Data-center moratorium running to a set end date, adopted 2026-06-09, active per tracker (Moratorium Nation)",Moratorium Nation (ALEA Institute),https://mjbommar.github.io/moratorium-data-2026/,
dct-lexington-fayette-ky-dartpoints-moratorium-2026-06-08,datacentertracker,local,KY,21,"Lexington-Fayette Urban County (no incentives for DartPoints + council moratorium), KY",municipality,moratorium,restriction,in_force,2026-06-08,,38.0406,-84.5037,source_dataset,21067,Fayette County,True,"On June 8, 2026 Lexington Mayor Linda Gorton announced the city will not provide public incentives to DartPoints, which closed a ~$29M private purchase of the former Lexmark property (745 W. New Circle Rd, ~29.5 acres) for a data center… (datacentertracker.org)",datacentertracker.org,https://datacentertracker.org/,
dct-louisville-ky-chappell-moratorium-reintro-2026-05-11,datacentertracker,local,KY,21,"Louisville Metro Council (Councilwoman Chappell reintroduces moratorium on telecom hotels / data centers), KY",municipality,moratorium,restriction,pending,2026-05-11,,38.2527,-85.7585,source_dataset,21111,Jefferson County,True,"Councilwoman Jennifer Chappell (D-15) refiled an ordinance temporarily pausing rezoning, conditional use permits, and plan applications for telecom hotels / data centers in Louisville Metro. Planning & Zoning Committee meeting June 2. (datacentertracker.org)",datacentertracker.org,https://datacentertracker.org/,
dct-mason-county-ky-2026-03-01,datacentertracker,local,KY,21,Mason County,municipality,zoning_exclusion,restriction,enacted,2026-03-27,,38.6351,-83.7463,source_dataset,21161,Mason County,True,"Mason County, Kentucky, planning commission approved a zoning ordinance paving the way for a 2,080-acre data center campus north of AA Highway, west of Maysville, by an undisclosed Fortune 100 company under NDA. The 'We Are Mason County'… (datacentertracker.org)",datacentertracker.org,https://www.lex18.com/news/covering-kentucky/mason-county-residents-weigh-billion-dollar-data-center-proposal-amid-growing-concerns,
dct-meade-county-ky-moratorium-2026-01,datacentertracker,local,KY,21,Meade County (moratorium),county,moratorium,restriction,enacted,2026-01-13,,37.971,-86.2168,source_dataset,21163,Meade County,True,"Meade County, Kentucky, Fiscal Court adopted Ordinance 2025-07 on January 13, 2026, establishing a moratorium on data center development while the county reviews its zoning ordinance and comprehensive plan, which do not specifically… (datacentertracker.org)",datacentertracker.org,https://www.lpm.org/news/2026-02-12/gop-bill-seeks-guardrails-for-new-data-centers-to-pay-their-own-way-in-kentucky,
ky-meade-county-fiscal-court-2026,moratorium_nation,local,KY,21,Meade County Fiscal Court,county,moratorium,restriction,in_force,2026-01-13,,37.93134,-86.19022,source_dataset,21163,Meade County,True,"365-day data-center moratorium, adopted 2026-01-13, active per tracker (Moratorium Nation)",Moratorium Nation (ALEA Institute),https://mjbommar.github.io/moratorium-data-2026/,
dct-mercer-county-ky-moratorium-2026-03-03,datacentertracker,local,KY,21,Mercer County (moratorium),county,moratorium,restriction,enacted,2026-02-19,,37.8123,-84.8713,source_dataset,21167,Mercer County,True,"The Mercer County Commission voted 3-2 on March 3, 2026 to enact a one-year moratorium on data center applications, halting all activity relating to data center projects in the county. Commissioner Jamee Folk made the motion after an hour… (datacentertracker.org)",datacentertracker.org,https://www.wkyt.com/2026/02/17/mercer-county-residents-oppose-proposed-data-center-farmland/,
ky-mercer-county-fiscal-court-undated,moratorium_nation,local,KY,21,Mercer County Fiscal Court,county,moratorium,restriction,pending,,,37.80876,-84.87608,source_dataset,21167,Mercer County,True,"365-day data-center moratorium, adoption pending or unconfirmed (Moratorium Nation)",Moratorium Nation (ALEA Institute),https://mjbommar.github.io/moratorium-data-2026/,
ky-nelson-county-2026,moratorium_nation,local,KY,21,Nelson County,county,moratorium,restriction,in_force,2026-07-07,,37.80785,-85.47416,source_dataset,21179,Nelson County,True,"365-day data-center moratorium, adopted 2026-07-07, active per tracker (Moratorium Nation)",Moratorium Nation (ALEA Institute),https://mjbommar.github.io/moratorium-data-2026/,
ky-oldham-county-fiscal-court-2025,moratorium_nation,local,KY,21,Oldham County Fiscal Court,county,moratorium,restriction,in_force,2025-06-26,,38.40477,-85.47683,source_dataset,21185,Oldham County,True,"150-day data-center moratorium, adopted 2025-06-26, extended and active per tracker (Moratorium Nation)",Moratorium Nation (ALEA Institute),https://mjbommar.github.io/moratorium-data-2026/,
ky-versailles-2026,moratorium_nation,local,KY,21,Versailles (city),municipality,moratorium,restriction,in_force,2026-06-16,,38.05258,-84.72995,source_dataset,21239,Woodford County,False,"Data-center moratorium running to a set end date, adopted 2026-06-16, active per tracker (Moratorium Nation)",Moratorium Nation (ALEA Institute),https://mjbommar.github.io/moratorium-data-2026/,
dct-blanchard-north-caddo-parish-la-2026-03-03,datacentertracker,local,LA,22,Blanchard (North Caddo Parish),municipality,moratorium,restriction,in_force,2026-03-03,,32.4069,-93.8799,source_dataset,22017,Caddo Parish,False,"Rural communities in North Caddo Parish organized a boycott of the official community meeting for Amazon/AWS's proposed $12 billion data center campus on 810 acres in Blanchard, Louisiana, on March 3. Residents near Caddo Lake object to… (datacentertracker.org)",datacentertracker.org,https://www.ksla.com/video/2026/03/02/rural-community-hosting-boycott-data-center-meeting/,
la-new-orleans-2026,moratorium_nation,local,LA,22,New Orleans (city),municipality,moratorium,restriction,in_force,2026-01-28,,29.95614,-90.07339,source_dataset,22071,Orleans Parish,False,"365-day data-center moratorium, adopted 2026-01-28, active per tracker (Moratorium Nation)",Moratorium Nation (ALEA Institute),https://mjbommar.github.io/moratorium-data-2026/,
dct-shreveport-west-la-permit-2025,datacentertracker,local,LA,22,Shreveport (West),municipality,zoning_exclusion,restriction,enacted,2025-12-03,,32.479,-93.843,source_dataset,22017,Caddo Parish,False,"Shreveport, Louisiana, Metropolitan Planning Commission denied a special use permit for a 2.8 million sq ft Franks Investment Company LLC data center at 7340 Greenwood Road (Resilient Technology Park) on a 4-4 vote on December 3, 2025… (datacentertracker.org)",datacentertracker.org,https://www.ksla.com/2025/12/06/shreveport-planning-commission-denies-28-million-square-foot-data-center/,
la-st-charles-parish-undated,moratorium_nation,local,LA,22,St. Charles Parish,county,moratorium,restriction,replaced,,,29.88832,-90.3795,source_dataset,22089,St. Charles Parish,True,"365-day data-center moratorium, since replaced by permanent regulations (Moratorium Nation)",Moratorium Nation (ALEA Institute),https://mjbommar.github.io/moratorium-data-2026/,
dct-holyoke-ma-ai-ban-2026-06-18,datacentertracker,local,MA,25,City of Holyoke,municipality,zoning_exclusion,restriction,enacted,2026-06-18,,42.2043,-72.6162,source_dataset,25013,Hampden County,False,"Holyoke became the first Massachusetts city to enact a citywide ban on AI data centers. The City Council voted 9-4 on June 16-17 to prohibit any AI data center development over 12 megawatts, and Mayor Joshua Garcia signed the restrictions… (datacentertracker.org)",datacentertracker.org,https://datacentertracker.org/,
dct-everett-ma-2026-02-24,datacentertracker,local,MA,25,Everett,municipality,zoning_exclusion,restriction,pending,2026-02-24,,42.4084,-71.0537,source_dataset,25017,Middlesex County,False,"Everett Planning Board voted unanimously on April 6, 2026 to endorse an ordinance restricting data centers in the Docklands Innovation District (EDID). The ordinance caps facilities at 20,000 sq ft or 5 MW (whichever is smaller) and… (datacentertracker.org)",datacentertracker.org,https://www.boston.com/news/local-news/2026/04/08/everett-restricts-data-centers-development/,
ma-everett-2026,moratorium_nation,local,MA,25,"Everett (restriction proposal, not moratorium) (city)",municipality,moratorium,restriction,in_force,2026-06-22,,42.40859,-71.0542,source_dataset,25017,Middlesex County,False,"Data-center moratorium, adopted 2026-06-22, active per tracker (Moratorium Nation)",Moratorium Nation (ALEA Institute),https://mjbommar.github.io/moratorium-data-2026/,
ma-gill-2026,moratorium_nation,local,MA,25,"Gill (proposal, not enacted as of 2026-04-29) (town)",municipality,moratorium,restriction,pending,,,42.6412,-72.49934,source_dataset,25011,Franklin County,False,"365-day data-center moratorium, adoption pending or unconfirmed (Moratorium Nation)",Moratorium Nation (ALEA Institute),https://mjbommar.github.io/moratorium-data-2026/,
ma-heath-2026,moratorium_nation,local,MA,25,"Heath (proposal, not enacted as of 2026-04-29) (town)",municipality,moratorium,restriction,pending,,,42.67368,-72.82227,source_dataset,25011,Franklin County,False,"365-day data-center moratorium, adoption pending or unconfirmed (Moratorium Nation)",Moratorium Nation (ALEA Institute),https://mjbommar.github.io/moratorium-data-2026/,
ma-lowell-2026,moratorium_nation,local,MA,25,Lowell (city),municipality,moratorium,restriction,in_force,2026-03-10,,42.64144,-71.30853,source_dataset,25017,Middlesex County,False,"360-day data-center moratorium, adopted 2026-03-10, active per tracker (Moratorium Nation)",Moratorium Nation (ALEA Institute),https://mjbommar.github.io/moratorium-data-2026/,
ma-malden-2026,moratorium_nation,local,MA,25,Malden (city),municipality,moratorium,restriction,in_force,2026-05-05,,42.42685,-71.06837,source_dataset,25017,Middlesex County,False,"365-day data-center moratorium, adopted 2026-05-05, active per tracker (Moratorium Nation)",Moratorium Nation (ALEA Institute),https://mjbommar.github.io/moratorium-data-2026/,
ma-shutesbury-2025,moratorium_nation,local,MA,25,Shutesbury (town),municipality,moratorium,restriction,expired,2025-09-30,,42.45215,-72.4098,source_dataset,25011,Franklin County,False,"Data-center moratorium running to a set end date, adopted 2025-09-30, since expired (Moratorium Nation)",Moratorium Nation (ALEA Institute),https://mjbommar.github.io/moratorium-data-2026/,
ma-westfield-2026,moratorium_nation,local,MA,25,Westfield (city),municipality,moratorium,restriction,in_force,2026-07-06,,42.12054,-72.74892,source_dataset,25013,Hampden County,False,"365-day data-center moratorium, adopted 2026-07-06, active per tracker (Moratorium Nation)",Moratorium Nation (ALEA Institute),https://mjbommar.github.io/moratorium-data-2026/,
md-baltimore-city-2026,moratorium_nation,local,MD,24,Baltimore City (city),municipality,moratorium,restriction,pending,2026-05-11,10,39.32597,-76.59676,source_dataset,24510,Baltimore city,True,"365-day data-center moratorium, adopted 2026-05-11, adoption pending or unconfirmed (Moratorium Nation)",Moratorium Nation (ALEA Institute),https://mjbommar.github.io/moratorium-data-2026/,
md-baltimore-county-2026,moratorium_nation,local,MD,24,Baltimore County,county,moratorium,restriction,in_force,2026-02-02,,39.44452,-76.64835,source_dataset,24005,Baltimore County,True,"Data-center moratorium running to a set end date, adopted 2026-02-02, active per tracker (Moratorium Nation)",Moratorium Nation (ALEA Institute),https://mjbommar.github.io/moratorium-data-2026/,
dct-carroll-county-md-2026-02-01,datacentertracker,local,MD,24,Carroll County,county,moratorium,restriction,in_force,2026-02-01,,39.5628,-77.0016,source_dataset,24013,Carroll County,True,"Carroll County Board of Commissioners voted to draft a deferral ordinance placing a temporary moratorium on data center projects, despite no developers having applied. The preemptive action mirrors moratoria already adopted by Frederick… (datacentertracker.org)",datacentertracker.org,https://marylandmatters.org/2026/01/03/data-center-regulations-2026/,
dct-charles-county-md-2026-03-02,datacentertracker,local,MD,24,Charles County,municipality,zoning_exclusion,restriction,enacted,2026-03-02,,38.47,-76.98,source_dataset,24017,Charles County,True,"The Charles County Planning Commission voted to recommend denial of Zoning Text Amendment #25-187, which would have established zoning regulations for data centers in the county (proposed by TeraWulf) (500 MW, 250 acres). Chairman Kevin… (datacentertracker.org)",datacentertracker.org,https://thebaynet.com/charles-county-planning-commission-votes-to-deny-data-center-zoning-amendment/,
dct-dickerson-montgomery-county-md-2026-02-01,datacentertracker,local,MD,24,Dickerson (Montgomery County),county,moratorium,restriction,in_force,2026-02-01,,39.2245,-77.4228,source_dataset,24031,Montgomery County,True,"California-based Atmosphere Data Centers plans a $2 billion, 300MW data center complex on 170 acres at the site of a decommissioned coal-fired power plant in Dickerson, Maryland,. Atmosphere filed for water withdrawal and discharge permits… (datacentertracker.org)",datacentertracker.org,https://bethesdamagazine.com/2026/02/25/dickerson-data-center-developers-have-right-to-go-forward-elrich-says/,
dct-frederick-county-md-2025-12-24,datacentertracker,local,MD,24,Frederick County,county,zoning_exclusion,restriction,enacted,2025-12-24,,39.4143,-77.4105,source_dataset,24021,Frederick County,True,"Frederick County Council voted 5-2 on December 23, 2025 to approve the Critical Digital Infrastructure Overlay Zone (CDI-OZ) map, designating approximately 2,615 acres north of Adamstown where data centers can be located. The ordinance… (datacentertracker.org)",datacentertracker.org,https://www.datacenterdynamics.com/en/news/amazon-to-expand-virginia-cloud-region-into-maryland-develop-data-centers-in-tpgs-quantum-frederick-park/,
md-frederick-county-2026,moratorium_nation,local,MD,24,Frederick County,county,moratorium,restriction,in_force,2026-07-01,,39.46085,-77.41181,source_dataset,24021,Frederick County,True,"Data-center moratorium running to a set end date, adopted 2026-07-01, active per tracker (Moratorium Nation)",Moratorium Nation (ALEA Institute),https://mjbommar.github.io/moratorium-data-2026/,
dct-harford-county-md-2026-04-21,datacentertracker,local,MD,24,Harford County Council,county,moratorium,restriction,pending,2026-04-21,,39.5337,-76.3471,source_dataset,24025,Harford County,True,"Councilmember Jacob Bennett officially introduced Bill 26-005 at the Harford County Council meeting on Tuesday, April 21, 2026, proposing a 90-day moratorium on data center development. The proposal responds to a developer's plan to build… (datacentertracker.org)",datacentertracker.org,https://www.wmar2news.com/news/region/harford-county/harford-county-council-introduces-bill-to-pause-data-center-development-after-community-pushback,
dct-harford-county-md-cassilly-permanent-ban-bill-2026-05-07,datacentertracker,local,MD,24,"Harford County Executive Bob Cassilly (proposed legislation to permanently ban data centers countywide; public hearing May 18, vote June 1), MD",municipality,moratorium,restriction,pending,2026-05-07,,39.536,-76.3047,source_dataset,24025,Harford County,True,"Harford County Executive Bob Cassilly proposed legislation to permanently ban data centers countywide, going beyond Council Member Bennett's 90-day moratorium (Bill 26-005). Public hearing set May 18; County Council vote scheduled June 1… (datacentertracker.org)",datacentertracker.org,https://datacentertracker.org/,
md-howard-county-2026,moratorium_nation,local,MD,24,Howard County,county,moratorium,restriction,pending,2026-06-01,,39.23053,-76.91662,source_dataset,24027,Howard County,True,"Data-center moratorium, adopted 2026-06-01, adoption pending or unconfirmed (Moratorium Nation)",Moratorium Nation (ALEA Institute),https://mjbommar.github.io/moratorium-data-2026/,
dct-howard-county-md-moratorium-2026-06,datacentertracker,local,MD,24,"Howard County (temporary data center moratorium through Nov 2027), MD",county,moratorium,restriction,enacted,2026-06-02,,39.2549,-76.946,source_dataset,24027,Howard County,True,"The Howard County Council passed CB31-2026, a temporary moratorium pausing data center development through November 2027 to modernize the county's roughly 1993-era zoning regulations covering energy, water, and siting. Sponsored by… (datacentertracker.org)",datacentertracker.org,https://datacentertracker.org/,
dct-montgomery-county-md-2026-02-02,datacentertracker,local,MD,24,Montgomery County,county,zoning_exclusion,restriction,in_force,2026-02-02,,39.1547,-77.2405,source_dataset,24031,Montgomery County,True,"Montgomery County, Maryland, enacted a moratorium on new data center development through the end of 2026, prompted by Atmosphere Data Centers' proposed 300MW complex on 170 acres in Dickerson. The zoning text amendment ZTA 26-01 is… (datacentertracker.org)",datacentertracker.org,https://www.foodandwaterwatch.org/2026/02/24/md-advocates-residents-call-for-data-center-moratorium-at-town-hall/,
md-montgomery-county-2026,moratorium_nation,local,MD,24,Montgomery County,county,moratorium,restriction,in_force,2026-07-28,,39.14063,-77.20756,source_dataset,24031,Montgomery County,True,"548-day data-center moratorium, adopted 2026-07-28, active per tracker (Moratorium Nation)",Moratorium Nation (ALEA Institute),https://mjbommar.github.io/moratorium-data-2026/,
dct-montgomery-county-md-elrich-eo-moratorium-2026-06-13,datacentertracker,local,MD,24,"Montgomery County (Executive Elrich 6-month data center moratorium EO), MD",county,moratorium,restriction,enacted,2026-06-13,,39.084,-77.1528,source_dataset,24031,Montgomery County,True,"On June 13, 2026 Montgomery County Executive Marc Elrich signed an executive order imposing a six-month moratorium on new data center permits, directing the Department of Permitting Services to stop accepting or processing applications… (datacentertracker.org)",datacentertracker.org,https://datacentertracker.org/,
md-prince-george-s-county-2025,moratorium_nation,local,MD,24,Prince George's County,county,moratorium,restriction,in_force,2025-09-16,,38.80393,-76.85187,source_dataset,24033,Prince George's County,True,"180-day data-center moratorium, adopted 2025-09-16, extended and active per tracker (Moratorium Nation)",Moratorium Nation (ALEA Institute),https://mjbommar.github.io/moratorium-data-2026/,
dct-prince-georges-county-md-moratorium-2026-07-07,datacentertracker,local,MD,24,Prince George's County Council (2-year data center moratorium),county,moratorium,restriction,enacted,2026-07-07,,38.8256,-76.8437,source_dataset,24033,Prince George's County,True,"County Council approved a 2-year pause on new data center development applications, giving officials time to develop a zoning framework for where/how data centers can be built; the pause can end early if that framework is adopted sooner.… (datacentertracker.org)",datacentertracker.org,https://wtop.com/prince-georges-county/2026/07/prince-georges-co-extends-pause-on-hyperscale-data-center-development/,
md-washington-county-2026,moratorium_nation,local,MD,24,Washington County,county,moratorium,restriction,in_force,2026-06-30,,39.58935,-77.71025,source_dataset,24043,Washington County,True,"365-day data-center moratorium, adopted 2026-06-30, active per tracker (Moratorium Nation)",Moratorium Nation (ALEA Institute),https://mjbommar.github.io/moratorium-data-2026/,
md-worcester-county-2026,moratorium_nation,local,MD,24,Worcester County,county,moratorium,restriction,pending,2026-07-07,,38.22312,-75.33195,source_dataset,24047,Worcester County,True,"365-day data-center moratorium, adopted 2026-07-07, adoption pending or unconfirmed (Moratorium Nation)",Moratorium Nation (ALEA Institute),https://mjbommar.github.io/moratorium-data-2026/,
me-bangor-2026,moratorium_nation,local,ME,23,Bangor (city),municipality,moratorium,restriction,in_force,2026-04-13,,44.80163,-68.77133,source_dataset,23019,Penobscot County,False,"180-day data-center moratorium, adopted 2026-04-13, active per tracker (Moratorium Nation)",Moratorium Nation (ALEA Institute),https://mjbommar.github.io/moratorium-data-2026/,
me-brunswick-2026,moratorium_nation,local,ME,23,Brunswick (town),municipality,moratorium,restriction,in_force,2026-06-01,,43.91665,-69.96594,source_dataset,23005,Cumberland County,False,"180-day data-center moratorium, adopted 2026-06-01, active per tracker (Moratorium Nation)",Moratorium Nation (ALEA Institute),https://mjbommar.github.io/moratorium-data-2026/,
dct-westbrook-me-moratorium-2026-06-01,datacentertracker,local,ME,23,"City of Westbrook (180-day data center moratorium enacted), ME",municipality,moratorium,restriction,enacted,2026-06-01,,43.677,-70.3712,source_dataset,23005,Cumberland County,False,"On June 1, 2026, the Westbrook City Council unanimously approved a 180-day data center moratorium; the planning board will review the land-use ordinance and report back. It is part of a Maine wave (Sanford, Gorham, Brunswick, Scarborough)… (datacentertracker.org)",datacentertracker.org,https://datacentertracker.org/,
me-gorham-2026,moratorium_nation,local,ME,23,Gorham (town),municipality,moratorium,restriction,in_force,2026-06-02,,43.67973,-70.44296,source_dataset,23005,Cumberland County,False,"180-day data-center moratorium, adopted 2026-06-02, active per tracker (Moratorium Nation)",Moratorium Nation (ALEA Institute),https://mjbommar.github.io/moratorium-data-2026/,
me-sanford-2026,moratorium_nation,local,ME,23,Sanford (city),municipality,moratorium,restriction,in_force,2026-05-19,,43.43872,-70.77462,source_dataset,23031,York County,False,"91-day data-center moratorium, adopted 2026-05-19, active per tracker (Moratorium Nation)",Moratorium Nation (ALEA Institute),https://mjbommar.github.io/moratorium-data-2026/,
me-scarborough-2026,moratorium_nation,local,ME,23,Scarborough (town),municipality,moratorium,restriction,in_force,2026-06-03,,43.58951,-70.33455,source_dataset,23005,Cumberland County,False,"180-day data-center moratorium, adopted 2026-06-03, active per tracker (Moratorium Nation)",Moratorium Nation (ALEA Institute),https://mjbommar.github.io/moratorium-data-2026/,
dct-brunswick-me-moratorium-2026-06-01,datacentertracker,local,ME,23,"Town of Brunswick (180-day data center moratorium), ME",municipality,moratorium,restriction,enacted,2026-06-01,,43.9145,-69.9653,source_dataset,23005,Cumberland County,False,"On June 1, 2026 the Brunswick, Maine Town Council unanimously approved a 180-day moratorium (through ~Dec 2026) on processing applications for new or expanded data centers with electrical demand of 1 MW or greater, to study impacts and… (datacentertracker.org)",datacentertracker.org,https://datacentertracker.org/,
dct-scarborough-me-moratorium-2026-06-03,datacentertracker,local,ME,23,"Town of Scarborough (180-day data center moratorium enacted), ME",municipality,moratorium,restriction,enacted,2026-06-03,,43.5781,-70.3214,source_dataset,23005,Cumberland County,False,"On June 3, 2026, the Scarborough Town Council unanimously approved a 180-day data center moratorium, retroactive to April 1, halting a ~52-acre data center proposal submitted in April and giving the town time to revise zoning. (datacentertracker.org)",datacentertracker.org,https://datacentertracker.org/,
dct-warren-me-moratorium-2026-07-08,datacentertracker,local,ME,23,Town of Warren (180-day data center moratorium),municipality,moratorium,restriction,enacted,2026-07-08,,44.1968,-69.1975,source_dataset,23013,Knox County,False,"A special town meeting approved a 180-day data center moratorium in near-unanimous fashion, with about 60 residents attending -- nearly double normal turnout -- and the moratorium is renewable in further 180-day increments. No data center… (datacentertracker.org)",datacentertracker.org,https://www.midcoastvillager.com/news/warren-voters-to-vote-july-8-on-data-center-moratorium/article_7866d875-1119-4649-919e-b99a5d0dd73c.html,
me-westbrook-2026,moratorium_nation,local,ME,23,Westbrook (city),municipality,moratorium,restriction,in_force,2026-06-01,,43.6763,-70.36639,source_dataset,23005,Cumberland County,False,"180-day data-center moratorium, adopted 2026-06-01, active per tracker (Moratorium Nation)",Moratorium Nation (ALEA Institute),https://mjbommar.github.io/moratorium-data-2026/,
dct-wiscasset-me-2025-11-04,datacentertracker,local,ME,23,Wiscasset,municipality,moratorium,restriction,in_force,2025-11-04,,44.0028,-69.6656,source_dataset,23015,Lincoln County,False,"Wiscasset Selectboard voted in November 2025 to pause conversations about a $5B data center on town-owned land along the Back River after resident Richard Davis launched 'Protect Wiscasset,' a grassroots campaign. Little information about… (datacentertracker.org)",datacentertracker.org,https://mainemorningstar.com/2026/02/23/as-data-centers-look-to-rural-new-england-maine-considers-a-moratorium/,
mi-allendale-township-2026,moratorium_nation,local,MI,26,Allendale Township,municipality,moratorium,restriction,in_force,2026-06-08,,42.98279,-85.94981,source_dataset,26139,Ottawa County,False,"365-day data-center moratorium, adopted 2026-06-08, active per tracker (Moratorium Nation)",Moratorium Nation (ALEA Institute),https://mjbommar.github.io/moratorium-data-2026/,
dct-ann-arbor-township-mi-2026-02-17,datacentertracker,local,MI,26,Ann Arbor Township,municipality,moratorium,restriction,enacted,2026-02-17,,42.2808,-83.743,source_dataset,26161,Washtenaw County,False,"Ann Arbor Township Board of Trustees passed a 12-month moratorium on data centers. No developer has approached township officials about a data center; the moratorium is a proactive measure reflecting concerns about water, energy demand… (datacentertracker.org)",datacentertracker.org,https://www.wemu.org/wemu-news/2026-02-17/ann-arbor-township-passes-12-month-moratorium-on-data-centers,
mi-armada-township-undated,moratorium_nation,local,MI,26,Armada Township,municipality,moratorium,restriction,in_force,2026-01-14,,42.85,-82.92328,source_dataset,26099,Macomb County,False,"180-day data-center moratorium, adopted 2026-01-14, extended and active per tracker (Moratorium Nation)",Moratorium Nation (ALEA Institute),https://mjbommar.github.io/moratorium-data-2026/,
dct-augusta-charter-township-mi-2025-08-01,datacentertracker,local,MI,26,Augusta Charter Township,municipality,zoning_exclusion,restriction,in_force,2025-08-01,,42.2167,-83.7833,source_dataset,26161,Washtenaw County,False,"Thor Equities proposed a $1 billion data center on 810 acres (building on about 20%) near Milan. Despite the Planning Commission recommending denial, the Board of Trustees unanimously approved rezoning of 522 acres in July 2025. PACT… (datacentertracker.org)",datacentertracker.org,https://planetdetroit.org/2025/08/augusta-data-center-opposition/,
mi-big-rapids-charter-township-2026,moratorium_nation,local,MI,26,Big Rapids Charter Township,municipality,moratorium,restriction,in_force,2026-02-23,,43.01344,-85.60812,source_dataset,26081,Kent County,False,"365-day data-center moratorium, adopted 2026-02-23, active per tracker (Moratorium Nation)",Moratorium Nation (ALEA Institute),https://mjbommar.github.io/moratorium-data-2026/,
dct-big-rapids-township-mi-2025-12-01,datacentertracker,local,MI,26,Big Rapids Township,municipality,zoning_exclusion,restriction,enacted,2025-12-01,,43.6892,-85.4837,source_dataset,26107,Mecosta County,False,"Big Rapids Township passed an ordinance banning data centers in its 120-acre airport industrial park, part of a wave of at least 27 Michigan communities enacting moratoria or zoning restrictions on data center development amid concerns… (datacentertracker.org)",datacentertracker.org,https://www.bigrapidsnews.com/news/article/new-ordinance-bans-data-centers-big-rapids-21225421.php,
mi-bruce-township-undated,moratorium_nation,local,MI,26,Bruce Township,municipality,moratorium,restriction,in_force,,,42.84663,-83.04154,source_dataset,26099,Macomb County,False,"Data-center moratorium, active per tracker (Moratorium Nation)",Moratorium Nation (ALEA Institute),https://mjbommar.github.io/moratorium-data-2026/,
mi-caledonia-township-undated,moratorium_nation,local,MI,26,Caledonia Township,municipality,moratorium,restriction,in_force,,,44.81483,-83.61791,source_dataset,26001,Alcona County,False,"Data-center moratorium running to a set end date, active per tracker (Moratorium Nation)",Moratorium Nation (ALEA Institute),https://mjbommar.github.io/moratorium-data-2026/,
dct-cascade-township-mi-2026-02-26,datacentertracker,local,MI,26,Cascade Township,municipality,moratorium,restriction,enacted,2026-02-26,,42.91,-85.52,source_dataset,26081,Kent County,False,"Cascade Township Board voted unanimously on February 26, 2026 for a 6-month moratorium on data center permits, with an option for a 6-month extension. The action was preemptive — no data center proposal was pending — as a growing… (datacentertracker.org)",datacentertracker.org,https://www.wzzm13.com/article/news/local/cascade-township-board-unanimously-approves-6-month-moratorium-data-center-approvals/69-77ed781c-e14a-4390-b8e4-cbe0234416a7,
dct-cass-county-dowagiac-mi-2025-12-01,datacentertracker,local,MI,26,Cass County (Dowagiac),county,zoning_exclusion,restriction,in_force,2025-12-01,,41.984,-86.109,source_dataset,26027,Cass County,True,"Hyperscale Data (parent of Alliance Cloud Services) operates a 30 MW data center in Dowagiac and plans expansion to 70 MW by 2027 and 340 MW by 2029 — enough energy to power 100,000+ homes. Residents packed City Hall and organized a rally… (datacentertracker.org)",datacentertracker.org,https://wwmt.com/news/local/cass-county-urges-more-transparency-data-center-development-new-resolution-dowagiac-hyperscale-energy-water-cooling-noise,
mi-chesaning-township-2026,moratorium_nation,local,MI,26,Chesaning Township,municipality,moratorium,restriction,in_force,2026-05-07,,43.17156,-84.10969,source_dataset,26145,Saginaw County,False,"365-day data-center moratorium, adopted 2026-05-07, active per tracker (Moratorium Nation)",Moratorium Nation (ALEA Institute),https://mjbommar.github.io/moratorium-data-2026/,
dct-city-of-portage-mi-2026-02-25,datacentertracker,local,MI,26,City of Portage,municipality,moratorium,restriction,enacted,2026-02-25,,42.2012,-85.58,source_dataset,26077,Kalamazoo County,False,"In City of Portage, Michigan, Portage enacted a temporary moratorium on data centers and battery energy storage facilities through end of year to allow the city to review zoning rules and potential impacts. A public hearing on new… (datacentertracker.org)",datacentertracker.org,https://wkzo.com/2026/02/25/894892/,
dct-city-of-ypsilanti-mi-2026-03-03,datacentertracker,local,MI,26,City of Ypsilanti,municipality,moratorium,restriction,enacted,2026-03-03,,42.2411,-83.6129,source_dataset,26161,Washtenaw County,False,"In City of Ypsilanti, Michigan, Ypsilanti City Council held a public hearing on March 3 to consider both a 60-day emergency moratorium and a separate 365-day resolution on data center zoning permits, Amid regional concerns about projects… (datacentertracker.org)",datacentertracker.org,https://www.wemu.org/wemu-news/2026-03-03/ypsilanti-city-council-likely-to-pass-data-center-moratorium,
mi-clark-township-2025,moratorium_nation,local,MI,26,Clark Township,municipality,moratorium,restriction,in_force,2025-06-24,,45.99838,-84.36303,source_dataset,26097,Mackinac County,False,"365-day data-center moratorium, adopted 2025-06-24, active per tracker (Moratorium Nation)",Moratorium Nation (ALEA Institute),https://mjbommar.github.io/moratorium-data-2026/,
dct-delta-county-mi-2026-03-03,datacentertracker,local,MI,26,Delta County,municipality,moratorium,restriction,pending,2026-03-03,,45.7914,-86.9486,source_dataset,26041,Delta County,True,"Delta County, Michigan, Planning Commission considered a resolution to suspend data center and cryptocurrency mining projects for 12 months while a zoning ordinance is developed. Commission Chair Amy Berglund said no known data center… (datacentertracker.org)",datacentertracker.org,https://www.uppermichiganssource.com/2026/03/03/delta-county-could-prevent-data-center-development-year/,
mi-delta-county-2026,moratorium_nation,local,MI,26,Delta County,county,moratorium,restriction,in_force,2026-07-21,,46.02366,-86.89503,source_dataset,26041,Delta County,True,"365-day data-center moratorium, adopted 2026-07-21, active per tracker (Moratorium Nation)",Moratorium Nation (ALEA Institute),https://mjbommar.github.io/moratorium-data-2026/,
dct-detroit-mi-moratorium-2026-03-18,datacentertracker,local,MI,26,Detroit,municipality,moratorium,restriction,enacted,2026-03-10,,42.3314,-83.0458,source_dataset,26163,Wayne County,False,"Detroit, Michigan, City Council voted 6-2 on March 18, 2026 for a resolution asking Mayor Mary Sheffield to halt all data center permits for two years while the city studies environmental and economic impacts. The resolution, spearheaded… (datacentertracker.org)",datacentertracker.org,https://planetdetroit.org/2026/03/detroit-data-center-moratorium/,
mi-detroit-2026,moratorium_nation,local,MI,26,Detroit (requested) (city),municipality,moratorium,restriction,pending,,,42.33155,-83.04664,source_dataset,26163,Wayne County,False,"730-day data-center moratorium, adoption pending or unconfirmed (Moratorium Nation)",Moratorium Nation (ALEA Institute),https://mjbommar.github.io/moratorium-data-2026/,
dct-detroit-mi-zoning-working-group-2026-04,datacentertracker,local,MI,26,Detroit (zoning working group),municipality,zoning_exclusion,restriction,in_force,2026-04-14,,42.3314,-83.0458,source_dataset,26163,Wayne County,False,"Following the Detroit City Council's March 18, 2026 resolution requesting a two-year data center permitting pause, the city convened a zoning policy working group in mid-April 2026 to draft data-center-specific zoning, environmental, and… (datacentertracker.org)",datacentertracker.org,https://www.bridgedetroit.com/detroit-convenes-working-group-for-data-center-zoning-policy/,
dct-dexter-township-mi-2026-02-01,datacentertracker,local,MI,26,Dexter Township,municipality,moratorium,restriction,enacted,2026-02-01,,42.37,-83.89,source_dataset,26161,Washtenaw County,False,"Dexter Township adopted a 180-day moratorium on data center applications via Resolution #26-705, joining at least 19 Michigan communities that have paused data center development. Residents and officials raised concerns about massive water… (datacentertracker.org)",datacentertracker.org,https://www.dextertownshipmi.gov/resolution-26-705-resolution-adopting-data-center-application-moratorium-2/,
dct-dorr-township-mi-2026-01-01,datacentertracker,local,MI,26,Dorr Township,municipality,moratorium,restriction,in_force,2026-01-01,,42.729,-85.726,source_dataset,26005,Allegan County,False,"Dorr Township (Allegan County) enacted a moratorium on data center development while the planning commission develops an ordinance to regulate the facilities, expected to take about six months. Microsoft purchased nearly 272 acres of land… (datacentertracker.org)",datacentertracker.org,https://wwmt.com/news/local/microsoft-data-center-proposal-protest-processing-information-farm-life-community-dorr-township-allegan-county-west-michigan-infrastructure-development,
dct-dundee-township-mi-2025-10-02,datacentertracker,local,MI,26,Dundee Township,municipality,moratorium,restriction,in_force,2025-10-02,,41.957,-83.659,source_dataset,26115,Monroe County,False,"Dundee Township enacted a 90-day moratorium on data center development in October 2025 in response to Cloverleaf Infrastructure's proposal. The moratorium was extended six months in January 2026, carrying it through mid-2026. During the… (datacentertracker.org)",datacentertracker.org,https://bluewaterhealthyliving.com/news/local-news/michigan/where-does-dundee-township-stand-on-the-proposed-data-center/,
mi-dundee-township-2025,moratorium_nation,local,MI,26,Dundee Township,municipality,moratorium,restriction,expired,2025-12-09,,41.93199,-83.63716,source_dataset,26115,Monroe County,False,"180-day data-center moratorium, adopted 2025-12-09, since expired (Moratorium Nation)",Moratorium Nation (ALEA Institute),https://mjbommar.github.io/moratorium-data-2026/,
dct-east-lansing-mi-moratorium-2026-03-17,datacentertracker,local,MI,26,East Lansing,municipality,moratorium,restriction,enacted,2026-03-17,,42.7369,-84.4839,source_dataset,26065,Ingham County,False,"East Lansing City Council enacted a 6-month moratorium on data center development in March 2026, pausing new applications while the city studies potential impacts on the community. The moratorium reflects growing concern across Michigan… (datacentertracker.org)",datacentertracker.org,https://www.wkar.org/wkar-news/2026-03-18/east-lansing-passes-data-center-moratorium-while-evaluating-zoning-ordinances,
dct-elmwood-township-mi-2026-02-18,datacentertracker,local,MI,26,Elmwood Township,municipality,moratorium,restriction,enacted,2026-02-18,,43.55,-83.57,source_dataset,26157,Tuscola County,False,"Elmwood Township, Michigan, Board unanimously approved a 9-month moratorium on data centers (reduced from originally proposed 12 months). No known data center plans exist for the county; the moratorium is precautionary. The board tabled… (datacentertracker.org)",datacentertracker.org,https://www.tuscolatoday.com/news/elmwood-acts-on-data-center-moratorium/article_989c5d64-6088-4222-8f1c-e9d099776f71.html,
dct-erie-township-mi-2026-02-10,datacentertracker,local,MI,26,Erie Township,municipality,moratorium,restriction,in_force,2026-02-10,,41.773,-83.495,source_dataset,26115,Monroe County,False,"Erie Township (Monroe County) enacted a limited moratorium on data center development on February 10, 2026, joining nearby Dundee Township which has had a moratorium since October 2025 in response to Cloverleaf's proposed 350-acre 'Project… (datacentertracker.org)",datacentertracker.org,https://www.wkar.org/wkar-news/2026-02-27/michigan-data-center-tracker-moratoria-legislation-and-grid-impact,
mi-fenton-township-2026,moratorium_nation,local,MI,26,Fenton Township,municipality,moratorium,restriction,pending,2026-02-17,,42.82645,-83.72772,source_dataset,26049,Genesee County,False,"365-day data-center moratorium, adopted 2026-02-17, adoption pending or unconfirmed (Moratorium Nation)",Moratorium Nation (ALEA Institute),https://mjbommar.github.io/moratorium-data-2026/,
mi-filer-township-2026,moratorium_nation,local,MI,26,Filer Township,municipality,moratorium,restriction,in_force,2026-06-02,,44.20563,-86.32213,source_dataset,26101,Manistee County,False,"365-day data-center moratorium, adopted 2026-06-02, active per tracker (Moratorium Nation)",Moratorium Nation (ALEA Institute),https://mjbommar.github.io/moratorium-data-2026/,
mi-city-of-flint-2026,moratorium_nation,local,MI,26,Flint (city),municipality,moratorium,restriction,in_force,2026-06-08,,43.05617,-83.67021,source_dataset,26049,Genesee County,False,"365-day data-center moratorium, adopted 2026-06-08, active per tracker (Moratorium Nation)",Moratorium Nation (ALEA Institute),https://mjbommar.github.io/moratorium-data-2026/,
mi-forsyth-township-2026,moratorium_nation,local,MI,26,Forsyth Township,municipality,moratorium,restriction,in_force,2026-06-25,,46.24652,-87.42815,source_dataset,26103,Marquette County,False,"Data-center moratorium, adopted 2026-06-25, active per tracker (Moratorium Nation)",Moratorium Nation (ALEA Institute),https://mjbommar.github.io/moratorium-data-2026/,
dct-gibraltar-mi-moratorium-2026-02,datacentertracker,local,MI,26,Gibraltar,municipality,moratorium,restriction,enacted,2026-03-09,,42.0948,-83.1897,source_dataset,26163,Wayne County,False,"Gibraltar, Michigan, City Council unanimously approved a year-long moratorium in March 2026, freezing a proposed 100 MW data center at the former McLouth Steel site (27800 W. Jefferson Ave.) by Raeden. The facility would consume as much… (datacentertracker.org)",datacentertracker.org,https://planetdetroit.org/2026/03/gibraltar-data-center-moratorium/,
mi-grand-blanc-township-2026,moratorium_nation,local,MI,26,Grand Blanc Township,municipality,moratorium,restriction,in_force,2026-01-21,,42.91626,-83.6665,source_dataset,26049,Genesee County,False,"365-day data-center moratorium, adopted 2026-01-21, active per tracker (Moratorium Nation)",Moratorium Nation (ALEA Institute),https://mjbommar.github.io/moratorium-data-2026/,
mi-green-charter-township-2025,moratorium_nation,local,MI,26,Green Charter Township,municipality,moratorium,restriction,in_force,2025-12-09,,43.77033,-85.50302,source_dataset,26107,Mecosta County,False,"365-day data-center moratorium, adopted 2025-12-09, active per tracker (Moratorium Nation)",Moratorium Nation (ALEA Institute),https://mjbommar.github.io/moratorium-data-2026/,
mi-hagar-township-2026,moratorium_nation,local,MI,26,Hagar Township,municipality,moratorium,restriction,in_force,2026-07-17,,42.20019,-86.3703,source_dataset,26021,Berrien County,False,"365-day data-center moratorium, adopted 2026-07-17, active per tracker (Moratorium Nation)",Moratorium Nation (ALEA Institute),https://mjbommar.github.io/moratorium-data-2026/,
mi-haring-township-undated,moratorium_nation,local,MI,26,Haring Township,municipality,moratorium,restriction,pending,,,44.2987,-85.39523,source_dataset,26165,Wexford County,False,"180-day data-center moratorium, adoption pending or unconfirmed (Moratorium Nation)",Moratorium Nation (ALEA Institute),https://mjbommar.github.io/moratorium-data-2026/,
mi-hart-2026,moratorium_nation,local,MI,26,Hart (city),municipality,moratorium,restriction,in_force,2026-05-26,,43.69834,-86.36396,source_dataset,26127,Oceana County,False,"180-day data-center moratorium, adopted 2026-05-26, active per tracker (Moratorium Nation)",Moratorium Nation (ALEA Institute),https://mjbommar.github.io/moratorium-data-2026/,
dct-hayes-township-mi-2026-02-10,datacentertracker,local,MI,26,Hayes Township,municipality,moratorium,restriction,in_force,2026-02-10,,45.278,-85.148,source_dataset,26029,Charlevoix County,False,"Hayes Township, Michigan, (Charlevoix County) Board of Trustees unanimously enacted a 180-day moratorium on data centers on February 10, 2026, despite no current data center proposals. After a full hour of public comment in person and over… (datacentertracker.org)",datacentertracker.org,https://www.interlochenpublicradio.org/ipr-news/2026-02-10/charlevoix-area-township-passes-data-center-moratorium,
mi-houghton-2026,moratorium_nation,local,MI,26,Houghton (city),municipality,moratorium,restriction,in_force,2026-07-08,,46.85913,-88.77747,source_dataset,26061,Houghton County,False,"365-day data-center moratorium, adopted 2026-07-08, active per tracker (Moratorium Nation)",Moratorium Nation (ALEA Institute),https://mjbommar.github.io/moratorium-data-2026/,
mi-howell-township-2025,moratorium_nation,local,MI,26,Howell Township,municipality,moratorium,restriction,expired,2025-11-20,,42.64694,-83.97861,source_dataset,26093,Livingston County,False,"180-day data-center moratorium, adopted 2025-11-20, since expired (Moratorium Nation)",Moratorium Nation (ALEA Institute),https://mjbommar.github.io/moratorium-data-2026/,
mi-huron-county-2026,moratorium_nation,local,MI,26,Huron County,county,moratorium,restriction,in_force,2026-05-27,,43.83857,-83.0222,source_dataset,26063,Huron County,True,"1095-day data-center moratorium, adopted 2026-05-27, active per tracker (Moratorium Nation)",Moratorium Nation (ALEA Institute),https://mjbommar.github.io/moratorium-data-2026/,
mi-lake-township-2026,moratorium_nation,local,MI,26,Lake Township,municipality,moratorium,restriction,in_force,2026-07-16,,43.956,-83.18409,source_dataset,26063,Huron County,False,"180-day data-center moratorium, adopted 2026-07-16, active per tracker (Moratorium Nation)",Moratorium Nation (ALEA Institute),https://mjbommar.github.io/moratorium-data-2026/,
mi-lansing-2026,moratorium_nation,local,MI,26,Lansing (city),municipality,moratorium,restriction,in_force,2026-07-13,,42.73383,-84.55463,source_dataset,26065,Ingham County,False,"182-day data-center moratorium, adopted 2026-07-13, active per tracker (Moratorium Nation)",Moratorium Nation (ALEA Institute),https://mjbommar.github.io/moratorium-data-2026/,
dct-lenox-township-mi-2026-02-02,datacentertracker,local,MI,26,Lenox Township,municipality,moratorium,restriction,in_force,2026-02-02,,42.766,-82.9,source_dataset,26099,Macomb County,False,"Lenox Township Board of Trustees adopted a 4-month moratorium on new data center development effective February 2, 2026, with the option for one additional 4-month extension. The moratorium gives the township time to review zoning… (datacentertracker.org)",datacentertracker.org,http://www.lenox-mi.gov/m/newsflash?cat=7,
mi-lincoln-township-2026,moratorium_nation,local,MI,26,Lincoln Township,municipality,moratorium,restriction,in_force,2026-06-09,,43.87752,-82.94304,source_dataset,26063,Huron County,False,"300-day data-center moratorium, adopted 2026-06-09, active per tracker (Moratorium Nation)",Moratorium Nation (ALEA Institute),https://mjbommar.github.io/moratorium-data-2026/,
mi-lodi-township-2026,moratorium_nation,local,MI,26,Lodi Township,municipality,moratorium,restriction,in_force,2026-02-03,,42.21143,-83.83875,source_dataset,26161,Washtenaw County,False,"180-day data-center moratorium, adopted 2026-02-03, active per tracker (Moratorium Nation)",Moratorium Nation (ALEA Institute),https://mjbommar.github.io/moratorium-data-2026/,
dct-lowell-township-mi-2025-12-18,datacentertracker,local,MI,26,Lowell Township,municipality,zoning_exclusion,restriction,in_force,2025-12-18,,42.933,-85.3578,source_dataset,26081,Kent County,False,Franklin Lowell LLC applied to rezone 235 acres at Covenant Business Park near Grand Rapids for a data center. A public hearing was abandoned when the venue couldn't hold the opposition turnout. The City of Lowell suspended participation… (datacentertracker.org),datacentertracker.org,https://www.datacenterdynamics.com/en/news/developer-in-lowell-township-michigan-withdraws-data-center-application-following-opposition/,
mi-lowell-township-2026,moratorium_nation,local,MI,26,Lowell Township (proposed),municipality,moratorium,restriction,expired,,,42.88554,-85.37101,source_dataset,26081,Kent County,False,"180-day data-center moratorium, since expired (Moratorium Nation)",Moratorium Nation (ALEA Institute),https://mjbommar.github.io/moratorium-data-2026/,
mi-lyndon-township-2026,moratorium_nation,local,MI,26,Lyndon Township,municipality,moratorium,restriction,in_force,2026-05-12,,42.38035,-84.07877,source_dataset,26161,Washtenaw County,False,"365-day data-center moratorium, adopted 2026-05-12, active per tracker (Moratorium Nation)",Moratorium Nation (ALEA Institute),https://mjbommar.github.io/moratorium-data-2026/,
mi-lyon-township-2026,moratorium_nation,local,MI,26,Lyon Charter Township (Oakland County),municipality,moratorium,restriction,in_force,2026-05,,42.47646,-83.61326,source_dataset,26125,Oakland County,False,"180-day data-center moratorium, adopted 2026-05, active per tracker (Moratorium Nation)",Moratorium Nation (ALEA Institute),https://mjbommar.github.io/moratorium-data-2026/,
mi-lyon-township-2026-2,moratorium_nation,local,MI,26,Lyon Township,municipality,moratorium,restriction,in_force,2026-05,,44.48289,-84.79288,source_dataset,26143,Roscommon County,False,"180-day data-center moratorium, adopted 2026-05, active per tracker (Moratorium Nation)",Moratorium Nation (ALEA Institute),https://mjbommar.github.io/moratorium-data-2026/,
mi-manchester-township-2025,moratorium_nation,local,MI,26,Manchester Township,municipality,moratorium,restriction,in_force,2025-10-14,,42.11613,-84.06972,source_dataset,26161,Washtenaw County,False,"Data-center moratorium, adopted 2025-10-14, active per tracker (Moratorium Nation)",Moratorium Nation (ALEA Institute),https://mjbommar.github.io/moratorium-data-2026/,
mi-mason-2026,moratorium_nation,local,MI,26,Mason (city),municipality,moratorium,restriction,replaced,2026-01-05,,43.97788,-86.24629,source_dataset,26105,Mason County,False,"90-day data-center moratorium, adopted 2026-01-05, since replaced by permanent regulations (Moratorium Nation)",Moratorium Nation (ALEA Institute),https://mjbommar.github.io/moratorium-data-2026/,
mi-mason-township-2026,moratorium_nation,local,MI,26,Mason Township,municipality,moratorium,restriction,in_force,2026-05-02,,41.78479,-85.9344,source_dataset,26027,Cass County,False,"365-day data-center moratorium, adopted 2026-05-02, active per tracker (Moratorium Nation)",Moratorium Nation (ALEA Institute),https://mjbommar.github.io/moratorium-data-2026/,
mi-meridian-township-2026,moratorium_nation,local,MI,26,Meridian Township,municipality,moratorium,restriction,in_force,2026-05-19,,42.72786,-84.41471,source_dataset,26065,Ingham County,False,"180-day data-center moratorium, adopted 2026-05-19, active per tracker (Moratorium Nation)",Moratorium Nation (ALEA Institute),https://mjbommar.github.io/moratorium-data-2026/,
dct-new-buffalo-township-mi-moratorium-2026-04,datacentertracker,local,MI,26,New Buffalo Township,municipality,moratorium,restriction,enacted,2026-04-08,,41.7939,-86.7311,source_dataset,26021,Berrien County,False,"New Buffalo Township, Michigan (Berrien County) passed a 1-year data center moratorium on April 8, 2026, blocking an investment group's 'Project Maize' data center proposal and giving the township time to develop zoning standards. Part of… (datacentertracker.org)",datacentertracker.org,https://www.heraldpalladium.com/communities/new_buffalo/new-buffalo-township-moves-to-pause-data-centers/article_ae807e06-310b-5d6e-a346-f4952041d0a6.html,
dct-northville-mi-2026-01-06,datacentertracker,local,MI,26,Northville,municipality,moratorium,restriction,enacted,2026-01-06,,42.4311,-83.4833,source_dataset,26163,Wayne County,False,"The Northville City Council unanimously approved a 12-month preemptive moratorium on data centers on January 6, 2026, halting any data center applications. Unlike other communities, Northville acted preemptively despite having no current… (datacentertracker.org)",datacentertracker.org,https://planetdetroit.org/2026/01/data-center-moratorium-northville/,
mi-orion-township-2026,moratorium_nation,local,MI,26,Orion Township,municipality,moratorium,restriction,in_force,2026-06-15,,42.75165,-83.26423,source_dataset,26125,Oakland County,False,"180-day data-center moratorium, adopted 2026-06-15, active per tracker (Moratorium Nation)",Moratorium Nation (ALEA Institute),https://mjbommar.github.io/moratorium-data-2026/,
dct-oshtemo-township-mi-2026-01-01,datacentertracker,local,MI,26,Oshtemo Township,municipality,moratorium,restriction,in_force,2026-01-01,,42.2475,-85.6803,source_dataset,26077,Kalamazoo County,False,"Oshtemo Charter Township (Kalamazoo County) is formally considering a data center moratorium as of early 2026, joining Portage and at least 27 other Michigan communities with active moratoria or moratorium proposals. A township memo… (datacentertracker.org)",datacentertracker.org,https://wwmt.com/news/local/oshtemo-charter-township-considers-data-center-moratorium-portage-ai-artificial-intelligence-debate-development-battery-energy-bess-west-michigan,
mi-park-township-2026,moratorium_nation,local,MI,26,Park Township,municipality,moratorium,restriction,in_force,2026-05-13,,42.81202,-86.17412,source_dataset,26139,Ottawa County,False,"Data-center moratorium, adopted 2026-05-13, active per tracker (Moratorium Nation)",Moratorium Nation (ALEA Institute),https://mjbommar.github.io/moratorium-data-2026/,
dct-penn-township-cass-county-mi-moratorium-2026-05-11,datacentertracker,local,MI,26,"Penn Township Board (Cass County), MI",municipality,moratorium,restriction,enacted,2026-05-11,,41.9192,-86.0089,source_dataset,26027,Cass County,False,Penn Township approved a 30-day moratorium on data centers 5-1; Trustee Scott Peters cast lone dissent wanting longer. Hundreds packed the meeting. Diamond Lake Association had requested at least 2 years. Planning commission tasked with… (datacentertracker.org),datacentertracker.org,https://datacentertracker.org/,
mi-pine-grove-township-2026,moratorium_nation,local,MI,26,Pine Grove Township,municipality,moratorium,restriction,in_force,2026-06-03,,42.39409,-85.82192,source_dataset,26159,Van Buren County,False,"180-day data-center moratorium, adopted 2026-06-03, active per tracker (Moratorium Nation)",Moratorium Nation (ALEA Institute),https://mjbommar.github.io/moratorium-data-2026/,
mi-pittsfield-township-2025,moratorium_nation,local,MI,26,Pittsfield Township,municipality,moratorium,restriction,in_force,2025-11-20,,42.21032,-83.72411,source_dataset,26161,Washtenaw County,False,"180-day data-center moratorium, adopted 2025-11-20, extended and active per tracker (Moratorium Nation)",Moratorium Nation (ALEA Institute),https://mjbommar.github.io/moratorium-data-2026/,
mi-pontiac-2026,moratorium_nation,local,MI,26,Pontiac (city),municipality,moratorium,restriction,in_force,2026-01-21,,42.63892,-83.29105,source_dataset,26125,Oakland County,False,"180-day data-center moratorium, adopted 2026-01-21, active per tracker (Moratorium Nation)",Moratorium Nation (ALEA Institute),https://mjbommar.github.io/moratorium-data-2026/,
mi-porter-township-2026,moratorium_nation,local,MI,26,Porter Township,municipality,moratorium,restriction,in_force,2026-05-12,,42.11325,-85.82053,source_dataset,26159,Van Buren County,False,"365-day data-center moratorium, adopted 2026-05-12, active per tracker (Moratorium Nation)",Moratorium Nation (ALEA Institute),https://mjbommar.github.io/moratorium-data-2026/,
dct-porter-township-cass-county-mi-moratorium-2026-05-12,datacentertracker,local,MI,26,"Porter Township Board (Cass County), MI",municipality,moratorium,restriction,enacted,2026-05-12,,41.8128,-85.923,source_dataset,26027,Cass County,False,"Porter Township Board unanimously adopted Ordinance 5-12-26, a 12-month moratorium on accepting/processing data center applications (extendable by resolution), effective May 19. This is the longer-term Cass County action; neighboring Penn… (datacentertracker.org)",datacentertracker.org,https://datacentertracker.org/,
mi-romeo-2026,moratorium_nation,local,MI,26,Romeo (village),municipality,moratorium,restriction,in_force,2026-01-26,,42.80281,-83.01299,source_dataset,26099,Macomb County,False,"365-day data-center moratorium, adopted 2026-01-26, active per tracker (Moratorium Nation)",Moratorium Nation (ALEA Institute),https://mjbommar.github.io/moratorium-data-2026/,
mi-saginaw-2026,moratorium_nation,local,MI,26,Saginaw (city),municipality,moratorium,restriction,in_force,2026-01-12,,43.42004,-83.94904,source_dataset,26145,Saginaw County,False,"180-day data-center moratorium, adopted 2026-01-12, extended and active per tracker (Moratorium Nation)",Moratorium Nation (ALEA Institute),https://mjbommar.github.io/moratorium-data-2026/,
mi-saline-city-2026,moratorium_nation,local,MI,26,Saline City (city),municipality,moratorium,restriction,in_force,2026-01-12,,43.61669,-83.8389,source_dataset,26017,Bay County,False,"365-day data-center moratorium, adopted 2026-01-12, active per tracker (Moratorium Nation)",Moratorium Nation (ALEA Institute),https://mjbommar.github.io/moratorium-data-2026/,
dct-saline-township-board-rezone-rescission-mi-2026-01-28,datacentertracker,local,MI,26,Saline Township Board (I-1 to A-1 rescission),municipality,zoning_exclusion,restriction,enacted,2026-01-28,,42.1295,-83.7691,source_dataset,26161,Washtenaw County,False,"At an overflow special meeting, the Saline Township Board voted 5-0 to rescind its prior I-1 industrial designation and revert the data-center property back to A-1 Agricultural zoning, ostensibly to ensure post-decommission agricultural… (datacentertracker.org)",datacentertracker.org,https://thesuntimesnews.com/saline-twp-rescinds-industrial-zoning-ends-data-center-referendum-path/,
mi-saugatuck-township-2026,moratorium_nation,local,MI,26,Saugatuck Township,municipality,moratorium,restriction,in_force,2026-02,,42.63739,-86.16208,source_dataset,26005,Allegan County,False,"Data-center moratorium, adopted 2026-02, active per tracker (Moratorium Nation)",Moratorium Nation (ALEA Institute),https://mjbommar.github.io/moratorium-data-2026/,
mi-sault-ste-marie-tribe-of-chippewa-indian-2026,moratorium_nation,local,MI,26,Sault Ste. Marie Tribe of Chippewa Indians,tribal,moratorium,restriction,in_force,2026-04-07,,46.46787,-84.31963,source_dataset,26033,Chippewa County,False,"Data-center moratorium, adopted 2026-04-07, active per tracker (Moratorium Nation)",Moratorium Nation (ALEA Institute),https://mjbommar.github.io/moratorium-data-2026/,
mi-sherman-township-2026,moratorium_nation,local,MI,26,Sherman Township,municipality,moratorium,restriction,in_force,2026-06-09,,43.73146,-82.68533,source_dataset,26063,Huron County,False,"365-day data-center moratorium, adopted 2026-06-09, active per tracker (Moratorium Nation)",Moratorium Nation (ALEA Institute),https://mjbommar.github.io/moratorium-data-2026/,
dct-solon-township-mi-2026-02-01,datacentertracker,local,MI,26,Solon Township,municipality,moratorium,restriction,in_force,2026-02-01,,43.155,-85.494,source_dataset,26081,Kent County,False,"Solon Township, Michigan, (Kent County) Board unanimously approved a 6-month moratorium on new data center proposals in early February 2026, extended from an initial 90-day proposal after hearing residents' concerns (proposed by The Right… (datacentertracker.org)",datacentertracker.org,https://www.fox17online.com/news/local-news/rockford-cedar-springs-sparta/solon-township-approves-6-month-moratorium-on-data-center-proposals,
mi-south-lyon-undated,moratorium_nation,local,MI,26,South Lyon (city),municipality,moratorium,restriction,in_force,,,42.45138,-83.65918,source_dataset,26125,Oakland County,False,"365-day data-center moratorium, active per tracker (Moratorium Nation)",Moratorium Nation (ALEA Institute),https://mjbommar.github.io/moratorium-data-2026/,
mi-springfield-township-2025,moratorium_nation,local,MI,26,Springfield Township,municipality,moratorium,restriction,in_force,2025-12-11,,44.5349,-85.27325,source_dataset,26079,Kalkaska County,False,"180-day data-center moratorium, adopted 2025-12-11, active per tracker (Moratorium Nation)",Moratorium Nation (ALEA Institute),https://mjbommar.github.io/moratorium-data-2026/,
mi-sterling-heights-2026,moratorium_nation,local,MI,26,Sterling Heights (city),municipality,moratorium,restriction,in_force,2026-02-04,,42.58031,-83.0302,source_dataset,26099,Macomb County,False,"365-day data-center moratorium, adopted 2026-02-04, active per tracker (Moratorium Nation)",Moratorium Nation (ALEA Institute),https://mjbommar.github.io/moratorium-data-2026/,
dct-sylvan-township-mi-2026-01-22,datacentertracker,local,MI,26,Sylvan Township,municipality,moratorium,restriction,in_force,2026-01-22,,42.359,-84.031,source_dataset,26161,Washtenaw County,False,"Sylvan Township (near Chelsea, Washtenaw County) enacted a 6-month moratorium on data centers on January 22, 2026. Supervisor Amanda Nimke stated: 'We clearly can't stop them, but we can control them in a way that they're not going to be… (datacentertracker.org)",datacentertracker.org,https://thesuntimesnews.com/sylvan-township-decides-on-data-center-moratorium-and-new-computers/,
mi-taylor-undated,moratorium_nation,local,MI,26,Taylor (city),municipality,moratorium,restriction,in_force,2026-01-20,,42.24087,-83.26965,source_dataset,26163,Wayne County,False,"365-day data-center moratorium, adopted 2026-01-20, active per tracker (Moratorium Nation)",Moratorium Nation (ALEA Institute),https://mjbommar.github.io/moratorium-data-2026/,
mi-texas-township-2026,moratorium_nation,local,MI,26,Texas Township,municipality,moratorium,restriction,in_force,2026-06-22,,42.20489,-85.70674,source_dataset,26077,Kalamazoo County,False,"365-day data-center moratorium, adopted 2026-06-22, active per tracker (Moratorium Nation)",Moratorium Nation (ALEA Institute),https://mjbommar.github.io/moratorium-data-2026/,
mi-tyrone-township-2025,moratorium_nation,local,MI,26,Tyrone Township,municipality,moratorium,restriction,in_force,2025-12-02,,42.73806,-83.74417,source_dataset,26093,Livingston County,False,"180-day data-center moratorium, adopted 2025-12-02, extended and active per tracker (Moratorium Nation)",Moratorium Nation (ALEA Institute),https://mjbommar.github.io/moratorium-data-2026/,
dct-warren-mi-macomb-moratorium-request-2026-07-14,datacentertracker,local,MI,26,Warren (Macomb County),municipality,moratorium,restriction,pending,2026-07-14,,42.5145,-83.0146,source_dataset,26099,Macomb County,False,"Warren City Council Secretary Mindy Moore requested that a data-center moratorium be placed on a future council agenda after a July 3, 2026 storm knocked down 60+ power lines across the region, raising concern about additional grid strain… (datacentertracker.org)",datacentertracker.org,https://planetdetroit.org/2026/07/warren-data-center-moratorium-power-outages/,
mi-washington-township-2026,moratorium_nation,local,MI,26,Washington Township,municipality,moratorium,restriction,in_force,2026-05-20,,43.38243,-82.6885,source_dataset,26151,Sanilac County,False,"180-day data-center moratorium, adopted 2026-05-20, active per tracker (Moratorium Nation)",Moratorium Nation (ALEA Institute),https://mjbommar.github.io/moratorium-data-2026/,
dct-washington-township-macomb-mi-2026,datacentertracker,local,MI,26,Washington Township (Macomb County),municipality,zoning_exclusion,restriction,enacted,2026-03-11,,42.7377,-82.9937,source_dataset,26099,Macomb County,False,"Prologis is seeking to rezone 312 acres on 32 Mile Road for a Microsoft data center. The Planning Commission has postponed the rezoning decision four times (Jan -> Feb -> April -> June 11) as the township, Michigan, works on zoning… (datacentertracker.org)",datacentertracker.org,https://planetdetroit.org/2026/03/washington-township-delays-data-center-decision/,
mi-waterford-township-2026,moratorium_nation,local,MI,26,Waterford Township,municipality,moratorium,restriction,in_force,2026-03-23,,42.67064,-83.38962,source_dataset,26125,Oakland County,False,"180-day data-center moratorium, adopted 2026-03-23, active per tracker (Moratorium Nation)",Moratorium Nation (ALEA Institute),https://mjbommar.github.io/moratorium-data-2026/,
mi-watertown-township-2026,moratorium_nation,local,MI,26,Watertown Township,municipality,moratorium,restriction,in_force,2026-05-18,,43.27752,-83.40705,source_dataset,26157,Tuscola County,False,"365-day data-center moratorium, adopted 2026-05-18, active per tracker (Moratorium Nation)",Moratorium Nation (ALEA Institute),https://mjbommar.github.io/moratorium-data-2026/,
mi-york-township-2026,moratorium_nation,local,MI,26,York Township,municipality,moratorium,restriction,in_force,2026-02-10,,42.12762,-83.71637,source_dataset,26161,Washtenaw County,False,"180-day data-center moratorium, adopted 2026-02-10, active per tracker (Moratorium Nation)",Moratorium Nation (ALEA Institute),https://mjbommar.github.io/moratorium-data-2026/,
mi-ypsilanti-community-utilities-authority-2026,moratorium_nation,local,MI,26,Ypsilanti Community Utilities Authority,utility,moratorium,restriction,in_force,2026-04-22,,42.24105,-83.61177,source_dataset,26161,Washtenaw County,False,"365-day data-center moratorium, adopted 2026-04-22, active per tracker (Moratorium Nation)",Moratorium Nation (ALEA Institute),https://mjbommar.github.io/moratorium-data-2026/,
dct-zeeland-township-mi-2026-01-01,datacentertracker,local,MI,26,Zeeland Township,municipality,moratorium,restriction,enacted,2026-01-01,,42.81,-86.02,source_dataset,26139,Ottawa County,False,Zeeland Township's planning commission approved a one-year moratorium on data center applications in early 2026 while developing regulations for large-scale energy projects. The moratorium is part of Michigan's broader data center… (datacentertracker.org),datacentertracker.org,https://www.fox17online.com/news/local-news/holland-zeeland/zeeland-township-approves-data-center-moratorium-as-solar-farm-debate-continues,
mn-city-of-apple-valley-2026,moratorium_nation,local,MN,27,Apple Valley (city),municipality,moratorium,restriction,in_force,2026-07-09,,44.73191,-93.21772,source_dataset,27037,Dakota County,False,"365-day data-center moratorium, adopted 2026-07-09, active per tracker (Moratorium Nation)",Moratorium Nation (ALEA Institute),https://mjbommar.github.io/moratorium-data-2026/,
mn-carver-2026,moratorium_nation,local,MN,27,Carver (city),municipality,moratorium,restriction,in_force,2026-04-06,,44.80712,-93.78718,source_dataset,27019,Carver County,False,"365-day data-center moratorium, adopted 2026-04-06, active per tracker (Moratorium Nation)",Moratorium Nation (ALEA Institute),https://mjbommar.github.io/moratorium-data-2026/,
mn-eagan-2026,moratorium_nation,local,MN,27,Eagan (city),municipality,moratorium,restriction,in_force,2026-02-17,9,44.81817,-93.16592,source_dataset,27037,Dakota County,False,"365-day data-center moratorium, adopted 2026-02-17, active per tracker (Moratorium Nation)",Moratorium Nation (ALEA Institute),https://mjbommar.github.io/moratorium-data-2026/,
mn-city-of-elko-new-market-2026,moratorium_nation,local,MN,27,Elko New Market (city),municipality,moratorium,restriction,in_force,2026-05-14,,44.56582,-93.33881,source_dataset,27139,Scott County,False,"Data-center moratorium, adopted 2026-05-14, active per tracker (Moratorium Nation)",Moratorium Nation (ALEA Institute),https://mjbommar.github.io/moratorium-data-2026/,
mn-inver-grove-heights-2026,moratorium_nation,local,MN,27,Inver Grove Heights (city),municipality,moratorium,restriction,in_force,2026-06-26,,44.8479,-93.04281,source_dataset,27037,Dakota County,False,"365-day data-center moratorium, adopted 2026-06-26, active per tracker (Moratorium Nation)",Moratorium Nation (ALEA Institute),https://mjbommar.github.io/moratorium-data-2026/,
dct-inver-grove-heights-mn-moratorium-2026-05-11,datacentertracker,local,MN,27,"Inver Grove Heights City Council, MN",municipality,moratorium,restriction,enacted,2026-06-26,,44.848,-93.0427,source_dataset,27037,Dakota County,False,"Inver Grove Heights City Council voted 3-2 for a 1-year moratorium; the interim ordinance specifically captures the Travel Tags parcel (proposed ~55,000 sq ft / up to 5 MW data center by T5 Data Centers). Concerns: water, electricity… (datacentertracker.org)",datacentertracker.org,https://www.mprnews.org/story/2026/06/26/inver-grove-heights-approves-moratorium-data-centers,
mn-le-sueur-county-2026,moratorium_nation,local,MN,27,Le Sueur County,county,moratorium,restriction,in_force,2026-05-26,,44.37716,-93.71144,source_dataset,27079,Le Sueur County,True,"365-day data-center moratorium, adopted 2026-05-26, active per tracker (Moratorium Nation)",Moratorium Nation (ALEA Institute),https://mjbommar.github.io/moratorium-data-2026/,
dct-lonsdale-mn-moratorium-2026-05-05,datacentertracker,local,MN,27,"Lonsdale City Council, MN",municipality,moratorium,restriction,enacted,2026-05-05,,44.4783,-93.4243,source_dataset,27131,Rice County,False,Lonsdale City Council passed a one-year moratorium (the maximum under the UDO) on data centers. Council cited water and energy uncertainty plus developers requesting NDAs from officials. (datacentertracker.org),datacentertracker.org,https://datacentertracker.org/,
mn-mankato-2026,moratorium_nation,local,MN,27,Mankato (city),municipality,moratorium,restriction,in_force,2026-07-13,,44.16585,-94.0028,source_dataset,27013,Blue Earth County,False,"365-day data-center moratorium, adopted 2026-07-13, active per tracker (Moratorium Nation)",Moratorium Nation (ALEA Institute),https://mjbommar.github.io/moratorium-data-2026/,
mn-minneapolis-2026,moratorium_nation,local,MN,27,Minneapolis (city),municipality,moratorium,restriction,in_force,2026-06-25,,44.9773,-93.26547,source_dataset,27053,Hennepin County,False,"365-day data-center moratorium, adopted 2026-06-25, active per tracker (Moratorium Nation)",Moratorium Nation (ALEA Institute),https://mjbommar.github.io/moratorium-data-2026/,
dct-minneapolis-mn-moratorium-2026-05-21,datacentertracker,local,MN,27,"Minneapolis City Council, MN",municipality,moratorium,restriction,enacted,2026-05-21,,44.9778,-93.265,source_dataset,27053,Hennepin County,False,"Minneapolis City Council voted 8-5 for a 6-month moratorium on new data center sites; exempts downtown proposals under 350,000 sq ft. Interim ordinance in effect (no mayoral approval required). (datacentertracker.org)",datacentertracker.org,https://datacentertracker.org/,
dct-northfield-mn-regulatory-model-2026-04-08,datacentertracker,local,MN,27,Northfield,municipality,zoning_exclusion,restriction,in_force,2026-04-08,,44.458,-93.161,source_dataset,27131,Rice County,False,"Northfield, Minnesota, highlighted as a potential model for data center regulation with the strictest environmental efficiency standards in the state, covering noise, lighting, building height, electricity use, air quality, heat… (datacentertracker.org)",datacentertracker.org,https://kymnradio.net/2026/04/08/northfield-an-outlier-and-potential-model-in-minnesotas-data-center-debacle/,
mn-otsego-2026,moratorium_nation,local,MN,27,Otsego (city),municipality,moratorium,restriction,pending,2026-07,,45.28127,-93.61486,source_dataset,27171,Wright County,False,"Data-center moratorium, adopted 2026-07, adoption pending or unconfirmed (Moratorium Nation)",Moratorium Nation (ALEA Institute),https://mjbommar.github.io/moratorium-data-2026/,
mn-rosemount-2026,moratorium_nation,local,MN,27,Rosemount (city),municipality,moratorium,restriction,in_force,2026-04-21,,44.73919,-93.12611,source_dataset,27037,Dakota County,False,"365-day data-center moratorium, adopted 2026-04-21, active per tracker (Moratorium Nation)",Moratorium Nation (ALEA Institute),https://mjbommar.github.io/moratorium-data-2026/,
mn-waite-park-undated,moratorium_nation,local,MN,27,Waite Park (city),municipality,moratorium,restriction,in_force,2026-05-04,,45.55371,-94.23346,source_dataset,27145,Stearns County,False,"365-day data-center moratorium, adopted 2026-05-04, active per tracker (Moratorium Nation)",Moratorium Nation (ALEA Institute),https://mjbommar.github.io/moratorium-data-2026/,
dct-waite-park-mn-moratorium-hearing-2026-05-04,datacentertracker,local,MN,27,"Waite Park City Council, MN",municipality,moratorium,restriction,enacted,2026-05-04,,45.5572,-94.2305,source_dataset,27145,Stearns County,False,Waite Park City Council held a public hearing on a proposed one-year moratorium on data centers in industrial districts. [Validation 2026-06-21: status -> 'passed' per… (datacentertracker.org),datacentertracker.org,https://datacentertracker.org/,
mn-wright-county-2026,moratorium_nation,local,MN,27,Wright County,county,moratorium,restriction,in_force,2026-05-19,,45.14891,-93.96392,source_dataset,27171,Wright County,True,"365-day data-center moratorium, adopted 2026-05-19, active per tracker (Moratorium Nation)",Moratorium Nation (ALEA Institute),https://mjbommar.github.io/moratorium-data-2026/,
dct-wright-county-mn-emergency-moratorium-2026-05-19,datacentertracker,local,MN,27,"Wright County Board, MN",municipality,moratorium,restriction,enacted,2026-05-19,,45.1738,-93.9669,source_dataset,27171,Wright County,True,"Wright County Board unanimously approved Interim Ordinance 26-2, a 12-month moratorium on township data center applications under county P&Z authority, following citizen outcry. Monticello Tech LLC's 550-acre campus is unaffected… (datacentertracker.org)",datacentertracker.org,https://datacentertracker.org/,
dct-brentwood-mo-zoning-2026-04-06,datacentertracker,local,MO,29,Brentwood,municipality,zoning_exclusion,restriction,pending,2026-04-06,,38.618,-90.349,source_dataset,29189,St. Louis County,False,"Brentwood, Missouri Board of Aldermen held the first reading on April 6, 2026 of a bill to classify data centers as conditional use in the light industrial district, requiring public hearings, pre/post-build studies, sound standards… (datacentertracker.org)",datacentertracker.org,https://www.timesnewspapers.com/webster-kirkwoodtimes/aldermen-weigh-regulations-on-data-centers-marijuana-facilities/article_7ed373bb-5e4b-4eb1-a27d-7ebd52bc4f27.html,
mo-city-of-camdenton-2026,moratorium_nation,local,MO,29,Camdenton (city),municipality,moratorium,restriction,in_force,2026-05-05,,38.00814,-92.74434,source_dataset,29029,Camden County,False,"365-day data-center moratorium, adopted 2026-05-05, active per tracker (Moratorium Nation)",Moratorium Nation (ALEA Institute),https://mjbommar.github.io/moratorium-data-2026/,
dct-camdenton-mo-moratorium-opportunity-zone-2026-05-05,datacentertracker,local,MO,29,"Camdenton Board of Aldermen, MO",municipality,moratorium,restriction,enacted,2026-05-05,,38.0089,-92.7449,source_dataset,29029,Camden County,False,Camdenton Board of Aldermen approved a 12-month moratorium and rescinded support for an opportunity zone tied to a proposed data center. Police turned away ~25 people from city hall due to fire-occupancy limits. Moratorium cites inadequacy… (datacentertracker.org),datacentertracker.org,https://datacentertracker.org/,
dct-centralia-mo-ordinance-2026-04-20,datacentertracker,local,MO,29,Centralia,municipality,zoning_exclusion,restriction,enacted,2026-04-21,,39.2106,-92.1377,source_dataset,29019,Boone County,False,"On April 21, 2026, the Centralia Board of Aldermen unanimously passed an ordinance that defines and regulates data centers, requiring conditional use permits and permanent buildings (no shipping containers, portable units, or… (datacentertracker.org)",datacentertracker.org,https://abc17news.com/news/centralia/2026/04/17/centralia-board-of-aldermen-to-discuss-data-center-ordinance-at-monday-meeting/,
dct-liberty-mo-metrobloks-2026-03-24,datacentertracker,local,MO,29,City of Liberty,municipality,zoning_exclusion,restriction,enacted,2026-03-24,,39.2461,-94.4191,source_dataset,29047,Clay County,False,"Liberty City, Missouri, Council approved $1.4 billion in bonds and $202.7 million in tax abatements over 25 years for Metrobloks, an LA-based developer, to build three buildings totaling 568,800 sq ft on Old Hughes Road near Liberty… (datacentertracker.org)",datacentertracker.org,https://www.kcur.org/housing-development-section/2026-03-24/liberty-missouri-ai-data-center-tax-breaks,
dct-st-louis-city-mo-three-tier-zoning-delay-2026-05-19,datacentertracker,local,MO,29,"City of St. Louis (three-tier data center regulatory framework vote delayed), MO",municipality,zoning_exclusion,restriction,pending,2026-05-19,,38.627,-90.1994,source_dataset,29510,St. Louis city,True,"St. Louis's Planning & Urban Design Agency recommended delaying the vote on a three-tier data center regulatory framework (would eliminate by-right approvals and cap major facilities at 500,000 sq ft) to consider public feedback. (datacentertracker.org)",datacentertracker.org,https://datacentertracker.org/,
mo-city-of-columbia-2026,moratorium_nation,local,MO,29,Columbia (city),municipality,moratorium,restriction,in_force,2026-05,,38.95137,-92.33388,source_dataset,29019,Boone County,False,"Data-center moratorium running to a set end date, adopted 2026-05, active per tracker (Moratorium Nation)",Moratorium Nation (ALEA Institute),https://mjbommar.github.io/moratorium-data-2026/,
dct-franklin-county-regulations-mo-2026-03-17,datacentertracker,local,MO,29,Franklin County (county-wide regulations),county,zoning_exclusion,restriction,pending,2026-03-17,,38.4113,-91.0526,source_dataset,29071,Franklin County,True,"Franklin County, Missouri, Planning & Zoning Commission is considering county-wide data center regulations including 1,000-ft setbacks from residential areas. The commission will hold its next meeting April 21 at Union High School to… (datacentertracker.org)",datacentertracker.org,https://www.firstalert4.com/2026/03/18/franklin-county-data-center-projects-draw-packed-crowd-opposition-planning-meeting/,
mo-city-of-independence-2026,moratorium_nation,local,MO,29,Independence (city),municipality,moratorium,restriction,in_force,2026-07-06,,39.09302,-94.4205,source_dataset,29095,Jackson County,False,"180-day data-center moratorium, adopted 2026-07-06, active per tracker (Moratorium Nation)",Moratorium Nation (ALEA Institute),https://mjbommar.github.io/moratorium-data-2026/,
mo-jackson-county-2026,moratorium_nation,local,MO,29,Jackson County,county,moratorium,restriction,in_force,2026-06-22,,39.03552,-94.35835,source_dataset,29095,Jackson County,True,"180-day data-center moratorium, adopted 2026-06-22, active per tracker (Moratorium Nation)",Moratorium Nation (ALEA Institute),https://mjbommar.github.io/moratorium-data-2026/,
dct-jackson-county-mo-moratorium-2026-06-01,datacentertracker,local,MO,29,"Jackson County (moratorium vote delayed on two competing proposals), MO",county,moratorium,restriction,enacted,2026-06-22,,39.0997,-94.5786,source_dataset,29095,Jackson County,True,"On June 1, 2026 the Jackson County (Missouri) Legislature held over two competing data center moratorium proposals (Ord. 6074, a 120-day pause incl. battery storage; Ord. 6087, a year-long version). On June 8 it ADVANCED a 180-day… (datacentertracker.org)",datacentertracker.org,https://datacentertracker.org/,
dct-kansas-city-mo-2026-01-16,datacentertracker,local,MO,29,Kansas City,municipality,zoning_exclusion,restriction,in_force,2026-01-16,,39.0997,-94.5786,source_dataset,29095,Jackson County,False,"Kansas City, Missouri, Council unanimously approved zoning changes reclassifying data centers as industrial facilities, limiting them to specific zoning districts, revoking by-right status for larger data centers, and requiring City… (datacentertracker.org)",datacentertracker.org,https://www.kcur.org/housing-development-section/2026-01-16/kansas-city-zoning-data-centers,
mo-marion-county-2026,moratorium_nation,local,MO,29,Marion County,county,moratorium,restriction,in_force,2026-06-15,,39.80806,-91.63188,source_dataset,29127,Marion County,True,"365-day data-center moratorium, adopted 2026-06-15, active per tracker (Moratorium Nation)",Moratorium Nation (ALEA Institute),https://mjbommar.github.io/moratorium-data-2026/,
mo-city-of-neosho-2026,moratorium_nation,local,MO,29,Neosho (city),municipality,moratorium,restriction,in_force,2026-07-07,,36.86652,-94.37017,source_dataset,29145,Newton County,False,"365-day data-center moratorium, adopted 2026-07-07, active per tracker (Moratorium Nation)",Moratorium Nation (ALEA Institute),https://mjbommar.github.io/moratorium-data-2026/,
mo-nodaway-county-2026,moratorium_nation,local,MO,29,Nodaway County,county,moratorium,restriction,in_force,2026-07-21,,40.34834,-94.87237,source_dataset,29147,Nodaway County,True,"180-day data-center moratorium, adopted 2026-07-21, active per tracker (Moratorium Nation)",Moratorium Nation (ALEA Institute),https://mjbommar.github.io/moratorium-data-2026/,
dct-pacific-mo-2026-02-25,datacentertracker,local,MO,29,Pacific,municipality,zoning_exclusion,restriction,pending,2026-02-25,,38.482,-90.7415,source_dataset,29071,Franklin County,False,"Atlanta-based Beltline Energy pitched a $16B, 16-building datacenter campus on 500 acres requiring annexation into Pacific (1.3GW). Hundreds of residents packed Pacific High School in opposition. The developer withdrew the rezoning request… (datacentertracker.org)",datacentertracker.org,https://www.change.org/p/demand-transparency-on-data-center-records-in-pacific-mo-under-missouri-sunshine-law,
mo-peculiar-2024,moratorium_nation,local,MO,29,Peculiar (city),municipality,moratorium,restriction,replaced,2024-08-19,,38.71455,-94.46112,source_dataset,29037,Cass County,False,"100-day data-center moratorium, adopted 2024-08-19, since replaced by permanent regulations (Moratorium Nation)",Moratorium Nation (ALEA Institute),https://mjbommar.github.io/moratorium-data-2026/,
dct-platte-county-mo-2025-10-01,datacentertracker,local,MO,29,Platte County,county,zoning_exclusion,restriction,enacted,2025-10-01,,39.3786,-94.7664,source_dataset,29165,Platte County,True,"Project Kestrel, a $100B multi-phase data center campus by Shenandoah Computing LLC (linked to Google), proposes six hyperscale data centers totaling 1.8 million sq ft on 379 acres at the KCI-29 mega-site north of Kansas City International… (datacentertracker.org)",datacentertracker.org,https://fox4kc.com/news/platte-county-commissioner-cant-support-100-billion-northland-data-center/,
mo-city-of-springfield-2026,moratorium_nation,local,MO,29,Springfield (city),municipality,moratorium,restriction,in_force,2026-06-29,,37.21692,-93.29206,source_dataset,29077,Greene County,False,"120-day data-center moratorium, adopted 2026-06-29, active per tracker (Moratorium Nation)",Moratorium Nation (ALEA Institute),https://mjbommar.github.io/moratorium-data-2026/,
dct-st-charles-mo-permanent-ban-2026-02-01,datacentertracker,local,MO,29,St. Charles (Permanent Ban),municipality,moratorium,restriction,enacted,2026-05-19,,38.7881,-90.4974,source_dataset,29183,St. Charles County,False,"After CRG withdrew its data center proposal from St. Charles, the Festus City Council unanimously annexed 240 acres for data center development. At least two residents filed lawsuits; Wake Up Jeffco organized opposition. A door-to-door… (datacentertracker.org)",datacentertracker.org,https://www.ksdk.com/article/news/local/st-charles-ai-data-center-ban-first-in-nation/63-2c50fbcf-fcad-4b8d-bbcb-3711f6c2d29d,
mo-st-charles-2025,moratorium_nation,local,MO,29,St. Charles (city),municipality,moratorium,restriction,replaced,2025-08-22,,38.78778,-90.67474,source_dataset,29183,St. Charles County,False,"365-day data-center moratorium, adopted 2025-08-22, since replaced by permanent regulations (Moratorium Nation)",Moratorium Nation (ALEA Institute),https://mjbommar.github.io/moratorium-data-2026/,
mo-st-charles-county-2026,moratorium_nation,local,MO,29,St. Charles County,county,moratorium,restriction,in_force,2026-07-13,5,38.78778,-90.67474,source_dataset,29183,St. Charles County,True,"180-day data-center moratorium, adopted 2026-07-13, active per tracker (Moratorium Nation)",Moratorium Nation (ALEA Institute),https://mjbommar.github.io/moratorium-data-2026/,
mo-city-of-st-joseph-2026,moratorium_nation,local,MO,29,St. Joseph (city),municipality,moratorium,restriction,in_force,2026-07-20,,39.76861,-94.84663,source_dataset,29021,Buchanan County,False,"365-day data-center moratorium, adopted 2026-07-20, active per tracker (Moratorium Nation)",Moratorium Nation (ALEA Institute),https://mjbommar.github.io/moratorium-data-2026/,
dct-st-louis-mo-2025-09-01,datacentertracker,local,MO,29,St. Louis,municipality,moratorium,restriction,enacted,2026-04-21,,38.627,-90.1994,source_dataset,29510,St. Louis city,True,"On April 21, 2026, the St. Louis Board of Public Service unanimously approved the permit for a 120 MW data center adjacent to the historic Armory in Midtown St. Louis, weeks after Mayor Cara Spencer requested the vote be delayed. The… (datacentertracker.org)",datacentertracker.org,https://www.stlpr.org/government-politics-issues/2026-03-31/st-louis-mayor-cara-spencer-armory-data-center-zoning,
mo-city-of-st-peters-2026,moratorium_nation,local,MO,29,St. Peters (city),municipality,moratorium,restriction,in_force,2026-05-14,,38.79283,-90.61343,source_dataset,29183,St. Charles County,False,"365-day data-center moratorium, adopted 2026-05-14, active per tracker (Moratorium Nation)",Moratorium Nation (ALEA Institute),https://mjbommar.github.io/moratorium-data-2026/,
dct-villa-ridge-franklin-county-mo-2026-01-15,datacentertracker,local,MO,29,Villa Ridge (Franklin County),county,zoning_exclusion,restriction,pending,2026-01-15,,38.4726,-90.8868,source_dataset,29071,Franklin County,True,"Change.org petition with 6,140+ signatures voicing concerns about a proposed data center on Robertsville Road in Villa Ridge, near Shaw Nature Reserve. The land (613 acres total) is owned by Diamond 66 LLC and Diamond Farms LLC; L.B.… (datacentertracker.org)",datacentertracker.org,https://www.change.org/p/stop-the-data-center-on-robertsville-road-in-villa-ridge-missouri,
dct-warrenton-mo-2026,datacentertracker,local,MO,29,Warrenton,municipality,zoning_exclusion,restriction,enacted,2026-01-20,,38.8112,-91.1415,source_dataset,29219,Warren County,False,"The Warrenton, Missouri, Board of Aldermen voted unanimously in January 2026 to approve a conditional use permit for a Crusoe data center on a 340-acre parcel, consisting of two 805,000-square-foot buildings and a 40,000-square-foot… (datacentertracker.org)",datacentertracker.org,"https://www.warrencountyrecord.com/stories/aldermen-approve-data-center-site-plan,181278",
mo-webster-county-2026,moratorium_nation,local,MO,29,Webster County,county,moratorium,restriction,in_force,2026-06-16,,37.28952,-92.87921,source_dataset,29225,Webster County,True,"180-day data-center moratorium, adopted 2026-06-16, active per tracker (Moratorium Nation)",Moratorium Nation (ALEA Institute),https://mjbommar.github.io/moratorium-data-2026/,
ms-city-of-jackson-2026,moratorium_nation,local,MS,28,Jackson (city),municipality,moratorium,restriction,pending,2026-07-14,,32.29664,-90.18375,source_dataset,28049,Hinds County,False,"183-day data-center moratorium, adopted 2026-07-14, adoption pending or unconfirmed (Moratorium Nation)",Moratorium Nation (ALEA Institute),https://mjbommar.github.io/moratorium-data-2026/,
dct-jackson-city-ms-moratorium-2026-04-21,datacentertracker,local,MS,28,Jackson City Council,municipality,moratorium,restriction,enacted,2026-07-14,,32.2988,-90.1848,source_dataset,28049,Hinds County,False,"On April 21, 2026, Jackson City Council President Brian Grizzell introduced a draft ordinance establishing a 183-day moratorium on construction, expansion, permitting, or site-plan approval of data centers exceeding 5 MW within Jackson… (datacentertracker.org)",datacentertracker.org,https://www.wlbt.com/2026/04/20/jackson-city-councilman-seeking-temporary-moratorium-data-centers/,
mt-missoula-county-2026,moratorium_nation,local,MT,30,Missoula County,county,moratorium,restriction,in_force,2026-07-09,,46.96539,-113.92326,source_dataset,30063,Missoula County,True,"365-day data-center moratorium, adopted 2026-07-09, active per tracker (Moratorium Nation)",Moratorium Nation (ALEA Institute),https://mjbommar.github.io/moratorium-data-2026/,
dct-yellowstone-county-mt-ballot-initiative-2026-06-18,datacentertracker,local,MT,30,Yellowstone County,county,zoning_exclusion,restriction,pending,2026-06-18,,45.7833,-108.5007,source_dataset,30111,Yellowstone County,True,Yellowstone County residents (led by Kassi Solberg) have submitted a citizen ballot initiative that would bar the county from approving construction or expansion of any data center without a special election in which two-thirds of voters… (datacentertracker.org),datacentertracker.org,https://datacentertracker.org/,
nc-apex-2026,moratorium_nation,local,NC,37,Apex (town),municipality,moratorium,restriction,in_force,2026-04-14,,35.72821,-78.82957,source_dataset,37183,Wake County,False,"365-day data-center moratorium, adopted 2026-04-14, active per tracker (Moratorium Nation)",Moratorium Nation (ALEA Institute),https://mjbommar.github.io/moratorium-data-2026/,
nc-city-of-asheville-2026,moratorium_nation,local,NC,37,Asheville (city),municipality,moratorium,restriction,in_force,2026-06-23,,35.60835,-82.58801,source_dataset,37021,Buncombe County,False,"365-day data-center moratorium, adopted 2026-06-23, active per tracker (Moratorium Nation)",Moratorium Nation (ALEA Institute),https://mjbommar.github.io/moratorium-data-2026/,
nc-town-of-bailey-2026,moratorium_nation,local,NC,37,Bailey (town),municipality,moratorium,restriction,in_force,2026-05-18,,35.77896,-78.1151,source_dataset,37127,Nash County,False,"300-day data-center moratorium, adopted 2026-05-18, active per tracker (Moratorium Nation)",Moratorium Nation (ALEA Institute),https://mjbommar.github.io/moratorium-data-2026/,
nc-city-of-boiling-spring-lakes-2026,moratorium_nation,local,NC,37,Boiling Spring Lakes (city),municipality,moratorium,restriction,in_force,2026-06-02,,34.03135,-78.06727,source_dataset,37019,Brunswick County,False,"365-day data-center moratorium, adopted 2026-06-02, active per tracker (Moratorium Nation)",Moratorium Nation (ALEA Institute),https://mjbommar.github.io/moratorium-data-2026/,
nc-boone-2026,moratorium_nation,local,NC,37,Boone (town),municipality,moratorium,restriction,in_force,2026-03-23,,36.20839,-81.65378,source_dataset,37189,Watauga County,False,"365-day data-center moratorium, adopted 2026-03-23, active per tracker (Moratorium Nation)",Moratorium Nation (ALEA Institute),https://mjbommar.github.io/moratorium-data-2026/,
nc-brevard-2026,moratorium_nation,local,NC,37,Brevard (city),municipality,moratorium,restriction,replaced,2026-03-16,,35.25934,-82.70619,source_dataset,37175,Transylvania County,False,"90-day data-center moratorium, adopted 2026-03-16, since replaced by permanent regulations (Moratorium Nation)",Moratorium Nation (ALEA Institute),https://mjbommar.github.io/moratorium-data-2026/,
dct-buncombe-county-nc-2023-05-01,datacentertracker,local,NC,37,Buncombe County,county,moratorium,restriction,expired,2023-05-02,,35.601,-82.551,source_dataset,37021,Buncombe County,True,"Buncombe County (Asheville area) unanimously passed a 1-year moratorium on cryptocurrency mining on May 2, 2023. Extended in May 2024 for another year through May 2025. The county developed permanent regulations to replace the moratorium.… (datacentertracker.org)",datacentertracker.org,https://mountainx.com/news/commissioners-approve-one-year-ban-on-crypto-mining/,
nc-canton-2026,moratorium_nation,local,NC,37,Canton (town),municipality,moratorium,restriction,in_force,2026-02-11,,35.53288,-82.83736,source_dataset,37087,Haywood County,False,"365-day data-center moratorium, adopted 2026-02-11, active per tracker (Moratorium Nation)",Moratorium Nation (ALEA Institute),https://mjbommar.github.io/moratorium-data-2026/,
nc-charlotte-2026,moratorium_nation,local,NC,37,Charlotte (city),municipality,moratorium,restriction,in_force,2026-06-08,,35.22721,-80.84308,source_dataset,37119,Mecklenburg County,False,"150-day data-center moratorium, adopted 2026-06-08, active per tracker (Moratorium Nation)",Moratorium Nation (ALEA Institute),https://mjbommar.github.io/moratorium-data-2026/,
dct-charlotte-nc-citywide-moratorium-hearing-2026-05-27,datacentertracker,local,NC,37,"Charlotte (citywide 150-day data center moratorium — public hearing), NC",municipality,moratorium,restriction,enacted,2026-06-08,,35.2271,-80.8431,source_dataset,37119,Mecklenburg County,False,"On May 27, 2026, Charlotte City Council held a public hearing on a proposed 150-day citywide data center moratorium; roughly 36 speakers, mostly opposed, demanded onsite renewables, water-use limits, special-use permits for hyperscale… (datacentertracker.org)",datacentertracker.org,https://datacentertracker.org/,
nc-chatham-county-2026,moratorium_nation,local,NC,37,Chatham County,county,moratorium,restriction,in_force,2026-02-11,,35.71513,-79.2533,source_dataset,37037,Chatham County,True,"365-day data-center moratorium, adopted 2026-02-11, active per tracker (Moratorium Nation)",Moratorium Nation (ALEA Institute),https://mjbommar.github.io/moratorium-data-2026/,
dct-sanford-nc-udo-draft-2026-04-21,datacentertracker,local,NC,37,City of Sanford,municipality,zoning_exclusion,restriction,enacted,2026-04-22,,35.4799,-79.1803,source_dataset,37105,Lee County,False,"The Sanford City Council voted 6-1 (Chris Petty dissenting) on April 22, 2026, after a nearly five-hour meeting, to adopt data center zoning regulations modeled on ordinances from Loudoun County, VA, and Phoenix and Marana, AZ. Standards… (datacentertracker.org)",datacentertracker.org,https://www.sanfordherald.com/news/hearing-set-for-including-data-center-requirements-in-udo/article_0a1cc03e-61d3-5901-9789-b59938aee7f9.html,
nc-clay-county-2026,moratorium_nation,local,NC,37,Clay County (permanent restriction after earlier crypto moratorium),county,ban,restriction,in_force,2026-01-08,2,35.05727,-83.73245,source_dataset,37043,Clay County,True,"Indefinite prohibition on data centers, adopted 2026-01-08, active per tracker (Moratorium Nation)",Moratorium Nation (ALEA Institute),https://mjbommar.github.io/moratorium-data-2026/,
nc-clyde-2026,moratorium_nation,local,NC,37,Clyde (town),municipality,moratorium,restriction,in_force,2026-04-16,,35.53344,-82.91069,source_dataset,37087,Haywood County,False,"365-day data-center moratorium, adopted 2026-04-16, active per tracker (Moratorium Nation)",Moratorium Nation (ALEA Institute),https://mjbommar.github.io/moratorium-data-2026/,
dct-cumberland-county-nc-2025-11-01,datacentertracker,local,NC,37,Cumberland County,county,moratorium,restriction,in_force,2025-11-01,,35.0527,-78.8784,source_dataset,37051,Cumberland County,True,"Energy Storage Solutions (ESS) is planning a 'NetZero' data center off Dunn Road in Fayetteville (Cumberland County, NC), built in 8 phases with $6.4B investment as part of ESS's $19.2B North Carolina footprint. The project would be… (datacentertracker.org)",datacentertracker.org,https://www.change.org/p/stop-data-centers-in-cumberland-county-protect-fayetteville-s-health-and-water,
nc-cumberland-county-2026,moratorium_nation,local,NC,37,Cumberland County,county,moratorium,restriction,in_force,2026-06-15,,35.04617,-78.83943,source_dataset,37051,Cumberland County,True,"180-day data-center moratorium, adopted 2026-06-15, active per tracker (Moratorium Nation)",Moratorium Nation (ALEA Institute),https://mjbommar.github.io/moratorium-data-2026/,
nc-davie-county-2026,moratorium_nation,local,NC,37,Davie County,county,moratorium,restriction,in_force,2026-07-06,,35.93751,-80.54649,source_dataset,37059,Davie County,True,"365-day data-center moratorium, adopted 2026-07-06, active per tracker (Moratorium Nation)",Moratorium Nation (ALEA Institute),https://mjbommar.github.io/moratorium-data-2026/,
nc-durham-2026,moratorium_nation,local,NC,37,Durham (city),municipality,moratorium,restriction,in_force,2026-05-05,,35.99665,-78.9018,source_dataset,37063,Durham County,False,"Data-center moratorium, adopted 2026-05-05, extended and active per tracker (Moratorium Nation)",Moratorium Nation (ALEA Institute),https://mjbommar.github.io/moratorium-data-2026/,
dct-durham-nc-60-day-moratorium-2026-05-04,datacentertracker,local,NC,37,"Durham City Council (60-day moratorium on hyperscale data centers, cites Microsoft Woodsdale Township), NC",municipality,moratorium,restriction,enacted,2026-05-04,,35.994,-78.8986,source_dataset,37063,Durham County,False,"Durham City Council passed a 60-day moratorium on hyperscale data centers. Council Member Nate Baker: 'Durham is the first, not the only, of North Carolina's major communities to do this.' He pushed for at least a 24-month moratorium… (datacentertracker.org)",datacentertracker.org,https://datacentertracker.org/,
nc-durham-county-2026,moratorium_nation,local,NC,37,Durham County,county,moratorium,restriction,in_force,2026-06-22,,36.01813,-78.87516,source_dataset,37063,Durham County,True,"365-day data-center moratorium, adopted 2026-06-22, active per tracker (Moratorium Nation)",Moratorium Nation (ALEA Institute),https://mjbommar.github.io/moratorium-data-2026/,
nc-eastern-band-of-cherokee-indians-tribal-and-trust-lands-2026,moratorium_nation,local,NC,37,Eastern Band of Cherokee Indians (tribal and trust lands),tribal,moratorium,restriction,pending,2026-05-07,,35.51618,-83.23237,source_dataset,37099,Jackson County,False,"Data-center moratorium, adopted 2026-05-07, adoption pending or unconfirmed (Moratorium Nation)",Moratorium Nation (ALEA Institute),https://mjbommar.github.io/moratorium-data-2026/,
dct-fayetteville-nc-zoning-ban-2026-03,datacentertracker,local,NC,37,Fayetteville,municipality,moratorium,restriction,pending,2026-03-05,,35.0527,-78.8784,source_dataset,37051,Cumberland County,False,"Fayetteville, North Carolina, City Council voted in early March 2026 to remove data centers as a permitted use from ALL zoning categories within city limits. A pending application by CHI Acquisitions LP for a 300,000 sq ft facility on 37… (datacentertracker.org)",datacentertracker.org,https://thecitizen.com/2026/03/16/data-center-decision-comes-thursday-for-fayetteville-council/,
nc-town-of-franklin-2026,moratorium_nation,local,NC,37,Franklin (town),municipality,moratorium,restriction,in_force,2026-07-06,,36.10286,-78.27872,source_dataset,37069,Franklin County,False,"365-day data-center moratorium, adopted 2026-07-06, active per tracker (Moratorium Nation)",Moratorium Nation (ALEA Institute),https://mjbommar.github.io/moratorium-data-2026/,
nc-gates-county-2025,moratorium_nation,local,NC,37,Gates County,county,moratorium,restriction,in_force,2025-12-17,,36.44125,-76.69441,source_dataset,37073,Gates County,True,"365-day data-center moratorium, adopted 2025-12-17, active per tracker (Moratorium Nation)",Moratorium Nation (ALEA Institute),https://mjbommar.github.io/moratorium-data-2026/,
nc-harnett-county-2026,moratorium_nation,local,NC,37,Harnett County,county,moratorium,restriction,in_force,2026-05-05,,35.38809,-78.8625,source_dataset,37085,Harnett County,True,"365-day data-center moratorium, adopted 2026-05-05, active per tracker (Moratorium Nation)",Moratorium Nation (ALEA Institute),https://mjbommar.github.io/moratorium-data-2026/,
dct-henderson-county-nc-2023-05-01,datacentertracker,local,NC,37,Henderson County,county,moratorium,restriction,expired,2023-05-01,,35.327,-82.48,source_dataset,37089,Henderson County,True,"Henderson County passed a 60-day moratorium on cryptocurrency mining on May 1, 2023, citing noise, energy, and e-waste concerns. The moratorium was replaced by permanent Land Development Code amendments establishing zoning requirements for… (datacentertracker.org)",datacentertracker.org,https://www.foxcarolina.com/2023/05/01/henderson-county-hold-public-hearing-cryptocurrency-mining/,
nc-city-of-hendersonville-undated,moratorium_nation,local,NC,37,Hendersonville (city),municipality,moratorium,restriction,pending,,,35.31873,-82.46095,source_dataset,37089,Henderson County,False,"Data-center moratorium, adoption pending or unconfirmed (Moratorium Nation)",Moratorium Nation (ALEA Institute),https://mjbommar.github.io/moratorium-data-2026/,
nc-town-of-hillsborough-2026,moratorium_nation,local,NC,37,Hillsborough (town),municipality,moratorium,restriction,in_force,2026-05-27,,36.07538,-79.0994,source_dataset,37135,Orange County,False,"365-day data-center moratorium, adopted 2026-05-27, extended and active per tracker (Moratorium Nation)",Moratorium Nation (ALEA Institute),https://mjbommar.github.io/moratorium-data-2026/,
nc-town-of-holly-springs-2026,moratorium_nation,local,NC,37,Holly Springs (town),municipality,moratorium,restriction,in_force,2026-06-16,,35.65127,-78.83362,source_dataset,37183,Wake County,False,"Data-center moratorium, adopted 2026-06-16, active per tracker (Moratorium Nation)",Moratorium Nation (ALEA Institute),https://mjbommar.github.io/moratorium-data-2026/,
nc-kings-mountain-2026,moratorium_nation,local,NC,37,Kings Mountain (city),municipality,moratorium,restriction,in_force,2026-02-24,,35.24548,-81.34001,source_dataset,37045,Cleveland County,False,"182-day data-center moratorium, adopted 2026-02-24, active per tracker (Moratorium Nation)",Moratorium Nation (ALEA Institute),https://mjbommar.github.io/moratorium-data-2026/,
dct-lee-county-nc-2026-03-16,datacentertracker,local,NC,37,Lee County,county,moratorium,restriction,enacted,2026-03-16,,35.4738,-79.1803,source_dataset,37105,Lee County,True,"Lee County commissioners voted 6-1 on March 16, 2026 to begin drafting a moratorium on data centers and cryptomining, following a packed public meeting. On April 20, 2026, after a roughly three-hour public hearing, the Board voted 5-1 to… (datacentertracker.org)",datacentertracker.org,https://www.wunc.org/2026-03-17/lee-county-residents-ask-for-a-data-center-moratorium,
dct-leland-nc-2026-02-27,datacentertracker,local,NC,37,Leland,municipality,zoning_exclusion,restriction,pending,2026-02-27,,34.2563,-78.0453,source_dataset,37019,Brunswick County,False,"The Town of Leland initiated a preemptive text amendment to regulate data center facilities, requiring closed-loop cooling systems, a 60% renewable energy mandate, and restricting data centers to heavy industrial districts via conditional… (datacentertracker.org)",datacentertracker.org,https://portcitydaily.com/latest-news/2026/02/27/leland-braces-for-ai-surge-with-strict-proposed-data-center-rules/,
nc-madison-county-2023,moratorium_nation,local,NC,37,Madison County (cryptocurrency mining; data-center-adjacent),county,moratorium,restriction,expired,2023-06-13,,35.8482,-82.69311,source_dataset,37115,Madison County,True,"365-day data-center moratorium, adopted 2023-06-13, since expired (Moratorium Nation)",Moratorium Nation (ALEA Institute),https://mjbommar.github.io/moratorium-data-2026/,
nc-city-of-mount-airy-2026,moratorium_nation,local,NC,37,Mount Airy (city),municipality,moratorium,restriction,in_force,2026-07-16,,36.49871,-80.60796,source_dataset,37171,Surry County,False,"60-day data-center moratorium, adopted 2026-07-16, active per tracker (Moratorium Nation)",Moratorium Nation (ALEA Institute),https://mjbommar.github.io/moratorium-data-2026/,
nc-northampton-county-2026,moratorium_nation,local,NC,37,Northampton County,county,moratorium,restriction,in_force,2026-05-04,,36.41681,-77.36422,source_dataset,37131,Northampton County,True,"976-day data-center moratorium, adopted 2026-05-04, active per tracker (Moratorium Nation)",Moratorium Nation (ALEA Institute),https://mjbommar.github.io/moratorium-data-2026/,
dct-northampton-county-nc-32-month-moratorium-2026-05-04,datacentertracker,local,NC,37,"Northampton County Commissioners, NC",municipality,moratorium,restriction,enacted,2026-05-04,,36.4143,-77.4039,source_dataset,37131,Northampton County,True,Northampton County Commissioners unanimously approved a 32-month moratorium on data centers after a ~300-signature petition pressed for a longer pause than the originally planned 12 months. SELC attorney involved in advising the community. (datacentertracker.org),datacentertracker.org,https://datacentertracker.org/,
nc-orange-county-2026,moratorium_nation,local,NC,37,Orange County,county,moratorium,restriction,in_force,2026-04-21,,36.06051,-79.11727,source_dataset,37135,Orange County,True,"365-day data-center moratorium, adopted 2026-04-21, active per tracker (Moratorium Nation)",Moratorium Nation (ALEA Institute),https://mjbommar.github.io/moratorium-data-2026/,
nc-pasquotank-county-2026,moratorium_nation,local,NC,37,Pasquotank County,county,moratorium,restriction,in_force,2026-05-18,,36.22808,-76.21496,source_dataset,37139,Pasquotank County,True,"364-day data-center moratorium, adopted 2026-05-18, active per tracker (Moratorium Nation)",Moratorium Nation (ALEA Institute),https://mjbommar.github.io/moratorium-data-2026/,
nc-rowan-county-2026,moratorium_nation,local,NC,37,Rowan County,county,moratorium,restriction,in_force,2026-04-20,,35.63159,-80.51717,source_dataset,37159,Rowan County,True,"365-day data-center moratorium, adopted 2026-04-20, active per tracker (Moratorium Nation)",Moratorium Nation (ALEA Institute),https://mjbommar.github.io/moratorium-data-2026/,
dct-southport-nc-moratorium-2026-07-16,datacentertracker,local,NC,37,Southport,municipality,moratorium,restriction,pending,2026-07-16,,33.9165,-78.0192,source_dataset,37019,Brunswick County,False,"The Southport Planning Board voted unanimously on July 16, 2026 to recommend the city adopt a 15-month moratorium on data center development rather than proceeding directly to a zoning text amendment, as city staff continue workshopping… (datacentertracker.org)",datacentertracker.org,https://portcitydaily.com/latest-news/2026/07/17/southport-pushes-for-data-center-moratorium-as-it-workshops-zoning-rules/,
nc-town-of-spring-hope-2026,moratorium_nation,local,NC,37,Spring Hope (town),municipality,moratorium,restriction,in_force,2026-05-04,,35.94515,-78.11194,source_dataset,37127,Nash County,False,"365-day data-center moratorium, adopted 2026-05-04, active per tracker (Moratorium Nation)",Moratorium Nation (ALEA Institute),https://mjbommar.github.io/moratorium-data-2026/,
nc-surry-county-2026,moratorium_nation,local,NC,37,Surry County,county,moratorium,restriction,in_force,2026-06,,36.41356,-80.70137,source_dataset,37171,Surry County,True,"731-day data-center moratorium, adopted 2026-06, extended and active per tracker (Moratorium Nation)",Moratorium Nation (ALEA Institute),https://mjbommar.github.io/moratorium-data-2026/,
nc-swain-county-2026,moratorium_nation,local,NC,37,Swain County,county,moratorium,restriction,in_force,2026-04-21,,35.45819,-83.46627,source_dataset,37173,Swain County,True,"365-day data-center moratorium, adopted 2026-04-21, active per tracker (Moratorium Nation)",Moratorium Nation (ALEA Institute),https://mjbommar.github.io/moratorium-data-2026/,
dct-hillsborough-nc-moratorium-2026-06,datacentertracker,local,NC,37,"Town of Hillsborough (60-day AI data center moratorium), NC",municipality,moratorium,restriction,enacted,2026-06-01,,36.0754,-79.0997,source_dataset,37135,Orange County,False,"The Town of Hillsborough enacted a 60-day moratorium on AI data centers and data mining to update its land-use ordinances, joining recent actions by Orange County, Chatham County, and the City of Durham in the region. (datacentertracker.org)",datacentertracker.org,https://datacentertracker.org/,
dct-vance-county-nc-rezoning-2026-04-06,datacentertracker,local,NC,37,Vance County,county,zoning_exclusion,restriction,enacted,2026-04-20,,36.3651,-78.4003,source_dataset,37181,Vance County,True,"After a delayed April 6, 2026 vote and a unanimous April 12-13 planning board recommendation, the Vance County Board of Commissioners voted 6-1 on April 20, 2026 to approve a rezoning along U.S. 158 near Henderson that paves the way for a… (datacentertracker.org)",datacentertracker.org,https://www.change.org/p/urge-vance-county-board-to-vote-no-on-rezoning-for-the-data-center,
nc-watauga-county-2026,moratorium_nation,local,NC,37,Watauga County,county,moratorium,restriction,in_force,2026-04-21,,36.22281,-81.68638,source_dataset,37189,Watauga County,True,"365-day data-center moratorium, adopted 2026-04-21, active per tracker (Moratorium Nation)",Moratorium Nation (ALEA Institute),https://mjbommar.github.io/moratorium-data-2026/,
nc-wendell-2026,moratorium_nation,local,NC,37,Wendell (town),municipality,moratorium,restriction,in_force,2026-04-13,,35.78099,-78.36972,source_dataset,37183,Wake County,False,"Data-center moratorium running to a set end date, adopted 2026-04-13, active per tracker (Moratorium Nation)",Moratorium Nation (ALEA Institute),https://mjbommar.github.io/moratorium-data-2026/,
nc-city-of-wilson-2026,moratorium_nation,local,NC,37,Wilson (city),municipality,moratorium,restriction,in_force,2026-05-21,,35.72417,-77.91152,source_dataset,37195,Wilson County,False,"365-day data-center moratorium, adopted 2026-05-21, active per tracker (Moratorium Nation)",Moratorium Nation (ALEA Institute),https://mjbommar.github.io/moratorium-data-2026/,
nc-town-of-woodfin-2026,moratorium_nation,local,NC,37,Woodfin (town),municipality,moratorium,restriction,in_force,2026-05-19,,35.63344,-82.58207,source_dataset,37021,Buncombe County,False,"365-day data-center moratorium, adopted 2026-05-19, active per tracker (Moratorium Nation)",Moratorium Nation (ALEA Institute),https://mjbommar.github.io/moratorium-data-2026/,
nd-barnes-county-2026,moratorium_nation,local,ND,38,Barnes County,county,moratorium,restriction,in_force,2026-05-19,,46.93105,-98.06789,source_dataset,38003,Barnes County,True,"180-day data-center moratorium, adopted 2026-05-19, active per tracker (Moratorium Nation)",Moratorium Nation (ALEA Institute),https://mjbommar.github.io/moratorium-data-2026/,
nd-dunn-county-2026,moratorium_nation,local,ND,38,Dunn County,county,moratorium,restriction,in_force,2026-03-18,,47.30612,-102.61123,source_dataset,38025,Dunn County,True,"365-day data-center moratorium, adopted 2026-03-18, active per tracker (Moratorium Nation)",Moratorium Nation (ALEA Institute),https://mjbommar.github.io/moratorium-data-2026/,
nd-mercer-county-2026,moratorium_nation,local,ND,38,Mercer County,county,moratorium,restriction,in_force,2026-03-03,,47.33477,-101.865,source_dataset,38057,Mercer County,True,"365-day data-center moratorium, adopted 2026-03-03, active per tracker (Moratorium Nation)",Moratorium Nation (ALEA Institute),https://mjbommar.github.io/moratorium-data-2026/,
nd-morton-county-2024,moratorium_nation,local,ND,38,Morton County,county,moratorium,restriction,in_force,2024-09-12,,46.72447,-101.16445,source_dataset,38059,Morton County,True,"Data-center moratorium, adopted 2024-09-12, active per tracker (Moratorium Nation)",Moratorium Nation (ALEA Institute),https://mjbommar.github.io/moratorium-data-2026/,
nd-oliver-county-2024-p1,moratorium_nation,local,ND,38,Oliver County (Phase 1),county,moratorium,restriction,expired,2024-12-12,,47.10777,-101.35245,source_dataset,38065,Oliver County,True,"Data-center moratorium, adopted 2024-12-12, since rescinded (Moratorium Nation)",Moratorium Nation (ALEA Institute),https://mjbommar.github.io/moratorium-data-2026/,
nd-oliver-county-2025-p2,moratorium_nation,local,ND,38,Oliver County (Phase 2),county,moratorium,restriction,expired,2025-05-06,,47.10777,-101.35245,source_dataset,38065,Oliver County,True,"90-day data-center moratorium, adopted 2025-05-06, since expired (Moratorium Nation)",Moratorium Nation (ALEA Institute),https://mjbommar.github.io/moratorium-data-2026/,
nd-oliver-county-2026-p3,moratorium_nation,local,ND,38,Oliver County (Phase 3),county,moratorium,restriction,expired,2026-03-13,,47.10777,-101.35245,source_dataset,38065,Oliver County,True,"180-day data-center moratorium, adopted 2026-03-13, since rescinded (Moratorium Nation)",Moratorium Nation (ALEA Institute),https://mjbommar.github.io/moratorium-data-2026/,
nd-williams-county-2023,moratorium_nation,local,ND,38,Williams County,county,moratorium,restriction,replaced,2023-06-20,,48.36299,-103.49584,source_dataset,38105,Williams County,True,"180-day data-center moratorium, adopted 2023-06-20, since replaced by permanent regulations (Moratorium Nation)",Moratorium Nation (ALEA Institute),https://mjbommar.github.io/moratorium-data-2026/,
dct-broken-bow-ne-moratorium-2026-07-14,datacentertracker,local,NE,31,Broken Bow,municipality,moratorium,restriction,enacted,2026-07-14,,41.4033,-99.6396,source_dataset,31041,Custer County,False,"City Council unanimously approved a 6-month moratorium on new data center construction applications, giving officials time to develop formal regulations. Per Zoning Administrator Jacob Holcomb, the city needs additional research time; the… (datacentertracker.org)",datacentertracker.org,https://writing.strisker.com/data-centers-daily-notes-july-15-2026/,
dct-cass-county-ne-planning-commission-2026-07-13,datacentertracker,local,NE,31,Cass County,municipality,moratorium,restriction,pending,2026-07-13,,41.0128,-95.8861,source_dataset,31025,Cass County,True,"The Cass County Planning Commission voted in favor of recommending a data center moratorium (no specific duration set) to the County Board, which holds final approval authority. The vote followed a packed public hearing at the county… (datacentertracker.org)",datacentertracker.org,https://nebraskapublicmedia.org/en/news/news-articles/cass-county-moves-closer-to-moratorium-on-data-centers/,
ne-cherry-county-2026,moratorium_nation,local,NE,31,Cherry County,county,moratorium,restriction,in_force,2026-07-14,,42.55602,-101.1503,source_dataset,31031,Cherry County,True,"180-day data-center moratorium, adopted 2026-07-14, active per tracker (Moratorium Nation)",Moratorium Nation (ALEA Institute),https://mjbommar.github.io/moratorium-data-2026/,
ne-hitchcock-county-2025,moratorium_nation,local,NE,31,Hitchcock County,county,moratorium,restriction,replaced,2025-02-03,,40.16596,-101.03875,source_dataset,31087,Hitchcock County,True,"365-day data-center moratorium, adopted 2025-02-03, since replaced by permanent regulations (Moratorium Nation)",Moratorium Nation (ALEA Institute),https://mjbommar.github.io/moratorium-data-2026/,
ne-logan-county-2026,moratorium_nation,local,NE,31,Logan County,county,moratorium,restriction,in_force,2026-07-15,,41.55901,-100.50306,source_dataset,31113,Logan County,True,"365-day data-center moratorium, adopted 2026-07-15, active per tracker (Moratorium Nation)",Moratorium Nation (ALEA Institute),https://mjbommar.github.io/moratorium-data-2026/,
ne-otoe-county-2026,moratorium_nation,local,NE,31,Otoe County,county,moratorium,restriction,in_force,2026-05-19,,40.65669,-96.14446,source_dataset,31131,Otoe County,True,"365-day data-center moratorium, adopted 2026-05-19, active per tracker (Moratorium Nation)",Moratorium Nation (ALEA Institute),https://mjbommar.github.io/moratorium-data-2026/,
ne-seward-county-2026,moratorium_nation,local,NE,31,Seward County,county,moratorium,restriction,in_force,2026-06-30,,40.86955,-97.17067,source_dataset,31159,Seward County,True,"365-day data-center moratorium, adopted 2026-06-30, active per tracker (Moratorium Nation)",Moratorium Nation (ALEA Institute),https://mjbommar.github.io/moratorium-data-2026/,
dct-seward-county-ne-moratorium-2026-06-25,datacentertracker,local,NE,31,Seward County Board of Commissioners,county,moratorium,restriction,enacted,2026-06-25,,40.9097,-97.0961,source_dataset,31159,Seward County,True,"Seward County Board of Commissioners unanimously passed a one-year moratorium on data center permits and construction, becoming roughly the 10th-11th Nebraska county with a data center moratorium (joining Butler, Box Butte, Custer, Dundy… (datacentertracker.org)",datacentertracker.org,https://www.1011now.com/2026/06/30/seward-county-approves-one-year-pause-data-center-permits-construction/,
nh-town-of-nottingham-undated,moratorium_nation,local,NH,33,Nottingham (town),municipality,moratorium,restriction,pending,,,43.11502,-71.10008,source_dataset,33015,Rockingham County,False,"365-day data-center moratorium, adoption pending or unconfirmed (Moratorium Nation)",Moratorium Nation (ALEA Institute),https://mjbommar.github.io/moratorium-data-2026/,
dct-andover-township-nj-data-center-ban-announce-2026-05-10,datacentertracker,local,NJ,34,"Andover Township Committee (Sussex County — ban announced after viral tense meeting at former Newton/Jump airport site), NJ",municipality,moratorium,restriction,pending,2026-05-10,,41.0048,-74.7421,source_dataset,34037,Sussex County,False,"After a public meeting at which police (mayor's son) wrestled a resident to the ground, Andover Township Committee announced it will introduce two ordinances — one repealing data centers as a permitted use at the former Newton/Jump airport… (datacentertracker.org)",datacentertracker.org,https://datacentertracker.org/,
dct-bernards-township-nj-ban-2026-06-18,datacentertracker,local,NJ,34,Bernards Township,municipality,zoning_exclusion,restriction,enacted,2026-06-23,,40.6834,-74.5663,source_dataset,34035,Somerset County,False,"Bernards Township (Basking Ridge) is advancing Ordinance No. 2599, which would remove 'data processing centers' as a permitted use in the township's E1-E5 office zones and prohibit data centers township-wide unless otherwise allowed. The… (datacentertracker.org)",datacentertracker.org,https://patch.com/new-jersey/baskingridge/data-centers-banned-bernards-township-after-committee-vote,
dct-red-bank-nj-ban-statewide-call-2026-06-11,datacentertracker,local,NJ,34,"Borough of Red Bank (data center ban + first NJ call for statewide moratorium), NJ",municipality,zoning_exclusion,restriction,enacted,2026-06-11,,40.3471,-74.0643,source_dataset,34025,Monmouth County,False,"On June 11, 2026 the Red Bank Borough Council unanimously voted to ban data centers (final adoption) and unanimously passed an 'AI Accountability Proclamation' calling on the State of New Jersey to pause construction of new large-scale… (datacentertracker.org)",datacentertracker.org,https://datacentertracker.org/,
dct-cherry-hill-nj-data-center-ban-2026-07-28,datacentertracker,local,NJ,34,Cherry Hill Township,municipality,zoning_exclusion,restriction,enacted,2026-07-28,,39.9348,-75.0307,source_dataset,34007,Camden County,False,"Cherry Hill Township Council voted unanimously on 2026-07-28 to ban large-scale data centers, designating them a non-permitted land use townshipwide while still allowing small in-house server rooms for local businesses. Any future data… (datacentertracker.org)",datacentertracker.org,https://www.inquirer.com/south-jersey/cherry-hill-nj-data-center-ban-20260728.html,
dct-asbury-park-nj-ban-2026-06-10,datacentertracker,local,NJ,34,City of Asbury Park,municipality,ordinance_conditions,condition,enacted,2026-06-10,,40.2204,-74.0121,source_dataset,34025,Monmouth County,False,"On June 10, 2026, the Asbury Park City Council unanimously passed a resolution banning data centers within city limits and calling on Gov. Mikie Sherrill to enact a statewide moratorium on new data center construction. The council cited… (datacentertracker.org)",datacentertracker.org,https://datacentertracker.org/,
dct-summit-nj-ban-2026-06-16,datacentertracker,local,NJ,34,"City of Summit (ban ordinance introduced), NJ",municipality,zoning_exclusion,restriction,enacted,2026-06-16,,40.7156,-74.3596,source_dataset,34039,Union County,False,"Summit Common Council introduced an ordinance amending prohibited land uses to ban AI data centers, with debate over a 20-MW peak-power threshold. Council Member Jamel Boyer voted against introducing it, arguing the language is too weak… (datacentertracker.org)",datacentertracker.org,https://datacentertracker.org/,
dct-cranford-nj-ban-2026-06-08,datacentertracker,local,NJ,34,"Cranford Township (ban amendment to be introduced), NJ",municipality,zoning_exclusion,restriction,pending,2026-06-09,,40.6584,-74.2996,source_dataset,34039,Union County,False,"Cranford announced it will introduce a land-use ordinance amendment on June 8, 2026 to explicitly prohibit AI data centers, reversing its August 2025 broadening of permitted uses in the C-1 Commerce Park zone. The action is driven by… (datacentertracker.org)",datacentertracker.org,https://datacentertracker.org/,
nj-galloway-township-2026,moratorium_nation,local,NJ,34,Galloway Township,municipality,moratorium,restriction,in_force,2026-06-16,,39.46461,-74.49861,source_dataset,34001,Atlantic County,False,"180-day data-center moratorium, adopted 2026-06-16, active per tracker (Moratorium Nation)",Moratorium Nation (ALEA Institute),https://mjbommar.github.io/moratorium-data-2026/,
dct-jersey-city-nj-data-center-ban-2026-07-15,datacentertracker,local,NJ,34,Jersey City,municipality,ordinance_conditions,condition,pending,2026-07-15,,40.7178,-74.0431,source_dataset,34017,Hudson County,False,"Mayor James Solomon and the City Council introduced Ordinance 26-057 on first reading, which would ban data centers as a primary principal use in Jersey City's Industrial Districts. Roughly five existing downtown data center facilities… (datacentertracker.org)",datacentertracker.org,https://www.jerseycitynj.gov/news/jersey_city_introduces_law_to_ban_data_centers,
dct-millville-nj-data-center-ban-2026-05-19,datacentertracker,local,NJ,34,"Millville Board of Commissioners (Cumberland County — total data center ban), NJ",municipality,moratorium,restriction,enacted,2026-05-19,,39.4023,-75.0393,source_dataset,34011,Cumberland County,False,"The Millville Board of Commissioners voted to completely ban data centers citywide, killing what was described as the largest proposed data center in NJ history (2.6M sq ft, ~1.4 GW). A win for the Gen Z-led Climate Revolution Action… (datacentertracker.org)",datacentertracker.org,https://datacentertracker.org/,
dct-monroe-township-gloucester-dc-ban-nj-2026-03-25,datacentertracker,local,NJ,34,Monroe Township (Gloucester County),municipality,zoning_exclusion,restriction,pending,2026-04-08,,39.6601,-75.0596,source_dataset,34015,Gloucester County,False,"Monroe Township (Gloucester County) introduced Ordinance O:20-2026 on April 8, 2026 to ban data centers from the Hexa Redevelopment Plan on Black Horse Pike. Final adoption vote scheduled for April 22, 2026. Follows January 8 planning… (datacentertracker.org)",datacentertracker.org,https://southjersey.media/williamstown-news/council-introduces-ordinance-banning-data-center-usage-from-redevelopment-plan/,
dct-monroe-township-nj-zoning-ordinance-2026-06-29,datacentertracker,local,NJ,34,Monroe Township Council (ordinance striking 'data processing facilities' from zoning code),municipality,zoning_exclusion,restriction,pending,2026-06-29,,40.3224,-74.4396,source_dataset,34023,Middlesex County,False,"Council discussed 'Ordinance 013,' which would strike references to 'data processing facilities' from local land-use/planning documents, effectively closing a zoning pathway. No developer or specific project named; driven by resident… (datacentertracker.org)",datacentertracker.org,https://thelocallens.org/monroe-town-council-considers-moratorium-on-ai-data-centers-amid-growing-community-concerns/,
dct-neptune-township-nj-ban-2026-07-13,datacentertracker,local,NJ,34,Neptune Township,municipality,zoning_exclusion,restriction,enacted,2026-07-13,,40.2043,-74.0432,source_dataset,34025,Monmouth County,False,"Neptune Township's Township Committee voted 3-1 on 2026-07-13 to ban both data centers and DHS/ICE immigration detention facilities townshipwide, becoming the 25th New Jersey municipality to ban data centers. The ordinance was developed in… (datacentertracker.org)",datacentertracker.org,https://www.roi-nj.com/2026/07/14/industry/energy-utilities/neptune-township-becomes-25th-n-j-municipality-to-ban-data-centers/,
dct-new-brunswick-nj-2026-02-19,datacentertracker,local,NJ,34,New Brunswick,municipality,zoning_exclusion,restriction,enacted,2026-02-19,,40.4862,-74.4518,source_dataset,34023,Middlesex County,False,"New Brunswick, New Jersey, City Council voted unanimously on Feb 19, 2026 to remove data centers as a permitted use from the Jersey-Sandford Redevelopment Plan, killing the Amzak Capital-backed 27,000 sq ft AI data center proposal… (datacentertracker.org)",datacentertracker.org,https://www.commondreams.org/news/new-brunswick-ai-data-center,
dct-old-bridge-township-nj-ban-draft-2026-06-12,datacentertracker,local,NJ,34,"Old Bridge Township (drafting permanent data center ban), NJ",municipality,zoning_exclusion,restriction,pending,2026-06-12,,40.4126,-74.3293,source_dataset,34023,Middlesex County,False,"After a heated, packed public meeting (~June 9), the Old Bridge Township (Middlesex County) Council moved to draft an ordinance that would permanently ban data centers township-wide, escalating from an initially-floated three-year… (datacentertracker.org)",datacentertracker.org,https://datacentertracker.org/,
dct-pemberton-township-nj-2026-02-20,datacentertracker,local,NJ,34,Pemberton Township,municipality,zoning_exclusion,restriction,enacted,2026-02-20,,39.9712,-74.6832,source_dataset,34005,Burlington County,False,"Pemberton Township became the first municipality in New Jersey to outright ban data centers when it passed Ordinance 10-2026 on February 20, 2026, prohibiting the construction and operation of data centers throughout the township.… (datacentertracker.org)",datacentertracker.org,https://pinelandsalliance.org/data-center-victories-local-actions-drive-regional-change/,
dct-phillipsburg-nj-2026-02-25,datacentertracker,local,NJ,34,Phillipsburg,municipality,zoning_exclusion,restriction,enacted,2026-02-25,,40.6934,-75.1904,source_dataset,34041,Warren County,False,"Phillipsburg, NJ Town Council unanimously adopted Ordinance 2026-08 on April 14, 2026 banning data centers in all zoning districts. The final vote followed a February 24 first reading. Concerns about 300MW power demand and 3-5 million… (datacentertracker.org)",datacentertracker.org,https://www.tapinto.net/towns/phillipsburg/sections/government/articles/phillipsburg-to-vote-to-ban-data-centers-citing-major-energy-and-water-demands,
dct-phillipsburg-nj-ban-ordinance-2026-04,datacentertracker,local,NJ,34,Phillipsburg (data center ban),municipality,zoning_exclusion,restriction,enacted,2026-03-26,,40.6934,-75.1904,source_dataset,34041,Warren County,False,"Phillipsburg, NJ Town Council UNANIMOUSLY adopted Ordinance 2026-08 on April 14, 2026, banning data centers in all zoning districts townwide. Residents cited concerns about a potential 300MW data center consuming 3-5 million gallons of… (datacentertracker.org)",datacentertracker.org,https://www.tapinto.net/towns/phillipsburg/sections/government/articles/phillipsburg-council-votes-unanimously-to-shut-the-door-on-data-centers,
dct-roselle-park-nj-2026-05-21,datacentertracker,local,NJ,34,Roselle Park,municipality,ordinance_conditions,condition,pending,2026-05-21,,40.6645,-74.2643,source_dataset,34039,Union County,False,"Roselle Park introduced Ordinance 2860 (first reading) to prohibit data centers in all zoning districts, tied to transparency concerns about the neighboring Kenilworth CoreWeave project. (datacentertracker.org)",datacentertracker.org,https://datacentertracker.org/,
nj-sayreville-2026,moratorium_nation,local,NJ,34,Sayreville (town),municipality,moratorium,restriction,in_force,2026-07-20,,40.46354,-74.36185,source_dataset,34023,Middlesex County,False,"540-day data-center moratorium, adopted 2026-07-20, active per tracker (Moratorium Nation)",Moratorium Nation (ALEA Institute),https://mjbommar.github.io/moratorium-data-2026/,
dct-union-township-nj-2026-05-19,datacentertracker,local,NJ,34,Union Township,municipality,ordinance_conditions,condition,pending,2026-05-19,,40.6976,-74.2632,source_dataset,34039,Union County,False,"Union Township advanced (first reading) an ordinance prohibiting AI data centers in all districts, reacting to CoreWeave's $1.8B facility in adjacent Kenilworth. UPDATE: the first-reading vote prohibiting AI data centers in all zoning… (datacentertracker.org)",datacentertracker.org,https://datacentertracker.org/,
dct-vineland-nj-2025-12-23,datacentertracker,local,NJ,34,Vineland,municipality,zoning_exclusion,restriction,enacted,2025-12-23,,39.4864,-75.026,source_dataset,34011,Cumberland County,False,"~100 people gathered to protest a 350 MW hyperscale AI data center under construction in Vineland, which will have roughly Empire State Building-sized footprint and nearly double the city's electrical capacity. Concerns include health… (datacentertracker.org)",datacentertracker.org,https://whyy.org/articles/data-center-artificial-intelligence-vineland-new-jersey/,
dct-warren-county-model-ordinance-nj-2026-01,datacentertracker,local,NJ,34,Warren County (model ordinance),county,zoning_exclusion,restriction,in_force,2026-01-15,,40.8568,-74.999,source_dataset,34041,Warren County,True,"Warren County Commissioner James R. Kern III, a member of the county Planning Board, distributed an advisory model data center siting ordinance to mayors and governing bodies across all Warren County municipalities on January 8, 2026. The… (datacentertracker.org)",datacentertracker.org,https://www.tapinto.net/towns/phillipsburg/articles/commissioner-kern-shares-model-ordinance-to-assist-municipalities-in-evaluating-data-center-siting,
dct-warren-township-nj-somerset-ban-2026-05-18,datacentertracker,local,NJ,34,"Warren Township, Somerset County (data center ban, first reading), NJ",municipality,zoning_exclusion,restriction,enacted,2026-06-18,,40.6276,-74.5132,source_dataset,34035,Somerset County,False,"The Warren Township (Somerset County, NJ) Committee approved the first reading (May 18, 2026) of an ordinance — introduced by Committeeman Daniel Croson — that would prohibit data centers as a permitted use in all zoning districts… (datacentertracker.org)",datacentertracker.org,https://datacentertracker.org/,
dct-bernalillo-county-nm-2026-02-01,datacentertracker,local,NM,35,Bernalillo County,county,zoning_exclusion,restriction,enacted,2026-02-11,,35.05,-106.669,source_dataset,35001,Bernalillo County,True,"Bernalillo County guardrails resolution (proposed by Commissioner Eric Olivas) passed 4-1 (Benson dissent) on February 11, 2026. Project Jupiter (Oracle / $50B / ~1,400 acres) is a SEPARATE project in Doña Ana County — it was incorrectly… (datacentertracker.org)",datacentertracker.org,https://www.bernco.gov/blog/2026/02/11/data-center-project-guardrails-resolution-approved-by-bernalillo-county-commission/,
nm-santa-fe-county-2026,moratorium_nation,local,NM,35,Santa Fe County,county,moratorium,restriction,in_force,2026-06-30,,35.48597,-106.01355,source_dataset,35049,Santa Fe County,True,"540-day data-center moratorium, adopted 2026-06-30, active per tracker (Moratorium Nation)",Moratorium Nation (ALEA Institute),https://mjbommar.github.io/moratorium-data-2026/,
dct-santa-fe-county-nm-moratorium-2026-06-16,datacentertracker,local,NM,35,"Santa Fe County (yearlong data center moratorium advancing), NM",county,moratorium,restriction,enacted,2026-06-16,,35.687,-105.9378,source_dataset,35049,Santa Fe County,True,"Santa Fe County (NM) commissioners are advancing a yearlong moratorium on data center developments, with a public hearing and vote expected in late June; Commissioner Lisa Cacari Stone framed it as a 'meaningful pause' to develop land-use… (datacentertracker.org)",datacentertracker.org,https://datacentertracker.org/,
nm-sierra-county-2026,moratorium_nation,local,NM,35,Sierra County,county,moratorium,restriction,pending,2026-07-21,,33.11659,-107.25694,source_dataset,35051,Sierra County,True,"Data-center moratorium, adopted 2026-07-21, adoption pending or unconfirmed (Moratorium Nation)",Moratorium Nation (ALEA Institute),https://mjbommar.github.io/moratorium-data-2026/,
nm-socorro-county-2026,moratorium_nation,local,NM,35,Socorro County,county,moratorium,restriction,in_force,2026-06-09,,33.99047,-106.92208,source_dataset,35053,Socorro County,True,"365-day data-center moratorium, adopted 2026-06-09, active per tracker (Moratorium Nation)",Moratorium Nation (ALEA Institute),https://mjbommar.github.io/moratorium-data-2026/,
dct-socorro-county-nm-moratorium-process-2026-05-12,datacentertracker,local,NM,35,"Socorro County Commission (moratorium process advanced; vote June 9), NM",municipality,moratorium,restriction,enacted,2026-06-09,,34.0584,-106.8914,source_dataset,35053,Socorro County,True,"Socorro County Commission (130+ attendees) authorized publication of an ordinance summary/title for a proposed 1-year moratorium on data centers in unincorporated areas, paving the way for a public hearing and vote June 9, plus a community… (datacentertracker.org)",datacentertracker.org,https://datacentertracker.org/,
dct-clark-county-nv-switch-expansion-2026-06-18,datacentertracker,local,NV,32,Clark County,county,zoning_exclusion,restriction,enacted,2026-06-18,,36.1699,-115.1398,source_dataset,32003,Clark County,True,"The Clark County Commission, sitting as the zoning board, voted unanimously on June 18, 2026 to approve Switch's nearly 57,000-sq-ft data center expansion on nine acres along Warm Springs Road west of Decatur Blvd. More than a dozen… (datacentertracker.org)",datacentertracker.org,https://datacentertracker.org/,
nv-humboldt-county-2026,moratorium_nation,local,NV,32,Humboldt County,county,moratorium,restriction,in_force,2026-07-06,,41.42939,-118.20248,source_dataset,32013,Humboldt County,True,"Data-center moratorium running to a set end date, adopted 2026-07-06, active per tracker (Moratorium Nation)",Moratorium Nation (ALEA Institute),https://mjbommar.github.io/moratorium-data-2026/,
dct-lyon-county-monarch-nv-2025-12,datacentertracker,local,NV,32,Lyon County (Monarch),county,zoning_exclusion,restriction,enacted,2025-12-07,,38.9824,-119.1443,source_dataset,32019,Lyon County,True,"Copia Power's Monarch Data Center, backed by Carlyle Group, won approval for an $11B, 1,000 MW campus on 505 acres rezoned from agriculture in Mason Valley. The 14-building, 4.6M sq ft facility includes onsite power infrastructure and… (datacentertracker.org)",datacentertracker.org,https://www.datacenterdynamics.com/en/news/land-rezoning-approved-for-data-center-in-lyon-county-nevada/,
dct-lyon-county-silver-springs-nv-2025-11-01,datacentertracker,local,NV,32,Lyon County (Silver Springs),municipality,zoning_exclusion,restriction,enacted,2025-11-01,,39.4337,-119.2258,source_dataset,32019,Lyon County,True,"Tract acquired 1,060 acres near Silver Springs in Lyon County to develop a datacenter park with up to 1.6GW capacity. The Lyon County Planning Commission unanimously approved the rezoning of 500+ acres. Some citizens expressed opposition… (datacentertracker.org)",datacentertracker.org,https://www.change.org/p/will-we-lose-our-water-petition-to-disapprove-of-data-centers,
nv-nye-county-2026,moratorium_nation,local,NV,32,Nye County,county,moratorium,restriction,in_force,2026-06-02,,38.35448,-116.40696,source_dataset,32023,Nye County,True,"Data-center moratorium, adopted 2026-06-02, active per tracker (Moratorium Nation)",Moratorium Nation (ALEA Institute),https://mjbommar.github.io/moratorium-data-2026/,
dct-reno-nv-2025-01-10,datacentertracker,local,NV,32,Reno,municipality,zoning_exclusion,restriction,enacted,2025-01-22,,39.5296,-119.8138,source_dataset,32031,Washoe County,False,"Sierra Club Toiyabe Chapter appealed the Planning Commission's approval of Webb Data Center's 82,000 sq ft facility, arguing the city established zoning guidelines without public input and citing open meeting law violations. On January 22… (datacentertracker.org)",datacentertracker.org,https://nevadacurrent.com/2025/01/10/effort-to-block-reno-data-center-offers-glimpse-of-increasingly-thorny-issue-in-nevada/,
dct-reno-nv-2025-02-05,datacentertracker,local,NV,32,Reno (Moratorium Rejection),municipality,moratorium,restriction,enacted,2025-02-05,,39.53,-119.814,source_dataset,32031,Washoe County,False,"Reno Planning Commission voted 4-2 in February 2025 to recommend a temporary moratorium on new data center permits, citing concerns about energy use, water consumption, and the city's lack of data center policies. The City Council rejected… (datacentertracker.org)",datacentertracker.org,https://thisisreno.com/2025/02/reno-planning-commission-data-center-moratorium/,
dct-reno-oppidan-nv-2025-01,datacentertracker,local,NV,32,Reno (Stead),municipality,zoning_exclusion,restriction,enacted,2025-03-12,,39.6662,-119.8813,source_dataset,32031,Washoe County,False,"Oppidan proposed a 5MW data center on a 7-acre site in the Stead area of Reno, Nevada,. The Sierra Club Toiyabe Chapter raised environmental, grid, and water concerns. Despite opposition, the project was approved, with community advocates… (datacentertracker.org)",datacentertracker.org,https://www.datacenterdynamics.com/en/news/oppidan-gains-approval-for-5mw-data-center-in-reno-nevada/,
dct-reno-cold-springs-nv-2025-05-21,datacentertracker,local,NV,32,Reno (StoneGate Rezoning),municipality,zoning_exclusion,restriction,enacted,2025-05-21,,39.624,-119.95,source_dataset,32031,Washoe County,False,"StoneGate proposed converting 1,767 acres in Reno's Cold Springs area approved for ~5,000 homes into industrial/data center use, reducing housing to ~1,350 units. The Planning Commission rejected the rezoning, but the City Council approved… (datacentertracker.org)",datacentertracker.org,https://www.nbcnews.com/news/us-news/reno-nevada-data-centers-water-drought-rcna235966,
dct-reno-nv-text-amendment-data-center-2026-04-22,datacentertracker,local,NV,32,Reno (Title 18 text amendment),municipality,zoning_exclusion,restriction,enacted,2026-04-22,,39.5296,-119.8138,source_dataset,32031,Washoe County,False,"On Earth Day (April 22, 2026), the Reno City Council voted unanimously to initiate a text amendment to Title 18 of the Annexation and Land Development Code to revise data center regulations addressing definitions, siting, noise, water use… (datacentertracker.org)",datacentertracker.org,https://www.kunr.org/local-stories/2026-04-23/reno-city-council-takes-first-step-toward-changing-data-center-development-rules,
nv-reno-2026,moratorium_nation,local,NV,32,Reno (city),municipality,moratorium,restriction,in_force,2026-06-01,,39.52618,-119.81266,source_dataset,32031,Washoe County,False,"Data-center moratorium running to a set end date, adopted 2026-06-01, extended and active per tracker (Moratorium Nation)",Moratorium Nation (ALEA Institute),https://mjbommar.github.io/moratorium-data-2026/,
dct-reno-nv-moratorium-extension-2026-06-01,datacentertracker,local,NV,32,"Reno (data center moratorium extended into 2027), NV",municipality,moratorium,restriction,enacted,2026-06-01,,39.5296,-119.8138,source_dataset,32031,Washoe County,False,"On June 1, 2026, the Reno City Council voted 6-1 to extend its data center moratorium into 2027 — described as the first such extension in Nevada — while the city continues work on a Title 18 text amendment revising data center… (datacentertracker.org)",datacentertracker.org,https://datacentertracker.org/,
dct-yerington-lyon-county-nv-2025-08-01,datacentertracker,local,NV,32,Yerington (Lyon County),county,zoning_exclusion,restriction,enacted,2025-12-04,,38.9855,-119.1627,source_dataset,32019,Lyon County,True,"Copia Power Devco LLC (backed by Carlyle) received 4-1 approval from Lyon County commissioners for a Master Plan Amendment to build the Monarch Data Center - 4.6 million sq ft across 14 buildings on 505 acres in Mason Valley, Yerington.… (datacentertracker.org)",datacentertracker.org,https://www.change.org/p/stop-the-monarch-data-center-in-yerington-nevada,
ny-town-of-brookhaven-2026,moratorium_nation,local,NY,36,Brookhaven (town),municipality,moratorium,restriction,in_force,2026-07-16,,40.77927,-72.91538,source_dataset,36103,Suffolk County,False,"545-day data-center moratorium, adopted 2026-07-16, active per tracker (Moratorium Nation)",Moratorium Nation (ALEA Institute),https://mjbommar.github.io/moratorium-data-2026/,
ny-town-of-clifton-park-2026,moratorium_nation,local,NY,36,Clifton Park (town),municipality,moratorium,restriction,in_force,2026-07-07,,42.86304,-73.77476,source_dataset,36091,Saratoga County,False,"365-day data-center moratorium, adopted 2026-07-07, active per tracker (Moratorium Nation)",Moratorium Nation (ALEA Institute),https://mjbommar.github.io/moratorium-data-2026/,
ny-dryden-2024,moratorium_nation,local,NY,36,Dryden (Tompkins County) (town),municipality,moratorium,restriction,replaced,2024-07-31,,42.49062,-76.29767,source_dataset,36109,Tompkins County,False,"540-day data-center moratorium, adopted 2024-07-31, since replaced by permanent regulations (Moratorium Nation)",Moratorium Nation (ALEA Institute),https://mjbommar.github.io/moratorium-data-2026/,
ny-town-of-east-fishkill-2026,moratorium_nation,local,NY,36,East Fishkill (town),municipality,moratorium,restriction,in_force,2026-06-25,,41.55333,-73.79562,source_dataset,36027,Dutchess County,False,"Data-center moratorium running to a set end date, adopted 2026-06-25, active per tracker (Moratorium Nation)",Moratorium Nation (ALEA Institute),https://mjbommar.github.io/moratorium-data-2026/,
ny-town-of-highland-2026,moratorium_nation,local,NY,36,Highland (town),municipality,moratorium,restriction,in_force,2026-06,,41.52972,-74.89722,source_dataset,36105,Sullivan County,False,"365-day data-center moratorium, adopted 2026-06, active per tracker (Moratorium Nation)",Moratorium Nation (ALEA Institute),https://mjbommar.github.io/moratorium-data-2026/,
ny-lansing-2025,moratorium_nation,local,NY,36,"Lansing (Tompkins County) - proposed, not enacted (town)",municipality,moratorium,restriction,expired,,,42.48514,-76.48562,source_dataset,36109,Tompkins County,False,"365-day data-center moratorium, since rescinded (Moratorium Nation)",Moratorium Nation (ALEA Institute),https://mjbommar.github.io/moratorium-data-2026/,
ny-lewiston-2026,moratorium_nation,local,NY,36,"Lewiston (Niagara County) - proposed, public hearing held (town)",municipality,moratorium,restriction,in_force,,,43.17256,-79.03588,source_dataset,36063,Niagara County,False,"548-day data-center moratorium, active per tracker (Moratorium Nation)",Moratorium Nation (ALEA Institute),https://mjbommar.github.io/moratorium-data-2026/,
dct-lysander-ny-2026-05-07,datacentertracker,local,NY,36,Lysander,municipality,moratorium,restriction,enacted,2026-05-07,,43.1862,-76.2941,source_dataset,36067,Onondaga County,False,The Town of Lysander (Onondaga County) approved a 6-month data center moratorium (through approximately November 6) after residents spoke nearly unanimously against a project proposal. (datacentertracker.org),datacentertracker.org,https://datacentertracker.org/,
ny-lysander-2026,moratorium_nation,local,NY,36,Lysander (Onondaga County) - drafting authorized (town),municipality,moratorium,restriction,pending,,,43.20646,-76.4591,source_dataset,36067,Onondaga County,False,"Data-center moratorium, adoption pending or unconfirmed (Moratorium Nation)",Moratorium Nation (ALEA Institute),https://mjbommar.github.io/moratorium-data-2026/,
ny-manlius-2026,moratorium_nation,local,NY,36,Manlius (town),municipality,moratorium,restriction,in_force,2026-07-09,,43.00201,-75.97686,source_dataset,36067,Onondaga County,False,"365-day data-center moratorium, adopted 2026-07-09, active per tracker (Moratorium Nation)",Moratorium Nation (ALEA Institute),https://mjbommar.github.io/moratorium-data-2026/,
dct-nassau-county-ny-2025-04-01,datacentertracker,local,NY,36,Nassau County,county,moratorium,restriction,in_force,2025-04-01,,40.727,-73.59,source_dataset,36059,Nassau County,True,Nassau County towns imposed moratoriums on battery energy storage systems (BESS). Jupiter Power (owned by BlackRock) cancelled its contract for the proposed 275 MW Oyster Shore Energy Storage facility in Glenwood Landing in May 2025. Town… (datacentertracker.org),datacentertracker.org,https://abc7ny.com/post/nassau-county-officials-do-not-want-lithium-ion-battery-storage-facilities-long-island/16186659/,
dct-north-tonawanda-ny-2024-07-01,datacentertracker,local,NY,36,North Tonawanda,municipality,moratorium,restriction,enacted,2026-06-16,,43.0387,-78.8642,source_dataset,36063,Niagara County,False,"North Tonawanda Common Council unanimously approved a two-year moratorium on all new crypto mining and data center developments in July 2024, expiring July 2026. The ban covers new operations and prevents Digihost from expanding at the… (datacentertracker.org)",datacentertracker.org,https://www.govtech.com/policy/north-tonawanda-n-y-bans-new-crypto-mining-for-2-years,
dct-oneonta-ny-moratorium-2026-02,datacentertracker,local,NY,36,Oneonta,municipality,moratorium,restriction,enacted,2026-03-12,,42.4534,-75.0635,source_dataset,36077,Otsego County,False,"The Oneonta, New York, Town Board passed a 12-month moratorium on AI data centers in March 2026 after residents presented more than 700 signatures, prompted by Eco-Yotta Inc.'s plans to rezone 150 acres of farmland. This came weeks after… (datacentertracker.org)",datacentertracker.org,https://www.wbng.com/2026/03/12/oneonta-town-board-introduces-12-month-moratorium-ai-data-centers/,
ny-oneonta-2026,moratorium_nation,local,NY,36,"Oneonta (Otsego County) - proposed, pending (town)",municipality,moratorium,restriction,in_force,2026-05-15,,42.47222,-75.07444,source_dataset,36077,Otsego County,False,"365-day data-center moratorium, adopted 2026-05-15, active per tracker (Moratorium Nation)",Moratorium Nation (ALEA Institute),https://mjbommar.github.io/moratorium-data-2026/,
ny-town-of-salina-2026,moratorium_nation,local,NY,36,Salina (town),municipality,moratorium,restriction,in_force,2026-05-27,,43.10229,-76.17673,source_dataset,36067,Onondaga County,False,"365-day data-center moratorium, adopted 2026-05-27, active per tracker (Moratorium Nation)",Moratorium Nation (ALEA Institute),https://mjbommar.github.io/moratorium-data-2026/,
ny-town-of-southeast-2026,moratorium_nation,local,NY,36,Southeast (town),municipality,moratorium,restriction,in_force,2026-05-21,,41.4,-73.6,source_dataset,36079,Putnam County,False,"180-day data-center moratorium, adopted 2026-05-21, active per tracker (Moratorium Nation)",Moratorium Nation (ALEA Institute),https://mjbommar.github.io/moratorium-data-2026/,
ny-town-of-thurston-2026,moratorium_nation,local,NY,36,Thurston (town),municipality,moratorium,restriction,in_force,2026-05-20,,42.22285,-77.26414,source_dataset,36101,Steuben County,False,"730-day data-center moratorium, adopted 2026-05-20, active per tracker (Moratorium Nation)",Moratorium Nation (ALEA Institute),https://mjbommar.github.io/moratorium-data-2026/,
dct-brookhaven-ny-yaphank-moratorium-2026-05-29,datacentertracker,local,NY,36,"Town of Brookhaven (Yaphank — 18-month data center moratorium hearing set), NY",municipality,moratorium,restriction,pending,2026-05-29,,40.8368,-72.9151,source_dataset,36103,Suffolk County,False,"After backlash over a rumored AI data center in Yaphank, Supervisor Dan Panico proposed an 18-month moratorium and the Brookhaven Town Board voted unanimously on May 29, 2026 to schedule a July 16 public hearing. Panico said the town’s IDA… (datacentertracker.org)",datacentertracker.org,https://datacentertracker.org/,
dct-town-of-dryden-ny-2026-02-20,datacentertracker,local,NY,36,Town of Dryden,municipality,zoning_exclusion,restriction,enacted,2026-02-19,,42.4909,-76.2974,source_dataset,36109,Tompkins County,False,"Town of Dryden, NY adopted a preventative data center zoning restriction on February 19, 2026. The TeraWulf Cayuga project referenced in earlier coverage is in Lansing, not Dryden — Dryden's action was preventative, not tied to a specific… (datacentertracker.org)",datacentertracker.org,https://ithacavoice.org/2026/02/the-town-of-dryden-just-banned-data-centers-heres-why/,
ny-town-of-van-buren-2026,moratorium_nation,local,NY,36,Van Buren (town),municipality,moratorium,restriction,in_force,2026-06-03,,43.11388,-76.30193,source_dataset,36067,Onondaga County,False,"365-day data-center moratorium, adopted 2026-06-03, active per tracker (Moratorium Nation)",Moratorium Nation (ALEA Institute),https://mjbommar.github.io/moratorium-data-2026/,
oh-alliance-2026,moratorium_nation,local,OH,39,Alliance (city),municipality,moratorium,restriction,in_force,2026-07-06,,40.91534,-81.10593,source_dataset,39151,Stark County,False,"548-day data-center moratorium, adopted 2026-07-06, active per tracker (Moratorium Nation)",Moratorium Nation (ALEA Institute),https://mjbommar.github.io/moratorium-data-2026/,
oh-archbold-2026,moratorium_nation,local,OH,39,Archbold (village),municipality,moratorium,restriction,in_force,2026-04-06,,41.52113,-84.30655,source_dataset,39051,Fulton County,False,"Data-center moratorium, adopted 2026-04-06, active per tracker (Moratorium Nation)",Moratorium Nation (ALEA Institute),https://mjbommar.github.io/moratorium-data-2026/,
dct-ashville-pickaway-county-oh-2026-02-02,datacentertracker,local,OH,39,Ashville (Pickaway County),municipality,zoning_exclusion,restriction,enacted,2026-02-02,,39.72,-82.95,source_dataset,39129,Pickaway County,False,"The Ashville, Ohio, Village Council voted 4-2 to deny EdgeConneX's annexation request for a 490-acre parcel needed for a $10 billion, 680-acre, 1.8GW data center campus about 17 miles south of Columbus. EdgeConneX already owns the adjacent… (datacentertracker.org)",datacentertracker.org,https://www.datacenterdynamics.com/en/news/local-authorities-in-ashville-ohio-deny-annexation-request-for-data-center-project/,
oh-ashville-2025,moratorium_nation,local,OH,39,Ashville (village),municipality,moratorium,restriction,in_force,2025-12-22,,39.71562,-82.95296,source_dataset,39129,Pickaway County,False,"180-day data-center moratorium, adopted 2025-12-22, extended and active per tracker (Moratorium Nation)",Moratorium Nation (ALEA Institute),https://mjbommar.github.io/moratorium-data-2026/,
oh-avon-2026,moratorium_nation,local,OH,39,Avon (city),municipality,moratorium,restriction,in_force,2026-04-14,,41.45165,-82.03506,source_dataset,39093,Lorain County,False,"Data-center moratorium running to a set end date, adopted 2026-04-14, active per tracker (Moratorium Nation)",Moratorium Nation (ALEA Institute),https://mjbommar.github.io/moratorium-data-2026/,
dct-barberton-oh-2025-11-10,datacentertracker,local,OH,39,Barberton,municipality,moratorium,restriction,in_force,2025-11-10,,41.0128,-81.6051,source_dataset,39153,Summit County,False,"Barberton City Council approved an indefinite moratorium on data centers in November 2025. In neighboring Norton, Quantum HPC's Project Triton proposal for the old PPG mine on Limestone Drive was killed in October 2025 after a contentious… (datacentertracker.org)",datacentertracker.org,https://www.akron.com/articles/barberton-approves-open-ended-moratorium-on-data-centers/,
oh-berea-2026,moratorium_nation,local,OH,39,Berea (city),municipality,moratorium,restriction,in_force,2026-06-15,,41.36616,-81.8543,source_dataset,39035,Cuyahoga County,False,"365-day data-center moratorium, adopted 2026-06-15, active per tracker (Moratorium Nation)",Moratorium Nation (ALEA Institute),https://mjbommar.github.io/moratorium-data-2026/,
oh-blanchester-2026,moratorium_nation,local,OH,39,Blanchester (village),municipality,moratorium,restriction,in_force,2026-03-12,,39.29312,-83.98882,source_dataset,39027,Clinton County,False,"731-day data-center moratorium, adopted 2026-03-12, active per tracker (Moratorium Nation)",Moratorium Nation (ALEA Institute),https://mjbommar.github.io/moratorium-data-2026/,
dct-botkins-oh-ban-2026-04,datacentertracker,local,OH,39,Botkins,municipality,ordinance_conditions,condition,pending,2026-04-14,,40.4676,-84.1805,source_dataset,39149,Shelby County,False,"The Village of Botkins, Ohio held the first reading of legislation to ban data center development during the week of April 13, 2026. If adopted, it would be one of the first outright bans (rather than moratoriums) in Ohio's current wave of… (datacentertracker.org)",datacentertracker.org,https://writing.strisker.com/data-centers-daily-notes-april-16-2026/,
oh-braceville-township-2026,moratorium_nation,local,OH,39,Braceville Township,municipality,moratorium,restriction,in_force,2026-06-02,,41.23624,-80.97592,source_dataset,39155,Trumbull County,False,"180-day data-center moratorium, adopted 2026-06-02, active per tracker (Moratorium Nation)",Moratorium Nation (ALEA Institute),https://mjbommar.github.io/moratorium-data-2026/,
oh-butler-county-2026,moratorium_nation,local,OH,39,Butler County,county,moratorium,restriction,in_force,2026-06-16,,39.4233,-84.59369,source_dataset,39017,Butler County,True,"180-day data-center moratorium, adopted 2026-06-16, active per tracker (Moratorium Nation)",Moratorium Nation (ALEA Institute),https://mjbommar.github.io/moratorium-data-2026/,
oh-canton-township-2026,moratorium_nation,local,OH,39,Canton Township,municipality,moratorium,restriction,in_force,2026-04-09,,40.75812,-81.33794,source_dataset,39151,Stark County,False,"365-day data-center moratorium, adopted 2026-04-09, active per tracker (Moratorium Nation)",Moratorium Nation (ALEA Institute),https://mjbommar.github.io/moratorium-data-2026/,
dct-champaign-county-oh-2026-02-01,datacentertracker,local,OH,39,Champaign County,county,moratorium,restriction,enacted,2026-03-03,,40.1084,-83.7524,source_dataset,39021,Champaign County,True,"Thor Equities proposed a $1 billion, 500MW data center (Urbana Technology Hub) on 48+ acres in Champaign County, Ohio, near Urbana. On March 3, 2026, the Urbana City Council voted 6-1 to approve a 12-month moratorium on data centers over… (datacentertracker.org)",datacentertracker.org,https://www.change.org/p/no-data-centers-in-champaign-county-ohio,
dct-cincinnati-oh-2026-02-06,datacentertracker,local,OH,39,Cincinnati,municipality,zoning_exclusion,restriction,enacted,2026-02-06,,39.1,-84.51,source_dataset,39061,Hamilton County,False,"Cincinnati, Ohio, City Council enacted an interim development control overlay after discovering data centers are currently interpreted as 'self storage' under existing zoning code, meaning they could be built across six zoning districts… (datacentertracker.org)",datacentertracker.org,https://www.wvxu.org/politics/2026-02-06/cincinnati-regulate-data-centers-zoning-code,
oh-cincinnati-2026,moratorium_nation,local,OH,39,Cincinnati (city),municipality,moratorium,restriction,in_force,2026-02,,39.10145,-84.51246,source_dataset,39061,Hamilton County,False,"Data-center moratorium running to a set end date, adopted 2026-02, extended and active per tracker (Moratorium Nation)",Moratorium Nation (ALEA Institute),https://mjbommar.github.io/moratorium-data-2026/,
dct-hubbard-city-oh-moratorium-project-milo-2026-05-18,datacentertracker,local,OH,39,"City of Hubbard (Trumbull County — moratorium drafted amid 'Project Milo' NDA controversy), OH",municipality,moratorium,restriction,enacted,2026-06-02,,41.1564,-80.5695,source_dataset,39155,Trumbull County,False,"After residents confronted Mayor Ben Kyle over an NDA he signed (Dec 2024) tied to an undisclosed data center ('Project Milo,' via the Lake to River economic development partner; possible site former Deer Creek Golf Course), council agreed… (datacentertracker.org)",datacentertracker.org,https://datacentertracker.org/,
dct-city-of-oregon-oh-2026-02-10,datacentertracker,local,OH,39,City of Oregon,municipality,zoning_exclusion,restriction,enacted,2026-02-10,,41.6439,-83.4272,source_dataset,39095,Lucas County,False,"In City of Oregon, Ohio, Oregon City Council initially voted 3-2 with one abstention against granting Capacity LLC a six-month extension for a proposed $2 billion, 500MW data center on 170 acres near Corduroy and Wynn roads. However, the… (datacentertracker.org)",datacentertracker.org,https://www.13abc.com/2026/02/10/oregon-council-denies-data-center-extension-project-jeopardy/,
dct-clay-township-highland-county-oh-moratorium-2026-04-20,datacentertracker,local,OH,39,Clay Township (Highland County),municipality,moratorium,restriction,enacted,2026-04-20,,39.1873,-83.6024,source_dataset,39071,Highland County,False,"Clay Township (Highland County, OH) trustees adopted a 12-month data center moratorium on April 20, 2026. Board Chair Angela Howell cited concerns that rural communities are becoming hot spots for data center development. The moratorium… (datacentertracker.org)",datacentertracker.org,https://www.registerherald.com/2026/04/20/trustees-place-moratorium-on-data-centers/,
oh-cleveland-2026,moratorium_nation,local,OH,39,Cleveland (city),municipality,moratorium,restriction,in_force,2026-07-15,,41.49966,-81.69368,source_dataset,39035,Cuyahoga County,False,"93-day data-center moratorium, adopted 2026-07-15, active per tracker (Moratorium Nation)",Moratorium Nation (ALEA Institute),https://mjbommar.github.io/moratorium-data-2026/,
dct-cleveland-oh-moratorium-lakeland-permit-2026-05-22,datacentertracker,local,OH,39,"Cleveland City Council (1-yr moratorium proposed; Lakeland Equity permit rejected), OH",municipality,moratorium,restriction,enacted,2026-05-22,,41.4993,-81.6944,source_dataset,39035,Cuyahoga County,False,"Council Member Charles Slife proposed a 1-year data center moratorium to update zoning and define DC scales. Separately, the city rejected the construction permit application for Lakeland Equity Group's ~$1.6B data center in Slavic Village… (datacentertracker.org)",datacentertracker.org,https://www.cleveland19.com/2026/07/16/3-month-long-moratorium-put-data-centers-cleveland/,
dct-commercial-point-scioto-township-pickaway-county-oh-2025-06-01,datacentertracker,local,OH,39,Commercial Point / Scioto Township (Pickaway County),municipality,moratorium,restriction,enacted,2026-03-01,,39.7665,-82.9649,source_dataset,39129,Pickaway County,False,K-NOVA LLC's proposal for the Rickenbacker Exchange development in Commercial Point stalled when a related ordinance 'died due to a lack of motion' in the Village Council. K-NOVA's attorney presented a proposal to drill test wells for a… (datacentertracker.org),datacentertracker.org,https://www.sciotopost.com/proposed-152-acre-data-center-campus-in-commercial-point-borders-housing-development-in-pickaway-county/,
oh-cortland-2026,moratorium_nation,local,OH,39,Cortland (city),municipality,moratorium,restriction,in_force,2026-06-01,,41.33014,-80.72524,source_dataset,39155,Trumbull County,False,"365-day data-center moratorium, adopted 2026-06-01, active per tracker (Moratorium Nation)",Moratorium Nation (ALEA Institute),https://mjbommar.github.io/moratorium-data-2026/,
dct-dayton-oh-moratorium-recommendation-2026-04-14,datacentertracker,local,OH,39,Dayton,municipality,moratorium,restriction,pending,2026-04-14,,39.7589,-84.1916,source_dataset,39113,Montgomery County,False,"On April 14, 2026, the Dayton City Plan Board recommended adopting a 180-day moratorium on data center applications and a zoning code text amendment that would prohibit large data centers as a use within the city. Existing facilities… (datacentertracker.org)",datacentertracker.org,https://www.daytondailynews.com/local/large-data-centers-could-be-banned-from-dayton-under-zoning-proposal/article_76b7992f-0baa-475a-af7f-883102de75f4.html,
oh-defiance-undated,moratorium_nation,local,OH,39,Defiance (city),municipality,moratorium,restriction,pending,,,41.32031,-84.50848,source_dataset,39039,Defiance County,False,"Data-center moratorium, adoption pending or unconfirmed (Moratorium Nation)",Moratorium Nation (ALEA Institute),https://mjbommar.github.io/moratorium-data-2026/,
dct-dublin-oh-west-innovation-rezoning-2026-07-01,datacentertracker,local,OH,39,Dublin City Council (West Innovation District rezoning),municipality,zoning_exclusion,restriction,enacted,2026-07-01,,40.0992,-83.1141,source_dataset,39049,Franklin County,False,"Dublin City Council voted 5-2 to rezone 370 acres, formally stripping data centers as a permitted use across the West Innovation District near Ballantrae and creating a new ID-6 'Research Transition District' with reduced heights and… (datacentertracker.org)",datacentertracker.org,https://www.thewestervillenews.com/p/central-ohio-weekly-news-brief-june-3b1,
oh-findlay-2026,moratorium_nation,local,OH,39,Findlay (city),municipality,moratorium,restriction,in_force,2026-04-21,,41.04139,-83.6504,source_dataset,39063,Hancock County,False,"365-day data-center moratorium, adopted 2026-04-21, active per tracker (Moratorium Nation)",Moratorium Nation (ALEA Institute),https://mjbommar.github.io/moratorium-data-2026/,
oh-girard-undated,moratorium_nation,local,OH,39,Girard (city),municipality,moratorium,restriction,pending,,,41.15404,-80.70094,source_dataset,39155,Trumbull County,False,"Data-center moratorium, adoption pending or unconfirmed (Moratorium Nation)",Moratorium Nation (ALEA Institute),https://mjbommar.github.io/moratorium-data-2026/,
oh-grafton-2026,moratorium_nation,local,OH,39,Grafton (village),municipality,moratorium,restriction,in_force,2026-05-19,,41.27255,-82.05459,source_dataset,39093,Lorain County,False,"1825-day data-center moratorium, adopted 2026-05-19, active per tracker (Moratorium Nation)",Moratorium Nation (ALEA Institute),https://mjbommar.github.io/moratorium-data-2026/,
dct-grove-city-oh-moratorium-2026-06-01,datacentertracker,local,OH,39,"Grove City (6-month data center moratorium), OH",municipality,moratorium,restriction,enacted,2026-06-01,,39.8814,-83.0929,source_dataset,39049,Franklin County,False,"On June 1, 2026, Grove City passed a 12-month (1-year) moratorium on data center development, amended to create a task force to study impacts and develop regulations during the pause. (datacentertracker.org)",datacentertracker.org,https://datacentertracker.org/,
oh-grove-city-2026,moratorium_nation,local,OH,39,Grove City (city),municipality,moratorium,restriction,in_force,2026-06-01,,39.88145,-83.09296,source_dataset,39049,Franklin County,False,"365-day data-center moratorium, adopted 2026-06-01, active per tracker (Moratorium Nation)",Moratorium Nation (ALEA Institute),https://mjbommar.github.io/moratorium-data-2026/,
oh-howland-township-2026,moratorium_nation,local,OH,39,Howland Township,municipality,moratorium,restriction,in_force,2026-06-10,,41.23968,-80.7407,source_dataset,39155,Trumbull County,False,"180-day data-center moratorium, adopted 2026-06-10, active per tracker (Moratorium Nation)",Moratorium Nation (ALEA Institute),https://mjbommar.github.io/moratorium-data-2026/,
oh-city-of-hubbard-2026,moratorium_nation,local,OH,39,Hubbard (city),municipality,moratorium,restriction,in_force,2026-06-01,,41.15681,-80.57347,source_dataset,39155,Trumbull County,False,"365-day data-center moratorium, adopted 2026-06-01, active per tracker (Moratorium Nation)",Moratorium Nation (ALEA Institute),https://mjbommar.github.io/moratorium-data-2026/,
dct-hubbard-township-oh-2026-02-15,datacentertracker,local,OH,39,Hubbard Township,municipality,moratorium,restriction,in_force,2026-02-15,,41.1556,-80.5729,source_dataset,39155,Trumbull County,False,"Hubbard Township, Ohio, trustees voted 2-1 to approve a resolution placing a one-year moratorium on data centers entering the township in February 2026 (proposed by Bristolville 25 Developer LLC). The township attorney reviewed the… (datacentertracker.org)",datacentertracker.org,https://www.tribtoday.com/news/local-news/2026/02/hubbard-township-oks-moratorium-on-data-centers/,
dct-ironton-oh-2026-01-09,datacentertracker,local,OH,39,Ironton,municipality,moratorium,restriction,in_force,2026-01-09,,38.5368,-82.6829,source_dataset,39087,Lawrence County,False,"Strata Expanse (Houston), RAVEL, and Supermicro held a ribbon-cutting in December 2025 for an AI Center of Excellence and data center at 1476 County Road 1A in Lawrence County's Haverhill area, just off U.S. 52 — the first of a 30-day… (datacentertracker.org)",datacentertracker.org,https://irontontribune.com/2026/01/14/council-questions-ledc-director-on-ai-data-center/,
oh-jackson-township-franklin-county-2026,moratorium_nation,local,OH,39,Jackson Township (Franklin County),municipality,moratorium,restriction,in_force,2026-05-12,,39.13776,-84.04817,source_dataset,39025,Clermont County,False,"365-day data-center moratorium, adopted 2026-05-12, active per tracker (Moratorium Nation)",Moratorium Nation (ALEA Institute),https://mjbommar.github.io/moratorium-data-2026/,
oh-jerome-township-2025,moratorium_nation,local,OH,39,Jerome Township,municipality,moratorium,restriction,in_force,2025-09-03,,40.15264,-83.23595,source_dataset,39159,Union County,False,"270-day data-center moratorium, adopted 2025-09-03, active per tracker (Moratorium Nation)",Moratorium Nation (ALEA Institute),https://mjbommar.github.io/moratorium-data-2026/,
oh-kent-2026,moratorium_nation,local,OH,39,Kent (city),municipality,moratorium,restriction,in_force,2026-04-15,,41.15131,-81.3578,source_dataset,39133,Portage County,False,"365-day data-center moratorium, adopted 2026-04-15, active per tracker (Moratorium Nation)",Moratorium Nation (ALEA Institute),https://mjbommar.github.io/moratorium-data-2026/,
oh-lake-township-2026,moratorium_nation,local,OH,39,Lake Township,municipality,moratorium,restriction,in_force,2026-03-03,,41.58,-83.49,source_dataset,39173,Wood County,False,"365-day data-center moratorium, adopted 2026-03-03, active per tracker (Moratorium Nation)",Moratorium Nation (ALEA Institute),https://mjbommar.github.io/moratorium-data-2026/,
dct-lawrence-county-oh-2025-12-01,datacentertracker,local,OH,39,Lawrence County,county,moratorium,restriction,in_force,2025-12-01,,38.5976,-82.5582,source_dataset,39087,Lawrence County,True,"Houston-based Strata Expanse hosted a ribbon cutting for an AI data center in the Haverhill area at 1476 County Road 1A. A petition gathered 5,570 signatures voicing concerns about the project. The nearby city of Ironton passed a data… (datacentertracker.org)",datacentertracker.org,https://www.change.org/p/stop-the-ai-data-centers-in-lawrence-county-ohio,
dct-liberty-township-oh-butler-pud-2026-06-15,datacentertracker,local,OH,39,"Liberty Township, Butler County (data center PUD-review requirement), OH",municipality,zoning_exclusion,restriction,pending,2026-06-15,,39.364,-84.425,source_dataset,39017,Butler County,False,"Around June 15, 2026 the Liberty Township (Butler County, OH) Zoning Commission approved a proposed change requiring data center projects to go through the planned-unit-development (PUD) process — case-by-case trustee approval rather than… (datacentertracker.org)",datacentertracker.org,https://www.journal-news.com/local/liberty-twp-advances-data-center-restrictions-to-trustees-for-final-vote/article_c375e13a-1a1e-5099-a373-7c302d465c37.html,
dct-lordstown-oh-2025-10-01,datacentertracker,local,OH,39,Lordstown,municipality,moratorium,restriction,in_force,2025-10-01,,41.1664,-80.8573,source_dataset,39155,Trumbull County,False,"Lordstown, OH data center opposition. OpenAI is involved in a SEPARATE nearby Stargate project — not this one. Hyperscaler and MW figures previously attached were incorrect conflations. (datacentertracker.org)",datacentertracker.org,https://www.change.org/p/prevent-the-construction-of-ai-data-center-in-lordstown,
dct-lordstown-oh-smr-bess-moratorium-2026-06-15,datacentertracker,local,OH,39,Lordstown (Trumbull County),municipality,moratorium,restriction,pending,2026-06-15,,41.1611,-80.854,source_dataset,39155,Trumbull County,False,"Separately from the data center freeze, Lordstown Village Council is advancing a 180-day moratorium on permits for businesses using small mobile (modular) reactors or battery energy storage systems (BESS). Council approved first readings… (datacentertracker.org)",datacentertracker.org,https://datacentertracker.org/,
oh-lordstown-2026,moratorium_nation,local,OH,39,Lordstown (village),municipality,moratorium,restriction,in_force,2026-01-05,,41.16598,-80.85743,source_dataset,39155,Trumbull County,False,"180-day data-center moratorium, adopted 2026-01-05, extended and active per tracker (Moratorium Nation)",Moratorium Nation (ALEA Institute),https://mjbommar.github.io/moratorium-data-2026/,
dct-lordstown-moratorium-extension-oh-2026-05-05,datacentertracker,local,OH,39,"Lordstown Village Council, OH",municipality,moratorium,restriction,enacted,2026-06-16,,41.1648,-80.8665,source_dataset,39155,Trumbull County,False,"Lordstown Village Council announced plan to extend its 180-day data center moratorium by another 180 days; hired consultant Brian Frantz ($7,625 cap). The OpenAI Stargate Lordstown site (6M sq ft former GM/Foxconn plant, Crescent Dune LLC)… (datacentertracker.org)",datacentertracker.org,https://datacentertracker.org/,
oh-massillon-2026,moratorium_nation,local,OH,39,Massillon (city),municipality,moratorium,restriction,in_force,2026-04-06,,40.79651,-81.52316,source_dataset,39151,Stark County,False,"180-day data-center moratorium, adopted 2026-04-06, active per tracker (Moratorium Nation)",Moratorium Nation (ALEA Institute),https://mjbommar.github.io/moratorium-data-2026/,
oh-maumee-2026,moratorium_nation,local,OH,39,Maumee (city),municipality,moratorium,restriction,in_force,2026-02-02,,41.56283,-83.65382,source_dataset,39095,Lucas County,False,"365-day data-center moratorium, adopted 2026-02-02, active per tracker (Moratorium Nation)",Moratorium Nation (ALEA Institute),https://mjbommar.github.io/moratorium-data-2026/,
dct-middleton-township-oh-2025-04-01,datacentertracker,local,OH,39,Middleton Township,municipality,moratorium,restriction,enacted,2025-04-01,,41.467,-83.5799,source_dataset,39173,Wood County,False,"A Meta data center spanning 715,000 sq ft under construction in Middleton Township, Ohio, was revealed in April 2025, anticipated operational in 2027 with 100 employees (350 MW, 280 acres). Over 150 residents packed a Wood County Planning… (datacentertracker.org)",datacentertracker.org,https://www.13abc.com/2026/02/19/northwest-ohio-communities-grapple-with-data-center-developments-possible-plans/,
dct-middleton-township-oh-parcel-rezoning-2026-07-07,datacentertracker,local,OH,39,Middleton Township,municipality,zoning_exclusion,restriction,enacted,2026-07-07,,41.467,-83.5799,source_dataset,39173,Wood County,False,"Trustees voted 2-1 (Moulton, Vetter for; Petrea against) to rezone 13 parcels (~32 acres) from residential/agricultural to M-1 industrial to support the adjacent Meta data center, overriding the township zoning commission's recommendation… (datacentertracker.org)",datacentertracker.org,https://bgindependentmedia.org/with-split-vote-middleton-township-approves-zoning-change-for-acreage-bordering-data-center/,
oh-monclova-township-2026,moratorium_nation,local,OH,39,Monclova Township,municipality,moratorium,restriction,in_force,2026-02-17,,41.5596,-83.73738,source_dataset,39095,Lucas County,False,"365-day data-center moratorium, adopted 2026-02-17, active per tracker (Moratorium Nation)",Moratorium Nation (ALEA Institute),https://mjbommar.github.io/moratorium-data-2026/,
dct-monroe-township-adams-county-oh-2026-03-09,datacentertracker,local,OH,39,Monroe Township (Adams County),municipality,moratorium,restriction,enacted,2026-03-09,,38.8048,-83.4441,source_dataset,39001,Adams County,False,"Monroe Township, Ohio, trustees unanimously passed a 12-month moratorium on new proposals and development of data centers and small modular nuclear reactors. Monroe Township is the second locality in Adams County to pass a data center… (datacentertracker.org)",datacentertracker.org,https://www.foodandwaterwatch.org/2026/03/09/monroe-township-oh-unanimously-passes-data-center-moratorium/,
oh-montgomery-township-2026,moratorium_nation,local,OH,39,Montgomery Township,municipality,moratorium,restriction,in_force,2026-06-17,,40.85762,-82.23606,source_dataset,39005,Ashland County,False,"730-day data-center moratorium, adopted 2026-06-17, active per tracker (Moratorium Nation)",Moratorium Nation (ALEA Institute),https://mjbommar.github.io/moratorium-data-2026/,
oh-mount-orab-2026,moratorium_nation,local,OH,39,Mount Orab (village),municipality,moratorium,restriction,in_force,2026-03-03,,39.02757,-83.91965,source_dataset,39015,Brown County,False,"180-day data-center moratorium, adopted 2026-03-03, active per tracker (Moratorium Nation)",Moratorium Nation (ALEA Institute),https://mjbommar.github.io/moratorium-data-2026/,
dct-mt-orab-oh-2026-02-04,datacentertracker,local,OH,39,Mt. Orab,municipality,moratorium,restriction,enacted,2026-02-04,,39.0253,-83.9188,source_dataset,39015,Brown County,False,"In Mt. Orab, Ohio, Village Councilman Eric Lang introduced two ordinances for a 180-day data center moratorium amid community outcry over a mysterious 1,000-acre 'mega site' project requesting up to 2,000 MW. A Facebook group grew to… (datacentertracker.org)",datacentertracker.org,https://www.wcpo.com/news/local-news/mt-orab-council-introduces-data-center-moratorium-amid-community-opposition-to-mysterious-mega-site-project,
dct-muhlenberg-township-oh-2026-02-06,datacentertracker,local,OH,39,Muhlenberg Township,municipality,moratorium,restriction,in_force,2026-02-06,,39.697,-83.114,source_dataset,39129,Pickaway County,False,"Muhlenberg Township, Ohio, (Pickaway County, near Circleville) passed a 12-month moratorium on new data centers after a petition gathered 700+ signatures (proposed by Pacifico Energy) (120 MW, 49 acres). Key concerns include proximity to… (datacentertracker.org)",datacentertracker.org,https://www.change.org/p/muhlenberg-twp-and-community-against-data-center-and-or-power-distribution-build,
oh-new-carlisle-2026,moratorium_nation,local,OH,39,New Carlisle (city),municipality,moratorium,restriction,in_force,2026-02-17,,39.93617,-84.02549,source_dataset,39023,Clark County,False,"365-day data-center moratorium, adopted 2026-02-17, active per tracker (Moratorium Nation)",Moratorium Nation (ALEA Institute),https://mjbommar.github.io/moratorium-data-2026/,
oh-norton-2025,moratorium_nation,local,OH,39,Norton (city),municipality,moratorium,restriction,in_force,2025-12-01,,41.02546,-81.64741,source_dataset,39153,Summit County,False,"180-day data-center moratorium, adopted 2025-12-01, extended and active per tracker (Moratorium Nation)",Moratorium Nation (ALEA Institute),https://mjbommar.github.io/moratorium-data-2026/,
dct-painesville-township-oh-moratorium-2026-05-21,datacentertracker,local,OH,39,"Painesville Township Trustees (Lake County), OH",municipality,moratorium,restriction,enacted,2026-05-21,,41.717,-81.2454,source_dataset,39085,Lake County,False,"Painesville Township Trustees unanimously approved a 12-month data center moratorium, citing zoning gaps, water, noise, and infrastructure. Distinct from the City of Painesville. (datacentertracker.org)",datacentertracker.org,https://datacentertracker.org/,
oh-pierce-township-2026,moratorium_nation,local,OH,39,Pierce Township,municipality,moratorium,restriction,in_force,2026-02-11,,39.02023,-84.26261,source_dataset,39025,Clermont County,False,"240-day data-center moratorium, adopted 2026-02-11, active per tracker (Moratorium Nation)",Moratorium Nation (ALEA Institute),https://mjbommar.github.io/moratorium-data-2026/,
oh-plain-city-undated,moratorium_nation,local,OH,39,Plain City (village),municipality,moratorium,restriction,pending,,,40.10788,-83.26697,source_dataset,39097,Madison County,False,"Data-center moratorium, adoption pending or unconfirmed (Moratorium Nation)",Moratorium Nation (ALEA Institute),https://mjbommar.github.io/moratorium-data-2026/,
oh-plain-township-2026,moratorium_nation,local,OH,39,Plain Township,municipality,moratorium,restriction,in_force,2026-03-24,,40.83,-81.37,source_dataset,39151,Stark County,False,"365-day data-center moratorium, adopted 2026-03-24, active per tracker (Moratorium Nation)",Moratorium Nation (ALEA Institute),https://mjbommar.github.io/moratorium-data-2026/,
oh-providence-township-2026,moratorium_nation,local,OH,39,Providence Township,municipality,moratorium,restriction,in_force,2026-04-15,,39.32488,-84.19243,source_dataset,39165,Warren County,False,"365-day data-center moratorium, adopted 2026-04-15, active per tracker (Moratorium Nation)",Moratorium Nation (ALEA Institute),https://mjbommar.github.io/moratorium-data-2026/,
oh-ravenna-2026,moratorium_nation,local,OH,39,Ravenna (city),municipality,moratorium,restriction,in_force,2026-04-20,,41.15756,-81.24205,source_dataset,39133,Portage County,False,"365-day data-center moratorium, adopted 2026-04-20, active per tracker (Moratorium Nation)",Moratorium Nation (ALEA Institute),https://mjbommar.github.io/moratorium-data-2026/,
oh-richfield-township-2026,moratorium_nation,local,OH,39,Richfield Township,municipality,moratorium,restriction,in_force,2026-02-17,,41.2404,-81.60725,source_dataset,39153,Summit County,False,"365-day data-center moratorium, adopted 2026-02-17, active per tracker (Moratorium Nation)",Moratorium Nation (ALEA Institute),https://mjbommar.github.io/moratorium-data-2026/,
oh-scioto-township-2026,moratorium_nation,local,OH,39,Scioto Township,municipality,moratorium,restriction,in_force,2026-03-05,,40.29398,-83.18829,source_dataset,39041,Delaware County,False,"365-day data-center moratorium, adopted 2026-03-05, active per tracker (Moratorium Nation)",Moratorium Nation (ALEA Institute),https://mjbommar.github.io/moratorium-data-2026/,
oh-shawnee-township-2026,moratorium_nation,local,OH,39,Shawnee Township,municipality,moratorium,restriction,in_force,2026-04-13,,39.60479,-82.21154,source_dataset,39127,Perry County,False,"540-day data-center moratorium, adopted 2026-04-13, active per tracker (Moratorium Nation)",Moratorium Nation (ALEA Institute),https://mjbommar.github.io/moratorium-data-2026/,
oh-south-bloomfield-2025,moratorium_nation,local,OH,39,South Bloomfield (village),municipality,moratorium,restriction,replaced,2025-12-15,,39.7184,-82.98685,source_dataset,39129,Pickaway County,False,"180-day data-center moratorium, adopted 2025-12-15, since replaced by permanent regulations (Moratorium Nation)",Moratorium Nation (ALEA Institute),https://mjbommar.github.io/moratorium-data-2026/,
oh-spencer-township-2026,moratorium_nation,local,OH,39,Spencer Township,municipality,moratorium,restriction,in_force,2026-03-05,,41.535,-83.79,source_dataset,39095,Lucas County,False,"365-day data-center moratorium, adopted 2026-03-05, active per tracker (Moratorium Nation)",Moratorium Nation (ALEA Institute),https://mjbommar.github.io/moratorium-data-2026/,
oh-sprigg-township-2026,moratorium_nation,local,OH,39,Sprigg Township,municipality,moratorium,restriction,in_force,2026-03-02,,38.69388,-83.65892,source_dataset,39001,Adams County,False,"365-day data-center moratorium, adopted 2026-03-02, active per tracker (Moratorium Nation)",Moratorium Nation (ALEA Institute),https://mjbommar.github.io/moratorium-data-2026/,
oh-springfield-2026,moratorium_nation,local,OH,39,Springfield (city),municipality,moratorium,restriction,in_force,2026-07-14,,39.92341,-83.81014,source_dataset,39023,Clark County,False,"180-day data-center moratorium, adopted 2026-07-14, active per tracker (Moratorium Nation)",Moratorium Nation (ALEA Institute),https://mjbommar.github.io/moratorium-data-2026/,
dct-st-albans-township-oh-2026-03-10,datacentertracker,local,OH,39,St. Albans Township,municipality,zoning_exclusion,restriction,enacted,2026-03-10,,40.0886,-82.6137,source_dataset,39089,Licking County,False,"St. Albans Township, Ohio, held a public hearing on March 10, 2026 on a proposal to become the first township in Licking County to ban data centers. The township sits on the eastern edge of the New Albany data center corridor, home to 40+… (datacentertracker.org)",datacentertracker.org,https://www.thereportingproject.org/hearing-on-proposed-data-center-ban-in-st-albans-township-will-be-on-march-17-in-alexandria/,
oh-st-marys-2026,moratorium_nation,local,OH,39,St. Marys (city),municipality,moratorium,restriction,in_force,2026-06-22,,40.54227,-84.3894,source_dataset,39011,Auglaize County,False,"365-day data-center moratorium, adopted 2026-06-22, active per tracker (Moratorium Nation)",Moratorium Nation (ALEA Institute),https://mjbommar.github.io/moratorium-data-2026/,
dct-sunbury-oh-2026-02-24,datacentertracker,local,OH,39,Sunbury,municipality,zoning_exclusion,restriction,enacted,2026-04-15,,40.2426,-82.8591,source_dataset,39041,Delaware County,False,"On April 15, 2026, Sunbury City Council unanimously passed a moratorium on data centers effective until January 31, 2027, pausing the proposed $2 billion AWS data center project at the city's 1,200-acre Business and Technology Park between… (datacentertracker.org)",datacentertracker.org,https://abc6onyourside.com/news/local/sunbury-ohio-delaware-county-residents-voice-opposition-to-proposed-amazon-data-center,
oh-tallmadge-2026,moratorium_nation,local,OH,39,Tallmadge (city),municipality,moratorium,restriction,in_force,2026-04-13,,41.10146,-81.4418,source_dataset,39153,Summit County,False,"180-day data-center moratorium, adopted 2026-04-13, active per tracker (Moratorium Nation)",Moratorium Nation (ALEA Institute),https://mjbommar.github.io/moratorium-data-2026/,
oh-tiffin-2026,moratorium_nation,local,OH,39,Tiffin (city),municipality,moratorium,restriction,in_force,2026-04-20,,41.11449,-83.17795,source_dataset,39147,Seneca County,False,"365-day data-center moratorium, adopted 2026-04-20, active per tracker (Moratorium Nation)",Moratorium Nation (ALEA Institute),https://mjbommar.github.io/moratorium-data-2026/,
dct-twinsburg-oh-moratorium-2026-05-05,datacentertracker,local,OH,39,"Twinsburg City Council, OH",municipality,moratorium,restriction,enacted,2026-05-05,,41.312,-81.4401,source_dataset,39153,Summit County,False,"Twinsburg City Council unanimously approved a one-year moratorium on new data center development, citing water and infrastructure concerns. No specific project targeted. (datacentertracker.org)",datacentertracker.org,https://datacentertracker.org/,
dct-urbana-oh-2026-03-04,datacentertracker,local,OH,39,Urbana,municipality,moratorium,restriction,enacted,2026-06-17,,40.1084,-83.7527,source_dataset,39021,Champaign County,False,"Urbana City Council voted 6-1 to approve a 12-month moratorium on data centers over 10,000 sq ft, halting a proposed 460,000 sq ft Thor Equities facility off Routes 55 and 68 (400 MW, 133 acres). Over 40 citizens spoke at the meeting. The… (datacentertracker.org)",datacentertracker.org,https://www.urbanacitizen.com/2026/03/03/council-presses-pause-button-on-data-center-opposition-celebrates-temporary-moratorium/,
dct-van-wert-thor-equities-mega-site-oh-2026-05-11,datacentertracker,local,OH,39,"Van Wert City Council, OH",municipality,zoning_exclusion,restriction,enacted,2026-05-11,,40.8689,-84.5841,source_dataset,39161,Van Wert County,False,"Van Wert City Council voted unanimously 6-0 with emergency provision to approve three ordinances: annexation of ~962 acres from Marsh Foundation, conditional zoning, and I-2 industrial zoning for the $10B Mega Site data center (escalated… (datacentertracker.org)",datacentertracker.org,https://datacentertracker.org/,
oh-vermilion-2026,moratorium_nation,local,OH,39,Vermilion (city),municipality,moratorium,restriction,in_force,2026-03-23,,41.42199,-82.36461,source_dataset,39043,Erie County,False,"Data-center moratorium running to a set end date, adopted 2026-03-23, active per tracker (Moratorium Nation)",Moratorium Nation (ALEA Institute),https://mjbommar.github.io/moratorium-data-2026/,
dct-vienna-township-oh-2026-02-01,datacentertracker,local,OH,39,Vienna Township,municipality,moratorium,restriction,in_force,2026-02-01,,41.2356,-80.662,source_dataset,39155,Trumbull County,False,"Vienna Township in northeast Ohio is using a pause on data centers to develop lasting zoning changes rather than a temporary moratorium. Trustee Phil Pegg requested zoning to place a limit of 85 decibels at the property line, and if a data… (datacentertracker.org)",datacentertracker.org,https://www.statenews.org/section/the-ohio-newsroom/2026-02-26/ohio-towns-are-pushing-back-against-data-centers-to-varying-degrees-of-success,
dct-yellow-springs-oh-moratorium-2026-05-18,datacentertracker,local,OH,39,"Village of Yellow Springs, OH",municipality,moratorium,restriction,enacted,2026-05-18,,39.8056,-83.8869,source_dataset,39057,Greene County,False,"Yellow Springs Council passed Ordinance 2026-08 on emergency reading May 18, suspending zoning permits/approvals for data centers over 2 MW peak load for 12 months (expires May 18, 2027). (datacentertracker.org)",datacentertracker.org,https://datacentertracker.org/,
oh-washington-township-2025,moratorium_nation,local,OH,39,Washington Township,municipality,moratorium,restriction,in_force,2025-12-08,,40.11315,-83.13373,source_dataset,39049,Franklin County,False,"90-day data-center moratorium, adopted 2025-12-08, extended and active per tracker (Moratorium Nation)",Moratorium Nation (ALEA Institute),https://mjbommar.github.io/moratorium-data-2026/,
dct-washington-township-montgomery-county-oh-moratorium-2026-04-21,datacentertracker,local,OH,39,Washington Township (Montgomery County),municipality,moratorium,restriction,enacted,2026-04-21,,39.6303,-84.1641,source_dataset,39113,Montgomery County,False,"On April 21, 2026, Washington Township trustees (Montgomery County, Dayton area) approved a 360-day moratorium on issuance and processing of zoning permits and approvals for data center land uses, effective immediately. There are no… (datacentertracker.org)",datacentertracker.org,https://dayton247now.com/news/local/trustees-enact-360-day-moratorium-on-data-center-zoning-in-washington-township,
oh-waterville-2025,moratorium_nation,local,OH,39,Waterville (city),municipality,moratorium,restriction,expired,2025-12-08,,41.5021,-83.72488,source_dataset,39095,Lucas County,False,"180-day data-center moratorium, adopted 2025-12-08, since expired (Moratorium Nation)",Moratorium Nation (ALEA Institute),https://mjbommar.github.io/moratorium-data-2026/,
oh-waterville-township-2025,moratorium_nation,local,OH,39,Waterville Township,municipality,moratorium,restriction,in_force,2025-12-17,,41.5,-83.72,source_dataset,39095,Lucas County,False,"365-day data-center moratorium, adopted 2025-12-17, active per tracker (Moratorium Nation)",Moratorium Nation (ALEA Institute),https://mjbommar.github.io/moratorium-data-2026/,
oh-williamsburg-2026,moratorium_nation,local,OH,39,Williamsburg (village),municipality,moratorium,restriction,in_force,2026-03-12,,39.05423,-84.05299,source_dataset,39025,Clermont County,False,"365-day data-center moratorium, adopted 2026-03-12, active per tracker (Moratorium Nation)",Moratorium Nation (ALEA Institute),https://mjbommar.github.io/moratorium-data-2026/,
dct-wilmington-oh-2025-11-26,datacentertracker,local,OH,39,Wilmington,municipality,zoning_exclusion,restriction,in_force,2025-11-26,,39.4453,-83.8285,source_dataset,39027,Clinton County,False,"Amazon/AWS proposed a $4B datacenter on 471 acres in Wilmington with a 30-year, 100% property tax abatement (effective 70% abatement). On April 23, 2026, Wilmington residents Jessica Sharp and Logan Sharp filed a lawsuit against the City… (datacentertracker.org)",datacentertracker.org,https://www.datacenterdynamics.com/en/news/wilmington-city-council-postpones-vote-on-aws-data-center-in-southwest-ohio/,
dct-wilmington-ardent-oh-2026-02-20,datacentertracker,local,OH,39,Wilmington (Ardent/TAC),municipality,zoning_exclusion,restriction,enacted,2026-02-20,,39.4453,-83.8285,source_dataset,39027,Clinton County,False,"Wilmington, Ohio, City Council voted 5-2 on Feb 20 to rezone 545 acres from rural residential to light industrial for a second data center campus by Ardent Technologies (affiliated with TAC Data Centers), a $6 billion project promising… (datacentertracker.org)",datacentertracker.org,https://www.wnewsj.com/2026/02/20/council-approves-rezonings-in-a-split-vote-amid-data-center-debate/,
dct-wood-county-bowling-green-area-oh-2026-01-06,datacentertracker,local,OH,39,Wood County (Bowling Green area),county,moratorium,restriction,in_force,2026-01-06,,41.38,-83.65,source_dataset,39173,Wood County,True,"Meta revealed plans for an $800M, 715,000 sq ft data center on 280 acres in Middleton Township. 7 of Wood County's 19 townships have adopted temporary moratoriums, with 8 more discussing it. Residents also pushed back against fast-tracked… (datacentertracker.org)",datacentertracker.org,https://bgindependentmedia.org/meta-data-center-how-it-went-from-economic-development-coup-to-project-local-residents-rue/,
oh-yellow-springs-2026,moratorium_nation,local,OH,39,Yellow Springs (village),municipality,moratorium,restriction,in_force,2026-05-18,2,39.80454,-83.89252,source_dataset,39057,Greene County,False,"365-day data-center moratorium, adopted 2026-05-18, active per tracker (Moratorium Nation)",Moratorium Nation (ALEA Institute),https://mjbommar.github.io/moratorium-data-2026/,
ok-broken-arrow-2026,moratorium_nation,local,OK,40,Broken Arrow (city),municipality,moratorium,restriction,in_force,2026-06-15,,36.0526,-95.79082,source_dataset,40143,Tulsa County,False,"Data-center moratorium running to a set end date, adopted 2026-06-15, active per tracker (Moratorium Nation)",Moratorium Nation (ALEA Institute),https://mjbommar.github.io/moratorium-data-2026/,
dct-edmond-ok-moratorium-2026-06-08,datacentertracker,local,OK,40,"City of Edmond (data center moratorium), OK",municipality,moratorium,restriction,enacted,2026-06-08,,35.6529,-97.4779,source_dataset,40109,Oklahoma County,False,"On June 8, 2026 the Edmond (OK) City Council voted 5-0 to enact an immediate moratorium on accepting new data center applications through Dec 31, 2026, giving the city ~5 months to study water, electricity, zoning, and cost-recovery… (datacentertracker.org)",datacentertracker.org,https://datacentertracker.org/,
ok-edmond-2026,moratorium_nation,local,OK,40,Edmond (city),municipality,moratorium,restriction,in_force,2026-06-08,,35.65714,-97.4649,source_dataset,40109,Oklahoma County,False,"Data-center moratorium running to a set end date, adopted 2026-06-08, active per tracker (Moratorium Nation)",Moratorium Nation (ALEA Institute),https://mjbommar.github.io/moratorium-data-2026/,
dct-lawton-ok-zoning-ordinance-2026-02-24,datacentertracker,local,OK,40,Lawton,municipality,zoning_exclusion,restriction,enacted,2026-02-24,,34.6036,-98.3959,source_dataset,40031,Comanche County,False,"Lawton City Council voted 5-3 on February 24, 2026 to approve a zoning ordinance amendment setting one of the most restrictive data center limits in the country: data centers with peak electrical demand of 2 megawatts or less are permitted… (datacentertracker.org)",datacentertracker.org,https://www.kswo.com/2026/02/25/divided-city-council-passes-data-center-zoning-ordinance/,
ok-luther-2026,moratorium_nation,local,OK,40,Luther (town),municipality,moratorium,restriction,in_force,2026-06-17,,35.65961,-97.19414,source_dataset,40109,Oklahoma County,False,"Data-center moratorium running to a set end date, adopted 2026-06-17, active per tracker (Moratorium Nation)",Moratorium Nation (ALEA Institute),https://mjbommar.github.io/moratorium-data-2026/,
ok-norman-2026,moratorium_nation,local,OK,40,Norman (city),municipality,moratorium,restriction,in_force,2026-06-23,,35.22257,-97.43948,source_dataset,40027,Cleveland County,False,"Data-center moratorium running to a set end date, adopted 2026-06-23, active per tracker (Moratorium Nation)",Moratorium Nation (ALEA Institute),https://mjbommar.github.io/moratorium-data-2026/,
ok-oklahoma-city-2026,moratorium_nation,local,OK,40,Oklahoma City (city),municipality,moratorium,restriction,in_force,2026-04-21,,35.47299,-97.51705,source_dataset,40109,Oklahoma County,False,"Data-center moratorium running to a set end date, adopted 2026-04-21, active per tracker (Moratorium Nation)",Moratorium Nation (ALEA Institute),https://mjbommar.github.io/moratorium-data-2026/,
ok-pawhuska-2026,moratorium_nation,local,OK,40,Pawhuska (city),municipality,moratorium,restriction,in_force,2026-04-14,,36.66334,-96.34012,source_dataset,40113,Osage County,False,"Data-center moratorium running to a set end date, adopted 2026-04-14, active per tracker (Moratorium Nation)",Moratorium Nation (ALEA Institute),https://mjbommar.github.io/moratorium-data-2026/,
ok-seminole-nation-of-oklahoma-2026,moratorium_nation,local,OK,40,Seminole Nation of Oklahoma,tribal,moratorium,restriction,in_force,2026-03-07,,35.1556,-96.4925,source_dataset,40133,Seminole County,False,"Data-center moratorium, adopted 2026-03-07, active per tracker (Moratorium Nation)",Moratorium Nation (ALEA Institute),https://mjbommar.github.io/moratorium-data-2026/,
ok-tulsa-2026,moratorium_nation,local,OK,40,Tulsa (city),municipality,moratorium,restriction,in_force,2026-03-25,,36.15631,-95.99275,source_dataset,40143,Tulsa County,False,"Data-center moratorium running to a set end date, adopted 2026-03-25, active per tracker (Moratorium Nation)",Moratorium Nation (ALEA Institute),https://mjbommar.github.io/moratorium-data-2026/,
dct-yukon-ok-2026-01-15,datacentertracker,local,OK,40,Yukon,municipality,zoning_exclusion,restriction,in_force,2026-01-15,,35.5067,-97.7625,source_dataset,40017,Canadian County,False,"Yukon (OK) faces opposition to a Gamma Resources data center proposal near I-40. As of early 2026, the project is currently STALLED — zoning hearings have been deferred TWICE due to local outcry. Part of Oklahoma's broader data center boom… (datacentertracker.org)",datacentertracker.org,https://okcfox.com/news/project-oklahoma/new-data-center-coming-to-yukon-generating-contention,
or-city-of-hillsboro-2026,moratorium_nation,local,OR,41,Hillsboro (city),municipality,moratorium,restriction,in_force,2026-07-27,,45.51525,-122.98942,source_dataset,41067,Washington County,False,"120-day data-center moratorium, adopted 2026-07-27, active per tracker (Moratorium Nation)",Moratorium Nation (ALEA Institute),https://mjbommar.github.io/moratorium-data-2026/,
dct-amwell-township-pa-2026-05-15,datacentertracker,local,PA,42,Amwell Township,municipality,ordinance_conditions,condition,pending,2026-05-15,,40.0473,-80.1153,source_dataset,42125,Washington County,False,Amwell Township (Washington County) supervisors tabled a vote on a data center ordinance. (datacentertracker.org),datacentertracker.org,https://datacentertracker.org/,
pa-bensalem-township-2026,moratorium_nation,local,PA,42,Bensalem Township,municipality,moratorium,restriction,in_force,2026-06-08,,40.10455,-74.95128,source_dataset,42017,Bucks County,False,"180-day data-center moratorium, adopted 2026-06-08, active per tracker (Moratorium Nation)",Moratorium Nation (ALEA Institute),https://mjbommar.github.io/moratorium-data-2026/,
dct-bethel-township-lebanon-pa-2026-04-21,datacentertracker,local,PA,42,Bethel Township,municipality,zoning_exclusion,restriction,pending,2026-04-21,,40.45,-76.3,source_dataset,42011,Berks County,False,"Bethel Township Planning Commission unanimously voted on April 21, 2026 to begin developing a draft data center ordinance, with Chairman Dale Snader noting ""It's coming, and I suppose we have to look at it."" Zoning officer Jackie… (datacentertracker.org)",datacentertracker.org,https://lebtown.com/2026/04/23/data-centers-old-comprehensive-plan-highlight-bethel-twp-planning-session/,
pa-brookville-borough-2026,moratorium_nation,local,PA,42,Brookville Borough,municipality,moratorium,restriction,in_force,2026-06-16,,41.16043,-79.07947,source_dataset,42065,Jefferson County,False,"180-day data-center moratorium, adopted 2026-06-16, active per tracker (Moratorium Nation)",Moratorium Nation (ALEA Institute),https://mjbommar.github.io/moratorium-data-2026/,
pa-butler-township-2026,moratorium_nation,local,PA,42,Butler Township,municipality,moratorium,restriction,in_force,2026-05-12,,40.85183,-79.94186,source_dataset,42019,Butler County,False,"180-day data-center moratorium, adopted 2026-05-12, active per tracker (Moratorium Nation)",Moratorium Nation (ALEA Institute),https://mjbommar.github.io/moratorium-data-2026/,
pa-center-township-2026,moratorium_nation,local,PA,42,Center Township,municipality,moratorium,restriction,in_force,2026-06-10,,40.66401,-80.28678,source_dataset,42007,Beaver County,False,"180-day data-center moratorium, adopted 2026-06-10, active per tracker (Moratorium Nation)",Moratorium Nation (ALEA Institute),https://mjbommar.github.io/moratorium-data-2026/,
dct-scranton-city-pa-2026-03-17,datacentertracker,local,PA,42,City of Scranton,municipality,zoning_exclusion,restriction,pending,2026-03-17,,41.409,-75.6624,source_dataset,42069,Lackawanna County,False,"Scranton City, Pennsylvania, Council introducing an amendment to the 2023 zoning ordinance to regulate data centers, following advice from Lackawanna County planners that municipalities should address data centers proactively. The… (datacentertracker.org)",datacentertracker.org,https://www.thetimes-tribune.com/2026/03/09/scranton-to-amend-zoning-to-regulate-data-centers/,
dct-conewago-township-york-county-pa-2026-01-01,datacentertracker,local,PA,42,Conewago Township (York County),municipality,zoning_exclusion,restriction,in_force,2026-01-01,,40.0592,-76.7675,source_dataset,42133,York County,False,"Residents of Conewago Township in York County, Pennsylvania object to plans by Elysian Partners to rezone agricultural and residential land for AI data centers. The petition argues the use is incompatible with the surrounding area and… (datacentertracker.org)",datacentertracker.org,https://www.change.org/p/stop-ai-data-centers-in-conewago-township-york-co,
dct-covington-township-lackawanna-county-pa-2025-04-28,datacentertracker,local,PA,42,Covington Township (Lackawanna County),municipality,moratorium,restriction,in_force,2026-02-03,,41.327,-75.529,source_dataset,42069,Lackawanna County,False,"1778 Rich Pike LLC / Quantm Group plans 'Project Gouldsboro,' a $14.25 billion, 35-building, 1.5GW data center campus across Clifton and Covington townships on nearly 1,000 acres. Clifton Township supervisors approved a settlement with the… (datacentertracker.org)",datacentertracker.org,https://nodatacenter.net/,
dct-dickson-city-pa-2026-02-13,datacentertracker,local,PA,42,Dickson City,municipality,zoning_exclusion,restriction,in_force,2026-02-13,,41.4734,-75.6118,source_dataset,42069,Lackawanna County,False,"Dickson City, Pennsylvania, Borough Council adopted regulations that define, regulate and restrict data centers as special exceptions in the town's light manufacturing district, limiting data centers to Enterprise Street near Eagle Lane… (datacentertracker.org)",datacentertracker.org,https://www.thetimes-tribune.com/2026/02/13/dickson-city-adopts-data-center-regulations-halts-bell-mountain-campus/,
dct-dorrance-township-pa-2025-08-11,datacentertracker,local,PA,42,Dorrance Township,municipality,moratorium,restriction,in_force,2025-08-11,,41.05,-76.04,source_dataset,42079,Luzerne County,False,"Dorrance Township adopted a zoning ordinance amendment on September 22, 2025, allowing data centers only in industrial zones. Brewster Land Company LLC owns a 155-acre parcel zoned B-2 business highway district and is challenging the… (datacentertracker.org)",datacentertracker.org,https://www.alleghenyfront.org/pennsylvania-luzerne-dorrance-data-center-zoning/,
dct-east-manchester-township-pa-2025-10-14,datacentertracker,local,PA,42,East Manchester Township,municipality,ordinance_conditions,condition,enacted,2026-04-08,,40.01,-76.73,source_dataset,42133,York County,False,"East Manchester Township approved two ordinances: one regulating siting, design, construction, and operation of data centers; another establishing a data center overlay district near Gravel Hill and Saginaw Road. Requires 55-foot height… (datacentertracker.org)",datacentertracker.org,https://www.fox43.com/article/news/local/york-county/east-manchester-township-approves-two-new-data-center-ordinances-community-tech-york-county/521-de93d1bf-7139-4092-b5fc-2c61bd715273,
dct-east-rockhill-township-bucks-county-pa-2026-02-24,datacentertracker,local,PA,42,East Rockhill Township (Bucks County),municipality,zoning_exclusion,restriction,in_force,2026-02-24,,40.3825,-75.3176,source_dataset,42017,Bucks County,False,"East Rockhill supervisors advanced a preemptive data center ordinance (no application yet received). Restricts data centers to industrial districts at Pennridge Airport, requires 50-acre minimum lot size, proposes 60-foot height limit.… (datacentertracker.org)",datacentertracker.org,https://northpennnow.com/news/2026/apr/04/east-rockhill-supervisors-advance-data-center-ordi/,
dct-east-whiteland-curative-pa-2026-04-01,datacentertracker,local,PA,42,East Whiteland Township (Curative Amendment),municipality,zoning_exclusion,restriction,in_force,2026-02-26,,40.0361,-75.5388,source_dataset,42029,Chester County,False,"East Whiteland Township (Chester County) held an April 15, 2026 hearing on the developer's expanded 887,000 sq ft data center plan as the township advances its curative amendment process to revise zoning. Residents continue pushing back… (datacentertracker.org)",datacentertracker.org,https://www.inquirer.com/news/pennsylvania/east-whiteland-data-center-zoning-20260401.html,
dct-exeter-borough-pa-2026-05-06,datacentertracker,local,PA,42,Exeter Borough,municipality,zoning_exclusion,restriction,enacted,2026-05-06,,41.3231,-75.8205,source_dataset,42079,Luzerne County,False,"Exeter Borough (Luzerne County) approved a data center zoning amendment allowing them only as a conditional use, with a 500-ft setback and 60-ft height cap. (datacentertracker.org)",datacentertracker.org,https://datacentertracker.org/,
dct-falls-township-pa-amazon-2026-02,datacentertracker,local,PA,42,Falls Township,municipality,zoning_exclusion,restriction,enacted,2026-02-20,,40.1762,-74.7872,source_dataset,42017,Bucks County,False,"Amazon is building a 1-million-square-foot data center on 1,800 acres at the Keystone Trade Center in Falls Township, Bucks County, fast-tracked through Governor Shapiro's PA Permit Fast Track Program. Falls Township Residents Against Data… (datacentertracker.org)",datacentertracker.org,https://buckscountybeacon.com/2025/08/not-everyone-is-sold-on-the-benefits-of-amazons-data-center-coming-to-falls-township/,
dct-falls-township-pa-zoning-invalid-2026-07-27,datacentertracker,local,PA,42,Falls Township (Bucks County),municipality,zoning_exclusion,restriction,pending,2026-07-27,,40.1762,-74.7872,source_dataset,42017,Bucks County,False,"Falls Township's Board of Supervisors voted to declare portions of Chapter 209 of the zoning ordinance -- covering data-center districts, setbacks, noise, and water/power requirements, and the township's data-center definitions --… (datacentertracker.org)",datacentertracker.org,https://lowerbuckstimes.com/2026/07/29/falls-township-zoning-code-data-center-vote/,
dct-franklin-county-pa-2026-05-19,datacentertracker,local,PA,42,Franklin County,county,ordinance_conditions,condition,enacted,2026-05-19,,39.9279,-77.7211,source_dataset,42055,Franklin County,True,"Franklin County approved a data center ordinance (a SALDO amendment) setting standards for municipalities without their own zoning, after months of debate and 100+ public comments. (datacentertracker.org)",datacentertracker.org,https://datacentertracker.org/,
dct-franklin-park-borough-pa-overlay-2026-06-17,datacentertracker,local,PA,42,Franklin Park Borough,municipality,zoning_exclusion,restriction,enacted,2026-06-17,,40.5868,-80.0917,source_dataset,42003,Allegheny County,False,NEW preemptive regulation. On June 17 the Franklin Park Borough Council adopted Ordinance No. 697-2026 establishing a data center overlay district in the borough zoning map even though no application is pending. The rules set dimensional… (datacentertracker.org),datacentertracker.org,https://datacentertracker.org/,
dct-hanover-township-washington-county-pa-2026-03-31,datacentertracker,local,PA,42,Hanover Township,municipality,zoning_exclusion,restriction,enacted,2026-03-31,,40.3461,-80.3793,source_dataset,42125,Washington County,False,"Township passed data center ordinance regulating location, noise, water usage, power demand, and emergency management. Most likely site is Starpointe Industrial Park. Community members from Center for Coalfield Justice remain concerned… (datacentertracker.org)",datacentertracker.org,https://writing.strisker.com/data-centers-weekly-briefing-march-30-april-3-2026/,
pa-hazle-township-2026,moratorium_nation,local,PA,42,Hazle Township,municipality,moratorium,restriction,in_force,2026-06-08,,40.95719,-76.06007,source_dataset,42079,Luzerne County,False,"180-day data-center moratorium, adopted 2026-06-08, active per tracker (Moratorium Nation)",Moratorium Nation (ALEA Institute),https://mjbommar.github.io/moratorium-data-2026/,
dct-jenkins-township-luzerne-county-pa-2026-03-31,datacentertracker,local,PA,42,Jenkins Township,municipality,zoning_exclusion,restriction,pending,2026-03-31,,41.2767,-75.7905,source_dataset,42079,Luzerne County,False,"Jenkins Township, Luzerne County, Pennsylvania, held a public hearing on March 31, 2026 for a proposed zoning amendment creating a 550-acre Data Center Overlay District limited to the Industrial 2 zone at CenterPoint, where the Mericle… (datacentertracker.org)",datacentertracker.org,https://www.timesleader.com/news/1737257/jenkins-twp-holds-hearing-on-data-center-ordinance,
dct-lackawanna-county-pa-2025-10-01,datacentertracker,local,PA,42,Lackawanna County,county,moratorium,restriction,in_force,2025-10-01,,41.4541,-75.5951,source_dataset,42069,Lackawanna County,True,Lackawanna County Commissioner Bill Gaughan asked Governor Shapiro and the PA General Assembly for a three-year statewide moratorium on new large-scale data center approvals. The county alone has at least 11 proposed data center campuses… (datacentertracker.org),datacentertracker.org,https://www.change.org/p/stop-data-center-construction-in-lackawanna-county,
dct-lancaster-city-pa-2025-10-06,datacentertracker,local,PA,42,Lancaster City,municipality,zoning_exclusion,restriction,enacted,2025-10-06,,40.04,-76.31,source_dataset,42071,Lancaster County,False,"CoreWeave announced a $6 billion commitment to build an AI data center in Lancaster, converting former R.R. Donnelley/LSC Communications printing plants into a state-of-the-art facility co-developed with Chirisa Technology Parks and… (datacentertracker.org)",datacentertracker.org,https://lancasteronline.com/news/regional/residents-push-back-against-proposed-6b-data-center-in-lancaster-city/article_640500c2-4f80-418f-a368-9d4596ecbfeb.html,
dct-londonderry-township-dauphin-county-pa-2026-02-11,datacentertracker,local,PA,42,Londonderry Township,municipality,zoning_exclusion,restriction,in_force,2026-02-11,,40.185,-76.72,source_dataset,42043,Dauphin County,False,"Londonderry Township, Pennsylvania, tabled a zoning ordinance that would create a data center overlay district after overwhelming resident opposition at a packed public hearing. Proposed limits include 30-acre minimum lots and 150-ft… (datacentertracker.org)",datacentertracker.org,https://www.datacenterdynamics.com/en/news/pennsylvanias-londonderry-township-weighs-data-center-zoning-ordinance-change/,
dct-lowhill-township-lehigh-county-pa-2026-04-08,datacentertracker,local,PA,42,Lowhill Township,municipality,ordinance_conditions,condition,enacted,2026-04-08,,40.6208,-75.6143,source_dataset,42077,Lehigh County,False,"Board of Supervisors adopted data center regulations titled 'Digital Infrastructure Facility,' permitting data centers as conditional use in the Regional Use Overlay 2 district. Includes setback, noise, height, water, and electrical demand… (datacentertracker.org)",datacentertracker.org,https://www.wfmz.com/news/area/lehighvalley/lehigh-county/northern-lehigh-county/lowhill-township-establishes-zoning-requirements-for-data-centers/article_8fea69d6-a0dc-4a62-a1ab-11c9089fabe9.html,
dct-luzerne-county-zoning-pa-2026-02-02,datacentertracker,local,PA,42,Luzerne County (county-wide),county,zoning_exclusion,restriction,pending,2026-02-02,,41.17,-75.9,source_dataset,42079,Luzerne County,True,"Luzerne County, Pennsylvania, proposed a zoning amendment covering 20 municipalities that rely on county zoning. Defines three data center tiers — Hyperscale (100,000+ sq ft, up to 200 MW), Major (100,000-499,999 sq ft), and Edge (under… (datacentertracker.org)",datacentertracker.org,https://www.timesleader.com/news/1731917/data-center-zoning-amendment-proposed-for-20-luzerne-county-covered-municipalities,
pa-lycoming-county-2026,moratorium_nation,local,PA,42,Lycoming County,county,moratorium,restriction,in_force,2026-06-18,,41.34727,-77.02204,source_dataset,42081,Lycoming County,True,"180-day data-center moratorium, adopted 2026-06-18, active per tracker (Moratorium Nation)",Moratorium Nation (ALEA Institute),https://mjbommar.github.io/moratorium-data-2026/,
dct-middlesex-township-pa-2026-05-07,datacentertracker,local,PA,42,Middlesex Township,municipality,zoning_exclusion,restriction,enacted,2026-05-07,,40.2237,-77.1733,source_dataset,42041,Cumberland County,False,Middlesex Township supervisors unanimously approved land development for the 'PAX-1' data center; an attorney announced a spot-zoning legal challenge. (datacentertracker.org),datacentertracker.org,https://datacentertracker.org/,
dct-montgomery-township-pa-curative-2026-03-23,datacentertracker,local,PA,42,Montgomery Township,municipality,zoning_exclusion,restriction,in_force,2026-03-23,,40.248,-75.2437,source_dataset,42091,Montgomery County,False,"Supervisors declared township zoning ordinance 'substantively invalid' for lacking data center provisions, triggering the curative amendment process under PA Municipalities Planning Code. Township has 180 days to adopt new zoning covering… (datacentertracker.org)",datacentertracker.org,https://northpennnow.com/news/2026/mar/27/montgomery-township-moves-to-fix-zoning-gap-on-data-centers/,
pa-montour-county-2025,moratorium_nation,local,PA,42,Montour County,county,moratorium,restriction,replaced,2025-11-18,,41.02895,-76.66158,source_dataset,42093,Montour County,True,"180-day data-center moratorium, adopted 2025-11-18, since replaced by permanent regulations (Moratorium Nation)",Moratorium Nation (ALEA Institute),https://mjbommar.github.io/moratorium-data-2026/,
dct-montour-county-zoning-amendment-pa-2026-04-14,datacentertracker,local,PA,42,Montour County (zoning amendment),county,ordinance_conditions,condition,pending,2026-04-14,,41.0319,-76.6592,source_dataset,42093,Montour County,True,"Montour County Commissioners approved a notice of intent on April 14, 2026 to adopt a 26-page zoning amendment covering cryptocurrency mining, AI data centers, and hyperscaler facilities. The amendment follows the commissioners' February… (datacentertracker.org)",datacentertracker.org,https://www.standardjournal.com/news/local/article_montour-county-zoning-amendment-data-center-april-2026.html,
dct-moosic-borough-pa-ordinance-2026-06-08,datacentertracker,local,PA,42,"Moosic Borough (comprehensive data center ordinance), PA",municipality,zoning_exclusion,restriction,pending,2026-06-08,,41.3534,-75.746,source_dataset,42069,Lackawanna County,False,"Moosic Borough (Lackawanna County) is finalizing one of the county's most comprehensive data center ordinances, with a Borough Council public hearing targeted for its June 8, 2026 meeting. The ordinance strictly defines and regulates data… (datacentertracker.org)",datacentertracker.org,https://datacentertracker.org/,
dct-mount-carmel-township-pa-2026-05-14,datacentertracker,local,PA,42,Mount Carmel Township,municipality,moratorium,restriction,enacted,2026-05-14,,40.7889,-76.4116,source_dataset,42097,Northumberland County,False,"Mount Carmel Township passed a 180-day data center moratorium before 100+ residents, to upgrade zoning. (datacentertracker.org)",datacentertracker.org,https://datacentertracker.org/,
pa-muncy-township-2026,moratorium_nation,local,PA,42,Muncy Township,municipality,moratorium,restriction,in_force,2026-04-28,,41.25403,-76.79914,source_dataset,42081,Lycoming County,False,"270-day data-center moratorium, adopted 2026-04-28, active per tracker (Moratorium Nation)",Moratorium Nation (ALEA Institute),https://mjbommar.github.io/moratorium-data-2026/,
dct-new-castle-township-pa-2025-09-10,datacentertracker,local,PA,42,New Castle Township (Frackville area),municipality,zoning_exclusion,restriction,in_force,2025-09-10,,40.78,-76.23,source_dataset,42107,Schuylkill County,False,"KRNL Data Centers, a New York City-based developer, proposed a five-building campus on ~100 acres of conservation-zoned forest in New Castle Township, Schuylkill County. 'Save Frackville' residents presented 81 letters of opposition… (datacentertracker.org)",datacentertracker.org,https://www.wnep.com/article/news/local/schuylkill-county/schuylkill-county-frackville-data-center-new-castle-krnl-zoning/523-1e14d019-77cd-4b00-ab8e-b4cbbbaeba93,
dct-north-coventry-township-pa-2026-02-23,datacentertracker,local,PA,42,North Coventry Township,municipality,zoning_exclusion,restriction,in_force,2026-02-23,,40.1948,-75.671,source_dataset,42029,Chester County,False,"In North Coventry Township, Pennsylvania, Township supervisors voted 3-2 to reject a 120,000 sq ft, three-story 'boutique' data center on 18 acres off Route 724 before the proposal was even formally submitted. Over 100 residents attended… (datacentertracker.org)",datacentertracker.org,https://www.readingeagle.com/2026/03/03/north-coventry-rejects-boutique-data-center-idea/,
dct-north-franklin-township-pa-2026-04-14,datacentertracker,local,PA,42,North Franklin Township,municipality,ordinance_conditions,condition,enacted,2026-04-14,,40.1773,-80.2442,source_dataset,42125,Washington County,False,"North Franklin Township (Washington County) adopted a proactive ordinance on April 14-16, 2026 regulating cryptocurrency mining and data center operations. No developer has filed a project yet — supervisors called the move 'extremely… (datacentertracker.org)",datacentertracker.org,https://www.observer-reporter.com/news/local_news/2026/apr/16/north-franklin-township-adopts-ordinances-regulating-data-centers-electric-generation/,
dct-olyphant-borough-pa-2026-03-31,datacentertracker,local,PA,42,Olyphant Borough,municipality,zoning_exclusion,restriction,pending,2026-04-14,,41.4683,-75.6027,source_dataset,42069,Lackawanna County,False,"Olyphant Borough Council on April 14, 2026 rejected a proposed data center zoning amendment after residents argued the regulations were too lax (covering setbacks, noise, water usage, environmental impact). Immediately after rejection, the… (datacentertracker.org)",datacentertracker.org,https://fox56.com/news/local/olyphant-council-rejects-data-center-zoning-plan-then-opens-180-day-curative-amendment,
dct-penn-forest-township-carbon-county-pa-2026-03-03,datacentertracker,local,PA,42,Penn Forest Township (Carbon County),municipality,zoning_exclusion,restriction,enacted,2026-03-03,,40.9601,-75.584,source_dataset,42025,Carbon County,False,"Penn Forest Township, Pennsylvania, supervisors approved a comprehensive data center ordinance at a well-attended meeting at Penn's Peak (proposed by Mele Brothers Realty). The ordinance creates a new zoning overlay district covering 750… (datacentertracker.org)",datacentertracker.org,https://www.wvia.org/news/local/2026-03-03/penn-forest-twp-supervisors-approve-regulations-for-data-center-development,
dct-pine-creek-township-pa-data-center-zoning-amendment-2026-05-08,datacentertracker,local,PA,42,"Pine Creek Township (Clinton County — proactive zoning amendment for data-center conditional use), PA",municipality,zoning_exclusion,restriction,pending,2026-05-08,,41.2401,-77.4458,source_dataset,42035,Clinton County,False,"Pine Creek Township supervisors considering an ordinance amendment to add data centers as a conditional use in Industrial zoning. Framed as a proactive defense against curative amendment challenges; would allow setbacks, buffering, and… (datacentertracker.org)",datacentertracker.org,https://datacentertracker.org/,
dct-plymouth-township-pa-data-center-resubmit-2026-05-05,datacentertracker,local,PA,42,"Plymouth Township (Montgomery County — Cleveland-Cliffs steel mill site data center resubmitted after legal-technicality withdrawal), PA",municipality,zoning_exclusion,restriction,pending,2026-07-27,,40.1093,-75.2935,source_dataset,42091,Montgomery County,False,"Developer Brian O'Neill resubmitted a zoning application in May 2026 to build a 2M-sq-ft, 10-building AI data center across 66 acres of the former Cleveland-Cliffs steel mill site in Plymouth Township (Conshohocken), months after an… (datacentertracker.org)",datacentertracker.org,https://www.inquirer.com/news/pennsylvania/conshohocken-ai-data-center-proposal-zoning-20260505.html,
dct-shippingport-pa-2026-01-01,datacentertracker,local,PA,42,Shippingport,municipality,zoning_exclusion,restriction,enacted,2026-01-28,,40.6264,-80.4264,source_dataset,42007,Beaver County,False,"Aligned Data Centers (acquired by BlackRock/GIP for $40B) received conditional use approval from Shippingport Borough Council in January 2026 for 'Project Phoenix,' a $10B data center campus on the 660-acre former Bruce Mansfield coal… (datacentertracker.org)",datacentertracker.org,https://www.post-gazette.com/business/tech-news/2026/02/08/beaver-valley-data-centers-shippingport-aligned/stories/202602080033,
dct-south-londonderry-township-pa-2026-05-14,datacentertracker,local,PA,42,South Londonderry Township,municipality,ordinance_conditions,condition,pending,2026-05-14,,40.2773,-76.5825,source_dataset,42075,Lebanon County,False,South Londonderry Township authorized advertisement of a revised data center ordinance; next meeting June 9. (datacentertracker.org),datacentertracker.org,https://datacentertracker.org/,
dct-south-strabane-township-pa-2025-11-01,datacentertracker,local,PA,42,South Strabane Township,municipality,zoning_exclusion,restriction,in_force,2025-11-01,,40.1775,-80.222,source_dataset,42125,Washington County,False,"South Strabane Township began drafting data center regulations after CNX Resources' 1,400-acre tract (with 400 buildable acres) was marketed by JLL for data center development. 'No Data Centers' signs appeared along roads. The township… (datacentertracker.org)",datacentertracker.org,https://www.heraldstandard.com/news/local_news/2026/mar/21/south-strabane-planning-commission-recommends-supervisors-approve-data-center-ordinance/,
dct-towamencin-township-pa-2026-05-06,datacentertracker,local,PA,42,Towamencin Township,municipality,zoning_exclusion,restriction,enacted,2026-05-06,,40.2456,-75.3393,source_dataset,42091,Montgomery County,False,"Towamencin Township unanimously adopted data center regulations: conditional use only, bans groundwater use, requires closed-loop cooling, and bars siting abutting residential. (datacentertracker.org)",datacentertracker.org,https://datacentertracker.org/,
dct-tredyffrin-township-chester-county-pa-2026-04-21,datacentertracker,local,PA,42,Tredyffrin Township,municipality,zoning_exclusion,restriction,pending,2026-04-21,,40.0556,-75.4663,source_dataset,42029,Chester County,False,"The Tredyffrin Township Board of Supervisors voted unanimously on April 21, 2026 to authorize township staff and the solicitor to draft zoning amendments regarding data centers. No applications have been submitted in Tredyffrin, but the… (datacentertracker.org)",datacentertracker.org,https://www.inquirer.com/news/pennsylvania/tredyffrin-data-center-ordinance-20260421.html,
dct-upper-gwynedd-township-pa-ordinance-2026-04-13,datacentertracker,local,PA,42,Upper Gwynedd Township,municipality,ordinance_conditions,condition,pending,2026-04-13,,40.2126,-75.2746,source_dataset,42091,Montgomery County,False,"Upper Gwynedd Township draft data center ordinance advanced April 13, 2026. Final adoption expected in May. Latest in the Montgomery County wave of preemptive zoning rules. (datacentertracker.org)",datacentertracker.org,https://northpennnow.com/news/2026/apr/15/upper-gwynedd-becomes-latest-township-to-work-to-get-data-center-rules-on-the-books/,
pa-warrington-township-2026,moratorium_nation,local,PA,42,Warrington Township,municipality,moratorium,restriction,in_force,2026-05-13,,40.24927,-75.13406,source_dataset,42017,Bucks County,False,"Data-center moratorium, adopted 2026-05-13, active per tracker (Moratorium Nation)",Moratorium Nation (ALEA Institute),https://mjbommar.github.io/moratorium-data-2026/,
dct-west-rockhill-township-bucks-county-pa-2026-02-24,datacentertracker,local,PA,42,West Rockhill Township (Bucks County),municipality,zoning_exclusion,restriction,enacted,2026-04-15,,40.3824,-75.3569,source_dataset,42017,Bucks County,False,"West Rockhill Township Board of Supervisors unanimously adopted a zoning ordinance regulating data centers on April 15, 2026, limiting them to the township's Planned Industrial district by special exception. Standards include 25-acre… (datacentertracker.org)",datacentertracker.org,https://keystonenewsroom.com/2026/04/14/west-rockhill-considers-these-new-data-center-regulations/,
dct-smithfield-ri-2026-05-07,datacentertracker,local,RI,44,Smithfield,municipality,ordinance_conditions,condition,enacted,2026-05-07,,41.9223,-71.5478,source_dataset,44007,Providence County,False,The Smithfield Town Council approved an ordinance making data centers 'not permitted' in all zoning districts. (datacentertracker.org),datacentertracker.org,https://datacentertracker.org/,
dct-smithfield-ri-ban-2026-04,datacentertracker,local,RI,44,Smithfield,municipality,ordinance_conditions,condition,pending,2026-04-01,,41.9221,-71.549,source_dataset,44007,Providence County,False,"Smithfield Planning Board voted on April 13, 2026 to advance a data center ban, giving a positive recommendation to the Town Council. The Town Council vote is scheduled for May 5, 2026. Target of the ban is Revity Energy's proposed data… (datacentertracker.org)",datacentertracker.org,https://pbn.com/as-smithfield-moves-to-ban-data-centers-lawmakers-debate-how-to-define-them/,
sc-chester-county-2026,moratorium_nation,local,SC,45,Chester County,county,moratorium,restriction,in_force,2026-07-20,,34.68599,-81.15451,source_dataset,45023,Chester County,True,"180-day data-center moratorium, adopted 2026-07-20, active per tracker (Moratorium Nation)",Moratorium Nation (ALEA Institute),https://mjbommar.github.io/moratorium-data-2026/,
sc-chesterfield-county-2026,moratorium_nation,local,SC,45,Chesterfield County,county,moratorium,restriction,in_force,2026-06-01,,34.65006,-80.14178,source_dataset,45025,Chesterfield County,True,"Data-center moratorium running to a set end date, adopted 2026-06-01, active per tracker (Moratorium Nation)",Moratorium Nation (ALEA Institute),https://mjbommar.github.io/moratorium-data-2026/,
sc-colleton-county-2026,moratorium_nation,local,SC,45,Colleton County,county,moratorium,restriction,in_force,2026-07-06,,32.86207,-80.67711,source_dataset,45029,Colleton County,True,"180-day data-center moratorium, adopted 2026-07-06, active per tracker (Moratorium Nation)",Moratorium Nation (ALEA Institute),https://mjbommar.github.io/moratorium-data-2026/,
dct-colleton-county-sc-moratorium-first-reading-2026-05-04,datacentertracker,local,SC,45,"Colleton County Council (first-reading 6-month moratorium on 850-acre Eagle Rock proposal in ACE Basin), SC",municipality,moratorium,restriction,pending,2026-05-04,,32.8388,-80.6669,source_dataset,45029,Colleton County,True,Colleton County Council unanimously passed first reading of a 6-month (extendable) moratorium over an 850-acre proposed data-center facility on Cooks Hill Road south of Walterboro in the ACE Basin (9 industrial buildings on… (datacentertracker.org),datacentertracker.org,https://datacentertracker.org/,
dct-colleton-county-sc-moratorium-2026-07-07,datacentertracker,local,SC,45,"Colleton County Council (moratorium finalized, related SELC lawsuit paused)",county,moratorium,restriction,in_force,2026-07-07,,32.949,-80.6598,source_dataset,45029,Colleton County,True,Colleton County Council finalized a 6-month data center moratorium; the Southern Environmental Law Center agreed to pause its related lawsuit against the county for the moratorium's duration. Target project: Eagle Rock Partners' proposed… (datacentertracker.org),datacentertracker.org,https://www.live5news.com/2026/07/08/6-month-pause-data-center-developments-colleton-county-lawsuit-paused/,
sc-greenwood-county-2026,moratorium_nation,local,SC,45,Greenwood County,county,moratorium,restriction,in_force,2026-07-21,,34.14898,-82.11288,source_dataset,45047,Greenwood County,True,"365-day data-center moratorium, adopted 2026-07-21, active per tracker (Moratorium Nation)",Moratorium Nation (ALEA Institute),https://mjbommar.github.io/moratorium-data-2026/,
dct-greenwood-county-sc-moratorium-2026-06-16,datacentertracker,local,SC,45,"Greenwood County (1-year data center moratorium under consideration), SC",county,moratorium,restriction,enacted,2026-07-07,,34.1954,-82.1618,source_dataset,45047,Greenwood County,True,"In the June 16-17, 2026 window the Greenwood County (SC) Council took up a proposed one-year data center moratorium, saying it wants preemptive regulations though no projects are currently proposed; residents questioned officials' motives.… (datacentertracker.org)",datacentertracker.org,https://www.indexjournal.com/news/greenwood-county-council-moves-data-center-moratorium-forward/article_5a49005a-9961-4db1-b78b-6bb5bad87d21.html,
dct-horry-county-sc-zoning-draft-2026-04,datacentertracker,local,SC,45,Horry County,county,zoning_exclusion,restriction,pending,2026-04-15,,33.886,-78.9829,source_dataset,45051,Horry County,True,"Horry County advancing data center zoning standards proactively. Restricts facilities over 200,000 sq ft to general manufacturing and heavy industrial zones. Drafting phase; committee previously tabled. (datacentertracker.org)",datacentertracker.org,https://www.postandcourier.com/myrtle-beach/news/horry-county-data-centers-regulate/article_048033ab-67df-41df-b6da-71d98e4edd1c.html,
sc-newberry-county-2026,moratorium_nation,local,SC,45,Newberry County,county,moratorium,restriction,in_force,2026-06-05,,34.32669,-81.58301,source_dataset,45071,Newberry County,True,"365-day data-center moratorium, adopted 2026-06-05, active per tracker (Moratorium Nation)",Moratorium Nation (ALEA Institute),https://mjbommar.github.io/moratorium-data-2026/,
dct-newberry-county-sc-moratorium-2026-06-04,datacentertracker,local,SC,45,"Newberry County (1-year moratorium + land-purchase denial), SC",county,moratorium,restriction,enacted,2026-06-04,,34.2746,-81.6187,source_dataset,45071,Newberry County,True,"On June 4, 2026, the Newberry County Council voted unanimously to deny an ordinance that would have let a developer purchase county land for a potential data center, and enacted a one-year ban on new data center projects. The crowd cheered… (datacentertracker.org)",datacentertracker.org,https://www.wrdw.com/2026/06/05/newberry-county-passes-1-year-data-center-moratorium/,
dct-orangeburg-county-sc-moratorium-2026-07-23,datacentertracker,local,SC,45,Orangeburg County,county,moratorium,restriction,pending,2026-07-23,,33.4913,-80.8551,source_dataset,45075,Orangeburg County,True,Orangeburg County Council unanimously passed first reading of a data center construction and development moratorium after learning a company was scouting a Brentwood Drive site for a potential project. The moratorium requires a second… (datacentertracker.org),datacentertracker.org,https://www.postandcourier.com/columbia/news/orangeburg-data-center-moratorium-sc/article_947fef3f-b818-49b1-b9d9-e4cf1afa0e66.html,
dct-spartanburg-county-sc-moratorium-2026-06-15,datacentertracker,local,SC,45,"Spartanburg County (Council directs drafting of data center moratorium), SC",county,moratorium,restriction,pending,2026-06-22,,34.9496,-81.932,source_dataset,45083,Spartanburg County,True,"On June 15, 2026 the Spartanburg County (SC) Council unanimously directed the county manager and attorney to draft a data center moratorium/ban ordinance while awaiting state legislation. The existing NorthMark data center (Pine Street… (datacentertracker.org)",datacentertracker.org,https://datacentertracker.org/,
dct-spartanburg-county-sc-moratorium-2026-06-22,datacentertracker,local,SC,45,"Spartanburg County Council (moratorium, first reading)",county,moratorium,restriction,pending,2026-07-20,,34.9496,-81.932,source_dataset,45083,Spartanburg County,True,Spartanburg County Council passed the first reading of a 12-month data center moratorium unanimously; it does not affect the already-under-construction NorthMark project. [Update 2026-07-20]: County Council passed the second reading of the… (datacentertracker.org),datacentertracker.org,https://www.foxcarolina.com/2026/06/22/spartanburg-county-votes-pause-data-center-applications-one-year/,
sc-york-county-2026,moratorium_nation,local,SC,45,York County,county,moratorium,restriction,in_force,2026-07-13,,34.96033,-81.16554,source_dataset,45091,York County,True,"270-day data-center moratorium, adopted 2026-07-13, active per tracker (Moratorium Nation)",Moratorium Nation (ALEA Institute),https://mjbommar.github.io/moratorium-data-2026/,
dct-sioux-falls-sd-2025-12-01,datacentertracker,local,SD,46,Sioux Falls,municipality,zoning_exclusion,restriction,enacted,2025-12-01,,43.546,-96.7313,source_dataset,46099,Minnehaha County,False,"Gemini Capital proposed a $1.9B, 500 MW hyperscale data center on 164 acres in eastern Sioux Falls. The City Council voted 7-0 on Jan. 6, 2026 to rezone the farmland for light industrial use, despite 200+ people attending in opposition… (datacentertracker.org)",datacentertracker.org,https://www.siouxfallslive.com/news/sioux-falls/planned-data-center-sparks-outrage-in-downtown-sioux-falls,
sd-yankton-county-2026,moratorium_nation,local,SD,46,Yankton County,county,moratorium,restriction,in_force,2026-07-21,,43.01152,-97.39676,source_dataset,46135,Yankton County,True,"180-day data-center moratorium, adopted 2026-07-21, active per tracker (Moratorium Nation)",Moratorium Nation (ALEA Institute),https://mjbommar.github.io/moratorium-data-2026/,
dct-yankton-county-sd-moratorium-2026-06-16,datacentertracker,local,SD,46,"Yankton County (temporary data center moratorium, first reading), SD",county,moratorium,restriction,pending,2026-06-16,,42.8711,-97.3973,source_dataset,46135,Yankton County,True,"On June 16, 2026 the Yankton County (SD) Commission held a first reading of a resolution for a temporary moratorium of up to 12 months on data centers and Bitcoin-mining facilities exceeding a power-capacity threshold, prompted by reports… (datacentertracker.org)",datacentertracker.org,https://datacentertracker.org/,
tn-anderson-county-2026,moratorium_nation,local,TN,47,Anderson County,county,moratorium,restriction,in_force,2026-06-15,,36.10632,-84.18499,source_dataset,47001,Anderson County,True,"730-day data-center moratorium, adopted 2026-06-15, active per tracker (Moratorium Nation)",Moratorium Nation (ALEA Institute),https://mjbommar.github.io/moratorium-data-2026/,
dct-anderson-county-tn-moratorium-2026-06-15,datacentertracker,local,TN,47,"Anderson County (2-year moratorium on data centers, crypto mining, battery storage), TN",county,moratorium,restriction,enacted,2026-06-15,,36.1067,-84.1291,source_dataset,47001,Anderson County,True,"On June 15, 2026 the Anderson County (TN) Commission approved a two-year moratorium on new cryptocurrency mining, data processing, and battery storage development (facilities ≥20,000 sq ft or 5+ MW) after residents packed the meeting, to… (datacentertracker.org)",datacentertracker.org,https://datacentertracker.org/,
tn-bristol-2025,moratorium_nation,local,TN,47,Bristol (city),municipality,moratorium,restriction,in_force,2025-10-24,,36.585,-82.189,manual,47163,Sullivan County,False,"730-day data-center moratorium, adopted 2025-10-24, active per tracker (Moratorium Nation)",Moratorium Nation (ALEA Institute),https://mjbommar.github.io/moratorium-data-2026/,
dct-cedar-hill-tn-moratorium-proposed-2026-05-15,datacentertracker,local,TN,47,"Cedar Hill (Robertson County — mayor proposing 2-year data center + crypto moratorium), TN",municipality,moratorium,restriction,enacted,2026-06-01,,36.5392,-86.8061,source_dataset,47147,Robertson County,False,"Cedar Hill Mayor John Edwards proposed a 2-year moratorium on data centers and crypto mining, prompted by a large project planned across the state line in Franklin, KY. He plans to bring it to town leaders the following month; no vote yet.… (datacentertracker.org)",datacentertracker.org,https://datacentertracker.org/,
tn-cedar-hill-2026,moratorium_nation,local,TN,47,Cedar Hill (town),municipality,moratorium,restriction,in_force,2026-06-01,,36.55143,-86.99917,source_dataset,47147,Robertson County,False,"730-day data-center moratorium, adopted 2026-06-01, active per tracker (Moratorium Nation)",Moratorium Nation (ALEA Institute),https://mjbommar.github.io/moratorium-data-2026/,
dct-city-of-johnson-city-tn-2025-06-01,datacentertracker,local,TN,47,City of Johnson City,municipality,moratorium,restriction,enacted,2026-05-22,,36.313,-82.354,source_dataset,47179,Washington County,False,"BrightRidge electric utility announced in May 2025 a moratorium on data center project proposals in its service area, including a south Johnson City Bitcoin mining/data center site, stating 'the costs currently outweigh the benefits.' The… (datacentertracker.org)",datacentertracker.org,https://wcyb.com/news/local/brightridge-puts-moratorium-on-data-center-project-proposals-in-region,
dct-rocky-top-tn-zoning-2026-04,datacentertracker,local,TN,47,City of Rocky Top,municipality,zoning_exclusion,restriction,pending,2026-04-01,,36.2173,-84.1547,source_dataset,47001,Anderson County,False,"Rocky Top, TN: Ordinance 620 (data center zoning restrictions) second reading was NOT held on April 16, 2026 as previously scheduled. Mayor Templin confirmed the vote has been moved to May 2026. The ordinance remains pending. The delay… (datacentertracker.org)",datacentertracker.org,https://www.wbir.com/article/news/local/rocky-top-regulate-location-of-any-future-ai-data-centers-in-city/51-d109d822-3a2d-4c45-bc0d-e30b3065b70f,
tn-clinton-2026,moratorium_nation,local,TN,47,Clinton (city),municipality,moratorium,restriction,in_force,2026-06-22,,36.10341,-84.13186,source_dataset,47001,Anderson County,False,"180-day data-center moratorium, adopted 2026-06-22, active per tracker (Moratorium Nation)",Moratorium Nation (ALEA Institute),https://mjbommar.github.io/moratorium-data-2026/,
tn-coffee-county-2026,moratorium_nation,local,TN,47,Coffee County,county,moratorium,restriction,in_force,2026-06-09,,35.49061,-86.06963,source_dataset,47031,Coffee County,True,"365-day data-center moratorium, adopted 2026-06-09, active per tracker (Moratorium Nation)",Moratorium Nation (ALEA Institute),https://mjbommar.github.io/moratorium-data-2026/,
tn-crossville-undated,moratorium_nation,local,TN,47,Crossville (city),municipality,moratorium,restriction,pending,,,35.94968,-85.02748,source_dataset,47035,Cumberland County,False,"730-day data-center moratorium, adoption pending or unconfirmed (Moratorium Nation)",Moratorium Nation (ALEA Institute),https://mjbommar.github.io/moratorium-data-2026/,
tn-cumberland-county-2026,moratorium_nation,local,TN,47,Cumberland County,county,moratorium,restriction,in_force,2026-06-15,,35.95381,-84.97482,source_dataset,47035,Cumberland County,True,"730-day data-center moratorium, adopted 2026-06-15, active per tracker (Moratorium Nation)",Moratorium Nation (ALEA Institute),https://mjbommar.github.io/moratorium-data-2026/,
dct-dekalb-county-tn-2024-06-01,datacentertracker,local,TN,47,DeKalb County,county,zoning_exclusion,restriction,expired,2024-06-01,,35.982,-85.832,source_dataset,47041,DeKalb County,True,"DeKalb County, Tennessee, Commission, considered data center regulations proposed by County Mayor Matt Adcock after receiving an inquiry about a nuclear-powered data center. The proposed resolution would prohibit data centers within 5,000… (datacentertracker.org)",datacentertracker.org,https://www.wjle.com/county-commission-to-renew-discussion-about-proposed-data-center-regulations-view-video-here/,
dct-dekalb-county-nuclear-tn-2026-03-01,datacentertracker,local,TN,47,DeKalb County (nuclear data center regulations),county,zoning_exclusion,restriction,pending,2026-03-01,,35.982,-85.832,source_dataset,47041,DeKalb County,True,"DeKalb County, Tennessee, Commission is considering data center regulations proposed by County Mayor Matt Adcock after receiving an inquiry about locating a nuclear-powered data center in the county. The proposed resolution would prohibit… (datacentertracker.org)",datacentertracker.org,https://www.wjle.com/county-commission-to-renew-discussion-about-proposed-data-center-regulations-view-video-here/,
tn-grundy-county-2026,moratorium_nation,local,TN,47,Grundy County,county,moratorium,restriction,in_force,2026-05-18,,35.36979,-85.71066,source_dataset,47061,Grundy County,True,"731-day data-center moratorium, adopted 2026-05-18, active per tracker (Moratorium Nation)",Moratorium Nation (ALEA Institute),https://mjbommar.github.io/moratorium-data-2026/,
tn-hawkins-county-2025,moratorium_nation,local,TN,47,Hawkins County,county,ban,restriction,in_force,2025-09-22,,36.42988,-82.95689,source_dataset,47073,Hawkins County,True,"Indefinite prohibition on data centers, adopted 2025-09-22, active per tracker (Moratorium Nation)",Moratorium Nation (ALEA Institute),https://mjbommar.github.io/moratorium-data-2026/,
tn-johnson-city-2025,moratorium_nation,local,TN,47,Johnson City (city),municipality,moratorium,restriction,replaced,2025-06-05,,36.31677,-82.3529,source_dataset,47179,Washington County,False,"365-day data-center moratorium, adopted 2025-06-05, since replaced by permanent regulations (Moratorium Nation)",Moratorium Nation (ALEA Institute),https://mjbommar.github.io/moratorium-data-2026/,
tn-jonesborough-2025,moratorium_nation,local,TN,47,Jonesborough (town),municipality,moratorium,restriction,replaced,2025-10-13,,36.29449,-82.47341,source_dataset,47179,Washington County,False,"730-day data-center moratorium, adopted 2025-10-13, since replaced by permanent regulations (Moratorium Nation)",Moratorium Nation (ALEA Institute),https://mjbommar.github.io/moratorium-data-2026/,
dct-jonesborough-tn-data-center-ordinance-2026-05-11,datacentertracker,local,TN,47,"Jonesborough Board of Mayor and Aldermen, TN",municipality,ordinance_conditions,condition,pending,2026-05-11,,36.2937,-82.4732,source_dataset,47179,Washington County,False,"Jonesborough ordinance requires board approval for all data-center applications and establishes noise, water, electrical demand, and reporting standards. Final reading scheduled May 11; first reading March 16; Planning Commission approved… (datacentertracker.org)",datacentertracker.org,https://datacentertracker.org/,
tn-knox-county-2026,moratorium_nation,local,TN,47,Knox County,county,moratorium,restriction,in_force,2026-06-22,,35.986,-83.93756,source_dataset,47093,Knox County,True,"373-day data-center moratorium, adopted 2026-06-22, active per tracker (Moratorium Nation)",Moratorium Nation (ALEA Institute),https://mjbommar.github.io/moratorium-data-2026/,
dct-knox-county-tn-moratorium-2026-06-22,datacentertracker,local,TN,47,Knox County Commission,county,moratorium,restriction,enacted,2026-06-22,,35.9606,-83.9207,source_dataset,47093,Knox County,True,Knox County Commission unanimously (10-0) approved a one-year moratorium on data centers. (datacentertracker.org),datacentertracker.org,https://www.wivk.com/2026/06/23/knox-county-commission-approves-one-year-moratorium-on-data-centers/,
dct-knox-county-tn-draft-data-center-ordinance-2026-05-08,datacentertracker,local,TN,47,"Knox County, TN (draft data-center regulation ordinance — 65-ft height cap, 300-ft setbacks, closed-loop energy mandate)",municipality,zoning_exclusion,restriction,pending,2026-06-22,,35.9606,-83.9207,source_dataset,47093,Knox County,True,"Knox County drafted regulation ordinance capping height at 65 ft, 300-ft residential setbacks, noise limits (67/57 dBA), prohibiting connection to public electric/water, requires closed-loop energy (solar/wind/nuclear), and mandates 'art… (datacentertracker.org)",datacentertracker.org,https://datacentertracker.org/,
tn-knoxville-2026,moratorium_nation,local,TN,47,Knoxville (city),municipality,moratorium,restriction,in_force,2026-07-07,,35.96039,-83.92103,source_dataset,47093,Knox County,False,"365-day data-center moratorium, adopted 2026-07-07, active per tracker (Moratorium Nation)",Moratorium Nation (ALEA Institute),https://mjbommar.github.io/moratorium-data-2026/,
dct-knoxville-tn-moratorium-2026-07-07,datacentertracker,local,TN,47,Knoxville City Council,municipality,moratorium,restriction,enacted,2026-07-07,,35.9606,-83.9207,source_dataset,47093,Knox County,False,"Knoxville City Council passed a one-year moratorium on large data centers (>=10 MW), following Knox County's own June 22 moratorium. (datacentertracker.org)",datacentertracker.org,https://www.wivk.com/2026/07/08/knoxville-approves-one-year-moratorium-on-large-data-centers/,
tn-loudon-county-2026,moratorium_nation,local,TN,47,Loudon County,county,moratorium,restriction,in_force,2026-06-29,,35.749,-84.32029,source_dataset,47105,Loudon County,True,"180-day data-center moratorium, adopted 2026-06-29, active per tracker (Moratorium Nation)",Moratorium Nation (ALEA Institute),https://mjbommar.github.io/moratorium-data-2026/,
dct-loudon-county-tn-moratorium-2026-06-30,datacentertracker,local,TN,47,Loudon County Commission,county,moratorium,restriction,enacted,2026-06-30,,35.7326,-84.3352,source_dataset,47105,Loudon County,True,Loudon County Commission passed a 6-month data center moratorium for facilities with >=50 MW peak demand. (datacentertracker.org),datacentertracker.org,https://www.wate.com/news/local-news/loudon-county-data-center-moratorium/,
dct-mcminnville-tn-moratorium-2026-06-03,datacentertracker,local,TN,47,"McMinnville (18-month data center moratorium, first reading), TN",municipality,moratorium,restriction,enacted,2026-06-09,,35.6834,-85.77,source_dataset,47177,Warren County,False,"On June 3, 2026, the McMinnville Board of Mayor and Aldermen unanimously approved on first reading an 18-month moratorium covering data centers, Bitcoin mining, and microchip manufacturing, following 90+ minutes of public comment, to study… (datacentertracker.org)",datacentertracker.org,https://datacentertracker.org/,
tn-mcminnville-2026,moratorium_nation,local,TN,47,McMinnville (city),municipality,moratorium,restriction,in_force,2026-06-03,,35.6834,-85.76998,source_dataset,47177,Warren County,False,"545-day data-center moratorium, adopted 2026-06-03, active per tracker (Moratorium Nation)",Moratorium Nation (ALEA Institute),https://mjbommar.github.io/moratorium-data-2026/,
dct-memphis-city-council-xai-water-plant-land-tn-2025-03-04,datacentertracker,local,TN,47,Memphis City Council (Colossus Water Recycle Plant land sale),municipality,zoning_exclusion,restriction,enacted,2025-03-04,,35.059,-90.1242,source_dataset,47157,Shelby County,False,"The Memphis City Council gave final approval to sell 13 acres south of the T.E. Maxson Wastewater Treatment Plant to xAI for $820,000 to build the $80M 'Colossus Water Recycle Plant.' Councilmembers Yolanda Cooper-Sutton, Pearl Eva Walker… (datacentertracker.org)",datacentertracker.org,https://wreg.com/news/memphis-city-council-approves-xai-land-deal/,
dct-memphis-xai-community-benefit-ordinance-tn-2025-08-01,datacentertracker,local,TN,47,Memphis City Council (xAI Community Benefit Ordinance),municipality,ordinance_conditions,condition,enacted,2025-08-01,,35.059,-90.1242,source_dataset,47157,Shelby County,False,"The Memphis City Council unanimously passed Mayor Paul Young's ordinance allocating 25% of xAI's city property tax revenue — estimated at $3M-$3.2M of $13M first-year revenue, up to $100M over time — to communities within a 5-mile radius… (datacentertracker.org)",datacentertracker.org,https://www.fox13memphis.com/news/city-council-approves-tax-benefits-from-xai-for-surrounding-communities-in-south-memphis/article_2e980200-40a7-4a6e-8d23-e97e4dc1314d.html,
dct-moore-county-tn-moratorium-2026,datacentertracker,local,TN,47,Moore County,county,moratorium,restriction,pending,2026-03-01,,35.2831,-86.3744,source_dataset,47127,Moore County,True,"The Moore County, Tennessee, Metro Council is considering a two-year moratorium on data center construction and expansion, which would take effect April 20, 2026. During the moratorium, the county would stop accepting new applications for… (datacentertracker.org)",datacentertracker.org,https://mcobserver.news/news/metro-council-to-consider-data-center-moratorium/,
tn-morgan-county-2026,moratorium_nation,local,TN,47,Morgan County,county,moratorium,restriction,in_force,2026-06-12,,36.13724,-84.6295,source_dataset,47129,Morgan County,True,"730-day data-center moratorium, adopted 2026-06-12, active per tracker (Moratorium Nation)",Moratorium Nation (ALEA Institute),https://mjbommar.github.io/moratorium-data-2026/,
tn-nashville-davidson-county-2026,moratorium_nation,local,TN,47,Nashville-Davidson County (city),municipality,moratorium,restriction,in_force,2026-07-24,,36.21681,-86.59819,source_dataset,47037,Davidson County,True,"Data-center moratorium running to a set end date, adopted 2026-07-24, active per tracker (Moratorium Nation)",Moratorium Nation (ALEA Institute),https://mjbommar.github.io/moratorium-data-2026/,
dct-nashville-davidson-zoning-tn-2026-04-17,datacentertracker,local,TN,47,Nashville/Davidson County,county,moratorium,restriction,enacted,2026-07-21,,36.1627,-86.7816,source_dataset,47037,Davidson County,True,"Nashville/Metro Davidson County Title 17 zoning amendments passed on third reading April 7, 2026 became effective April 17, 2026. Includes data-center-related zoning provisions establishing standards (not a ban). June 2026 escalation: On… (datacentertracker.org)",datacentertracker.org,https://www.multistate.us/resources/state-data-center-policy-101,
dct-roane-county-tn-2026-07-14,datacentertracker,local,TN,47,Roane County,county,moratorium,restriction,enacted,2026-07-14,,35.8898,-84.5147,source_dataset,47145,Roane County,True,"The Roane County Commission approved a resolution directing the regional planning commission to draft a two-year moratorium -- amended up from an initially proposed 180 days -- on new data centers, cryptocurrency-mining operations, and… (datacentertracker.org)",datacentertracker.org,https://www.wvlt.tv/2026/07/14/they-are-monster-deal-with-during-emergency-events-another-east-tennessee-county-moves-closer-pausing-data-centers/,
tn-shelbyville-2026,moratorium_nation,local,TN,47,Shelbyville (city),municipality,moratorium,restriction,in_force,2026-07-07,,35.48341,-86.46027,source_dataset,47003,Bedford County,False,"365-day data-center moratorium, adopted 2026-07-07, active per tracker (Moratorium Nation)",Moratorium Nation (ALEA Institute),https://mjbommar.github.io/moratorium-data-2026/,
tn-smithville-undated,moratorium_nation,local,TN,47,Smithville (city),municipality,moratorium,restriction,pending,,,35.96062,-85.81415,source_dataset,47041,DeKalb County,False,"545-day data-center moratorium, adoption pending or unconfirmed (Moratorium Nation)",Moratorium Nation (ALEA Institute),https://mjbommar.github.io/moratorium-data-2026/,
tn-sullivan-county-2025,moratorium_nation,local,TN,47,Sullivan County,county,moratorium,restriction,expired,2025-12-18,,36.49667,-82.2869,source_dataset,47163,Sullivan County,True,"120-day data-center moratorium, adopted 2025-12-18, since expired (Moratorium Nation)",Moratorium Nation (ALEA Institute),https://mjbommar.github.io/moratorium-data-2026/,
tn-unincorporated-hamilton-county-2026,moratorium_nation,local,TN,47,Unincorporated Hamilton County,county,moratorium,restriction,in_force,2026-07-15,,35.17556,-85.19408,source_dataset,47065,Hamilton County,True,"365-day data-center moratorium, adopted 2026-07-15, active per tracker (Moratorium Nation)",Moratorium Nation (ALEA Institute),https://mjbommar.github.io/moratorium-data-2026/,
tn-warren-county-2026,moratorium_nation,local,TN,47,Warren County,county,moratorium,restriction,in_force,2026-06-22,,35.68897,-85.77966,source_dataset,47177,Warren County,True,"365-day data-center moratorium, adopted 2026-06-22, active per tracker (Moratorium Nation)",Moratorium Nation (ALEA Institute),https://mjbommar.github.io/moratorium-data-2026/,
tn-washington-county-2026,moratorium_nation,local,TN,47,Washington County,county,moratorium,restriction,in_force,2026-03-23,,36.26365,-82.49118,source_dataset,47179,Washington County,True,"Data-center moratorium running to a set end date, adopted 2026-03-23, active per tracker (Moratorium Nation)",Moratorium Nation (ALEA Institute),https://mjbommar.github.io/moratorium-data-2026/,
tn-white-county-2026,moratorium_nation,local,TN,47,White County,county,moratorium,restriction,in_force,2026-07,,35.92459,-85.46309,source_dataset,47185,White County,True,"Data-center moratorium, adopted 2026-07, active per tracker (Moratorium Nation)",Moratorium Nation (ALEA Institute),https://mjbommar.github.io/moratorium-data-2026/,
tx-austin-county-2026,moratorium_nation,local,TX,48,Austin County,county,moratorium,restriction,pending,2026-07-27,,29.89165,-96.24435,source_dataset,48015,Austin County,True,"Data-center moratorium, adopted 2026-07-27, adoption pending or unconfirmed (Moratorium Nation)",Moratorium Nation (ALEA Institute),https://mjbommar.github.io/moratorium-data-2026/,
dct-bell-county-tx-murray-industries-moratorium-2026-07-02,datacentertracker,local,TX,48,Bell County (Murray Industries construction moratorium),county,moratorium,restriction,enacted,2026-07-02,,31.0982,-97.3428,source_dataset,48027,Bell County,True,"Commissioners passed a two-year construction moratorium halting a project by Murray Industries, which had already begun clearing land. It is unclear whether the moratorium covers Meta's already-operational Temple facility nearby. This is a… (datacentertracker.org)",datacentertracker.org,https://www.wymt.com/2026/07/02/bell-county-passes-data-center-moratorium-halting-construction-2-years/,
dct-bryan-tx-zoning-2026-02,datacentertracker,local,TX,48,Bryan,municipality,zoning_exclusion,restriction,enacted,2025-09-16,,30.6744,-96.3698,source_dataset,48041,Brazos County,False,"Bryan, Texas, City Council proactively annexed 162 acres near the RELLIS campus and adopted a Planned Development zoning district allowing data centers with stricter-than-normal standards including increased setbacks, noise requirements… (datacentertracker.org)",datacentertracker.org,https://www.texastribune.org/2026/02/13/texas-data-centers-local-governments-power/,
dct-fort-worth-tx-crypto-ban-zoning-rules-2026-06-02,datacentertracker,local,TX,48,"City of Fort Worth (citywide data center rules + crypto-mining ban proposed), TX",municipality,zoning_exclusion,restriction,pending,2026-06-02,,32.7555,-97.3308,source_dataset,48439,Tarrant County,False,"Fort Worth city staff presented proposed citywide data center rules on June 2, 2026: ban cryptocurrency mining as a primary data center use; require a 250-ft setback from homes (300-ft for generators); mandate closed-loop cooling capped at… (datacentertracker.org)",datacentertracker.org,https://fortworthreport.org/2026/07/08/zoning-commissioners-deny-data-center-rules-return-ordinance-to-fort-worth-city-council/,
dct-forney-tx-zoning-2026-03,datacentertracker,local,TX,48,Forney,municipality,zoning_exclusion,restriction,pending,2026-03-17,,32.7482,-96.4719,source_dataset,48257,Kaufman County,False,"The City of Forney, Texas, is considering new zoning rules that would formally regulate data center development within city limits. A public hearing is scheduled for March 17, 2026 on a proposed ordinance amending Forney's Comprehensive… (datacentertracker.org)",datacentertracker.org,https://www.inforney.com/local-news/forney-proposes-new-rules-for-data-centers/article_51ff32ba-83f3-44aa-91c1-73c022a88384.html,
dct-fort-worth-southeast-tx-2025-01-01,datacentertracker,local,TX,48,Fort Worth,municipality,zoning_exclusion,restriction,pending,2025-01-01,,32.6602,-97.3032,source_dataset,48439,Tarrant County,False,"Black Mountain Power LLC has obtained rezoning approval for over 450 acres in southeast Fort Worth for a $10B data center. The City Council approved zoning changes in multiple phases: 141 acres in January 2025, 171 additional acres in… (datacentertracker.org)",datacentertracker.org,https://fortworthreport.org/2026/02/11/10b-data-center-hits-wall-after-fort-worth-leaders-cite-resources-land-usage-concerns/,
tx-harlingen-2026,moratorium_nation,local,TX,48,Harlingen (city),municipality,moratorium,restriction,in_force,2026-05,,26.19075,-97.69606,source_dataset,48061,Cameron County,False,"120-day data-center moratorium, adopted 2026-05, active per tracker (Moratorium Nation)",Moratorium Nation (ALEA Institute),https://mjbommar.github.io/moratorium-data-2026/,
tx-hill-county-2026,moratorium_nation,local,TX,48,Hill County,county,moratorium,restriction,expired,2026-05-12,,31.95951,-97.08817,source_dataset,48217,Hill County,True,"365-day data-center moratorium, adopted 2026-05-12, since rescinded (Moratorium Nation)",Moratorium Nation (ALEA Institute),https://mjbommar.github.io/moratorium-data-2026/,
dct-hill-county-tx-county-moratorium-2026-05-12,datacentertracker,local,TX,48,"Hill County Commissioners Court (first Texas county data center moratorium), TX",municipality,moratorium,restriction,enacted,2026-05-12,,32.0085,-97.1253,source_dataset,48217,Hill County,True,Hill County Commissioners Court voted 3-2 for a 1-year pause on data center construction in unincorporated areas — appears to be the first Texas county moratorium. County officials expect lawsuits (demand letters arrived within 24 hours)… (datacentertracker.org),datacentertracker.org,https://datacentertracker.org/,
dct-hood-county-tx-comanche-circle-approval-2026-06-17,datacentertracker,local,TX,48,"Hood County (Comanche Circle data center approved without conditions under lawsuit threat), TX",county,zoning_exclusion,restriction,enacted,2026-06-17,,32.4421,-97.7942,source_dataset,48221,Hood County,True,"Hood County (TX) commissioners approved the Comanche Circle data center (Sailfish Development; up to ~9 campuses / ~2,600 acres near Tolar, up to 5 GW) WITHOUT conditions after the developer threatened to sue. County Attorney Matthew Mills… (datacentertracker.org)",datacentertracker.org,https://datacentertracker.org/,
dct-lee-county-tx-sandow-2026,datacentertracker,local,TX,48,Lee County (Blue/Sandow),municipality,zoning_exclusion,restriction,in_force,2026-01-01,,30.4632,-97.0821,source_dataset,48287,Lee County,True,"In Lee County, 'Move the Gas Plant' grassroots group pushing back against a 1,200 MW gas plant by Sandow Lakes Energy that would serve nearby data centers and Bitcoin mining. TCEQ denied their hearing request in approximately 45 seconds… (datacentertracker.org)",datacentertracker.org,https://www.texastribune.org/2025/06/05/texas-data-centers-gas-power-plants-ai/,
dct-lufkin-tx-2025-11-01,datacentertracker,local,TX,48,Lufkin,municipality,zoning_exclusion,restriction,in_force,2025-11-01,,31.3382,-94.7291,source_dataset,48005,Angelina County,False,"Denver-based Amp Z proposed Project Lufkin, a multi-gigawatt data center on 1,000+ acres at the former Southland Paper Mill site near the Neches River in Angelina County, TX. Total investment estimated at $1.05-$1.5 billion. Phased… (datacentertracker.org)",datacentertracker.org,https://www.change.org/p/stop-ai-data-center-lufkin-tx,
dct-milam-county-tx-2024-12-01,datacentertracker,local,TX,48,Milam County,county,zoning_exclusion,restriction,enacted,2026-01-09,,30.7849,-96.9766,source_dataset,48331,Milam County,True,"Milam County (TX) has become a flashpoint for data center buildout as SB Energy (SoftBank) and partners advance the Stargate / Milam County campus near Sharp (Rockdale / Thorndale area), a multi-building site associated with OpenAI and… (datacentertracker.org)",datacentertracker.org,https://time.com/7362401/ai-stargate-data-center-abilene-housing-crisis/,
dct-red-oak-tx-2026-05-11,datacentertracker,local,TX,48,Red Oak,municipality,zoning_exclusion,restriction,enacted,2026-05-11,,32.5179,-96.8047,source_dataset,48139,Ellis County,False,"Red Oak approved an 830-acre rezoning plus a tax abatement on a 4-1 vote for a second Compass Datacenters campus despite unanimous public opposition and 1,600+ petition signatures. The Planning & Zoning board had recommended against the… (datacentertracker.org)",datacentertracker.org,https://datacentertracker.org/,
dct-san-angelo-tx-zoning-ordinance-2026-04-20,datacentertracker,local,TX,48,San Angelo,municipality,zoning_exclusion,restriction,pending,2026-04-20,,31.4638,-100.437,source_dataset,48451,Tom Green County,False,"On April 20, 2026, the San Angelo Planning Commission voted 6-0 to recommend approval of a new data center zoning ordinance that establishes land-use rules for data centers in certain manufacturing zoning districts, including a 200-foot… (datacentertracker.org)",datacentertracker.org,https://www.conchovalleyhomepage.com/news/local-news/concho-valley-data-centers/data-center-zoning-regulations/,
dct-san-antonio-tx-2026-03-05,datacentertracker,local,TX,48,San Antonio,municipality,zoning_exclusion,restriction,pending,2026-03-05,,29.42,-98.49,source_dataset,48029,Bexar County,False,San Antonio City Council is pursuing zoning code amendments to regulate data center growth. The Southwest Workers Union organized a 'Data Center Rebellion Convening' where over 60 organizers from across Texas gathered for two days to share… (datacentertracker.org),datacentertracker.org,https://www.swunion.org/blog/data-center-rebellion-convening-2026,
dct-weatherford-parker-county-tx-2026-06-09,datacentertracker,local,TX,48,Weatherford (Parker County),county,zoning_exclusion,restriction,pending,2026-06-09,,32.7593,-97.7973,source_dataset,48367,Parker County,True,"Black Mountain — the Fort Worth-based energy consortium developing the separate $10B, 530-acre data center campus in southeast Fort Worth (see fort-worth-southeast-tx-2025-01-01) — purchased over 2,000 acres near Azle Highway and Pearson… (datacentertracker.org)",datacentertracker.org,https://www.star-telegram.com/news/local/article315770666.html,
ut-box-elder-county-2026,moratorium_nation,local,UT,49,Box Elder County,county,moratorium,restriction,in_force,2026-06-10,,41.35861,-113.21121,source_dataset,49003,Box Elder County,True,"180-day data-center moratorium, adopted 2026-06-10, active per tracker (Moratorium Nation)",Moratorium Nation (ALEA Institute),https://mjbommar.github.io/moratorium-data-2026/,
dct-box-elder-county-ut-180-day-moratorium-2026-06-10,datacentertracker,local,UT,49,"Box Elder County (180-day data center moratorium; Stratos/MIDA exempt), UT",county,moratorium,restriction,enacted,2026-06-17,,41.5102,-112.0155,source_dataset,49003,Box Elder County,True,"On June 10, 2026 the Box Elder County Commission unanimously approved a 180-day moratorium on new data center development in unincorporated Box Elder County (zoned and unzoned land), to study land-use codes and data-center guidelines. The… (datacentertracker.org)",datacentertracker.org,https://datacentertracker.org/,
dct-box-elder-wonder-valley-stratos-ut-2026-04-24,datacentertracker,local,UT,49,Box Elder County (Wonder Valley / Stratos Project Area),municipality,zoning_exclusion,restriction,enacted,2026-04-24,,41.5167,-113.0833,source_dataset,49003,Box Elder County,True,"On April 24, 2026, Kevin O'Leary unveiled details of the Stratos Project Area to Utah's Military Installation Development Authority (MIDA) board. The 40,000 acres of privately owned land plus 1,200 acres of state land in unincorporated… (datacentertracker.org)",datacentertracker.org,https://www.kpcw.org/state-regional/2026-04-24/mida-shark-tank-kevin-oleary-announce-new-data-center-project-area,
dct-box-elder-county-ut-stratos-mida-2026-05-04,datacentertracker,local,UT,49,"Box Elder County Commission (Stratos/MIDA partnership approval; referendum filed May 6), UT",municipality,zoning_exclusion,restriction,enacted,2026-06-04,,41.6217,-112.5108,source_dataset,49003,Box Elder County,True,"Box Elder County Commission unanimously approved the partnership with the Utah Military Installation Development Authority for the Stratos data center — 40,000-acre site with planned 9 GW gas-fired plant. Hundreds protested. Residents… (datacentertracker.org)",datacentertracker.org,https://datacentertracker.org/,
ut-cache-county-2026,moratorium_nation,local,UT,49,Cache County,county,moratorium,restriction,in_force,2026-06-23,,41.7043,-111.74512,source_dataset,49005,Cache County,True,"180-day data-center moratorium, adopted 2026-06-23, active per tracker (Moratorium Nation)",Moratorium Nation (ALEA Institute),https://mjbommar.github.io/moratorium-data-2026/,
dct-cache-county-ut-moratorium-2026-06-23,datacentertracker,local,UT,49,Cache County Council,county,moratorium,restriction,enacted,2026-06-23,,41.6905,-111.8117,source_dataset,49005,Cache County,True,"Cache County Council voted 6-0 (one member absent) for a 180-day pause on accepting or reviewing any data center applications on unincorporated land, explicitly citing the neighboring Box Elder County 'Stratos'/Kevin O'Leary/MIDA project… (datacentertracker.org)",datacentertracker.org,https://www.upr.org/politics/2026-07-01/as-data-centers-weigh-on-utahns-minds-another-county-has-hit-pause,
ut-grand-county-2026,moratorium_nation,local,UT,49,Grand County,county,moratorium,restriction,in_force,2026-07-07,,38.96346,-109.66199,source_dataset,49019,Grand County,True,"180-day data-center moratorium, adopted 2026-07-07, active per tracker (Moratorium Nation)",Moratorium Nation (ALEA Institute),https://mjbommar.github.io/moratorium-data-2026/,
ut-iron-county-2026,moratorium_nation,local,UT,49,Iron County,county,moratorium,restriction,in_force,2026-05-26,,37.85461,-113.28673,source_dataset,49021,Iron County,True,"180-day data-center moratorium, adopted 2026-05-26, active per tracker (Moratorium Nation)",Moratorium Nation (ALEA Institute),https://mjbommar.github.io/moratorium-data-2026/,
dct-iron-county-ut-180-day-moratorium-2026-05-26,datacentertracker,local,UT,49,"Iron County (180-day moratorium on new data center / power-plant applications), UT",county,moratorium,restriction,enacted,2026-05-26,,37.6775,-113.0619,source_dataset,49021,Iron County,True,"On May 26, 2026, the Iron County Commission adopted a 180-day pause (the maximum allowed under Utah law) on accepting or processing new or incomplete land-use applications for data centers, data-center power plants, and solar power plants… (datacentertracker.org)",datacentertracker.org,https://datacentertracker.org/,
ut-logan-2026,moratorium_nation,local,UT,49,Logan (city),municipality,moratorium,restriction,in_force,2026-06-30,,41.73131,-111.83491,source_dataset,49005,Cache County,False,"180-day data-center moratorium, adopted 2026-06-30, active per tracker (Moratorium Nation)",Moratorium Nation (ALEA Institute),https://mjbommar.github.io/moratorium-data-2026/,
dct-millard-county-ut-2025-06-03,datacentertracker,local,UT,49,Millard County,county,zoning_exclusion,restriction,enacted,2025-06-03,,39.3521,-112.5771,source_dataset,49027,Millard County,True,"Millard County Commission unanimously approved Creekstone Energy's rezoning of ~1,200 acres from agricultural to heavy industrial on June 3, 2025, despite public opposition at the hearing. In March 2026, Creekstone secured a 13,000-acre… (datacentertracker.org)",datacentertracker.org,https://www.abc4.com/news/central-utah/millard-county-solar-project-ai-centers-public-opposition/,
dct-millard-county-ut-solar-2026-01,datacentertracker,local,UT,49,Millard County,county,zoning_exclusion,restriction,enacted,2026-04-22,,39.0735,-112.6428,source_dataset,49027,Millard County,True,"Millard County, Utah, Commission approved rezoning of 4,400+ acres from agricultural to forest/range for Creekstone Energy solar farm to power AI data centers, despite resident opposition. On April 22, 2026, Creekstone Energy announced it… (datacentertracker.org)",datacentertracker.org,https://www.abc4.com/news/central-utah/millard-county-solar-project-ai-centers-public-opposition/,
ut-wayne-county-2026,moratorium_nation,local,UT,49,Wayne County,county,moratorium,restriction,in_force,2026-07-08,,38.30796,-111.12431,source_dataset,49055,Wayne County,True,"180-day data-center moratorium, adopted 2026-07-08, active per tracker (Moratorium Nation)",Moratorium Nation (ALEA Institute),https://mjbommar.github.io/moratorium-data-2026/,
dct-albemarle-county-va-2025-10-01,datacentertracker,local,VA,51,Albemarle County,county,zoning_exclusion,restriction,pending,2025-10-01,,38.0293,-78.4767,source_dataset,51540,Charlottesville city,True,Albemarle County proposed a zoning overlay for data centers that would designate five areas as appropriate. The Piedmont Environmental Council raised concerns. The county paused the process in October 2025 to evaluate potential legislation… (datacentertracker.org),datacentertracker.org,https://www.crozetgazette.com/2025/10/03/county-supervisors-consider-data-center-regulations/,
dct-campbell-county-va-2025-11-01,datacentertracker,local,VA,51,Campbell County,county,zoning_exclusion,restriction,in_force,2025-11-01,,37.2047,-79.0922,source_dataset,51031,Campbell County,True,"Mesh Capital LLC sought to remove a protective proffer from a 57-acre property on Cabin Field Road. Supervisors voted 5-2 to deny the request in October 2025. However, since data centers have by-right use on heavy industrial zoned… (datacentertracker.org)",datacentertracker.org,https://wset.com/news/local/campbell-county-faces-data-center-proposals-as-residents-call-for-stricter-regulations-route-460-concord-cabin-field-road-mesh-capital-llc-supervisor-matthew-kline-november-2025,
dct-campbell-county-va-by-right-elimination-2026-05-05,datacentertracker,local,VA,51,"Campbell County Board of Supervisors, VA",municipality,zoning_exclusion,restriction,enacted,2026-05-05,,37.2179,-79.0967,source_dataset,51031,Campbell County,True,"Campbell County Board of Supervisors voted unanimously to require special use permits for all data centers, ending by-right development. Motion by Supervisor Matt Cline (Concord). Two existing pipeline projects grandfathered. (datacentertracker.org)",datacentertracker.org,https://datacentertracker.org/,
va-city-of-chesapeake-2026,moratorium_nation,local,VA,51,Chesapeake (city),municipality,moratorium,restriction,in_force,2026-07-21,,36.74918,-76.24425,source_dataset,51550,Chesapeake city,True,"Data-center moratorium, adopted 2026-07-21, active per tracker (Moratorium Nation)",Moratorium Nation (ALEA Institute),https://mjbommar.github.io/moratorium-data-2026/,
dct-chesterfield-county-va-2026-03-09,datacentertracker,local,VA,51,Chesterfield County,county,zoning_exclusion,restriction,in_force,2026-03-09,,37.3777,-77.506,source_dataset,51041,Chesterfield County,True,"WestDulles is appealing a determination that its proposed 430-acre data center complex near Chester requires a Conditional Use Permit under Chesterfield County's new zoning ordinance that took effect January 1, 2026. The new ordinance… (datacentertracker.org)",datacentertracker.org,https://richmondbizsense.com/2026/03/09/developer-appealing-permit-requirement-for-data-center-project-in-chesterfield/,
dct-chesterfield-westdulles-va-2026-01-01,datacentertracker,local,VA,51,Chesterfield County (WestDulles appeal),county,zoning_exclusion,restriction,in_force,2026-01-01,,37.286,-77.376,source_dataset,51570,Colonial Heights city,True,Reston-based developer WestDulles Properties filed an appeal in March 2026 of Chesterfield County staff's determination that a Conditional Use Permit (CUP) is required before its 170-acre data center development at 1500 Battery Brooke… (datacentertracker.org),datacentertracker.org,https://richmondbizsense.com/2026/03/09/developer-appealing-permit-requirement-for-data-center-project-in-chesterfield/,
dct-virginia-beach-va-citywide-ban-2026-06-02,datacentertracker,local,VA,51,"City of Virginia Beach (citywide ban on large/hyperscale data centers initiated), VA",municipality,zoning_exclusion,restriction,pending,2026-06-02,,36.8529,-75.978,source_dataset,51810,Virginia Beach city,True,"On June 2, 2026, the Virginia Beach City Council voted unanimously to direct staff to draft a zoning ordinance amendment making traditional and hyperscale data centers non-permitted uses citywide, while allowing subsea cable landing sites… (datacentertracker.org)",datacentertracker.org,https://datacentertracker.org/,
dct-culpeper-county-va-zoning-2026-01,datacentertracker,local,VA,51,Culpeper County,county,zoning_exclusion,restriction,enacted,2025-09-02,,38.4734,-77.9967,source_dataset,51047,Culpeper County,True,"Culpeper County, Virginia, unanimously required conditional use permits for data centers on industrial land in September 2025, impacting 3,000+ acres across 140+ parcels that previously allowed by-right construction. Five projects in the… (datacentertracker.org)",datacentertracker.org,https://www.pecva.org/region/culpeper/support-more-data-center-regulation-in-culpeper-county/,
dct-fairfax-county-va-2024-09-01,datacentertracker,local,VA,51,Fairfax County,county,zoning_exclusion,restriction,enacted,2024-09-10,,38.8462,-77.3064,source_dataset,51600,Fairfax city,True,"Fairfax County Board of Supervisors adopted a Data Centers Zoning Ordinance Amendment on September 10, 2024, requiring a special exception for almost all data centers. The amendment imposes new restrictions on design, setbacks from… (datacentertracker.org)",datacentertracker.org,https://www.datacenterfrontier.com/site-selection/article/55139905/northern-virginias-fairfax-county-tightens-data-center-rules,
dct-fauquier-county-gigaland-va-2025-09-01,datacentertracker,local,VA,51,Fauquier County (Gigaland),county,zoning_exclusion,restriction,pending,2026-07-16,,38.71,-77.81,source_dataset,51061,Fauquier County,True,"GigaLand withdrew its original datacenter application in Fauquier County, Virginia, after significant community opposition, but resubmitted a scaled-down proposal in early 2026 — reduced by 55% to 998,000 sq ft and 600 MW. The Board of… (datacentertracker.org)",datacentertracker.org,https://www.fauquiernow.com/news/gigaland-developers-withdraw-remington-data-center-application-new-filing-anticipated/article_ea7c2fd1-97a0-416f-9a1b-4e68e72cc496.html,
dct-fluvanna-county-va-2025-07-01,datacentertracker,local,VA,51,Fluvanna County,county,moratorium,restriction,enacted,2025-11-19,,37.84,-78.28,source_dataset,51065,Fluvanna County,True,"Fluvanna County, Virginia, enacted a moratorium on data center development while studying zoning changes to address proposals spreading from Louisa and Albemarle counties. The Planning Commission voted 5-0 to strip data centers of by-right… (datacentertracker.org)",datacentertracker.org,https://citizenportal.ai/articles/7011680/Fluvanna-County/Virginia/Fluvanna-supervisors-ask-planning-commission-for-clearer-plan-on-Technology-Zone-and-moratorium-options,
va-fluvanna-county-2025,moratorium_nation,local,VA,51,Fluvanna County,county,moratorium,restriction,replaced,2025-09-17,,37.84885,-78.279,source_dataset,51065,Fluvanna County,True,"Data-center moratorium running to a set end date, adopted 2025-09-17, since replaced by permanent regulations (Moratorium Nation)",Moratorium Nation (ALEA Institute),https://mjbommar.github.io/moratorium-data-2026/,
dct-franklin-county-va-zoning-rewrite-draft-2026-05-06,datacentertracker,local,VA,51,"Franklin County Board of Supervisors / Planning (zoning rewrite draft with data-center provisions), VA",municipality,ordinance_conditions,condition,pending,2026-05-06,,36.9954,-79.8853,source_dataset,51067,Franklin County,True,"Franklin County reviewing a 400-page zoning rewrite that would restrict data centers to specific zones, ban private well use for cooling, and limit cooling noise. Franklin County Community Coalition raising concerns the county is also… (datacentertracker.org)",datacentertracker.org,https://datacentertracker.org/,
dct-frederick-county-va-virginia-technology-park-2026-07-08,datacentertracker,local,VA,51,Frederick County Board of Supervisors (Virginia Technology Park rezoning),county,zoning_exclusion,restriction,pending,2026-07-08,,39.2478,-78.1614,source_dataset,51069,Frederick County,True,"Frederick County Planning Commission recommended denial 10-0 (2026-06-03) of Equus Capital Partners' ~220-acre Virginia Technology Park data center campus near Clear Brook, which would include up to 288 backup generators and a… (datacentertracker.org)",datacentertracker.org,https://www.winchesterstar.com/winchester_star/planners-vote-down-clear-brook-data-center-campus/article_761656a5-972d-5f60-bd60-870c89d3f257.html,
dct-front-royal-va-moratorium-2026-07-07,datacentertracker,local,VA,51,Front Royal Town Council,municipality,moratorium,restriction,enacted,2026-07-07,,38.9187,-78.1944,source_dataset,51187,Warren County,False,"Front Royal Town Council voted 6-0 for a 90-day moratorium on data center applications. The moratorium followed a June 22, 2026 unanimous Town Council denial of a text amendment that would have allowed data centers; the Planning Commission… (datacentertracker.org)",datacentertracker.org,https://www.nvdaily.com/nvdaily/council-oks-moratorium-on-data-center-applications/article_8bbfc9ce-d84e-5dd8-a4be-e8f9ee95cc94.html,
dct-henrico-county-va-2025-06-01,datacentertracker,local,VA,51,Henrico County,county,zoning_exclusion,restriction,enacted,2025-06-01,,37.5438,-77.3868,source_dataset,51087,Henrico County,True,"The Henrico County Board of Supervisors adopted the Data Center Comprehensive Plan Amendment on June 10, 2025, incorporated into the Vision 2026 Comprehensive Plan. As of January 2025, all data center construction requires a provisional… (datacentertracker.org)",datacentertracker.org,https://www.12onyourside.com/2025/06/11/henrico-board-supervisors-passes-stricter-requirements-data-centers/,
dct-henrico-county-va-2026-05-18,datacentertracker,local,VA,51,Henrico County,county,zoning_exclusion,restriction,pending,2026-05-18,,37.5407,-77.436,source_dataset,51760,Richmond city,True,"QTS filed in May 2026 for a 1,100-acre, 17-building expansion of its Henrico data center hub near White Oak Technology Park (nearly 8 million sq ft total, adding roughly 370 diesel backup generators), drawing resident and official scrutiny… (datacentertracker.org)",datacentertracker.org,https://datacentertracker.org/,
dct-loudoun-county-va-2025-03-01,datacentertracker,local,VA,51,Loudoun County,county,zoning_exclusion,restriction,enacted,2025-03-01,,39.0768,-77.6369,source_dataset,51107,Loudoun County,True,"On March 18, 2025, the Loudoun County Board of Supervisors eliminated by-right data center development county-wide, requiring a special exception with legislative review and public hearings. Phase 1 standards were approved September 16… (datacentertracker.org)",datacentertracker.org,https://www.hklaw.com/en/insights/publications/2025/04/loudoun-county-virginia-eliminates-by-right-data-center-development,
dct-mecklenburg-county-va-2025-03-01,datacentertracker,local,VA,51,Mecklenburg County,county,moratorium,restriction,enacted,2025-03-01,,36.68,-78.33,source_dataset,51117,Mecklenburg County,True,"Mecklenburg County Board of Supervisors voted in March 2025 to end by-right zoning for data centers, requiring all data center applications to undergo staff-level review, a public hearing, and a Planning Commission recommendation. This… (datacentertracker.org)",datacentertracker.org,https://www.sovanow.com/articles/data-center-debates/,
dct-new-kent-county-va-tod-2026-02,datacentertracker,local,VA,51,New Kent County,county,zoning_exclusion,restriction,pending,2026-02-17,,37.5168,-76.9789,source_dataset,51127,New Kent County,True,"Following Goochland's lead, New Kent County, Virginia, is proposing a 1,800-acre Technology Overlay District along the Route 33 corridor. Controversial fast-track process would skip standard public hearings. Public meetings planned for… (datacentertracker.org)",datacentertracker.org,https://www.newkent-va.us/m/NewsFlash/Home/Detail/538,
dct-orange-county-va-2025-09-01,datacentertracker,local,VA,51,Orange County,county,zoning_exclusion,restriction,enacted,2025-09-01,,38.25,-78.11,source_dataset,51137,Orange County,True,Orange County adopted new zoning regulations restricting data center development after community opposition. The county initially proposed a 'floating zone' approach that would allow rezoning of any land for data centers with no cap on… (datacentertracker.org),datacentertracker.org,https://www.pecva.org/region/orange/orange-county-proposes-new-technology-zoning-district/,
dct-powhatan-county-expansion-va-2025-10-29,datacentertracker,local,VA,51,Powhatan County (Province Group expansion),county,zoning_exclusion,restriction,enacted,2025-10-29,,37.548,-77.919,source_dataset,51145,Powhatan County,True,"Powhatan County, Virginia, Board of Supervisors voted 5-0 on Oct. 29, 2025 to approve rezoning of approximately 61 additional acres to expand the planned Province Group data center campus from 120 to 181 acres (1.5M to 2M sq ft). This came… (datacentertracker.org)",datacentertracker.org,https://richmondbizsense.com/2025/10/29/powhatan-supervisors-approve-60-acre-addition-to-planned-data-center-campus/,
dct-prince-william-county-va-moratorium-2026-02,datacentertracker,local,VA,51,Prince William County,county,zoning_exclusion,restriction,pending,2026-03-03,,38.6581,-77.2816,source_dataset,51153,Prince William County,True,"Prince William County, Virginia, Board of Supervisors voted to eliminate by-right approval for data centers in the Data Center Opportunity Zone Overlay District, requiring special use permits for all future facilities. Republican… (datacentertracker.org)",datacentertracker.org,https://www.potomaclocal.com/2026/03/04/prince-william-supervisors-move-to-end-by-right-data-centers-in-overlay-district-but-approve-controversial-hornbaker-project-in-4-3-vote/,
dct-prince-william-ashton-amazon-va-2025-01-08,datacentertracker,local,VA,51,Prince William County (Ashton/Amazon),county,zoning_exclusion,restriction,pending,2025-01-08,,38.752,-77.487,source_dataset,51683,Manassas city,True,"Amazon proposed three 110-foot-tall data center buildings totaling nearly 1.1 million sq ft on 52 acres along Ashton Avenue near Manassas Mall, sandwiched between three schools and a townhome development. The Prince William County… (datacentertracker.org)",datacentertracker.org,https://www.datacenterdynamics.com/en/news/prince-william-county-supervisors-shelve-amazon-data-center-proposal-indefinitely/,
dct-prince-william-hornbaker-va-2026-03,datacentertracker,local,VA,51,Prince William County (Hornbaker Road),county,zoning_exclusion,restriction,enacted,2026-03-04,,38.7508,-77.4783,source_dataset,51683,Manassas city,True,"The Prince William County Board of Supervisors voted 4-3 to approve a 571,000-square-foot data center on a 40-acre site along Prince William Parkway near Hornbaker Road. Simultaneously, the board voted 6-0 to initiate a zoning text… (datacentertracker.org)",datacentertracker.org,https://www.potomaclocal.com/2026/03/04/prince-william-supervisors-move-to-end-by-right-data-centers-in-overlay-district-but-approve-controversial-hornbaker-project-in-4-3-vote/,
dct-spotsylvania-county-va-2025-11-01,datacentertracker,local,VA,51,Spotsylvania County,county,zoning_exclusion,restriction,enacted,2025-11-01,,38.18,-77.58,source_dataset,51177,Spotsylvania County,True,"Spotsylvania County has approved data centers and is trying to implement regulations (873 acres). In December 2025, the board voted 4-3 to approve design standards requiring special-use permits for data centers in commercial, agricultural… (datacentertracker.org)",datacentertracker.org,https://www.fredericksburgfreepress.com/2026/02/25/spotsylvania-board-of-supervisors-vote-to-require-sup-for-data-centers-set-advertised-tax-rate/,
dct-stafford-county-va-2025-10-22,datacentertracker,local,VA,51,Stafford County,county,zoning_exclusion,restriction,enacted,2025-10-22,,38.422,-77.4083,source_dataset,51179,Stafford County,True,"Stafford County adopted Virginia's strictest data center regulations in a 4-2-1 vote on October 22, 2025, including a 750-foot setback from residences (up from 100 ft), 200-foot vegetative buffer (up from 50 ft), 55 dB noise cap, and… (datacentertracker.org)",datacentertracker.org,https://www.fredericksburgfreepress.com/2025/10/22/a-home-run-for-data-center-critics-stafford-supervisors-adopt-750-foot-setback/,
dct-town-of-warrenton-va-2025-07-01,datacentertracker,local,VA,51,Town of Warrenton,municipality,zoning_exclusion,restriction,enacted,2025-07-08,,38.7135,-77.7953,source_dataset,51061,Fauquier County,False,"Warrenton Town Council voted unanimously (5-0) on July 8, 2025 to amend the zoning ordinance, striking all references to data centers from Articles 3, 9 and 12, effectively banning new data centers in town. The Planning Commission had… (datacentertracker.org)",datacentertracker.org,https://www.fauquier.com/news/town-council-votes-to-ban-data-centers-from-warrenton/article_0f58d64e-f89e-4dbd-8825-c06e65f1a4b7.html,
dct-york-county-va-zoning-2026-04-08,datacentertracker,local,VA,51,York County,county,zoning_exclusion,restriction,pending,2026-04-08,,37.2307,-76.5457,source_dataset,51199,York County,True,"York County (Virginia) Planning Commission unanimously advanced data center zoning amendments to the Board of Supervisors on April 8, 2026. The amendments increase maximum building height to 75 feet (aligning with industrial zoning) and… (datacentertracker.org)",datacentertracker.org,https://www.williamsburgindependent.com/p/data-center-rules-diverge-in-york-county-james-city-county,
dct-royalton-vt-2026-03-03,datacentertracker,local,VT,50,Royalton,municipality,moratorium,restriction,enacted,2026-03-03,,43.8209,-72.5187,source_dataset,50027,Windsor County,False,"Royalton, Vermont, voters approved a five-year moratorium on AI and crypto data centers via show-of-hands vote at Town Meeting Day. About 154 of the town's registered voters participated. No data centers have been proposed for the town… (datacentertracker.org)",datacentertracker.org,https://vnews.com/2026/03/03/royalton-ai-crypto-moratorium-approved/,
wa-burien-2026,moratorium_nation,local,WA,53,Burien (city),municipality,moratorium,restriction,in_force,2026-06-29,,47.46992,-122.34853,source_dataset,53033,King County,False,"365-day data-center moratorium, adopted 2026-06-29, active per tracker (Moratorium Nation)",Moratorium Nation (ALEA Institute),https://mjbommar.github.io/moratorium-data-2026/,
wa-east-wenatchee-2018,moratorium_nation,local,WA,53,East Wenatchee (city),municipality,moratorium,restriction,replaced,2018-03-27,,47.41568,-120.29313,source_dataset,53017,Douglas County,False,"180-day data-center moratorium, adopted 2018-03-27, since replaced by permanent regulations (Moratorium Nation)",Moratorium Nation (ALEA Institute),https://mjbommar.github.io/moratorium-data-2026/,
wa-federal-way-2026,moratorium_nation,local,WA,53,Federal Way (city),municipality,moratorium,restriction,in_force,2026-07-07,,47.31349,-122.33931,source_dataset,53033,King County,False,"365-day data-center moratorium, adopted 2026-07-07, active per tracker (Moratorium Nation)",Moratorium Nation (ALEA Institute),https://mjbommar.github.io/moratorium-data-2026/,
dct-grant-county-pud-wa-2025-03-25,datacentertracker,local,WA,53,Grant County PUD,utility,zoning_exclusion,restriction,enacted,2025-03-25,,47.234,-119.853,source_dataset,53025,Grant County,True,Grant County PUD placed load caps on data centers in Quincy's industrial zone in March 2025 to give the utility time to add transmission capacity. Data center capacity surged past 400 MW in 2025 (up from 246.4 MW in 2024) with all nine… (datacentertracker.org),datacentertracker.org,https://www.yoursourceone.com/columbia_basin/report-quincy-at-center-of-debate-over-washington-s-data-centers-clean-energy-future/article_f2b12988-6708-44bd-b1fb-72e8a5e4d43b.html,
wa-marysville-2026,moratorium_nation,local,WA,53,Marysville (city),municipality,moratorium,restriction,in_force,2026-07-13,,48.05174,-122.17682,source_dataset,53061,Snohomish County,False,"180-day data-center moratorium, adopted 2026-07-13, active per tracker (Moratorium Nation)",Moratorium Nation (ALEA Institute),https://mjbommar.github.io/moratorium-data-2026/,
wa-pasco-undated,moratorium_nation,local,WA,53,Pasco (city),municipality,moratorium,restriction,in_force,,,46.23067,-119.0921,source_dataset,53021,Franklin County,False,"Data-center moratorium, active per tracker (Moratorium Nation)",Moratorium Nation (ALEA Institute),https://mjbommar.github.io/moratorium-data-2026/,
wa-seattle-2026,moratorium_nation,local,WA,53,Seattle (city),municipality,moratorium,restriction,in_force,2026-06-09,,47.61771,-122.34446,source_dataset,53033,King County,False,"365-day data-center moratorium, adopted 2026-06-09, active per tracker (Moratorium Nation)",Moratorium Nation (ALEA Institute),https://mjbommar.github.io/moratorium-data-2026/,
wa-seattle-2026-2,moratorium_nation,local,WA,53,Seattle (city),municipality,moratorium,restriction,in_force,2026-06-09,,47.60383,-122.33006,source_dataset,53033,King County,False,"Data-center moratorium, adopted 2026-06-09, active per tracker (Moratorium Nation)",Moratorium Nation (ALEA Institute),https://mjbommar.github.io/moratorium-data-2026/,
wa-skagit-county-2026,moratorium_nation,local,WA,53,Skagit County,county,moratorium,restriction,in_force,2026-06-01,,48.45961,-121.73328,source_dataset,53057,Skagit County,True,"180-day data-center moratorium, adopted 2026-06-01, active per tracker (Moratorium Nation)",Moratorium Nation (ALEA Institute),https://mjbommar.github.io/moratorium-data-2026/,
wa-snohomish-county-2026,moratorium_nation,local,WA,53,Snohomish County,county,moratorium,restriction,in_force,2026-06-24,2,48.00747,-121.73049,source_dataset,53061,Snohomish County,True,"180-day data-center moratorium, adopted 2026-06-24, active per tracker (Moratorium Nation)",Moratorium Nation (ALEA Institute),https://mjbommar.github.io/moratorium-data-2026/,
wa-spokane-2026,moratorium_nation,local,WA,53,Spokane (city),municipality,moratorium,restriction,in_force,2026-06-23,,47.65719,-117.42351,source_dataset,53063,Spokane County,False,"365-day data-center moratorium, adopted 2026-06-23, active per tracker (Moratorium Nation)",Moratorium Nation (ALEA Institute),https://mjbommar.github.io/moratorium-data-2026/,
dct-walla-walla-county-wa-2026-02-12,datacentertracker,local,WA,53,Walla Walla County,county,zoning_exclusion,restriction,in_force,2026-02-12,,46.0646,-118.343,source_dataset,53071,Walla Walla County,True,"In Walla Walla County, Washington, Port of Walla Walla unanimously approved $36M sale of 553 acres at Wallula Gap Business Park to AWS for a $4.8B, 16-building, 3.4M sq ft data center campus (320 MW). College Place Mayor objected, saying… (datacentertracker.org)",datacentertracker.org,https://www.datacenterdynamics.com/en/news/aws-likely-behind-48bn-data-center-in-walla-walla-washington/,
wa-wenatchee-2018,moratorium_nation,local,WA,53,Wenatchee (city),municipality,moratorium,restriction,replaced,2018-02-22,,47.42346,-120.31035,source_dataset,53007,Chelan County,False,"180-day data-center moratorium, adopted 2018-02-22, since replaced by permanent regulations (Moratorium Nation)",Moratorium Nation (ALEA Institute),https://mjbommar.github.io/moratorium-data-2026/,
wi-village-of-ashwaubenon-2026,moratorium_nation,local,WI,55,Ashwaubenon (village),municipality,moratorium,restriction,in_force,2026-06-23,20,44.49148,-88.05685,source_dataset,55009,Brown County,False,"365-day data-center moratorium, adopted 2026-06-23, active per tracker (Moratorium Nation)",Moratorium Nation (ALEA Institute),https://mjbommar.github.io/moratorium-data-2026/,
dct-port-washington-i3-zoning-annexation-wi-2025-05-01,datacentertracker,local,WI,55,City of Port Washington (I-3 Technology Campus zoning + 500-acre annexation),municipality,zoning_exclusion,restriction,enacted,2025-05-01,,43.3872,-87.8731,source_dataset,55089,Ozaukee County,False,Port Washington's city authorities unanimously approved annexing 500 acres from the Town of Port Washington and creating a new I-3 Technology Campus District zoning classification specifically designed to accommodate large-scale… (datacentertracker.org),datacentertracker.org,https://news.constructconnect.com/initial-plans-revealed-for-1900-acre-1b-data-center-in-port-washington-wisconsin,
wi-village-of-cottage-grove-2026,moratorium_nation,local,WI,55,Cottage Grove (village),municipality,moratorium,restriction,in_force,2026-07-20,,43.07855,-89.19983,source_dataset,55025,Dane County,False,"365-day data-center moratorium, adopted 2026-07-20, active per tracker (Moratorium Nation)",Moratorium Nation (ALEA Institute),https://mjbommar.github.io/moratorium-data-2026/,
wi-dane-county-2026,moratorium_nation,local,WI,55,Dane County,county,moratorium,restriction,in_force,2026-06-04,,43.07093,-89.43222,source_dataset,55025,Dane County,True,"548-day data-center moratorium, adopted 2026-06-04, active per tracker (Moratorium Nation)",Moratorium Nation (ALEA Institute),https://mjbommar.github.io/moratorium-data-2026/,
dct-dane-county-wi-moratorium-2026-06-04,datacentertracker,local,WI,55,"Dane County (18-month hyperscale data center moratorium passed), WI",county,moratorium,restriction,enacted,2026-06-04,,43.0731,-89.4012,source_dataset,55025,Dane County,True,"The Dane County Board unanimously approved Sub 1 to RES-039 on June 4, 2026, an 18-month moratorium pausing zoning permit applications for hyperscale data centers (defined as 5,000+ servers and 10,000+ sq ft) through roughly December 2027.… (datacentertracker.org)",datacentertracker.org,https://datacentertracker.org/,
dct-dodge-county-wi-moratorium-2026-06-22,datacentertracker,local,WI,55,Dodge County Board of Supervisors,county,moratorium,restriction,enacted,2026-06-22,,43.4231,-88.7009,source_dataset,55027,Dodge County,True,Dodge County Board of Supervisors voted 29-2 for an 18-month pause on data center development to allow drafting of a county ordinance. One outlet (Daily Dodge) disputes whether the vote was a binding moratorium or merely advisory. (datacentertracker.org),datacentertracker.org,http://www.wdtimes.com/news/local/permits-dont-equal-protection-dodge-county-supervisors-pass-moratorium-on-data-centers/article_00ffa50e-7a96-4598-b676-94c2165d643d.html,
wi-door-county-2026,moratorium_nation,local,WI,55,Door County,county,moratorium,restriction,in_force,2026-05-26,,44.76159,-87.53297,source_dataset,55029,Door County,True,"365-day data-center moratorium, adopted 2026-05-26, active per tracker (Moratorium Nation)",Moratorium Nation (ALEA Institute),https://mjbommar.github.io/moratorium-data-2026/,
wi-grant-county-2026,moratorium_nation,local,WI,55,Grant County,county,moratorium,restriction,in_force,2026-06-16,,42.88553,-90.69917,source_dataset,55043,Grant County,True,"365-day data-center moratorium, adopted 2026-06-16, active per tracker (Moratorium Nation)",Moratorium Nation (ALEA Institute),https://mjbommar.github.io/moratorium-data-2026/,
wi-green-county-2026,moratorium_nation,local,WI,55,Green County,county,moratorium,restriction,in_force,2026-07-14,,42.67914,-89.60764,source_dataset,55045,Green County,True,"365-day data-center moratorium, adopted 2026-07-14, active per tracker (Moratorium Nation)",Moratorium Nation (ALEA Institute),https://mjbommar.github.io/moratorium-data-2026/,
wi-village-of-hobart-2026,moratorium_nation,local,WI,55,Hobart (village),municipality,moratorium,restriction,in_force,2026-07-07,,44.49438,-88.17522,source_dataset,55009,Brown County,False,"365-day data-center moratorium, adopted 2026-07-07, active per tracker (Moratorium Nation)",Moratorium Nation (ALEA Institute),https://mjbommar.github.io/moratorium-data-2026/,
wi-la-crosse-county-2026,moratorium_nation,local,WI,55,La Crosse County,county,moratorium,restriction,in_force,2026-06-18,,43.88905,-91.09024,source_dataset,55063,La Crosse County,True,"548-day data-center moratorium, adopted 2026-06-18, active per tracker (Moratorium Nation)",Moratorium Nation (ALEA Institute),https://mjbommar.github.io/moratorium-data-2026/,
wi-madison-2026,moratorium_nation,local,WI,55,Madison (city),municipality,moratorium,restriction,in_force,2026-01-24,,43.07469,-89.38417,source_dataset,55025,Dane County,False,"365-day data-center moratorium, adopted 2026-01-24, active per tracker (Moratorium Nation)",Moratorium Nation (ALEA Institute),https://mjbommar.github.io/moratorium-data-2026/,
wi-manitowoc-county-2026,moratorium_nation,local,WI,55,Manitowoc County,county,moratorium,restriction,in_force,2026-04-28,,44.09983,-87.82799,source_dataset,55071,Manitowoc County,True,"Data-center moratorium, adopted 2026-04-28, active per tracker (Moratorium Nation)",Moratorium Nation (ALEA Institute),https://mjbommar.github.io/moratorium-data-2026/,
dct-manitowoc-county-three-towns-resolution-wi-2026-02-20,datacentertracker,local,WI,55,Manitowoc County (Three Towns Resolution),county,zoning_exclusion,restriction,in_force,2026-02-20,,44.1122,-87.6677,source_dataset,55071,Manitowoc County,True,"Three northeast Wisconsin towns -- Two Creeks, Two Rivers, and Mishicot -- passed resolutions calling on Manitowoc County to place a one-year moratorium on new data center permits and construction, with an option to extend for six months.… (datacentertracker.org)",datacentertracker.org,https://www.wpr.org/news/northeast-wisconsin-towns-1-year-moratorium-data-centers,
dct-mishicot-wi-2026-02-01,datacentertracker,local,WI,55,Mishicot,municipality,moratorium,restriction,in_force,2026-02-01,,44.2394,-87.6419,source_dataset,55071,Manitowoc County,False,"Mishicot, Wisconsin, joined Two Creeks and Two Rivers at a joint town board meeting after several hundred people packed the Grey Fox Bar and Grill on January 26, 2026 for an informational meeting on AI data centers, with organizers forced… (datacentertracker.org)",datacentertracker.org,https://www.wpr.org/news/northeast-wisconsin-towns-1-year-moratorium-data-centers,
wi-monroe-county-2026,moratorium_nation,local,WI,55,Monroe County,county,moratorium,restriction,in_force,2026-07-21,,43.94168,-90.63973,source_dataset,55081,Monroe County,True,"548-day data-center moratorium, adopted 2026-07-21, active per tracker (Moratorium Nation)",Moratorium Nation (ALEA Institute),https://mjbommar.github.io/moratorium-data-2026/,
wi-town-of-new-denmark-2026,moratorium_nation,local,WI,55,New Denmark (town),municipality,moratorium,restriction,in_force,2026-06-08,,44.39018,-87.8264,source_dataset,55009,Brown County,False,"365-day data-center moratorium, adopted 2026-06-08, active per tracker (Moratorium Nation)",Moratorium Nation (ALEA Institute),https://mjbommar.github.io/moratorium-data-2026/,
dct-oshkosh-wi-moratorium-drafting-2026-07-14,datacentertracker,local,WI,55,Oshkosh,municipality,moratorium,restriction,pending,2026-07-14,,44.0247,-88.5426,source_dataset,55139,Winnebago County,False,"Common Council advanced a pause on data center construction, directing staff to draft a formal moratorium ordinance. No project is currently proposed for the city, but a local petition opposing data centers had already attracted over 1,500… (datacentertracker.org)",datacentertracker.org,https://writing.strisker.com/data-centers-daily-notes-july-15-2026/,
dct-port-washington-tid5-creation-wi-2025-11-04,datacentertracker,local,WI,55,Port Washington Common Council & Joint Review Board (TID No. 5 creation),municipality,ordinance_conditions,condition,enacted,2025-11-04,,43.3872,-87.8731,source_dataset,55089,Ozaukee County,False,"The Port Washington Common Council formally voted to create Tax Incremental District (TID) No. 5 — a $458 million TIF — for the Vantage Lighthouse data center. On November 18, 2025, the Joint Review Board unanimously gave final approval.… (datacentertracker.org)",datacentertracker.org,https://www.wpr.org/news/port-washington-council-approves-tid,
dct-port-washington-vantage-development-agreement-wi-2025-08-19,datacentertracker,local,WI,55,Port Washington Common Council (Vantage development agreement),municipality,zoning_exclusion,restriction,enacted,2025-08-19,,43.3872,-87.8731,source_dataset,55089,Ozaukee County,False,The Port Washington Common Council unanimously approved the development agreement with Vantage Data Centers for what was then announced as an $8 billion data-center campus on 672 acres on the city's north side. The agreement was first… (datacentertracker.org),datacentertracker.org,https://biztimes.com/port-washington-approves-8-billion-vantage-data-centers-project/,
dct-port-washington-construction-hours-ordinance-wi-2026-03-25,datacentertracker,local,WI,55,Port Washington Plan Commission (Lighthouse construction-hours limits),municipality,zoning_exclusion,restriction,enacted,2026-03-25,,43.3872,-87.8731,source_dataset,55089,Ozaukee County,False,"After months of resident complaints — including reports of 110-decibel noise, incessant backup beeping, and bright work lights shining 24 hours a day into nearby homes — the Port Washington Plan Commission unanimously passed an amendment… (datacentertracker.org)",datacentertracker.org,https://www.wpr.org/news/port-washington-limits-construction-hours-data-center-project-after-complaints,
dct-port-washington-tid5-plan-commission-wi-2025-10-16,datacentertracker,local,WI,55,Port Washington Plan Commission (TID No. 5 boundaries / project plan),municipality,ordinance_conditions,condition,enacted,2025-10-16,,43.3872,-87.8731,source_dataset,55089,Ozaukee County,False,"The Port Washington Plan Commission, after hours of public comment, approved Resolution 2025-3 establishing the boundaries and project plan for Tax Incremental District No. 5 — the $458 million TID supporting the Vantage Lighthouse data… (datacentertracker.org)",datacentertracker.org,https://citizenportal.ai/articles/6450447/port-washington-plan-panel-approves-tid-for-vantage-data-center-after-hours-of-public-comment,
wi-shawano-county-2026,moratorium_nation,local,WI,55,Shawano County,county,moratorium,restriction,in_force,2026-06-24,,44.78172,-88.71189,source_dataset,55115,Shawano County,True,"365-day data-center moratorium, adopted 2026-06-24, active per tracker (Moratorium Nation)",Moratorium Nation (ALEA Institute),https://mjbommar.github.io/moratorium-data-2026/,
dct-shawano-county-wi-moratorium-2026-06-03,datacentertracker,local,WI,55,"Shawano County (committee recommends 1-year data center moratorium), WI",county,moratorium,restriction,pending,2026-06-03,,44.7886,-88.6009,source_dataset,55115,Shawano County,True,"On June 3, 2026, the Shawano County Planning, Development & Zoning Committee unanimously recommended a one-year moratorium for unincorporated (county-zoned) areas after a public hearing at which no speakers opposed it. The full county… (datacentertracker.org)",datacentertracker.org,https://datacentertracker.org/,
wi-city-of-sheboygan-2026,moratorium_nation,local,WI,55,Sheboygan (city),municipality,moratorium,restriction,in_force,2026-07-20,,43.75621,-87.98439,source_dataset,55117,Sheboygan County,False,"365-day data-center moratorium, adopted 2026-07-20, active per tracker (Moratorium Nation)",Moratorium Nation (ALEA Institute),https://mjbommar.github.io/moratorium-data-2026/,
dct-sheboygan-wi-moratorium-referral-2026-05-04,datacentertracker,local,WI,55,"Sheboygan Common Council, WI",municipality,moratorium,restriction,pending,2026-05-04,,43.7508,-87.7145,source_dataset,55117,Sheboygan County,False,"Sheboygan Common Council voted 7-3 to refer a proposed one-year moratorium on data centers >10,000 sq ft to the Plan Commission. No projects currently proposed. Plan Commission meeting May 12; back to Council for final say. (datacentertracker.org)",datacentertracker.org,https://datacentertracker.org/,
wi-city-of-superior-2026,moratorium_nation,local,WI,55,Superior (city),municipality,moratorium,restriction,in_force,2026-06-16,,46.72077,-92.10408,source_dataset,55031,Douglas County,False,"365-day data-center moratorium, adopted 2026-06-16, active per tracker (Moratorium Nation)",Moratorium Nation (ALEA Institute),https://mjbommar.github.io/moratorium-data-2026/,
dct-cassville-wi-village-powers-2026-03,datacentertracker,local,WI,55,Town of Cassville,municipality,zoning_exclusion,restriction,enacted,2026-03-12,,42.7086,-90.9825,source_dataset,55043,Grant County,False,"Town of Cassville residents voted 54-3 in March 2026 to authorize 'village powers,' a Wisconsin mechanism that grants townships greater zoning control typically reserved for villages and cities. The vote was specifically motivated by a… (datacentertracker.org)",datacentertracker.org,https://wisconsinwatch.org/2026/04/wisconsin-data-center-driftless-area-new-details-emerge-grant-county-cassville/,
dct-town-of-janesville-rock-county-wi-moratorium-2026-07-29,datacentertracker,local,WI,55,Town of Janesville (Rock County),municipality,moratorium,restriction,pending,2026-07-29,,42.6325,-89.0361,source_dataset,55105,Rock County,False,"The Town of Janesville's Planning & Zoning Committee recommended a moratorium on data center development to preserve agricultural land, following a heavily-attended public meeting. This is a distinct township government in Rock County and… (datacentertracker.org)",datacentertracker.org,https://www.wmtv15news.com/2026/07/29/town-janesville-planning-zoning-committee-recommends-data-center-moratorium/,
dct-two-creeks-wi-2026-02-01,datacentertracker,local,WI,55,Two Creeks,municipality,moratorium,restriction,in_force,2026-02-01,,44.3197,-87.586,source_dataset,55071,Manitowoc County,False,"Two Creeks, along with Two Rivers and Mishicot, held a joint town board meeting and approved identical resolutions calling on Manitowoc County to adopt a one-year moratorium on data center permits and construction, with option to extend 6… (datacentertracker.org)",datacentertracker.org,https://www.wpr.org/news/northeast-wisconsin-towns-1-year-moratorium-data-centers,
dct-two-rivers-wi-2026-02-01,datacentertracker,local,WI,55,Two Rivers,municipality,moratorium,restriction,in_force,2026-02-01,,44.1555,-87.5695,source_dataset,55071,Manitowoc County,False,"Two Rivers, Wisconsin, joined Two Creeks and Mishicot at a joint town board meeting on February 12, 2026 in approving identical resolutions calling for a one-year moratorium on data center permits and construction in Manitowoc County, with… (datacentertracker.org)",datacentertracker.org,https://www.wpr.org/news/northeast-wisconsin-towns-1-year-moratorium-data-centers,
dct-mount-pleasant-microsoft-1000-acre-expansion-wi-2023-11-27,datacentertracker,local,WI,55,"Village of Mount Pleasant Village Board (Microsoft 1,000-acre expansion approval)",municipality,zoning_exclusion,restriction,enacted,2023-11-27,,42.728,-87.8951,source_dataset,55101,Racine County,False,"The Mount Pleasant Village Board unanimously approved Microsoft's $1.4B expansion, allowing acquisition of 1,000+ acres including 630 from Mount Pleasant and the remaining acreage from private landowners within Tax Increment District 5… (datacentertracker.org)",datacentertracker.org,https://journaltimes.com/news/local/government-politics/mount-pleasant-board-approves-microsoft-expansion/article_fe6f079a-8d90-11ee-9c2e-97d5da22faa3.html,
dct-mount-pleasant-microsoft-15-building-approval-wi-2026-01-26,datacentertracker,local,WI,55,Village of Mount Pleasant Village Board (Microsoft 15-building site-plan approval),municipality,zoning_exclusion,restriction,enacted,2026-01-26,,42.728,-87.8951,source_dataset,55101,Racine County,False,"The Mount Pleasant Village Board unanimously approved two site plans for Microsoft's $13.3B expansion — adding 15 data-center buildings on two new campuses — after the Plan Commission unanimously approved them on January 21, 2026.… (datacentertracker.org)",datacentertracker.org,https://www.wpr.org/news/mount-pleasant-approves-site-plans-microsoft-data-center-expansion,
dct-wausau-wi-zoning-ordinance-2026-07-14,datacentertracker,local,WI,55,Wausau,municipality,zoning_exclusion,restriction,enacted,2026-07-14,,44.9591,-89.6301,source_dataset,55073,Marathon County,False,"City Council approved a first-of-its-kind data center zoning ordinance for Wausau: restricts data centers to medium/heavy-industrial zones (none permitted by right), requires a conditional use permit with water/power/noise/light review by… (datacentertracker.org)",datacentertracker.org,https://wifc.com/2026/07/14/wausau-city-council-approves-data-center-ordinance/,
dct-winnebago-county-wi-moratorium-2026-06-16,datacentertracker,local,WI,55,Winnebago County,county,moratorium,restriction,pending,2026-06-16,,44.0247,-88.5426,source_dataset,55139,Winnebago County,True,"Announced June 16, 2026, Winnebago County (Wisconsin) Executive Gordon Hintz introduced a proposed 12-month data center moratorium that would initially cover four towns (Nekimi, Neenah, Omro, Algoma). It will be taken up by the county's… (datacentertracker.org)",datacentertracker.org,https://datacentertracker.org/,
wi-village-of-wrightstown-2026,moratorium_nation,local,WI,55,Wrightstown (village),municipality,moratorium,restriction,in_force,2026-06-16,,44.32203,-88.15868,source_dataset,55009,Brown County,False,"365-day data-center moratorium, adopted 2026-06-16, active per tracker (Moratorium Nation)",Moratorium Nation (ALEA Institute),https://mjbommar.github.io/moratorium-data-2026/,
dct-monroe-county-wv-2026-02-01,datacentertracker,local,WV,54,Monroe County,county,zoning_exclusion,restriction,in_force,2026-02-01,,37.5623,-80.5498,source_dataset,54063,Monroe County,True,"Monroe County residents organized opposition to potential data center development (by Undisclosed developer (state-facilitated)). The Monroe County Commission denied ongoing data center discussions, but acknowledged that recent West… (datacentertracker.org)",datacentertracker.org,https://therealwv.com/2026/02/06/monroe-county-commission-denies-data-center-discussions/,
